$MeshFormat
4.1 0 8
$EndMeshFormat
$Entities
0 0 1 1
1 -127.0765991210938 -154.3664398193359 -113.1835174560547 -96.08113098144531 -122.7360763549805 -23.0735969543457 0 0 
1 -127.0765991210938 -154.3664398193359 -113.1835174560547 -96.08113098144531 -122.7360763549805 -23.0735969543457 0 1 1 
$EndEntities
$Nodes
2 1919 1 1919
2 1 0 1901
1
2
3
4
5
6
7
8
9
10
11
12
13
14
15
16
17
18
19
20
21
22
23
24
25
26
27
28
29
30
31
32
33
34
35
36
37
38
39
40
41
42
43
44
45
46
47
48
49
50
51
52
53
54
55
56
57
58
59
60
61
62
63
64
65
66
67
68
69
70
71
72
73
74
75
76
77
78
79
80
81
82
83
84
85
86
87
88
89
90
91
92
93
94
95
96
97
98
99
100
101
102
103
104
105
106
107
108
109
110
111
112
113
114
115
116
117
118
119
120
121
122
123
124
125
126
127
128
129
130
131
132
133
134
135
136
137
138
139
140
141
142
143
144
145
146
147
148
149
150
151
152
153
154
155
156
157
158
159
160
161
162
163
164
165
166
167
168
169
170
171
172
173
174
175
176
177
178
179
180
181
182
183
184
185
186
187
188
189
190
191
192
193
194
195
196
197
198
199
200
201
202
203
204
205
206
207
208
209
210
211
212
213
214
215
216
217
218
219
220
221
222
223
224
225
226
227
228
229
230
231
232
233
234
235
236
237
238
239
240
241
242
243
244
245
246
247
248
249
250
251
252
253
254
255
256
257
258
259
260
261
262
263
264
265
266
267
268
269
270
271
272
273
274
275
276
277
278
279
280
281
282
283
284
285
286
287
288
289
290
291
292
293
294
295
296
297
298
299
300
301
302
303
304
305
306
307
308
309
310
311
312
313
314
315
316
317
318
319
320
321
322
323
324
325
326
327
328
329
330
331
332
333
334
335
336
337
338
339
340
341
342
343
344
345
346
347
348
349
350
351
352
353
354
355
356
357
358
359
360
361
362
363
364
365
366
367
368
369
370
371
372
373
374
375
376
377
378
379
380
381
382
383
384
385
386
387
388
389
390
391
392
393
394
395
396
397
398
399
400
401
402
403
404
405
406
407
408
409
410
411
412
413
414
415
416
417
418
419
420
421
422
423
424
425
426
427
428
429
430
431
432
433
434
435
436
437
438
439
440
441
442
443
444
445
446
447
448
449
450
451
452
453
454
455
456
457
458
459
460
461
462
463
464
465
466
467
468
469
470
471
472
473
474
475
476
477
478
479
480
481
482
483
484
485
486
487
488
489
490
491
492
493
494
495
496
497
498
499
500
501
502
503
504
505
506
507
508
509
510
511
512
513
514
515
516
517
518
519
520
521
522
523
524
525
526
527
528
529
530
531
532
533
534
535
536
537
538
539
540
541
542
543
544
545
546
547
548
549
550
551
552
553
554
555
556
557
558
559
560
561
562
563
564
565
566
567
568
569
570
571
572
573
574
575
576
577
578
579
580
581
582
583
584
585
586
587
588
589
590
591
592
593
594
595
596
597
598
599
600
601
602
603
604
605
606
607
608
609
610
611
612
613
614
615
616
617
618
619
620
621
622
623
624
625
626
627
628
629
630
631
632
633
634
635
636
637
638
639
640
641
642
643
644
645
646
647
648
649
650
651
652
653
654
655
656
657
658
659
660
661
662
663
664
665
666
667
668
669
670
671
672
673
674
675
676
677
678
679
680
681
682
683
684
685
686
687
688
689
690
691
692
693
694
695
696
697
698
699
700
701
702
703
704
705
706
707
708
709
710
711
712
713
714
715
716
717
718
719
720
721
722
723
724
725
726
727
728
729
730
731
732
733
734
735
736
737
738
739
740
741
742
743
744
745
746
747
748
749
750
751
752
753
754
755
756
757
758
759
760
761
762
763
764
765
766
767
768
769
770
771
772
773
774
775
776
777
778
779
780
781
782
783
784
785
786
787
788
789
790
791
792
793
794
795
796
797
798
799
800
801
802
803
804
805
806
807
808
809
810
811
812
813
814
815
816
817
818
819
820
821
822
823
824
825
826
827
828
829
830
831
832
833
834
835
836
837
838
839
840
841
842
843
844
845
846
847
848
849
850
851
852
853
854
855
856
857
858
859
860
861
862
863
864
865
866
867
868
869
870
871
872
873
874
875
876
877
878
879
880
881
882
883
884
885
886
887
888
889
890
891
892
893
894
895
896
897
898
899
900
901
902
903
904
905
906
907
908
909
910
911
912
913
914
915
916
917
918
919
920
921
922
923
924
925
926
927
928
929
930
931
932
933
934
935
936
937
938
939
940
941
942
943
944
945
946
947
948
949
950
951
952
953
954
955
956
957
958
959
960
961
962
963
964
965
966
967
968
969
970
971
972
973
974
975
976
977
978
979
980
981
982
983
984
985
986
987
988
989
990
991
992
993
994
995
996
997
998
999
1000
1001
1002
1003
1004
1005
1006
1007
1008
1009
1010
1011
1012
1013
1014
1015
1016
1017
1018
1019
1020
1021
1022
1023
1024
1025
1026
1027
1028
1029
1030
1031
1032
1033
1034
1035
1036
1037
1038
1039
1040
1041
1042
1043
1044
1045
1046
1047
1048
1049
1050
1051
1052
1053
1054
1055
1056
1057
1058
1059
1060
1061
1062
1063
1064
1065
1066
1067
1068
1069
1070
1071
1072
1073
1074
1075
1076
1077
1078
1079
1080
1081
1082
1083
1084
1085
1086
1087
1088
1089
1090
1091
1092
1093
1094
1095
1096
1097
1098
1099
1100
1101
1102
1103
1104
1105
1106
1107
1108
1109
1110
1111
1112
1113
1114
1115
1116
1117
1118
1119
1120
1121
1122
1123
1124
1125
1126
1127
1128
1129
1130
1131
1132
1133
1134
1135
1136
1137
1138
1139
1140
1141
1142
1143
1144
1145
1146
1147
1148
1149
1150
1151
1152
1153
1154
1155
1156
1157
1158
1159
1160
1161
1162
1163
1164
1165
1166
1167
1168
1169
1170
1171
1172
1173
1174
1175
1176
1177
1178
1179
1180
1181
1182
1183
1184
1185
1186
1187
1188
1189
1190
1191
1192
1193
1194
1195
1196
1197
1198
1199
1200
1201
1202
1203
1204
1205
1206
1207
1208
1209
1210
1211
1212
1213
1214
1215
1216
1217
1218
1219
1220
1221
1222
1223
1224
1225
1226
1227
1228
1229
1230
1231
1232
1233
1234
1235
1236
1237
1238
1239
1240
1241
1242
1243
1244
1245
1246
1247
1248
1249
1250
1251
1252
1253
1254
1255
1256
1257
1258
1259
1260
1261
1262
1263
1264
1265
1266
1267
1268
1269
1270
1271
1272
1273
1274
1275
1276
1277
1278
1279
1280
1281
1282
1283
1284
1285
1286
1287
1288
1289
1290
1291
1292
1293
1294
1295
1296
1297
1298
1299
1300
1301
1302
1303
1304
1305
1306
1307
1308
1309
1310
1311
1312
1313
1314
1315
1316
1317
1318
1319
1320
1321
1322
1323
1324
1325
1326
1327
1328
1329
1330
1331
1332
1333
1334
1335
1336
1337
1338
1339
1340
1341
1342
1343
1344
1345
1346
1347
1348
1349
1350
1351
1352
1353
1354
1355
1356
1357
1358
1359
1360
1361
1362
1363
1364
1365
1366
1367
1368
1369
1370
1371
1372
1373
1374
1375
1376
1377
1378
1379
1380
1381
1382
1383
1384
1385
1386
1387
1388
1389
1390
1391
1392
1393
1394
1395
1396
1397
1398
1399
1400
1401
1402
1403
1404
1405
1406
1407
1408
1409
1410
1411
1412
1413
1414
1415
1416
1417
1418
1419
1420
1421
1422
1423
1424
1425
1426
1427
1428
1429
1430
1431
1432
1433
1434
1435
1436
1437
1438
1439
1440
1441
1442
1443
1444
1445
1446
1447
1448
1449
1450
1451
1452
1453
1454
1455
1456
1457
1458
1459
1460
1461
1462
1463
1464
1465
1466
1467
1468
1469
1470
1471
1472
1473
1474
1475
1476
1477
1478
1479
1480
1481
1482
1483
1484
1485
1486
1487
1488
1489
1490
1491
1492
1493
1494
1495
1496
1497
1498
1499
1500
1501
1502
1503
1504
1505
1506
1507
1508
1509
1510
1511
1512
1513
1514
1515
1516
1517
1518
1519
1520
1521
1522
1523
1524
1525
1526
1527
1528
1529
1530
1531
1532
1533
1534
1535
1536
1537
1538
1539
1540
1541
1542
1543
1544
1545
1546
1547
1548
1549
1550
1551
1552
1553
1554
1555
1556
1557
1558
1559
1560
1561
1562
1563
1564
1565
1566
1567
1568
1569
1570
1571
1572
1573
1574
1575
1576
1577
1578
1579
1580
1581
1582
1583
1584
1585
1586
1587
1588
1589
1590
1591
1592
1593
1594
1595
1596
1597
1598
1599
1600
1601
1602
1603
1604
1605
1606
1607
1608
1609
1610
1611
1612
1613
1614
1615
1616
1617
1618
1619
1620
1621
1622
1623
1624
1625
1626
1627
1628
1629
1630
1631
1632
1633
1634
1635
1636
1637
1638
1639
1640
1641
1642
1643
1644
1645
1646
1647
1648
1649
1650
1651
1652
1653
1654
1655
1656
1657
1658
1659
1660
1661
1662
1663
1664
1665
1666
1667
1668
1669
1670
1671
1672
1673
1674
1675
1676
1677
1678
1679
1680
1681
1682
1683
1684
1685
1686
1687
1688
1689
1690
1691
1692
1693
1694
1695
1696
1697
1698
1699
1700
1701
1702
1703
1704
1705
1706
1707
1708
1709
1710
1711
1712
1713
1714
1715
1716
1717
1718
1719
1720
1721
1722
1723
1724
1725
1726
1727
1728
1729
1730
1731
1732
1733
1734
1735
1736
1737
1738
1739
1740
1741
1742
1743
1744
1745
1746
1747
1748
1749
1750
1751
1752
1753
1754
1755
1756
1757
1758
1759
1760
1761
1762
1763
1764
1765
1766
1767
1768
1769
1770
1771
1772
1773
1774
1775
1776
1777
1778
1779
1780
1781
1782
1783
1784
1785
1786
1787
1788
1789
1790
1791
1792
1793
1794
1795
1796
1797
1798
1799
1800
1801
1802
1803
1804
1805
1806
1807
1808
1809
1810
1811
1812
1813
1814
1815
1816
1817
1818
1819
1820
1821
1822
1823
1824
1825
1826
1827
1828
1829
1830
1831
1832
1833
1834
1835
1836
1837
1838
1839
1840
1841
1842
1843
1844
1845
1846
1847
1848
1849
1850
1851
1852
1853
1854
1855
1856
1857
1858
1859
1860
1861
1862
1863
1864
1865
1866
1867
1868
1869
1870
1871
1872
1873
1874
1875
1876
1877
1878
1879
1880
1881
1882
1883
1884
1885
1886
1887
1888
1889
1890
1891
1892
1893
1894
1895
1896
1897
1898
1899
1900
1901
-105.7323989868164 -125.8812103271484 -47.49228286743164
-105.8064346313477 -125.8559494018555 -48.71272659301758
-109.1344604492188 -125.8505249023438 -46.0426139831543
-122.5486297607422 -137.2136383056641 -71.10610198974609
-122.0948486328125 -135.3099517822266 -72.18161773681641
-122.8610153198242 -139.024169921875 -73.23429107666016
-122.8972625732422 -133.44873046875 -37.29603958129883
-122.0859603881836 -131.3570709228516 -39.44681930541992
-123.6074676513672 -135.0750579833984 -39.2277717590332
-115.7269439697266 -128.3730163574219 -39.0176887512207
-113.5723266601562 -126.8253402709961 -38.38121032714844
-115.8271636962891 -127.5724639892578 -36.94710540771484
-102.6763916015625 -150.738037109375 -37.76992797851562
-103.929817199707 -151.7502746582031 -36.5572395324707
-102.5524520874023 -151.4302062988281 -39.18502426147461
-103.2115249633789 -133.0468597412109 -103.2145233154297
-104.8271560668945 -130.26220703125 -102.8585052490234
-103.2330017089844 -130.8680419921875 -101.1882476806641
-104.9301452636719 -127.0422821044922 -43.28755187988281
-103.9943313598633 -127.5157012939453 -45.28768539428711
-105.0797500610352 -126.9799575805664 -44.70385360717773
-108.3436431884766 -154.0484771728516 -98.98454284667969
-112.9239654541016 -154.0399780273438 -97.80109405517578
-114.271614074707 -154.0496368408203 -100.8994369506836
-121.8145904541016 -130.9247283935547 -40.87298202514648
-120.6638336181641 -129.3679656982422 -42.75672149658203
-120.9018859863281 -130.6887817382812 -44.05271530151367
-121.5680389404297 -126.847541809082 -35.78669357299805
-120.5861053466797 -128.1616821289062 -32.87560653686523
-120.6638336181641 -125.9993209838867 -34.10142517089844
-102.7161331176758 -149.0694732666016 -109.9626998901367
-100.1276702880859 -147.5609741210938 -107.4541320800781
-101.4751815795898 -149.2139892578125 -106.9822006225586
-107.8019104003906 -128.0788879394531 -79.64175415039062
-108.3982849121094 -127.9629669189453 -81.4234619140625
-108.4767150878906 -126.6475296020508 -78.07492065429688
-107.0351638793945 -145.3406372070312 -43.03692626953125
-105.6067428588867 -145.3161010742188 -45.16859817504883
-106.5269927978516 -145.3496704101562 -49.95005416870117
-109.5755844116211 -143.2085571289062 -27.60581588745117
-107.623779296875 -145.0042877197266 -26.06132125854492
-109.3519973754883 -143.8092803955078 -25.63443183898926
-100.3810806274414 -129.5340728759766 -49.03006744384766
-102.5120468139648 -128.5212554931641 -46.30585479736328
-99.73627471923828 -131.2665710449219 -45.32351684570312
-118.6110382080078 -137.6705932617188 -82.96353149414062
-119.2430191040039 -139.0908203125 -80.57587432861328
-119.1952590942383 -139.771728515625 -84.96327209472656
-99.69979095458984 -140.9467315673828 -44.55059814453125
-99.66419219970703 -139.6873016357422 -46.63848495483398
-99.59799957275391 -138.9994354248047 -44.72308349609375
-116.2254943847656 -130.6928558349609 -88.15225219726562
-117.2954635620117 -130.8722381591797 -90.62916564941406
-119.2606201171875 -132.112548828125 -89.482421875
-105.0392456054688 -151.6212005615234 -111.469482421875
-105.7297973632812 -151.6344604492188 -112.6539916992188
-104.0530624389648 -149.2576904296875 -113.1835174560547
-107.4282379150391 -123.7216033935547 -36.23590469360352
-111.4226608276367 -123.2637786865234 -36.81410217285156
-111.223518371582 -122.7360763549805 -35.51296615600586
-124.7015228271484 -149.8214874267578 -33.11317443847656
-124.461669921875 -150.4300994873047 -31.42843437194824
-124.2893981933594 -147.8079986572266 -31.58717346191406
-112.9863662719727 -153.4223785400391 -108.7486724853516
-115.3170166015625 -154.0049133300781 -109.3322677612305
-117.0403366088867 -152.8994903564453 -108.5726013183594
-106.1817855834961 -153.1664123535156 -104.9939117431641
-106.0021286010742 -154.2891235351562 -102.9767532348633
-106.7743835449219 -154.3546600341797 -105.304557800293
-121.1167373657227 -131.4333343505859 -47.94822692871094
-119.1799774169922 -129.8553619384766 -49.50873184204102
-119.9661026000977 -143.3032531738281 -93.57302093505859
-120.9936370849609 -144.1881561279297 -98.38700866699219
-120.2602462768555 -142.2737579345703 -95.63542175292969
-97.10330963134766 -146.8740539550781 -86.30628967285156
-97.13338470458984 -145.2366180419922 -89.14331817626953
-97.1334228515625 -145.6935119628906 -85.68778228759766
-120.6122741699219 -127.0241394042969 -42.05595779418945
-121.4274368286133 -127.5528106689453 -41.56196975708008
-120.4567337036133 -126.597770690918 -40.83306121826172
-116.6422576904297 -149.0235595703125 -94.68806457519531
-114.5456771850586 -150.2821197509766 -95.87261199951172
-116.790168762207 -149.9788208007812 -98.93512725830078
-124.2212600708008 -136.0600738525391 -64.81881713867188
-122.904052734375 -139.1197509765625 -63.2299919128418
-123.2970123291016 -137.2507171630859 -63.01179122924805
-106.0199432373047 -146.2858581542969 -39.32848739624023
-104.6982345581055 -146.6845855712891 -40.73645401000977
-104.9568328857422 -145.4281768798828 -41.43936920166016
-99.52406311035156 -136.4798889160156 -49.04165649414062
-97.66151428222656 -133.5026397705078 -49.99991989135742
-97.57066345214844 -135.10888671875 -47.71072387695312
-104.1333847045898 -148.7101287841797 -49.92197418212891
-103.5834274291992 -147.7815093994141 -49.73972702026367
-102.5500869750977 -149.3040618896484 -47.95524597167969
-102.2501068115234 -136.0448913574219 -29.18423271179199
-102.2748565673828 -133.7801818847656 -29.93837547302246
-103.6235427856445 -135.4341278076172 -29.96000099182129
-102.5758514404297 -148.2490844726562 -39.19689178466797
-104.0075149536133 -148.1164703369141 -37.84517288208008
-103.7336654663086 -149.4578704833984 -36.67487335205078
-123.6576995849609 -150.7351379394531 -30.70255088806152
-121.836067199707 -149.7132263183594 -31.7639331817627
-123.5572891235352 -149.0986633300781 -31.16139793395996
-102.4761352539062 -129.1695556640625 -74.32395172119141
-104.678108215332 -127.3489074707031 -73.2520751953125
-101.6802978515625 -129.5568542480469 -73.02539825439453
-123.4133605957031 -133.8535919189453 -46.10543823242188
-123.6083679199219 -133.5673828125 -43.03849792480469
-103.7789764404297 -150.6765594482422 -108.3942031860352
-104.5243682861328 -151.6901092529297 -105.990592956543
-105.9356460571289 -145.3057403564453 -51.51082992553711
-107.220100402832 -145.3429260253906 -54.50151824951172
-97.20197296142578 -140.0846099853516 -37.04735565185547
-98.41139984130859 -138.5799407958984 -37.38874435424805
-97.43701171875 -137.5419158935547 -38.04837799072266
-107.2698440551758 -150.7824401855469 -104.7175064086914
-107.6606521606445 -151.7032470703125 -106.3068084716797
-107.6162338256836 -151.5729827880859 -103.4913711547852
-104.8128433227539 -137.0521392822266 -31.85537719726562
-104.4529571533203 -136.5895843505859 -29.60293960571289
-107.377799987793 -126.225227355957 -44.60935592651367
-111.3673706054688 -151.0434722900391 -85.53223419189453
-112.7498321533203 -150.1708679199219 -86.43689727783203
-111.9508590698242 -150.5637664794922 -83.44930267333984
-97.70271301269531 -148.8057861328125 -78.48540496826172
-97.34034729003906 -147.0706939697266 -78.8377685546875
-97.62765502929688 -147.3806457519531 -76.42410278320312
-117.3935317993164 -151.5746459960938 -105.1165313720703
-117.0950469970703 -151.9663696289062 -107.7159652709961
-118.5821533203125 -151.6429595947266 -107.7362823486328
-109.7575073242188 -143.3280487060547 -24.33774948120117
-110.8016204833984 -141.6041259765625 -24.19169425964355
-110.6738739013672 -143.400634765625 -25.00755500793457
-105.3081970214844 -149.5585327148438 -91.09685516357422
-105.3103485107422 -149.5632476806641 -96.70527648925781
-107.6274108886719 -151.3736877441406 -95.3486328125
-117.4397125244141 -153.4275512695312 -78.29093170166016
-116.031867980957 -153.4425506591797 -76.58145904541016
-117.0507049560547 -153.423828125 -74.49369049072266
-99.98378753662109 -130.5797882080078 -52.09463119506836
-99.39830780029297 -130.5109558105469 -50.19711685180664
-98.1136474609375 -132.1253509521484 -51.20652770996094
-105.5724487304688 -141.6387786865234 -55.10935974121094
-105.130500793457 -139.0631256103516 -51.74258041381836
-104.8868865966797 -140.3500061035156 -55.65261077880859
-97.447509765625 -135.8896331787109 -38.8110466003418
-97.07723236083984 -134.8452606201172 -38.19833374023438
-119.5855865478516 -129.9897308349609 -72.32073974609375
-117.4531707763672 -128.6045837402344 -72.38017272949219
-117.8571701049805 -129.1440277099609 -74.79997253417969
-105.5547256469727 -152.8761444091797 -77.38053894042969
-104.8669586181641 -152.0623931884766 -77.48052215576172
-105.3839645385742 -152.410888671875 -73.81553649902344
-117.3887786865234 -154.0435180664062 -89.56517791748047
-115.5860748291016 -153.8806762695312 -87.54303741455078
-118.2101364135742 -153.7423095703125 -88.12436676025391
-123.9611663818359 -142.7852783203125 -43.67208862304688
-123.7878494262695 -144.1612548828125 -43.12625885009766
-122.6264495849609 -142.0839996337891 -40.84949493408203
-99.26807403564453 -138.0097351074219 -45.97001647949219
-102.7725830078125 -141.0917053222656 -102.221435546875
-103.2536392211914 -138.6883697509766 -99.56168365478516
-103.712532043457 -138.0322723388672 -105.4411926269531
-111.0148010253906 -153.1082153320312 -107.4516143798828
-109.2245559692383 -152.6709442138672 -108.9500350952148
-110.084114074707 -153.9341583251953 -110.1016998291016
-103.9470520019531 -134.9385986328125 -46.14038848876953
-104.017463684082 -133.6341552734375 -39.29452133178711
-104.0194625854492 -132.9780120849609 -42.51821517944336
-117.1366882324219 -130.2097625732422 -42.28332901000977
-117.0412521362305 -130.8945617675781 -46.2463493347168
-114.2809448242188 -128.7188110351562 -43.21535491943359
-99.51962280273438 -148.4267883300781 -63.15523529052734
-98.9471435546875 -148.4869384765625 -65.71327972412109
-98.734619140625 -147.1143188476562 -63.51391220092773
-104.1383209228516 -137.0262908935547 -61.1966667175293
-104.6506652832031 -134.5546417236328 -57.88400268554688
-103.9860000610352 -136.1062774658203 -64.92730712890625
-105.236572265625 -133.4252166748047 -51.15554428100586
-106.0629730224609 -131.2219085693359 -47.74962615966797
-106.6096725463867 -131.9406127929688 -51.41159057617188
-119.4685211181641 -144.7648315429688 -92.77057647705078
-118.4360580444336 -147.1895751953125 -94.03635406494141
-120.5118255615234 -145.451904296875 -97.36192321777344
-98.55876159667969 -142.1736907958984 -56.16198348999023
-98.7166748046875 -139.2925262451172 -53.53480529785156
-98.00924682617188 -143.2313079833984 -54.86960601806641
-122.7133560180664 -144.6268768310547 -35.10377883911133
-124.2178573608398 -146.8473815917969 -32.66538619995117
-124.2380065917969 -142.7903747558594 -32.86681365966797
-118.5319519042969 -133.2599029541016 -58.2354850769043
-117.0947875976562 -133.1393585205078 -63.80670547485352
-116.2331085205078 -131.6370239257812 -58.91718292236328
-115.0072021484375 -145.5010223388672 -54.25188827514648
-118.0871353149414 -145.3493804931641 -52.07216644287109
-109.7652206420898 -145.3531341552734 -55.17828369140625
-104.373176574707 -136.9639282226562 -107.6705856323242
-104.0631484985352 -136.2357482910156 -109.8007278442383
-103.7213439941406 -138.22705078125 -108.5843963623047
-119.7460327148438 -134.5896301269531 -91.91178894042969
-120.7580947875977 -137.3567352294922 -95.08892822265625
-122.0935821533203 -139.7381439208984 -94.9764404296875
-103.0372314453125 -139.7658233642578 -110.7895431518555
-102.2211685180664 -137.6189880371094 -111.3835678100586
-102.7115859985352 -142.13037109375 -111.6892700195312
-123.3080368041992 -146.7261657714844 -106.6414337158203
-122.7469787597656 -143.4264678955078 -106.642692565918
-122.6600723266602 -145.1096649169922 -107.6047897338867
-96.560302734375 -137.7710876464844 -37.17057037353516
-96.67331695556641 -136.4909210205078 -36.28346252441406
-96.08113098144531 -140.2695465087891 -34.67111206054688
-105.7827911376953 -152.4808654785156 -103.2325897216797
-101.6294479370117 -151.1872253417969 -74.42477416992188
-103.8109970092773 -150.8646545410156 -73.36702728271484
-103.3502578735352 -151.07470703125 -75.54004669189453
-119.3712615966797 -134.5433349609375 -99.20492553710938
-118.9363555908203 -134.2017822265625 -96.01571655273438
-119.4737930297852 -133.5578308105469 -98.28874969482422
-103.4014282226562 -133.9574737548828 -74.96102905273438
-104.0691452026367 -134.929443359375 -76.83041381835938
-103.6555862426758 -136.5641326904297 -75.18343353271484
-123.5724105834961 -152.2498779296875 -48.74622344970703
-110.3751602172852 -152.2498321533203 -53.27141189575195
-117.7746429443359 -152.2501983642578 -46.87076187133789
-105.3922424316406 -128.7676696777344 -35.94845581054688
-107.6652450561523 -126.9399185180664 -36.32879257202148
-105.453239440918 -128.8961029052734 -36.99062347412109
-113.0740661621094 -153.4468994140625 -74.49724578857422
-107.4076232910156 -153.4471588134766 -77.39567565917969
-107.5571823120117 -153.435546875 -74.33549499511719
-110.8193206787109 -144.084228515625 -29.36455154418945
-111.3931198120117 -145.0574188232422 -32.05271530151367
-108.3347244262695 -144.0313415527344 -31.40585899353027
-113.220329284668 -152.2073822021484 -103.1702575683594
-114.3780517578125 -152.0702362060547 -105.0420379638672
-115.5678939819336 -151.3442077636719 -103.2460327148438
-119.4614028930664 -147.7029266357422 -76.64517211914062
-120.7606964111328 -145.7057495117188 -77.41938018798828
-120.3525085449219 -146.4189147949219 -78.91641998291016
-122.2320556640625 -152.25 -33.84220886230469
-124.4758071899414 -152.2158508300781 -33.64894104003906
-123.0289688110352 -152.0113525390625 -38.02902603149414
-109.0418701171875 -132.3561096191406 -108.055046081543
-107.0469512939453 -131.7727813720703 -107.9804229736328
-105.9564590454102 -132.9659271240234 -109.3637237548828
-126.8591232299805 -145.1428833007812 -49.22755813598633
-127.0444259643555 -142.0053405761719 -47.31797790527344
-127.0295181274414 -142.9569396972656 -49.97518539428711
-98.48716735839844 -134.3895721435547 -42.0053825378418
-98.57875823974609 -132.7846374511719 -41.73955535888672
-98.26337432861328 -134.2163543701172 -40.64854431152344
-124.4502639770508 -140.8456115722656 -43.97883605957031
-113.8872680664062 -128.6944122314453 -76.89242553710938
-111.2714385986328 -127.8682861328125 -78.173583984375
-113.9790344238281 -128.4019317626953 -78.94619750976562
-104.4837188720703 -126.4174118041992 -47.94120407104492
-102.713005065918 -127.9566268920898 -48.39179611206055
-102.582633972168 -127.8683853149414 -51.82627105712891
-121.4897613525391 -142.6533050537109 -106.9511871337891
-122.4011001586914 -140.8835144042969 -106.5233459472656
-98.39974975585938 -137.4520874023438 -95.57144165039062
-97.90995788574219 -138.8500213623047 -95.37226867675781
-97.64925384521484 -138.6751861572266 -96.57522583007812
-118.0675888061523 -136.8528747558594 -86.63267517089844
-118.8462295532227 -138.5166778564453 -87.65966033935547
-118.6461639404297 -138.4135131835938 -92.17849731445312
-118.7690277099609 -142.5479278564453 -41.95337295532227
-118.4266738891602 -143.5944213867188 -42.28765869140625
-120.7366943359375 -142.9472198486328 -42.19687271118164
-106.2598419189453 -146.9183959960938 -37.76395797729492
-111.3862380981445 -130.8770294189453 -76.52229309082031
-114.061897277832 -131.6909637451172 -77.85335540771484
-112.0503616333008 -131.3078460693359 -78.74094390869141
-122.802490234375 -133.3084106445312 -33.05237579345703
-122.1575622558594 -133.1269683837891 -29.69646263122559
-121.7400894165039 -130.8810577392578 -30.49321937561035
-127.0765991210938 -141.7015075683594 -51.91392517089844
-126.5629501342773 -138.6215057373047 -51.0307502746582
-126.476676940918 -141.1371765136719 -52.88132095336914
-104.1390151977539 -146.8378448486328 -74.14035034179688
-104.6065902709961 -144.0871734619141 -65.51941680908203
-103.7383193969727 -145.5179901123047 -72.83755493164062
-117.7071914672852 -137.3948516845703 -99.92948913574219
-119.4846801757812 -140.0719909667969 -99.7081298828125
-118.3825836181641 -137.8629913330078 -102.0088806152344
-98.29600524902344 -144.5991821289062 -62.31828308105469
-97.93643951416016 -141.5455322265625 -61.4870719909668
-98.23752593994141 -142.1842346191406 -58.93189239501953
-102.8319320678711 -146.2071380615234 -91.87398529052734
-102.5330810546875 -144.8217010498047 -88.76403045654297
-102.75048828125 -144.9311981201172 -93.47066497802734
-97.33904266357422 -134.6380767822266 -36.69402313232422
-97.57279968261719 -133.4761657714844 -38.46191024780273
-98.15489196777344 -133.1182708740234 -37.09442520141602
-121.3544311523438 -150.5507965087891 -103.573112487793
-122.8590698242188 -148.0217590332031 -103.2961349487305
-122.0613861083984 -150.0712432861328 -106.7860565185547
-119.4765319824219 -145.3480377197266 -49.95071792602539
-120.9154663085938 -145.2960205078125 -45.53000640869141
-118.8720397949219 -145.3466949462891 -42.71044921875
-104.634521484375 -135.5506439208984 -80.08827209472656
-105.5861663818359 -134.2508239746094 -86.44352722167969
-104.3992538452148 -135.7820739746094 -88.18203735351562
-121.6196670532227 -129.4593658447266 -40.34768295288086
-120.4794387817383 -146.1157531738281 -75.29608917236328
-121.8895492553711 -142.1063385009766 -75.06684875488281
-102.3051452636719 -150.7404327392578 -77.537109375
-102.1594009399414 -150.8103637695312 -81.39070129394531
-99.68721771240234 -150.8576507568359 -80.58937835693359
-122.6630096435547 -133.5334320068359 -77.84901428222656
-122.8891983032227 -133.6426544189453 -80.62820434570312
-123.0257186889648 -134.8928070068359 -81.01535034179688
-104.3745574951172 -132.7373352050781 -104.3919143676758
-103.6891860961914 -139.4406433105469 -63.77973937988281
-104.0033111572266 -142.4037170410156 -65.35288238525391
-103.9191131591797 -139.0299530029297 -62.826171875
-98.597412109375 -147.2947845458984 -105.2219390869141
-97.70661163330078 -145.8000640869141 -106.0627975463867
-121.1978912353516 -150.395751953125 -101.7408218383789
-120.3415222167969 -152.19287109375 -101.664909362793
-119.5760650634766 -151.7118682861328 -99.74585723876953
-104.8236389160156 -148.4794158935547 -102.2278594970703
-104.9302673339844 -147.1349029541016 -104.5835189819336
-103.5125579833984 -147.7775726318359 -90.93113708496094
-103.3837585449219 -147.0309295654297 -96.98103332519531
-109.9041061401367 -148.6845397949219 -63.85317993164062
-112.1330337524414 -148.9974975585938 -64.56781768798828
-111.9926452636719 -147.9675903320312 -59.2285041809082
-120.1335601806641 -148.0554504394531 -103.2991485595703
-119.021369934082 -149.1809692382812 -102.3339996337891
-119.4096984863281 -150.0691986083984 -106.5627365112305
-120.5561676025391 -134.2020416259766 -28.10001754760742
-120.7924194335938 -130.676513671875 -29.47978591918945
-121.4605865478516 -133.8110961914062 -28.41635131835938
-117.4567718505859 -152.0895538330078 -70.64863586425781
-117.1622161865234 -151.0885314941406 -74.04415893554688
-117.4524002075195 -152.9088134765625 -74.37358856201172
-102.2170867919922 -146.7793884277344 -44.30265808105469
-101.2531204223633 -148.1068572998047 -47.48744964599609
-100.5248031616211 -146.1682586669922 -45.95114135742188
-110.4050216674805 -130.4237823486328 -51.90984344482422
-108.162956237793 -130.9830169677734 -51.31806182861328
-110.6109161376953 -129.7485198974609 -49.60116577148438
-108.9243240356445 -145.3049163818359 -40.95293045043945
-108.7115783691406 -145.3468933105469 -43.1368408203125
-111.3642730712891 -145.3515625 -40.50911712646484
-120.0862197875977 -146.9167175292969 -99.90133666992188
-113.4128952026367 -145.3378143310547 -40.33105850219727
-120.3070755004883 -152.3081665039062 -107.4342422485352
-120.0950469970703 -152.0815887451172 -104.7554473876953
-126.4126358032227 -143.3500823974609 -53.58037948608398
-124.6910247802734 -141.1430816650391 -53.41824340820312
-124.5600128173828 -144.0894012451172 -55.60326385498047
-122.8418197631836 -136.180419921875 -70.39926910400391
-123.5337066650391 -137.67529296875 -65.46576690673828
-124.4837112426758 -135.5894317626953 -68.76003265380859
-109.3868179321289 -128.0456237792969 -40.77056884765625
-107.0457000732422 -128.9564208984375 -40.80281448364258
-107.2544860839844 -128.1826934814453 -38.97304534912109
-100.2049102783203 -131.9961242675781 -36.05978393554688
-100.354362487793 -134.0822448730469 -33.49555206298828
-99.80389404296875 -134.1398773193359 -34.85982131958008
-98.07186889648438 -134.25244140625 -43.35147857666016
-98.71041107177734 -132.6098327636719 -43.89462661743164
-100.9685440063477 -145.415771484375 -44.16678619384766
-103.1667404174805 -145.6268768310547 -43.01171875
-118.5257797241211 -151.8979644775391 -43.72942352294922
-116.2519683837891 -152.2496032714844 -44.6253547668457
-118.050895690918 -152.2494964599609 -41.76123046875
-103.1285018920898 -151.5445098876953 -49.29624557495117
-104.8637161254883 -150.1975708007812 -51.26279830932617
-102.7386703491211 -138.3178100585938 -27.89984703063965
-104.1230850219727 -138.4109649658203 -25.92510414123535
-104.8757476806641 -140.2470245361328 -25.74355697631836
-105.9543533325195 -130.8031311035156 -78.67015838623047
-108.649772644043 -130.0610656738281 -77.61685943603516
-106.390495300293 -132.3930358886719 -78.49656677246094
-101.1528091430664 -151.9506072998047 -42.21029663085938
-100.6024703979492 -151.5522308349609 -42.03573226928711
-98.21927642822266 -147.048095703125 -91.57784271240234
-99.17007446289062 -148.7579345703125 -90.55980682373047
-100.0792007446289 -149.8790435791016 -94.26438903808594
-107.7187652587891 -132.0035095214844 -79.12846374511719
-109.9697494506836 -130.8521270751953 -78.23821258544922
-109.0299453735352 -131.7642974853516 -80.92156982421875
-119.5888824462891 -125.8838958740234 -39.07573699951172
-119.2611389160156 -126.151741027832 -40.74166488647461
-106.4381332397461 -127.6799774169922 -54.3909797668457
-107.8800582885742 -127.8991851806641 -58.02815628051758
-109.1871337890625 -126.7324066162109 -56.84685897827148
-119.82568359375 -141.7058410644531 -93.71295928955078
-118.7988967895508 -131.6560821533203 -87.47792816162109
-117.5417404174805 -131.099853515625 -86.57789611816406
-111.7510833740234 -125.2659606933594 -42.8630485534668
-112.8897018432617 -125.0375366210938 -40.55976867675781
-109.0201416015625 -125.1159591674805 -40.87391662597656
-109.6224670410156 -126.1819152832031 -44.40815734863281
-113.645881652832 -126.0510101318359 -43.77649688720703
-124.2708129882812 -135.7751617431641 -45.80725479125977
-124.5325088500977 -134.8314361572266 -47.2363166809082
-124.5769195556641 -137.0126190185547 -45.84859466552734
-104.2791366577148 -144.2731475830078 -41.10668563842773
-105.5504150390625 -141.4303588867188 -43.1341667175293
-105.1151351928711 -139.6128997802734 -44.7702522277832
-105.1505279541016 -142.5558776855469 -44.88752746582031
-97.64530181884766 -132.0620422363281 -49.08101654052734
-116.4818420410156 -127.7116622924805 -47.84103393554688
-116.2671432495117 -127.9163436889648 -50.41487503051758
-105.6832885742188 -127.1022644042969 -33.60663223266602
-107.4775848388672 -125.5869064331055 -34.02296829223633
-97.70941162109375 -147.400146484375 -82.68729400634766
-101.123908996582 -132.6827850341797 -96.18914031982422
-103.0232543945312 -131.3204803466797 -96.71733093261719
-102.3893966674805 -131.8072662353516 -94.53173065185547
-102.5921249389648 -147.757568359375 -42.79062271118164
-105.9273529052734 -130.8313903808594 -44.77166366577148
-104.2934417724609 -132.9699859619141 -45.42877960205078
-98.83837127685547 -150.4856872558594 -79.60887145996094
-100.5961837768555 -150.8195953369141 -77.30490112304688
-111.5867080688477 -133.6406555175781 -94.40679931640625
-108.3452682495117 -133.6589202880859 -95.04703521728516
-109.8557586669922 -133.3447723388672 -92.8326416015625
-107.5864028930664 -153.4490051269531 -82.44252014160156
-106.5033111572266 -143.0872192382812 -29.7094612121582
-105.1089859008789 -143.1208648681641 -33.0093994140625
-108.0468673706055 -143.5323333740234 -39.97420883178711
-107.0102767944336 -141.3626098632812 -35.50165176391602
-106.1272201538086 -140.9011383056641 -37.42804718017578
-119.4890365600586 -125.7306747436523 -35.88137054443359
-115.7960510253906 -124.5990905761719 -37.81816482543945
-117.7633056640625 -125.8385696411133 -38.81608200073242
-104.8260116577148 -128.7713470458984 -69.92247772216797
-102.0182571411133 -130.4608612060547 -70.44476318359375
-114.9302520751953 -125.2110214233398 -39.71479797363281
-116.5581359863281 -126 -39.21052932739258
-100.1531372070312 -141.9613647460938 -42.85015106201172
-100.4928741455078 -140.8815765380859 -39.40681076049805
-101.2680435180664 -142.6098022460938 -40.64692687988281
-114.2504730224609 -131.6682586669922 -73.06999969482422
-115.2409057617188 -132.0982513427734 -69.39176177978516
-116.2680358886719 -132.6340789794922 -72.42197418212891
-97.65126037597656 -135.7419586181641 -45.90921783447266
-97.38639068603516 -133.7667388916016 -47.23917770385742
-112.289306640625 -123.1891479492188 -34.96125793457031
-115.4317016601562 -124.0567016601562 -34.80440521240234
-114.4531784057617 -124.397102355957 -34.7441291809082
-110.9919509887695 -144.0090942382812 -36.03632736206055
-110.4189453125 -142.9242706298828 -33.824951171875
-108.9065322875977 -143.0569763183594 -35.85797119140625
-105.295768737793 -153.4131011962891 -82.24913024902344
-106.2894439697266 -153.7286529541016 -83.60109710693359
-117.5606231689453 -131.9350280761719 -98.53890991210938
-117.3969650268555 -132.0045471191406 -95.81218719482422
-116.2793731689453 -132.0422210693359 -97.13528442382812
-118.3802490234375 -140.8239593505859 -35.86929702758789
-119.1962661743164 -138.1541442871094 -32.53990173339844
-118.7316436767578 -137.5424652099609 -28.73785972595215
-108.8298568725586 -143.6689758300781 -29.37609672546387
-104.5460433959961 -138.5345916748047 -52.28580093383789
-105.1585464477539 -139.5469360351562 -50.46274185180664
-99.37818908691406 -135.9558868408203 -79.12255859375
-98.88698577880859 -137.4791107177734 -76.52989196777344
-97.85302734375 -138.92626953125 -79.81210327148438
-118.5322341918945 -124.2716445922852 -35.43030548095703
-116.3232345581055 -124.4049530029297 -35.62491989135742
-98.29732513427734 -143.0971984863281 -46.90531158447266
-99.22859191894531 -140.6916961669922 -47.49587631225586
-117.9447402954102 -137.3999938964844 -93.73264312744141
-119.3227996826172 -139.8331298828125 -94.95588684082031
-102.2689361572266 -131.9130096435547 -99.18447875976562
-104.0487518310547 -129.7830657958984 -100.3102569580078
-123.4231796264648 -141.3568115234375 -103.3828735351562
-122.6832885742188 -140.8350982666016 -100.0194778442383
-122.8800735473633 -139.6119537353516 -102.7462158203125
-107.3866577148438 -153.4729614257812 -109.6855773925781
-109.4388275146484 -154.2992095947266 -108.3939361572266
-104.9418640136719 -142.2639770507812 -31.17147064208984
-118.2372131347656 -132.5577087402344 -47.85273742675781
-118.9909591674805 -133.1763153076172 -47.7881965637207
-111.2353057861328 -127.4202880859375 -88.6519775390625
-112.5870208740234 -128.0968780517578 -91.92489624023438
-112.4702224731445 -127.7363586425781 -89.518798828125
-106.979133605957 -133.7448577880859 -108.65087890625
-105.5365753173828 -134.4191284179688 -109.3590240478516
-105.1286544799805 -136.1638336181641 -106.5080490112305
-102.8317947387695 -134.4720916748047 -105.8374938964844
-99.51662445068359 -135.3121490478516 -106.3879013061523
-102.1567840576172 -135.0096282958984 -108.5473098754883
-102.5259628295898 -128.5777130126953 -40.89480972290039
-98.05081176757812 -144.9117126464844 -82.99533081054688
-107.0854721069336 -129.1494903564453 -81.78717803955078
-115.4290618896484 -126.0737762451172 -42.76307678222656
-110.4611663818359 -151.6764221191406 -98.22527313232422
-110.4590682983398 -151.5784454345703 -95.36467742919922
-107.284538269043 -151.6588745117188 -97.92356872558594
-122.0773468017578 -139.6719970703125 -100.2466049194336
-122.1475830078125 -138.2969970703125 -101.5417404174805
-124.5007247924805 -148.5690460205078 -55.09464645385742
-126.2676162719727 -149.8318634033203 -52.8255729675293
-126.3283004760742 -147.7468872070312 -52.00130462646484
-119.7616577148438 -137.5168914794922 -107.4435195922852
-121.2469940185547 -136.3387298583984 -107.3351135253906
-118.4926910400391 -135.4438018798828 -107.4898834228516
-99.59397125244141 -136.7992248535156 -66.61114501953125
-101.0047378540039 -133.8722534179688 -63.95068359375
-99.97816467285156 -136.3412628173828 -64.65248870849609
-104.5485534667969 -138.6609954833984 -56.10425567626953
-104.5590057373047 -135.1187438964844 -50.86804962158203
-99.54403686523438 -145.3755645751953 -47.4884033203125
-100.0675354003906 -147.486083984375 -48.98859024047852
-104.5794525146484 -133.273193359375 -70.54253387451172
-103.5889434814453 -134.2553100585938 -72.91913604736328
-103.773811340332 -135.2690887451172 -69.30092620849609
-105.4589462280273 -142.4483489990234 -29.09500122070312
-104.4977493286133 -140.8026123046875 -27.73958206176758
-105.3250427246094 -142.9506072998047 -27.05896377563477
-117.4147109985352 -154.0406494140625 -94.64959716796875
-118.3485336303711 -153.6370086669922 -93.42023468017578
-118.7314834594727 -153.9235382080078 -96.36801910400391
-118.6503143310547 -131.9625091552734 -42.91506958007812
-110.5535202026367 -130.3557434082031 -58.02035140991211
-108.8225555419922 -130.9527282714844 -61.19399642944336
-108.957145690918 -130.7008819580078 -57.32424926757812
-121.6452941894531 -143.7524719238281 -67.81843566894531
-122.2680587768555 -141.3425445556641 -68.21939086914062
-122.5570678710938 -141.9005584716797 -71.62144470214844
-105.3380355834961 -141.4864654541016 -56.33828735351562
-105.3703842163086 -143.5764617919922 -60.70677947998047
-106.5647506713867 -143.7396545410156 -57.40998077392578
-122.5736083984375 -138.3367614746094 -67.38123321533203
-113.5071716308594 -132.0519409179688 -98.97151947021484
-114.4886093139648 -132.1322174072266 -97.9521484375
-111.7333908081055 -130.3291015625 -97.57488250732422
-97.62721252441406 -145.4695892333984 -101.9661560058594
-97.21358489990234 -146.6859283447266 -99.920654296875
-98.24897003173828 -147.0252075195312 -101.7378692626953
-115.3575897216797 -132.1028442382812 -64.78180694580078
-101.5343322753906 -137.4888916015625 -29.70760726928711
-120.3448104858398 -144.7053070068359 -42.70025634765625
-121.0682373046875 -143.5347747802734 -43.73894882202148
-118.8810729980469 -126.6815338134766 -32.21270370483398
-119.4588470458984 -125.2592010498047 -33.96256256103516
-104.3407745361328 -130.8596649169922 -36.13607788085938
-109.7745666503906 -127.7223968505859 -80.79510498046875
-125.960578918457 -137.6251983642578 -46.36845779418945
-114.6961669921875 -127.3439483642578 -57.65945053100586
-111.1639404296875 -127.423698425293 -58.91890716552734
-115.0783081054688 -127.4432983398438 -60.38478851318359
-121.0547409057617 -146.5196228027344 -105.5058517456055
-121.5245361328125 -144.1634979248047 -107.4448852539062
-120.7730484008789 -141.8404083251953 -106.1674194335938
-115.5100479125977 -134.8443756103516 -91.30391693115234
-117.1242370605469 -135.9723358154297 -89.15241241455078
-115.8138046264648 -135.2272186279297 -95.44924163818359
-119.4526596069336 -143.4898834228516 -30.44692611694336
-116.4707565307617 -145.1489410400391 -32.64691925048828
-117.6636657714844 -143.5926361083984 -30.16736221313477
-118.4241027832031 -132.5847473144531 -51.44750213623047
-117.0602340698242 -131.6761779785156 -52.20504379272461
-101.3886337280273 -147.7684020996094 -50.3292350769043
-100.0076675415039 -129.8662109375 -41.50802230834961
-110.0527954101562 -144.4309844970703 -40.7891960144043
-115.2475204467773 -143.8168640136719 -28.78533554077148
-113.5470504760742 -142.4429168701172 -25.16771697998047
-116.130241394043 -142.7177581787109 -26.66659736633301
-102.5586166381836 -151.6222076416016 -95.15283966064453
-103.9225158691406 -152.1063385009766 -91.94790649414062
-104.6009979248047 -152.2041473388672 -95.05707550048828
-107.6937866210938 -144.7488403320312 -33.93827056884766
-112.7487411499023 -143.2220764160156 -27.02166748046875
-110.547721862793 -149.8715972900391 -71.09637451171875
-107.775520324707 -149.8079833984375 -76.23905181884766
-110.7410125732422 -149.9411315917969 -73.54564666748047
-122.2309951782227 -148.2425079345703 -107.7711181640625
-121.707893371582 -146.4978485107422 -107.4924545288086
-120.4746704101562 -148.7883605957031 -106.7813720703125
-97.21294403076172 -141.4577484130859 -35.20660781860352
-96.35688781738281 -140.2171630859375 -36.27725219726562
-122.7438888549805 -139.2534942626953 -65.44283294677734
-122.3446884155273 -141.7686462402344 -65.74755859375
-118.5300369262695 -153.1261138916016 -105.0065689086914
-114.028678894043 -128.3965454101562 -86.936767578125
-114.8264312744141 -129.4216003417969 -88.82143402099609
-107.6951217651367 -131.1194305419922 -103.7942428588867
-106.9272232055664 -131.6489562988281 -105.4744873046875
-109.3457717895508 -131.5275726318359 -104.0964736938477
-97.62379455566406 -141.4937591552734 -105.1217193603516
-97.63672637939453 -137.82177734375 -106.555534362793
-98.27505493164062 -138.6078796386719 -103.0421981811523
-103.3002395629883 -131.0492858886719 -63.55614852905273
-100.5602874755859 -132.2860107421875 -68.41687774658203
-104.9485626220703 -150.7579650878906 -33.54376220703125
-107.6544952392578 -150.9138946533203 -31.09575653076172
-107.2301712036133 -152.2405700683594 -32.88399887084961
-104.3765869140625 -137.6140594482422 -43.23264312744141
-104.6647415161133 -138.9447479248047 -42.59157180786133
-104.5433197021484 -137.6131591796875 -41.27525329589844
-120.0039367675781 -137.4901123046875 -26.62465286254883
-118.4320831298828 -137.9241790771484 -26.58274841308594
-119.3919677734375 -136.2012481689453 -27.68084907531738
-107.4123687744141 -134.4089050292969 -104.8340225219727
-106.7106246948242 -134.7642974853516 -105.8548889160156
-105.7324829101562 -135.0326690673828 -101.9566421508789
-124.5945587158203 -135.8411254882812 -66.6063232421875
-124.4917984008789 -133.4190979003906 -66.04205322265625
-115.4030075073242 -152.5194244384766 -86.05146789550781
-115.9201049804688 -152.4878845214844 -87.34185028076172
-115.4905776977539 -153.6015472412109 -85.14449310302734
-103.6753768920898 -137.9017639160156 -65.72586822509766
-103.6730804443359 -142.8574066162109 -67.8748779296875
-106.5319671630859 -129.4505767822266 -83.14311981201172
-108.4332580566406 -128.9289245605469 -83.89081573486328
-122.3204727172852 -146.2659454345703 -36.72475433349609
-122.7099761962891 -142.7135162353516 -36.79583740234375
-120.3505477905273 -139.8016357421875 -43.08472061157227
-120.7242813110352 -140.9440307617188 -43.83249282836914
-120.596809387207 -138.2498321533203 -44.40005493164062
-112.4205856323242 -154.243896484375 -109.3945846557617
-111.3571014404297 -154.2228088378906 -109.6859970092773
-109.757438659668 -154.3497924804688 -106.7864685058594
-107.3450546264648 -151.0346527099609 -86.79801940917969
-107.3181381225586 -151.0328216552734 -94.14371490478516
-112.6278839111328 -151.0654449462891 -93.08191680908203
-110.4435501098633 -124.0913848876953 -39.68526077270508
-113.7607040405273 -124.3594589233398 -38.92734146118164
-112.3394241333008 -123.59619140625 -38.19402313232422
-102.9576644897461 -151.8072204589844 -87.93476867675781
-102.7354354858398 -151.2054901123047 -82.56920623779297
-104.3638076782227 -152.4353179931641 -85.14606475830078
-113.4210205078125 -150.7093963623047 -93.90377807617188
-113.3800659179688 -150.2259216308594 -90.91276550292969
-112.2928771972656 -152.2504577636719 -33.1962890625
-115.7105255126953 -152.2399444580078 -33.7415657043457
-112.0342254638672 -152.2494049072266 -37.99166488647461
-116.0428924560547 -127.9345626831055 -72.763427734375
-114.5923767089844 -128.565673828125 -74.88226318359375
-116.0468292236328 -127.7323913574219 -74.323974609375
-98.02163696289062 -140.0898590087891 -76.56576538085938
-108.2462997436523 -152.2163391113281 -50.10456466674805
-106.2838973999023 -151.9208068847656 -50.65887832641602
-107.1975784301758 -151.9282379150391 -45.24707794189453
-107.7458648681641 -151.8656616210938 -108.7475967407227
-108.6447067260742 -152.6482086181641 -109.8630752563477
-98.21050262451172 -139.1109466552734 -56.15817642211914
-98.75791168212891 -137.0074157714844 -55.14771270751953
-115.8636322021484 -134.0044403076172 -80.800537109375
-117.8678665161133 -135.8948059082031 -80.92555999755859
-116.1483840942383 -134.5643463134766 -83.06749725341797
-105.5081329345703 -137.8244171142578 -25.79327774047852
-105.883544921875 -138.8062133789062 -24.91173934936523
-114.7046890258789 -128.7830047607422 -76.32981109619141
-116.2342224121094 -152.3969268798828 -89.03041839599609
-117.4169998168945 -152.4374694824219 -90.91477966308594
-118.602180480957 -152.8544158935547 -89.38981628417969
-115.2633514404297 -153.4358367919922 -82.37081146240234
-114.3652954101562 -153.4405517578125 -80.67520904541016
-106.7174377441406 -150.3950805664062 -111.3381271362305
-107.2214736938477 -151.88671875 -110.7786254882812
-107.4804306030273 -150.3865203857422 -108.7872772216797
-116.8050384521484 -146.8032836914062 -74.28742218017578
-115.2353439331055 -148.3180847167969 -76.26760864257812
-117.1972732543945 -146.3424835205078 -75.83609771728516
-124.6409530639648 -136.5528411865234 -51.30583953857422
-124.3861083984375 -136.6821594238281 -51.80327606201172
-121.6487808227539 -139.4703979492188 -31.75503730773926
-122.4081878662109 -136.2815704345703 -29.72566413879395
-122.3510055541992 -138.1591949462891 -32.8952522277832
-114.4297943115234 -131.3641510009766 -92.31218719482422
-115.5675430297852 -131.2129821777344 -91.75399017333984
-114.2235946655273 -129.7204742431641 -91.87747955322266
-103.2751846313477 -146.3362579345703 -99.37583160400391
-103.8223648071289 -145.5451812744141 -103.7319641113281
-108.5254974365234 -127.1509628295898 -72.32424163818359
-110.2253036499023 -127.2803268432617 -72.7674560546875
-110.9508361816406 -127.9638214111328 -68.285400390625
-120.4432601928711 -136.6556549072266 -41.65919494628906
-98.506103515625 -139.7028503417969 -65.00557708740234
-98.34854125976562 -140.5333709716797 -66.81775665283203
-101.1823196411133 -129.7288360595703 -39.28494262695312
-118.8529205322266 -144.47900390625 -53.28173828125
-117.3899917602539 -145.3468322753906 -54.47282791137695
-119.0170974731445 -144.1752624511719 -54.72285461425781
-103.3886260986328 -137.5697021484375 -85.99765014648438
-103.2031860351562 -138.1295471191406 -94.89208221435547
-102.7695846557617 -139.6368255615234 -88.01983642578125
-100.9648742675781 -131.6480712890625 -78.29235076904297
-101.6171417236328 -131.0645141601562 -77.44599914550781
-100.1506500244141 -131.2256469726562 -75.98447418212891
-121.5422592163086 -151.2982482910156 -31.83148002624512
-119.0456848144531 -151.8020935058594 -32.52828979492188
-120.7674560546875 -151.1967620849609 -107.8350143432617
-116.6438674926758 -146.6543426513672 -66.33663177490234
-118.019172668457 -145.1600036621094 -62.98040390014648
-117.0614624023438 -146.1994323730469 -59.98149108886719
-98.11444854736328 -138.5264129638672 -91.59426879882812
-97.6370849609375 -141.0264587402344 -92.92046356201172
-112.9137420654297 -128.3190460205078 -66.73740386962891
-113.2599945068359 -128.0150909423828 -64.58760833740234
-111.7271270751953 -128.1269683837891 -64.82426452636719
-122.004753112793 -133.9723663330078 -70.78285980224609
-121.4677429199219 -133.5688171386719 -71.31047821044922
-120.3049621582031 -139.6479339599609 -104.1280746459961
-119.5766067504883 -138.4152069091797 -106.7416763305664
-117.2915115356445 -151.8585815429688 -91.85963439941406
-118.6344299316406 -152.7759246826172 -90.7557373046875
-113.1281051635742 -141.6986846923828 -24.52104568481445
-116.2160873413086 -130.5459289550781 -82.13819885253906
-113.8512496948242 -128.8424682617188 -83.43161010742188
-115.7063293457031 -131.0302581787109 -85.14853668212891
-119.8039627075195 -132.1574249267578 -84.1016845703125
-120.6073455810547 -132.7155456542969 -86.35762023925781
-114.5431365966797 -128.9920654296875 -68.89779663085938
-110.6761245727539 -128.8716125488281 -84.45865631103516
-109.6510009765625 -128.8043365478516 -83.17704010009766
-107.4959335327148 -144.7066802978516 -24.29702949523926
-118.4964981079102 -154.0621032714844 -100.9969177246094
-108.6047973632812 -130.8917236328125 -95.42572021484375
-106.8535919189453 -129.302734375 -96.95670318603516
-107.6668167114258 -128.986572265625 -98.24374389648438
-117.6529006958008 -127.0701522827148 -42.63999938964844
-117.8265380859375 -129.9630126953125 -37.95380401611328
-123.4440536499023 -144.0115966796875 -30.2586841583252
-121.5674209594727 -142.5855255126953 -30.41187858581543
-121.3638381958008 -141.3944854736328 -30.95989608764648
-107.5707702636719 -154.3118743896484 -106.0357818603516
-110.3059768676758 -154.3231506347656 -104.3233947753906
-110.5145950317383 -130.5973968505859 -97.30293273925781
-109.1867752075195 -130.3770904541016 -97.91213226318359
-109.1669158935547 -131.1016235351562 -101.1175689697266
-103.612419128418 -128.3423156738281 -53.87613296508789
-105.0115661621094 -126.6107559204102 -51.63277053833008
-102.7489395141602 -139.9380645751953 -97.74876403808594
-102.6215362548828 -141.3770599365234 -96.38893127441406
-102.911262512207 -139.0423889160156 -95.20690155029297
-105.7112808227539 -141.0473022460938 -40.86263656616211
-105.2309799194336 -139.7949829101562 -43.36856842041016
-105.1524353027344 -144.7479400634766 -46.3659553527832
-105.6244659423828 -145.3106689453125 -48.83277893066406
-123.0673294067383 -132.4805603027344 -69.00395202636719
-111.2901992797852 -140.7149658203125 -24.53064155578613
-103.1272811889648 -143.6001434326172 -39.14133071899414
-101.9043731689453 -144.0881958007812 -41.82543182373047
-103.8507919311523 -136.5980682373047 -90.36670684814453
-104.2026443481445 -136.2798919677734 -96.23251342773438
-121.3899002075195 -137.9830932617188 -54.76374435424805
-121.2143630981445 -136.5292205810547 -54.30696868896484
-120.7215194702148 -136.4827117919922 -53.07258224487305
-114.0896301269531 -133.1692504882812 -81.79740905761719
-114.8185729980469 -133.9791107177734 -87.10845184326172
-105.7415237426758 -148.8816986083984 -75.81892395019531
-108.1467132568359 -149.378662109375 -71.43998718261719
-106.8871917724609 -148.6625366210938 -71.19595336914062
-120.5944976806641 -141.5182647705078 -53.71311950683594
-120.9431991577148 -141.0141906738281 -54.80519866943359
-118.9976577758789 -131.5884552001953 -94.59005737304688
-119.1923446655273 -132.6641235351562 -95.26522064208984
-120.3331527709961 -132.2446136474609 -93.53147888183594
-113.3633804321289 -129.8563537597656 -95.66428375244141
-114.6150817871094 -130.3399963378906 -95.99836730957031
-116.3927154541016 -131.2216339111328 -93.14483642578125
-98.01583862304688 -139.8563232421875 -75.21064758300781
-97.63421630859375 -144.1946258544922 -75.23375701904297
-121.0475006103516 -139.0437316894531 -47.16349029541016
-118.181770324707 -146.6361236572266 -90.58805084228516
-100.2826843261719 -151.1509704589844 -96.59813690185547
-101.2153396606445 -150.9095764160156 -94.14852142333984
-112.6444931030273 -145.6698913574219 -32.3830680847168
-113.683235168457 -144.6245880126953 -30.26943206787109
-123.4500274658203 -141.8869476318359 -34.69353485107422
-101.0950622558594 -133.1580963134766 -89.99006652832031
-99.98583221435547 -134.3052520751953 -93.93866729736328
-105.3609390258789 -144.4099426269531 -49.74731063842773
-112.0778732299805 -126.1705322265625 -48.96226501464844
-114.41455078125 -126.5287857055664 -46.22055816650391
-107.444938659668 -153.1669464111328 -73.43422698974609
-106.3507995605469 -153.0367584228516 -74.83367156982422
-107.4586029052734 -153.1561889648438 -70.60749816894531
-119.2538375854492 -142.2655639648438 -29.07793235778809
-121.2266006469727 -138.1329956054688 -27.90854644775391
-120.1768798828125 -141.0133666992188 -29.5508975982666
-111.7218856811523 -133.4315490722656 -90.96755981445312
-113.340446472168 -133.8176422119141 -91.22435760498047
-102.6685333251953 -129.6532897949219 -55.07761764526367
-101.3355026245117 -130.8730163574219 -54.64992141723633
-102.0393981933594 -130.5099792480469 -57.90858459472656
-100.7139892578125 -150.7354125976562 -43.48415756225586
-100.73193359375 -151.6948089599609 -44.89741134643555
-101.7340698242188 -150.5154724121094 -47.40591430664062
-120.0265960693359 -133.9842071533203 -36.93925094604492
-119.1144943237305 -132.0038452148438 -39.33407211303711
-119.1694030761719 -131.8804779052734 -36.0546760559082
-101.4064025878906 -133.9506683349609 -29.89845848083496
-104.6478805541992 -153.8168029785156 -87.42030334472656
-104.5652008056641 -153.5588531494141 -83.46446228027344
-105.2043075561523 -153.7500305175781 -85.57624816894531
-106.5216827392578 -148.8416748046875 -34.38581466674805
-118.4496154785156 -148.7651977539062 -99.40993499755859
-98.68248748779297 -137.4857940673828 -60.20510864257812
-99.65079498291016 -134.8648071289062 -56.63158416748047
-105.2274780273438 -149.3525543212891 -81.50791168212891
-104.3424453735352 -148.2240905761719 -78.14043426513672
-103.4488372802734 -148.0470123291016 -83.57798004150391
-122.0112686157227 -148.8961029052734 -61.81752014160156
-122.0565032958984 -151.6987915039062 -61.9373664855957
-122.8207321166992 -148.5155944824219 -60.18959426879883
-101.4189834594727 -129.7391815185547 -31.45426750183105
-102.4788208007812 -130.3475189208984 -31.59634780883789
-102.335807800293 -132.3476104736328 -30.88932418823242
-119.6190795898438 -138.2512664794922 -35.71016311645508
-104.5867004394531 -136.8638000488281 -28.42948722839355
-109.4686508178711 -126.7453308105469 -77.83275604248047
-107.6275405883789 -131.2029876708984 -68.06894683837891
-107.0868759155273 -131.9138946533203 -64.81226348876953
-109.2764663696289 -131.0282135009766 -66.23569488525391
-124.3480758666992 -152.0253601074219 -32.24724197387695
-114.6084442138672 -128.9616241455078 -71.65016174316406
-113.3333206176758 -128.5951232910156 -74.24038696289062
-98.93248748779297 -133.9444274902344 -52.18961334228516
-100.1373291015625 -136.2433013916016 -52.32267379760742
-99.24581146240234 -135.2225341796875 -54.63241958618164
-116.4255676269531 -129.4102935791016 -78.94351196289062
-117.3989868164062 -129.9915771484375 -79.94840240478516
-116.7630920410156 -128.8654937744141 -76.79249572753906
-121.1033172607422 -131.2895202636719 -75.20763397216797
-112.7049713134766 -154.0337524414062 -95.83250427246094
-110.0981369018555 -154.0361328125 -97.11357879638672
-109.8138580322266 -154.0138397216797 -94.66593170166016
-98.77302551269531 -136.2295837402344 -40.44571685791016
-98.69025421142578 -136.1143035888672 -41.86122512817383
-120.2443618774414 -148.1863708496094 -63.53163528442383
-119.2347106933594 -147.8024139404297 -65.77313232421875
-118.2732162475586 -150.1528472900391 -63.8887825012207
-109.2033538818359 -128.5232391357422 -88.35055541992188
-104.4287185668945 -130.3774108886719 -88.40267181396484
-107.9952850341797 -130.2448120117188 -89.89183807373047
-102.7982559204102 -140.2462158203125 -81.26137542724609
-102.7376480102539 -141.4404449462891 -84.85356140136719
-121.787467956543 -139.3440551757812 -97.85908508300781
-110.2026977539062 -151.0472564697266 -80.71241760253906
-106.2932434082031 -129.3795166015625 -64.44974517822266
-107.7911148071289 -128.5677337646484 -65.73499298095703
-100.5785751342773 -131.9399566650391 -71.41146850585938
-118.1675872802734 -127.2101440429688 -32.18370819091797
-116.8521423339844 -126.5163269042969 -33.54856491088867
-116.9993286132812 -125.5927352905273 -33.34763717651367
-116.9667205810547 -127.7415313720703 -34.88107299804688
-113.0469970703125 -133.01318359375 -86.46597290039062
-119.7931060791016 -148.6427764892578 -32.00887680053711
-116.7048034667969 -147.6593170166016 -34.18511199951172
-120.7071304321289 -146.5536346435547 -31.70083236694336
-122.6806945800781 -141.3232116699219 -39.16061782836914
-124.3534851074219 -137.4538421630859 -38.598876953125
-124.3185272216797 -140.0080871582031 -42.50180435180664
-109.8939056396484 -132.5601501464844 -86.20426177978516
-107.6787109375 -132.9119415283203 -85.75722503662109
-124.6182479858398 -138.9376373291016 -44.75472259521484
-124.3490142822266 -137.2475128173828 -43.81232452392578
-117.4691543579102 -153.4170074462891 -80.14816284179688
-117.8623886108398 -152.7779083251953 -78.009521484375
-120.6226654052734 -128.7534332275391 -55.72016143798828
-118.6260681152344 -129.5243835449219 -54.08316421508789
-117.7007446289062 -127.6216812133789 -57.36819458007812
-121.2311477661133 -139.881591796875 -107.2900390625
-120.7993011474609 -139.7740783691406 -106.6508255004883
-112.1227111816406 -131.6048431396484 -105.7121276855469
-109.4777908325195 -131.2548675537109 -105.7644729614258
-111.1408309936523 -131.6513214111328 -107.0174560546875
-109.0450592041016 -151.929931640625 -40.72406005859375
-104.1650848388672 -151.9510955810547 -41.19488906860352
-107.5676956176758 -151.95947265625 -39.55051803588867
-115.13671875 -126.1120834350586 -35.38430404663086
-124.9619064331055 -148.9891815185547 -43.24979782104492
-125.0490875244141 -150.3136901855469 -42.84081649780273
-124.3970336914062 -148.7579803466797 -39.46722793579102
-104.5467147827148 -135.6123657226562 -56.97124481201172
-105.0008850097656 -133.87548828125 -54.68516540527344
-106.6420974731445 -154.0445098876953 -92.05767059326172
-106.4700088500977 -154.0429382324219 -87.25155639648438
-109.5670852661133 -154.0484771728516 -93.13938903808594
-123.6231307983398 -152.2501373291016 -53.84964370727539
-110.6965026855469 -152.2498321533203 -56.84075927734375
-113.3032989501953 -144.2473297119141 -36.82925796508789
-112.4956817626953 -142.6287689208984 -32.15267181396484
-114.3038711547852 -154.0366363525391 -87.09710693359375
-115.5648498535156 -147.3162231445312 -60.99868011474609
-112.4626770019531 -132.44970703125 -82.27658081054688
-101.3217315673828 -137.5142974853516 -111.44189453125
-101.3777770996094 -141.1445159912109 -111.5384826660156
-110.9630508422852 -154.0850219726562 -100.3918151855469
-113.2193298339844 -154.3511657714844 -101.839599609375
-98.47573089599609 -148.7733154296875 -75.07625579833984
-112.3541107177734 -151.1671600341797 -95.26030731201172
-121.0496292114258 -142.4994506835938 -45.97603225708008
-121.0460891723633 -144.6319885253906 -49.36796569824219
-121.0476455688477 -143.8125152587891 -50.75578689575195
-117.7968292236328 -124.6390991210938 -33.83850860595703
-104.7304000854492 -142.3202972412109 -60.42261505126953
-104.4611282348633 -140.5287322998047 -58.48448944091797
-107.7356185913086 -125.2596817016602 -40.30908966064453
-106.7109680175781 -125.9574661254883 -40.83523559570312
-104.4658279418945 -146.9150543212891 -55.84757995605469
-104.8252716064453 -146.6148986816406 -51.601806640625
-106.2641296386719 -146.421142578125 -52.396484375
-120.8993988037109 -138.0381927490234 -100.0337142944336
-119.6094131469727 -141.6209411621094 -41.89225387573242
-119.4653854370117 -140.7573394775391 -40.38969802856445
-98.48823547363281 -138.7636413574219 -33.70663452148438
-98.42713165283203 -136.5533599853516 -34.79327392578125
-99.2572021484375 -139.0960540771484 -34.80414199829102
-106.7554779052734 -131.9393920898438 -61.90913772583008
-109.3934020996094 -130.9760437011719 -64.01068115234375
-123.8728179931641 -133.7425537109375 -53.1532096862793
-124.5129852294922 -134.4665985107422 -52.02801513671875
-125.0151901245117 -134.0301361083984 -51.16965866088867
-102.7437438964844 -143.5509796142578 -83.96623992919922
-102.4493103027344 -143.5091705322266 -85.56655883789062
-102.7809448242188 -146.4691619873047 -86.66745758056641
-116.4710311889648 -147.0918579101562 -67.88233184814453
-118.0002670288086 -145.14208984375 -66.74742889404297
-123.6760787963867 -141.9676208496094 -32.26425170898438
-115.461799621582 -153.7069702148438 -83.49261474609375
-114.3710784912109 -153.7471771240234 -85.50177764892578
-123.2397842407227 -141.8490447998047 -105.3184661865234
-124.66650390625 -150.1227416992188 -35.28413772583008
-124.2953491210938 -151.5167236328125 -36.88593673706055
-119.3222808837891 -152.8240051269531 -103.6496200561523
-119.0748138427734 -153.7975158691406 -102.9452972412109
-111.2425994873047 -130.9464569091797 -99.73824310302734
-106.5234832763672 -151.8934173583984 -111.8657989501953
-106.4211578369141 -152.7801361083984 -110.8702774047852
-100.32177734375 -132.1896209716797 -59.02114105224609
-100.7417984008789 -134.4463806152344 -62.37074661254883
-101.9129486083984 -132.477783203125 -61.27738952636719
-101.8502044677734 -138.5424194335938 -29.74529647827148
-123.1882705688477 -139.6376800537109 -104.3762512207031
-113.1110687255859 -126.0039825439453 -36.63027191162109
-120.9001083374023 -145.2657012939453 -49.35401153564453
-112.480842590332 -149.7335662841797 -72.64888763427734
-113.1152648925781 -149.5966644287109 -73.53504943847656
-104.340087890625 -138.3479614257812 -48.97514724731445
-110.7819442749023 -128.8466033935547 -45.24820327758789
-108.2775039672852 -129.4739685058594 -45.23176574707031
-111.2686996459961 -127.7001190185547 -41.08962249755859
-96.82581329345703 -144.3859405517578 -93.21730041503906
-96.53038024902344 -142.5667114257812 -95.96795654296875
-96.50501251220703 -141.4200897216797 -95.31217193603516
-112.0650863647461 -126.8630142211914 -54.43084716796875
-108.0671310424805 -133.3642120361328 -90.11286163330078
-121.2582931518555 -152.2155609130859 -46.94691467285156
-123.0645370483398 -141.5865783691406 -58.65975952148438
-124.3320922851562 -138.7491760253906 -56.59684371948242
-123.4789657592773 -137.9610290527344 -59.0170783996582
-107.1681900024414 -123.4699554443359 -34.79586410522461
-105.1125183105469 -124.8528366088867 -33.98892974853516
-105.3569107055664 -125.2009887695312 -37.25977325439453
-112.1398544311523 -146.5944213867188 -56.16837310791016
-112.9019088745117 -147.2113342285156 -57.04226303100586
-114.5657119750977 -146.3682861328125 -55.53639984130859
-119.2932891845703 -150.8167724609375 -107.6725387573242
-120.3852233886719 -136.9742889404297 -59.00702285766602
-119.8260726928711 -134.9646759033203 -57.83874893188477
-121.647705078125 -129.4773406982422 -35.8258056640625
-113.7923965454102 -131.4571228027344 -65.43172454833984
-112.1691284179688 -130.9490661621094 -71.26223754882812
-117.6586456298828 -140.5592651367188 -32.72973251342773
-116.5547637939453 -139.2670135498047 -26.76581954956055
-116.6624755859375 -140.7848052978516 -30.94526100158691
-97.58480072021484 -135.990478515625 -35.18327331542969
-105.1870422363281 -143.7379608154297 -43.86415481567383
-105.5459518432617 -142.7069244384766 -42.90652465820312
-108.9077377319336 -152.0849761962891 -71.48944091796875
-108.5763168334961 -152.9208526611328 -69.96490478515625
-111.8994445800781 -152.7842864990234 -70.94979095458984
-101.3990173339844 -138.2653656005859 -31.20906257629395
-104.1980285644531 -137.6981506347656 -58.17794036865234
-119.1256408691406 -129.1456604003906 -44.60253524780273
-119.4831695556641 -145.2644653320312 -51.91742324829102
-119.7184677124023 -142.9202575683594 -53.72658157348633
-120.5786437988281 -143.9900817871094 -51.98732757568359
-124.5242691040039 -150.7856750488281 -49.23764801025391
-124.5165176391602 -151.9691925048828 -49.79183959960938
-124.9887847900391 -151.7407073974609 -46.49892425537109
-98.25859069824219 -139.3195343017578 -59.59563827514648
-110.7506713867188 -150.4244079589844 -75.00452423095703
-104.0303115844727 -151.8725891113281 -50.35688018798828
-104.1375961303711 -131.879638671875 -34.07726669311523
-115.0064849853516 -154.0515289306641 -89.33367156982422
-120.842658996582 -131.0257263183594 -72.72002410888672
-119.9449920654297 -130.4541015625 -69.91664123535156
-113.9951324462891 -128.7814788818359 -91.14515686035156
-122.7473831176758 -135.0691375732422 -31.90519905090332
-120.1400680541992 -136.0197601318359 -35.64016342163086
-120.1026077270508 -138.5581207275391 -40.24201965332031
-101.8976745605469 -131.4254608154297 -87.21556091308594
-104.6628570556641 -131.0602111816406 -90.40399169921875
-113.417106628418 -153.1428375244141 -70.41744995117188
-117.3451385498047 -152.7479553222656 -68.35187530517578
-116.3978652954102 -153.1499633789062 -70.34561920166016
-120.4745712280273 -146.1860046386719 -85.43473815917969
-121.2783813476562 -145.6886444091797 -87.56095886230469
-120.1287841796875 -147.6730499267578 -87.53624725341797
-119.8644104003906 -145.1399383544922 -31.64464950561523
-117.1037673950195 -146.2435913085938 -33.70601272583008
-99.00321960449219 -149.9375 -82.94607543945312
-101.2328643798828 -150.3101348876953 -84.06003570556641
-104.9880065917969 -142.3529968261719 -25.85442352294922
-117.2099227905273 -141.7399291992188 -25.94927787780762
-116.9673843383789 -149.3602752685547 -32.88856887817383
-116.5342407226562 -150.6635894775391 -32.00835800170898
-108.4998626708984 -153.5980834960938 -95.58603668212891
-105.9539337158203 -128.7049865722656 -56.73171997070312
-106.1411209106445 -144.7049865722656 -36.97328186035156
-121.663200378418 -137.3382873535156 -82.86318206787109
-121.9495468139648 -137.6143646240234 -80.47270965576172
-100.8754425048828 -135.8984069824219 -31.94833946228027
-100.7224349975586 -133.6788177490234 -30.82915306091309
-97.67343139648438 -139.4854125976562 -86.95577239990234
-97.5404052734375 -143.0579223632812 -76.77259063720703
-96.92628479003906 -144.4537658691406 -71.61265563964844
-97.12586212158203 -145.4945678710938 -71.51615905761719
-97.6705322265625 -146.4715728759766 -74.54029083251953
-119.5617065429688 -142.1873626708984 -88.03125
-119.2689971923828 -141.8315124511719 -83.85704040527344
-104.5202713012695 -130.0809936523438 -62.34238052368164
-104.0927124023438 -130.3966522216797 -59.94296646118164
-97.99479675292969 -141.5393371582031 -50.86590576171875
-99.79374694824219 -139.3774871826172 -47.65261459350586
-101.5638732910156 -139.9987030029297 -35.91260147094727
-105.9180603027344 -131.7148590087891 -104.5354766845703
-102.7672653198242 -142.3914642333984 -75.33107757568359
-108.9242935180664 -148.8782348632812 -32.09176254272461
-106.1895141601562 -149.923583984375 -32.89326095581055
-124.6352310180664 -133.3108978271484 -68.24092864990234
-106.9471817016602 -130.0446319580078 -72.5499267578125
-107.9096984863281 -130.5453338623047 -70.76142883300781
-108.7098007202148 -129.2395477294922 -74.71129608154297
-124.1600036621094 -149.0324859619141 -36.64001846313477
-124.5695877075195 -150.4301452636719 -37.626708984375
-104.9234085083008 -126.222770690918 -39.15228652954102
-104.5327529907227 -136.3378143310547 -34.33998107910156
-103.956672668457 -134.7704162597656 -31.9218692779541
-114.6373748779297 -123.7951812744141 -36.13246536254883
-102.9905624389648 -141.3328552246094 -75.68618774414062
-103.0695495605469 -141.1472625732422 -72.28369140625
-103.3573226928711 -138.4733734130859 -74.12369537353516
-103.0033187866211 -127.8126907348633 -39.5911750793457
-101.1714248657227 -129.9068145751953 -37.01635360717773
-108.3196487426758 -141.7283325195312 -33.63545227050781
-109.917366027832 -141.5510864257812 -30.4659423828125
-100.1061172485352 -133.2039489746094 -73.12631988525391
-114.0876235961914 -125.3717575073242 -35.53216171264648
-109.5312957763672 -152.1961059570312 -31.13008308410645
-109.1935501098633 -150.5051116943359 -77.99948120117188
-111.7864227294922 -150.3781890869141 -78.67208862304688
-105.0158920288086 -130.8383636474609 -40.58205795288086
-104.5669174194336 -137.4589233398438 -36.47541809082031
-107.6736450195312 -130.1315460205078 -47.87593078613281
-106.9210357666016 -125.8515548706055 -42.61629867553711
-105.5856094360352 -138.3231964111328 -31.63187599182129
-104.989143371582 -138.9049682617188 -36.84198760986328
-125.488151550293 -150.8959808349609 -50.88708877563477
-126.1173782348633 -149.4322204589844 -48.84684753417969
-126.4395980834961 -149.4053192138672 -50.92523956298828
-108.8003692626953 -150.1886138916016 -30.07733345031738
-99.9569091796875 -134.7164154052734 -104.2214431762695
-107.3012390136719 -151.634521484375 -51.71422958374023
-108.4649658203125 -151.6777801513672 -53.92694854736328
-106.6281585693359 -149.0927276611328 -53.92481994628906
-121.3050765991211 -130.9223022460938 -70.80451202392578
-97.30864715576172 -137.5229644775391 -34.73247909545898
-119.7862777709961 -133.5315704345703 -34.40959548950195
-119.8779067993164 -136.1092376708984 -34.42946243286133
-100.3969497680664 -131.6672973632812 -31.29693412780762
-102.0531768798828 -149.3446960449219 -46.86919784545898
-101.9291152954102 -148.4376678466797 -45.55516052246094
-101.6089019775391 -148.8303833007812 -42.83154678344727
-113.7509002685547 -147.5502777099609 -58.39529037475586
-116.599609375 -146.0711059570312 -56.44953536987305
-103.3474197387695 -136.269775390625 -72.55631256103516
-105.224967956543 -129.3627166748047 -101.7640380859375
-100.4482421875 -130.3970184326172 -32.87552261352539
-109.0422897338867 -126.8271331787109 -38.32932662963867
-98.492919921875 -140.5427551269531 -34.48511123657227
-98.33012390136719 -140.5217742919922 -36.08975982666016
-114.9921188354492 -139.9473419189453 -25.531982421875
-116.398078918457 -139.6168823242188 -25.56170654296875
-116.3337326049805 -140.7563018798828 -24.96196937561035
-105.3666763305664 -133.8644714355469 -78.55364990234375
-109.6777877807617 -130.3563232421875 -55.06667327880859
-121.5343933105469 -136.2600860595703 -27.91088676452637
-98.25080871582031 -146.3587646484375 -55.25329971313477
-99.18827819824219 -147.170166015625 -55.81915283203125
-99.33088684082031 -148.4096984863281 -58.88809967041016
-97.81013488769531 -140.8175811767578 -98.91570281982422
-96.64760589599609 -144.1097717285156 -99.31792449951172
-97.56915283203125 -143.2075042724609 -101.0353088378906
-120.1090240478516 -134.2912139892578 -53.45064163208008
-118.0387802124023 -132.3321838378906 -54.80395126342773
-98.02896118164062 -148.5651245117188 -83.43921661376953
-119.1608657836914 -142.5232238769531 -73.47356414794922
-118.6979370117188 -143.7600250244141 -79.3499755859375
-119.2184982299805 -141.9335174560547 -80.18814086914062
-119.5624542236328 -133.7099151611328 -46.31488037109375
-121.0333023071289 -133.2379150390625 -48.92764663696289
-110.1210021972656 -125.8427276611328 -36.35536575317383
-109.922004699707 -124.6570510864258 -34.95000457763672
-96.79380798339844 -140.1714019775391 -33.57610702514648
-117.3240280151367 -152.8889312744141 -76.43830108642578
-117.8467254638672 -149.6641235351562 -77.04929351806641
-103.3544082641602 -141.2934417724609 -68.62891387939453
-106.3618698120117 -131.7156372070312 -69.07205963134766
-103.0339050292969 -143.1619873046875 -73.72282409667969
-102.752311706543 -146.3760833740234 -83.00911712646484
-123.6692657470703 -134.3695678710938 -56.56234741210938
-124.4099655151367 -134.4022369384766 -53.99036026000977
-122.2651062011719 -132.5294494628906 -55.19987487792969
-109.0120468139648 -152.2298278808594 -44.83135223388672
-116.8590927124023 -147.2069549560547 -84.90363311767578
-117.973258972168 -145.2256317138672 -82.71958160400391
-117.1527786254883 -146.4198303222656 -82.12635803222656
-120.5364303588867 -140.6684265136719 -103.0113754272461
-120.4564971923828 -142.1006927490234 -98.87210845947266
-109.3102035522461 -134.0829925537109 -103.2471160888672
-107.9251327514648 -133.9563598632812 -100.1048736572266
-105.4791870117188 -144.5748596191406 -44.25189208984375
-111.4692687988281 -152.1625823974609 -100.8840179443359
-109.6791687011719 -152.0470581054688 -100.8072357177734
-109.6518478393555 -152.3635864257812 -104.3745422363281
-115.2155838012695 -129.9840850830078 -47.18426895141602
-124.9703521728516 -151.2816619873047 -52.71932601928711
-124.7189178466797 -151.9367523193359 -52.92063903808594
-107.225341796875 -148.8802947998047 -57.88668441772461
-106.4909591674805 -147.7821197509766 -55.70184326171875
-107.4199142456055 -149.3926544189453 -56.01047515869141
-119.6950759887695 -133.0781402587891 -91.08515167236328
-120.5800476074219 -133.1158447265625 -87.91646575927734
-98.03423309326172 -141.9186859130859 -64.08611297607422
-121.0632858276367 -141.850830078125 -104.0231018066406
-121.0229949951172 -145.4017486572266 -100.7091751098633
-122.6084136962891 -142.2567138671875 -93.11320495605469
-121.9953918457031 -141.1405792236328 -87.98246002197266
-122.0050888061523 -139.6709442138672 -91.17050170898438
-116.2497863769531 -148.8502197265625 -92.18633270263672
-117.5097579956055 -140.7508087158203 -25.49545097351074
-102.12939453125 -151.4761047363281 -97.50127410888672
-100.6404418945312 -150.6084747314453 -98.92222595214844
-108.9328308105469 -152.5511627197266 -62.82503890991211
-109.2213821411133 -152.2156066894531 -61.47826766967773
-111.6115646362305 -152.4571990966797 -61.09155654907227
-121.0482635498047 -135.0372619628906 -49.01864624023438
-99.29437255859375 -137.625732421875 -38.86719131469727
-121.0484161376953 -141.9114685058594 -52.17612457275391
-99.64076995849609 -135.2141723632812 -97.90219879150391
-98.61856079101562 -136.1116943359375 -99.38236236572266
-99.03153991699219 -135.7426452636719 -100.9047775268555
-110.3087921142578 -145.9800567626953 -33.5052375793457
-112.7166137695312 -148.6131286621094 -32.98591995239258
-109.8981552124023 -147.4011993408203 -33.36560821533203
-121.389892578125 -143.8377838134766 -85.30403900146484
-121.9478607177734 -142.0737915039062 -86.62659454345703
-106.368293762207 -131.966064453125 -54.00080871582031
-108.6653823852539 -151.5440063476562 -57.98007583618164
-111.072624206543 -127.6410827636719 -75.23865509033203
-109.3917236328125 -126.5981063842773 -75.69918823242188
-112.0269470214844 -152.62548828125 -105.110237121582
-105.3408966064453 -141.7363433837891 -50.9206657409668
-120.4833374023438 -135.2058868408203 -46.42007064819336
-120.2577743530273 -135.1750793457031 -42.77301406860352
-110.9784927368164 -150.0588684082031 -30.00623321533203
-110.5482635498047 -148.7498168945312 -32.23020553588867
-98.45817565917969 -144.0098266601562 -59.33472442626953
-98.01832580566406 -145.8794403076172 -58.05774307250977
-98.58375549316406 -147.5529327392578 -60.71349334716797
-123.9748001098633 -137.4785766601562 -57.22885894775391
-119.2487258911133 -127.9628524780273 -58.76040267944336
-126.1343307495117 -149.8863067626953 -46.39657974243164
-122.7357330322266 -146.2975006103516 -34.58298110961914
-122.919792175293 -147.58154296875 -36.57423400878906
-123.7394943237305 -148.2814331054688 -34.15666580200195
-108.7193908691406 -147.0240325927734 -34.21137619018555
-104.1362380981445 -137.3991241455078 -47.02840423583984
-115.2102966308594 -152.6705017089844 -91.8572998046875
-100.9438400268555 -136.7542419433594 -34.7755126953125
-101.7314300537109 -139.5357055664062 -33.70051193237305
-100.6101226806641 -138.6888427734375 -37.27100372314453
-107.9319152832031 -130.9253234863281 -54.15098571777344
-106.282341003418 -138.7562408447266 -30.27129554748535
-107.3434371948242 -138.9258422851562 -27.37874603271484
-106.9762954711914 -131.6882629394531 -56.39076232910156
-106.1022109985352 -150.0212097167969 -87.10527801513672
-105.3601455688477 -143.7774505615234 -42.03406524658203
-126.9989395141602 -138.3897552490234 -49.09791564941406
-101.6114959716797 -150.7465972900391 -86.37442779541016
-97.81771850585938 -135.8338470458984 -44.76544952392578
-116.2690582275391 -152.3399658203125 -65.48206329345703
-117.1830139160156 -151.9280548095703 -67.19577789306641
-114.2778854370117 -132.1284942626953 -102.291877746582
-125.6067123413086 -138.8804779052734 -45.75136184692383
-106.6761016845703 -128.7587585449219 -101.7138366699219
-105.9098663330078 -128.7125549316406 -100.4431228637695
-99.52372741699219 -133.4560852050781 -59.17376327514648
-112.1990432739258 -127.6939926147461 -86.955078125
-106.540641784668 -145.3411712646484 -37.64277648925781
-99.42671966552734 -137.3927154541016 -41.02310943603516
-99.95310974121094 -138.6334075927734 -39.62094116210938
-121.6370391845703 -141.9411315917969 -82.48865509033203
-121.1214828491211 -144.0478210449219 -81.95222473144531
-121.8914108276367 -141.2588958740234 -80.75513458251953
-119.2759323120117 -129.7870025634766 -93.94501495361328
-119.332633972168 -129.5307312011719 -91.67951965332031
-118.3950424194336 -130.5376434326172 -91.46109008789062
-105.8161087036133 -154.0008850097656 -100.4262313842773
-109.6503372192383 -154.0540161132812 -102.1810531616211
-108.7627258300781 -154.3664398193359 -103.0349197387695
-108.4048919677734 -139.2412414550781 -25.94437026977539
-121.7494201660156 -136.2326812744141 -78.72261810302734
-121.9430465698242 -139.1901245117188 -79.50166320800781
-103.6026306152344 -140.1248626708984 -107.9819564819336
-103.028205871582 -140.6310882568359 -103.8301391601562
-119.6391754150391 -130.0379791259766 -30.3025074005127
-119.8492279052734 -133.9175872802734 -28.95698356628418
-104.1310729980469 -138.3502960205078 -46.35029220581055
-105.7728271484375 -126.0997314453125 -33.41414260864258
-104.4004592895508 -126.6918563842773 -32.23685455322266
-122.9043731689453 -135.6440887451172 -34.92434310913086
-121.7065277099609 -136.1313018798828 -77.20540618896484
-100.1318130493164 -135.7350158691406 -35.08544540405273
-106.3880081176758 -142.7306060791016 -55.87163925170898
-105.8701400756836 -142.5869750976562 -53.16268157958984
-120.7755508422852 -129.0597076416016 -31.08380889892578
-122.5709228515625 -142.6712493896484 -38.13490295410156
-122.6621475219727 -143.9581756591797 -37.91621017456055
-121.0156097412109 -129.7306976318359 -94.41474151611328
-103.9317092895508 -146.2524719238281 -110.4131164550781
-103.9952087402344 -146.35009765625 -108.8771133422852
-103.7773208618164 -143.4445495605469 -110.6808090209961
-104.2281494140625 -130.2461547851562 -64.8424072265625
-107.8861999511719 -129.0430908203125 -99.86563873291016
-122.4215393066406 -130.2415618896484 -56.64552688598633
-121.1514739990234 -129.8083190917969 -60.75332260131836
-123.1053161621094 -131.2671203613281 -60.48892974853516
-105.5456466674805 -126.9760284423828 -74.40317535400391
-104.956298828125 -128.3365631103516 -74.59932708740234
-105.6320877075195 -127.4954147338867 -75.03546905517578
-108.1088790893555 -149.9117126464844 -61.32192611694336
-106.188591003418 -148.8357696533203 -59.90044784545898
-108.1182556152344 -143.7834777832031 -28.5611457824707
-115.1605834960938 -139.9690856933594 -26.55598449707031
-110.2575454711914 -147.0074462890625 -57.56103897094727
-122.6658172607422 -151.7549438476562 -59.15290069580078
-123.4030227661133 -151.5942993164062 -57.88676071166992
-123.9837646484375 -150.8057098388672 -57.67141342163086
-121.576171875 -152.2548980712891 -41.81574630737305
-117.3491363525391 -128.1488342285156 -65.58829498291016
-118.9073715209961 -128.3478851318359 -63.34030532836914
-117.5783996582031 -127.2401580810547 -60.29734802246094
-97.08167266845703 -141.6912384033203 -106.8042068481445
-104.8149337768555 -146.6388854980469 -105.9577484130859
-104.0044097900391 -143.6217193603516 -107.6111526489258
-103.2190093994141 -151.0499267578125 -78.7799072265625
-123.4546508789062 -138.8242034912109 -105.6136703491211
-123.0694580078125 -137.8530578613281 -106.7748565673828
-122.7026672363281 -139.0244445800781 -107.4826049804688
-97.63804626464844 -143.1280822753906 -89.75758361816406
-96.95561218261719 -144.6941070556641 -90.86421203613281
-105.1244354248047 -132.7263793945312 -105.9830932617188
-117.2396469116211 -126.1755218505859 -40.81270980834961
-109.9900360107422 -149.3837738037109 -67.58429718017578
-121.8725891113281 -145.0793151855469 -90.47547912597656
-110.4298095703125 -140.0303192138672 -25.49311065673828
-111.4101867675781 -141.0880737304688 -28.14070701599121
-112.8038940429688 -140.1580657958984 -25.68307685852051
-116.9354400634766 -131.6852264404297 -55.98622894287109
-120.2963562011719 -142.3661956787109 -55.11614227294922
-104.5518417358398 -152.9494934082031 -79.78794097900391
-105.257926940918 -152.6329040527344 -79.051025390625
-121.3581848144531 -132.3883819580078 -72.64243316650391
-115.6950073242188 -145.3486328125 -42.64867782592773
-124.219856262207 -147.3695373535156 -41.88656234741211
-107.7094955444336 -127.8565216064453 -70.38095092773438
-107.3728485107422 -126.3701705932617 -73.87413024902344
-124.8045501708984 -145.1632080078125 -45.45424652099609
-126.2024307250977 -148.5135345458984 -47.06225967407227
-124.3862533569336 -146.1050567626953 -44.38842391967773
-119.7465515136719 -146.8699493408203 -82.50944519042969
-105.4662475585938 -146.2920532226562 -67.75572204589844
-105.2181396484375 -147.868896484375 -73.12444305419922
-104.6257553100586 -152.2491302490234 -38.4721565246582
-116.0940628051758 -126.6300048828125 -43.80778121948242
-121.3250198364258 -146.9812622070312 -91.61967468261719
-122.3558731079102 -147.01708984375 -95.49049377441406
-119.7091979980469 -149.7375793457031 -92.81864929199219
-106.4096603393555 -128.5293273925781 -74.98148345947266
-107.3947601318359 -127.4330825805664 -76.93540954589844
-117.8303298950195 -152.2543792724609 -62.27865219116211
-117.1138000488281 -151.7845764160156 -64.54640197753906
-117.0531311035156 -152.5478057861328 -62.1851806640625
-104.7999114990234 -134.3006744384766 -65.12427520751953
-108.4677581787109 -152.7439575195312 -72.38886260986328
-99.54076385498047 -135.5731658935547 -96.76868438720703
-114.0257949829102 -149.2311859130859 -77.77227783203125
-113.2069625854492 -149.7503814697266 -83.0770263671875
-116.0661239624023 -127.0053100585938 -45.50176620483398
-117.4872970581055 -144.6284332275391 -42.94082260131836
-116.3483200073242 -145.3495941162109 -44.70132827758789
-117.3811264038086 -145.3470306396484 -44.60305786132812
-109.0211410522461 -126.5695419311523 -50.22043228149414
-108.0859603881836 -126.7710571289062 -52.96823120117188
-109.6022567749023 -126.5178527832031 -53.32438278198242
-110.4679565429688 -147.7244720458984 -59.42332458496094
-113.302131652832 -130.3379821777344 -51.65378952026367
-115.3124923706055 -130.7452850341797 -54.38081359863281
-113.3204879760742 -130.3540954589844 -57.1545295715332
-119.5700454711914 -133.4528045654297 -100.0353240966797
-121.2463912963867 -135.4252624511719 -101.520622253418
-102.6709136962891 -127.1285629272461 -32.31125640869141
-103.1930770874023 -126.3128967285156 -34.09796524047852
-101.904541015625 -151.932373046875 -47.54665374755859
-108.7912292480469 -133.8238677978516 -106.486083984375
-113.004753112793 -128.9700164794922 -45.43422698974609
-124.2342147827148 -135.1064605712891 -43.96185302734375
-120.1640014648438 -134.8865356445312 -39.79583358764648
-123.6499862670898 -152.205810546875 -44.17559432983398
-120.8945541381836 -151.9634857177734 -45.92637252807617
-104.7260208129883 -147.9779968261719 -108.3705444335938
-104.3271179199219 -152.8840484619141 -87.40699768066406
-116.3953018188477 -133.0043640136719 -103.3021392822266
-117.6198120117188 -133.0435028076172 -103.4875335693359
-126.3074340820312 -136.0128784179688 -48.93373489379883
-98.43857574462891 -132.0615997314453 -39.03731155395508
-121.6205902099609 -143.4602508544922 -78.33277893066406
-116.0739364624023 -132.5747375488281 -100.6175842285156
-126.6292037963867 -145.4087677001953 -51.40204238891602
-117.3461990356445 -131.3474731445312 -93.46054077148438
-116.2443542480469 -131.2630310058594 -50.85969924926758
-98.61128234863281 -137.2359466552734 -80.80094909667969
-98.44451141357422 -138.4462280273438 -83.65692901611328
-99.96786499023438 -138.0312652587891 -37.59150695800781
-115.7428588867188 -130.2204895019531 -90.39221954345703
-104.4027633666992 -136.7049102783203 -101.239501953125
-101.2363662719727 -136.3988037109375 -110.8343124389648
-103.7355270385742 -135.0768737792969 -110.7322616577148
-104.2134780883789 -133.1621704101562 -109.4538803100586
-98.93354797363281 -139.6049346923828 -51.99070358276367
-124.5774078369141 -146.5225372314453 -54.8498420715332
-123.7615356445312 -132.9542694091797 -64.62966918945312
-123.5701370239258 -132.2772064208984 -65.84000396728516
-99.37456512451172 -150.2970275878906 -76.43547821044922
-119.6072387695312 -141.097900390625 -67.11054229736328
-119.6419982910156 -139.7958068847656 -69.41288757324219
-119.8839721679688 -139.2965240478516 -66.45045471191406
-106.1322250366211 -128.7159423828125 -86.34204864501953
-123.6119079589844 -132.9051971435547 -49.37540435791016
-100.9809875488281 -147.4482421875 -55.73138046264648
-100.5609893798828 -147.3912048339844 -54.65187835693359
-103.2399749755859 -146.8877410888672 -54.53542709350586
-102.2746963500977 -132.1389923095703 -62.91675186157227
-99.61882019042969 -138.2371063232422 -51.16741180419922
-121.1668243408203 -151.6235198974609 -62.85794830322266
-118.5234298706055 -151.9163970947266 -63.19604873657227
-119.8989410400391 -152.2462158203125 -61.71189880371094
-100.0641250610352 -133.4262542724609 -78.02925872802734
-118.5995330810547 -150.5275115966797 -89.97586059570312
-118.6856384277344 -149.6332702636719 -87.72979736328125
-119.1907806396484 -149.4341583251953 -89.59956359863281
-119.8690795898438 -130.4345550537109 -53.57386779785156
-120.8062210083008 -130.5471649169922 -55.06355285644531
-125.7228012084961 -134.7749633789062 -50.09690856933594
-121.0505142211914 -135.9319610595703 -51.16400146484375
-120.9343948364258 -132.6332855224609 -50.79320907592773
-111.5538482666016 -149.5899353027344 -68.68283843994141
-125.7542572021484 -140.3525543212891 -45.13425445556641
-105.2448348999023 -149.4173431396484 -99.7569580078125
-101.5339279174805 -148.4847412109375 -60.15679931640625
-103.4108734130859 -147.5244445800781 -59.77298355102539
-101.62109375 -149.4281616210938 -63.33168029785156
-100.7367706298828 -132.3307342529297 -86.09851837158203
-101.9026107788086 -132.6163940429688 -82.97775268554688
-99.95148468017578 -135.2936553955078 -82.98500823974609
-123.2185821533203 -131.4384918212891 -57.35391235351562
-108.0026016235352 -145.81689453125 -35.16986465454102
-97.64788818359375 -143.0418395996094 -86.09995269775391
-109.9953002929688 -153.1843414306641 -73.35989379882812
-110.5940246582031 -153.1303405761719 -72.24750518798828
-114.9503936767578 -153.1623077392578 -73.59246063232422
-111.4011535644531 -128.4779663085938 -81.35371398925781
-116.9655380249023 -143.7020263671875 -40.26706695556641
-97.18716430664062 -145.8392944335938 -90.79698944091797
-103.1343154907227 -143.5941009521484 -103.9587936401367
-111.9051742553711 -130.4955749511719 -95.0335693359375
-116.1747207641602 -133.372314453125 -106.0682678222656
-114.4811477661133 -133.4486694335938 -106.9954299926758
-115.716064453125 -133.8311309814453 -106.7791595458984
-99.23374176025391 -143.8294219970703 -45.70297241210938
-102.4620895385742 -141.1747741699219 -90.10798645019531
-102.4454116821289 -141.3753509521484 -93.87944030761719
-102.4534072875977 -143.4505462646484 -91.79399871826172
-118.1288681030273 -133.8638153076172 -106.4347381591797
-119.5143661499023 -133.971435546875 -103.661376953125
-107.5734100341797 -143.7571716308594 -41.57275772094727
-106.7186431884766 -142.5304412841797 -41.98484802246094
-107.63134765625 -129.2577056884766 -101.6003952026367
-116.5577774047852 -154.2495269775391 -105.1548919677734
-117.5315246582031 -150.1944274902344 -78.70578002929688
-116.8311538696289 -152.3302612304688 -80.42252349853516
-116.3235549926758 -132.8500366210938 -75.00740051269531
-117.9142227172852 -134.2693634033203 -73.26948547363281
-118.0739593505859 -135.0244750976562 -76.71116638183594
-97.65525817871094 -147.8319244384766 -87.59848785400391
-98.56539154052734 -148.8905792236328 -86.63861083984375
-102.7611541748047 -145.4583282470703 -96.19303894042969
-119.274772644043 -128.9279937744141 -69.70834350585938
-105.3666000366211 -145.2472991943359 -53.56742858886719
-107.7516250610352 -144.4847106933594 -55.97488403320312
-107.544319152832 -128.4802093505859 -60.04581832885742
-98.11325836181641 -140.9209289550781 -69.94218444824219
-97.48835754394531 -144.2647094726562 -69.24398040771484
-105.0279312133789 -131.9490356445312 -71.69206237792969
-122.2967834472656 -136.2803955078125 -73.99365997314453
-97.71080017089844 -140.5420074462891 -80.91947937011719
-98.05221557617188 -139.6522216796875 -83.34836578369141
-119.5399475097656 -141.0542907714844 -71.61153411865234
-119.1511917114258 -142.7930908203125 -66.3021240234375
-119.1971893310547 -150.7402191162109 -91.78370666503906
-106.5138244628906 -126.2694320678711 -51.17483520507812
-115.8439254760742 -152.4779357910156 -61.2331428527832
-106.1723098754883 -143.4688720703125 -54.58119583129883
-99.97624969482422 -135.6958618164062 -50.67653274536133
-99.33897399902344 -145.579345703125 -50.7529296875
-100.3433227539062 -147.1938323974609 -52.58074951171875
-122.6202239990234 -132.4189300537109 -56.02930450439453
-109.5578994750977 -125.9089584350586 -48.16337585449219
-115.1628875732422 -152.7153930664062 -107.4912948608398
-118.6279983520508 -152.8234710693359 -107.7910995483398
-118.3613815307617 -132.8783874511719 -101.8160247802734
-106.1430358886719 -152.9506988525391 -69.62274932861328
-104.536506652832 -150.9643859863281 -68.33226013183594
-103.3772659301758 -146.8537445068359 -78.55601501464844
-102.5749969482422 -131.9472198486328 -89.95970916748047
-114.8475570678711 -148.6936645507812 -82.42868041992188
-115.9073257446289 -147.6485595703125 -80.25450897216797
-125.841911315918 -149.9600372314453 -44.60626602172852
-124.7742614746094 -151.9123992919922 -43.96634674072266
-119.5012741088867 -128.1483917236328 -31.3690128326416
-99.40061950683594 -135.1714324951172 -61.19020843505859
-98.48480987548828 -138.1661987304688 -62.93391799926758
-99.11869812011719 -136.6564483642578 -62.75931930541992
-106.3106918334961 -152.7607116699219 -68.10713958740234
-112.5904312133789 -152.7601318359375 -68.00339508056641
-104.8928146362305 -152.4042816162109 -90.26155853271484
-117.4323577880859 -135.9938812255859 -107.1785354614258
-105.0477676391602 -135.083740234375 -93.70106506347656
-108.1123123168945 -152.8230590820312 -110.9900512695312
-113.3761978149414 -126.4706573486328 -50.69545364379883
-101.9719161987305 -150.1182556152344 -105.4961547851562
-99.66831970214844 -133.868896484375 -67.98468780517578
-98.15267181396484 -136.8531494140625 -69.93329620361328
-99.65924072265625 -133.8509521484375 -71.21495056152344
-122.3219451904297 -133.7351379394531 -86.02227783203125
-122.5565719604492 -133.5999450683594 -81.90440368652344
-124.2193832397461 -148.3098754882812 -57.93341445922852
-124.2670669555664 -145.5332641601562 -56.50378799438477
-107.783317565918 -131.2116241455078 -94.32557678222656
-101.5668640136719 -147.5973968505859 -52.87960052490234
-112.6835632324219 -134.4326019287109 -102.954704284668
-115.3438873291016 -135.1464691162109 -100.476921081543
-114.81103515625 -135.2352294921875 -105.2204208374023
-118.8237991333008 -135.5988006591797 -69.66695404052734
-119.4626541137695 -137.3645782470703 -68.38077545166016
-119.1344604492188 -136.44287109375 -74.03657531738281
-119.8341979980469 -133.2744445800781 -30.64997482299805
-125.4792022705078 -148.8758544921875 -45.62787246704102
-105.4539642333984 -131.7095031738281 -94.45205688476562
-102.747673034668 -143.2479095458984 -94.1473388671875
-108.5847015380859 -151.1885070800781 -62.31659698486328
-106.5916366577148 -150.8726196289062 -65.3897705078125
-112.0249786376953 -150.0390472412109 -75.54264831542969
-105.431396484375 -153.0023956298828 -87.93276977539062
-105.9646453857422 -153.5184478759766 -93.39048767089844
-107.5107650756836 -154.0466613769531 -94.10881042480469
-117.4203720092773 -150.2785491943359 -72.51480102539062
-119.7551345825195 -148.1931304931641 -73.22704315185547
-118.8226547241211 -149.1992492675781 -74.69879150390625
-111.9099502563477 -129.4763946533203 -92.99640655517578
-111.8835983276367 -131.5888061523438 -103.2588272094727
-105.8367767333984 -132.8185577392578 -55.67889022827148
-105.6717376708984 -132.9770050048828 -62.34611129760742
-97.60713958740234 -143.3433227539062 -79.54542541503906
-98.1666259765625 -143.4716491699219 -81.24253845214844
-122.5020980834961 -134.5736236572266 -85.98374938964844
-98.95035552978516 -150.1291809082031 -97.66408538818359
-97.42285919189453 -146.7978820800781 -98.75519561767578
-99.38913726806641 -150.215576171875 -96.02748870849609
-119.2988815307617 -136.5014801025391 -66.09353637695312
-115.2615051269531 -148.0409698486328 -34.22489929199219
-115.3624420166016 -146.5528564453125 -33.99779510498047
-119.121208190918 -130.8828430175781 -80.04735565185547
-120.639892578125 -132.3785858154297 -83.07444763183594
-105.0031356811523 -152.5396423339844 -99.62565612792969
-112.4907760620117 -128.6715545654297 -82.55350494384766
-103.5011596679688 -146.7472686767578 -42.66035079956055
-116.977653503418 -150.4205017089844 -82.26342010498047
-126.0499496459961 -151.7379608154297 -51.84951400756836
-124.8525848388672 -150.7434234619141 -55.27321243286133
-97.84450531005859 -145.6550140380859 -55.78334426879883
-97.68569946289062 -143.7255096435547 -51.322509765625
-114.8755264282227 -152.5416107177734 -66.88407897949219
-118.3952560424805 -148.9498748779297 -84.68762969970703
-117.2950897216797 -151.7007446289062 -86.60577392578125
-108.0480194091797 -131.1548767089844 -59.09165573120117
-111.7007904052734 -130.9561920166016 -66.435546875
-109.5144348144531 -130.4606170654297 -91.97116851806641
-111.1171188354492 -130.9189147949219 -93.86830139160156
-112.1665344238281 -130.75439453125 -93.26592254638672
-118.1240539550781 -129.1105804443359 -52.04141616821289
-118.9387893676758 -152.4716491699219 -95.82980346679688
-118.8685836791992 -135.008544921875 -63.24604797363281
-106.0747375488281 -153.4241027832031 -77.91856384277344
-123.355339050293 -137.4783325195312 -103.0479202270508
-114.4701843261719 -130.9433288574219 -59.90594100952148
-111.7587280273438 -126.4148712158203 -38.23408126831055
-119.6455154418945 -134.2033386230469 -93.77178955078125
-119.5216293334961 -140.6574859619141 -90.65655517578125
-105.2481842041016 -143.822021484375 -52.63291549682617
-114.7970809936523 -149.3085174560547 -87.56637573242188
-111.8142013549805 -151.0326385498047 -88.65227508544922
-103.9008636474609 -132.5839233398438 -76.86479949951172
-103.222053527832 -131.2586212158203 -75.71992492675781
-118.6110076904297 -151.9763946533203 -94.62508392333984
-110.0847778320312 -150.8754730224609 -29.76181793212891
-108.7417068481445 -140.3043823242188 -23.98861885070801
-104.1150665283203 -148.7215576171875 -88.79852294921875
-119.4074096679688 -153.8047332763672 -99.93482971191406
-114.9190063476562 -142.6512451171875 -33.70942687988281
-114.5763931274414 -141.9069671630859 -31.08710098266602
-125.6095962524414 -150.9471893310547 -44.91801071166992
-120.5134201049805 -150.846923828125 -31.46319580078125
-103.3676605224609 -146.8848876953125 -112.0805816650391
-103.3869552612305 -145.6057739257812 -111.0889739990234
-105.8372421264648 -150.2262268066406 -113.1685256958008
-120.7102203369141 -129.2712097167969 -93.18088531494141
-121.5279541015625 -129.775390625 -91.66626739501953
-97.85982513427734 -139.9572448730469 -85.57089996337891
-98.22789001464844 -138.1674041748047 -86.82420349121094
-112.3417510986328 -127.6894912719727 -62.00108337402344
-109.1116790771484 -128.3342895507812 -63.93807983398438
-105.8990859985352 -134.32421875 -90.35311126708984
-120.2670059204102 -132.0538940429688 -92.04384613037109
-119.5838851928711 -131.4461059570312 -90.91217041015625
-118.6162185668945 -140.1359252929688 -25.90474700927734
-108.5408477783203 -148.6981201171875 -66.69145202636719
-106.8520050048828 -124.2409591674805 -33.93362045288086
-123.3633041381836 -143.4558410644531 -95.39518737792969
-122.8915710449219 -141.6953125 -98.25484466552734
-101.8141250610352 -128.0822296142578 -34.38721466064453
-119.8887710571289 -138.9959564208984 -63.13827133178711
-109.2462997436523 -151.6115570068359 -60.41216659545898
-107.2676696777344 -129.4001159667969 -78.56813049316406
-100.2486038208008 -149.0108032226562 -103.6756973266602
-101.4697647094727 -150.8555450439453 -100.3382720947266
-98.0562744140625 -137.5237426757812 -101.733528137207
-98.20913696289062 -136.2396240234375 -103.7938919067383
-107.0251617431641 -147.8534851074219 -67.59925079345703
-124.4159774780273 -151.7193908691406 -55.43494415283203
-118.5323944091797 -153.8008270263672 -90.45988464355469
-106.5685501098633 -129.6514282226562 -102.9609527587891
-120.8303604125977 -136.1453247070312 -88.06434631347656
-121.4476928710938 -137.1236877441406 -84.76580047607422
-119.0695953369141 -143.8739166259766 -57.56447219848633
-119.1336135864258 -132.5478973388672 -97.56084442138672
-119.8112335205078 -134.0341491699219 -42.20983505249023
-116.3186264038086 -133.1799774169922 -77.27231597900391
-117.3907928466797 -152.7750701904297 -108.0047454833984
-122.0637130737305 -129.6759948730469 -93.11049652099609
-121.7750473022461 -145.8872528076172 -59.09258270263672
-121.4418640136719 -144.3746185302734 -61.83470916748047
-120.9463958740234 -145.8035888671875 -61.33839416503906
-106.6665573120117 -148.9814453125 -106.1509628295898
-103.4223480224609 -131.4515228271484 -78.03466033935547
-123.0560989379883 -132.7293548583984 -59.35875701904297
-123.4467697143555 -134.3403472900391 -63.33821868896484
-122.7212142944336 -135.3030853271484 -60.77621078491211
-122.3224258422852 -142.1294403076172 -61.84992980957031
-122.0704650878906 -144.5561828613281 -58.5279426574707
-110.669807434082 -133.3409423828125 -107.3110885620117
-111.9022674560547 -133.9411163330078 -105.5784759521484
-113.2682800292969 -133.7752685546875 -106.9768447875977
-123.3735504150391 -133.603515625 -74.93544006347656
-124.3926696777344 -139.2381134033203 -52.47555923461914
-123.4593200683594 -143.9004516601562 -99.46786499023438
-123.3857879638672 -145.0384368896484 -95.34571075439453
-121.6726379394531 -139.6480407714844 -85.64894104003906
-101.227897644043 -143.8975982666016 -42.33058166503906
-97.28277587890625 -144.4583892822266 -105.6806716918945
-117.1476745605469 -153.8292846679688 -108.4252853393555
-104.2819519042969 -147.0034027099609 -57.67883682250977
-117.6095275878906 -150.4893493652344 -75.65971374511719
-120.4765701293945 -146.1893005371094 -63.94137954711914
-118.017463684082 -145.1230621337891 -78.53847503662109
-106.640495300293 -153.8434448242188 -98.36648559570312
-106.5641403198242 -153.5222015380859 -95.99587249755859
-123.3631973266602 -152.3048858642578 -42.72340774536133
-115.789176940918 -127.5689086914062 -54.10007476806641
-116.4636917114258 -127.6924285888672 -56.30337905883789
-122.3345184326172 -144.2692413330078 -92.04576110839844
-118.0844039916992 -151.8206481933594 -88.13015747070312
-98.22875213623047 -148.1233520507812 -71.32129669189453
-98.04209136962891 -147.1108093261719 -69.34066772460938
-98.71916961669922 -149.4958953857422 -67.45639038085938
-98.33468627929688 -147.2837829589844 -58.69440841674805
-105.4613876342773 -141.8377532958984 -49.64068603515625
-105.1498489379883 -143.5225830078125 -48.55716705322266
-105.1648178100586 -141.4344940185547 -47.62335205078125
-102.0263977050781 -147.098388671875 -110.6303405761719
-108.9383087158203 -147.0016174316406 -59.48579025268555
-107.1036987304688 -145.4051361083984 -59.84836196899414
-107.3173522949219 -147.0989837646484 -63.51825332641602
-110.9529037475586 -127.7111968994141 -60.03882598876953
-116.1427688598633 -152.7109985351562 -81.86280822753906
-103.6615600585938 -137.3716125488281 -27.42056274414062
-119.357063293457 -130.77734375 -30.8926944732666
-118.6542816162109 -149.4502868652344 -69.87227630615234
-120.8428268432617 -145.4936676025391 -67.2127685546875
-120.6028900146484 -146.8650665283203 -70.50469207763672
-123.4163284301758 -146.4919128417969 -30.90619850158691
-121.0959548950195 -143.4952697753906 -30.40227127075195
-99.44412231445312 -151.2599182128906 -70.99881744384766
-100.307258605957 -151.7721099853516 -71.35995483398438
-99.07677459716797 -150.7783355712891 -71.97441864013672
-126.2024841308594 -144.2039489746094 -46.84423065185547
-123.1574783325195 -139.2291564941406 -60.54763031005859
-122.8283386230469 -150.6199340820312 -60.15454483032227
-103.9849548339844 -130.2977600097656 -84.88395690917969
-106.5222015380859 -128.7552490234375 -85.23317718505859
-113.0290374755859 -149.8113250732422 -31.74302673339844
-103.2185211181641 -146.9513854980469 -56.99718856811523
-104.0419464111328 -139.3210906982422 -60.43696212768555
-115.7487564086914 -144.2914886474609 -39.62554931640625
-121.925407409668 -152.2436676025391 -56.94667434692383
-103.1426315307617 -138.9638824462891 -77.99249267578125
-103.6900329589844 -137.1521606445312 -77.65447998046875
-113.6395492553711 -132.2201080322266 -106.5137710571289
-112.6918411254883 -147.1196594238281 -33.44826889038086
-116.2421112060547 -152.8764495849609 -76.19856262207031
-119.2766876220703 -130.4281616210938 -76.22560882568359
-120.8278961181641 -131.7423248291016 -77.22450256347656
-120.6463088989258 -135.9207153320312 -90.02909088134766
-116.4428405761719 -148.1022186279297 -87.39604949951172
-110.0394821166992 -144.6375732421875 -39.33325958251953
-98.12129211425781 -144.8582153320312 -95.55638885498047
-99.29020690917969 -148.2436828613281 -94.79745483398438
-98.28945159912109 -146.0260925292969 -97.16855621337891
-113.0102462768555 -127.5713424682617 -40.29213333129883
-123.4653778076172 -145.7103424072266 -105.4113082885742
-123.416015625 -146.0224761962891 -102.3476181030273
-107.6000442504883 -152.5490112304688 -65.28539276123047
-107.3039703369141 -152.5574188232422 -67.16938018798828
-122.6499404907227 -147.23486328125 -99.63623046875
-106.3209228515625 -134.2120819091797 -97.27960968017578
-106.5746841430664 -134.0874786376953 -94.22366333007812
-114.6169586181641 -148.5941772460938 -68.93398284912109
-115.9324493408203 -154.3446807861328 -108.6445617675781
-117.9458770751953 -150.6710968017578 -69.37661743164062
-98.41445159912109 -142.3649597167969 -109.3835906982422
-97.34276580810547 -140.8078308105469 -108.1454849243164
-97.65659332275391 -143.7422637939453 -108.4334564208984
-115.2837677001953 -134.6241455078125 -106.7939071655273
-124.9345932006836 -133.7298278808594 -49.07941818237305
-112.1272048950195 -124.7864761352539 -35.41810989379883
-119.525032043457 -138.3394165039062 -74.87200164794922
-98.92488861083984 -136.8064270019531 -93.4366455078125
-99.31824493408203 -136.5728302001953 -90.62114715576172
-106.8454437255859 -147.4980010986328 -53.28304290771484
-106.4570388793945 -146.8975372314453 -54.43252563476562
-98.73176574707031 -132.8236236572266 -52.50703430175781
-119.4599075317383 -142.7250366210938 -61.40425109863281
-116.3947601318359 -153.1909790039062 -73.43589782714844
-114.3022842407227 -153.3246154785156 -74.85143280029297
-119.7403030395508 -136.6804351806641 -62.31447601318359
-111.1842956542969 -126.5309219360352 -53.05738067626953
-113.9595947265625 -128.8998565673828 -82.055419921875
-107.3489227294922 -132.6474761962891 -80.93107604980469
-117.5770874023438 -152.8844604492188 -72.05503845214844
-111.4490432739258 -132.4823303222656 -84.89104461669922
-118.4174118041992 -151.6853790283203 -91.91161346435547
-124.5629577636719 -148.0266723632812 -45.27479934692383
-122.8510055541992 -140.7130737304688 -72.51339721679688
-120.6741638183594 -147.3213043212891 -62.61526489257812
-122.3749008178711 -139.5420989990234 -33.70553207397461
-119.4979934692383 -140.5792388916016 -78.20285797119141
-118.0466918945312 -134.4011077880859 -67.18242645263672
-100.5015106201172 -133.8827056884766 -80.71176910400391
-105.651611328125 -153.8130493164062 -89.793212890625
-105.7300262451172 -153.1249084472656 -91.87535095214844
-107.6290054321289 -128.5286712646484 -76.56814575195312
-98.07698059082031 -145.6280212402344 -67.63199615478516
-124.278076171875 -141.2858428955078 -54.66340637207031
-119.3839721679688 -135.8539276123047 -98.28504943847656
-111.9903106689453 -145.4877014160156 -55.19942474365234
-100.4460754394531 -132.6562347412109 -54.94052886962891
-101.4922561645508 -151.8433532714844 -69.64407348632812
-109.6733932495117 -133.2727203369141 -90.75453186035156
-119.9043731689453 -136.0319519042969 -99.87827301025391
-99.12357330322266 -136.4864959716797 -35.56960296630859
-99.06573486328125 -137.6485595703125 -36.47699737548828
-122.8291931152344 -137.2224578857422 -34.53848648071289
-123.9678344726562 -138.8716430664062 -37.80382919311523
-123.241081237793 -139.7275238037109 -36.14426422119141
-109.8395156860352 -145.6609954833984 -56.16337203979492
-113.9921340942383 -151.5567016601562 -100.2535705566406
-114.6082916259766 -151.0350646972656 -98.09859466552734
-96.74339294433594 -144.3424682617188 -98.30869293212891
-100.6158599853516 -130.3319396972656 -75.08620452880859
-104.3768615722656 -133.0774536132812 -36.70985412597656
-104.5302047729492 -133.6395263671875 -35.297607421875
-122.6757125854492 -140.8411407470703 -33.12673187255859
-121.343147277832 -130.9657440185547 -50.27472305297852
-104.231559753418 -135.8189392089844 -78.19971466064453
-106.9596786499023 -130.9264221191406 -90.96308135986328
-102.5586395263672 -131.4253997802734 -79.81100463867188
-118.287223815918 -130.2713928222656 -36.51200866699219
-101.4927062988281 -133.0565032958984 -98.55499267578125
-122.2184753417969 -132.7382659912109 -77.45361328125
-116.3907012939453 -143.1880187988281 -37.04668045043945
-117.5451126098633 -142.5774993896484 -37.74473190307617
-114.8482131958008 -127.1353759765625 -56.34631729125977
-117.5437164306641 -136.7606201171875 -105.672737121582
-123.4075775146484 -144.8801727294922 -40.47091674804688
-99.33400726318359 -136.2602386474609 -74.31394195556641
-97.51656341552734 -139.3297576904297 -73.37857818603516
-103.3843994140625 -138.3330841064453 -68.36746978759766
-112.3935394287109 -134.0121459960938 -99.93741607666016
-117.2764129638672 -131.2442626953125 -83.42428588867188
-120.6665420532227 -139.3841857910156 -58.50373840332031
-115.8796310424805 -134.6692962646484 -87.17845153808594
-99.69227600097656 -150.8368377685547 -66.97195434570312
-100.4692764282227 -149.6820220947266 -64.35704803466797
-106.7267684936523 -150.8111572265625 -99.99166107177734
-103.7061538696289 -131.0565795898438 -74.58197021484375
-120.4402618408203 -129.7166290283203 -67.61830902099609
-116.7913208007812 -136.0805969238281 -98.07971954345703
-116.5383071899414 -150.7184600830078 -100.5304412841797
-117.6972503662109 -150.9035797119141 -104.2470321655273
-97.35974884033203 -140.8146667480469 -78.74092864990234
-113.1638717651367 -132.9429779052734 -107.5516815185547
-110.0640182495117 -133.6533355712891 -98.70002746582031
-97.71835327148438 -137.6830902099609 -107.6577758789062
-105.9167785644531 -143.3109436035156 -23.7850341796875
-97.59999084472656 -145.8040161132812 -80.45864105224609
-101.4279251098633 -151.4247131347656 -66.932373046875
-100.4200134277344 -151.6369323730469 -68.51023864746094
-100.4116592407227 -148.8598937988281 -62.26803207397461
-97.6925048828125 -137.7261657714844 -97.86186981201172
-115.5890197753906 -152.7168731689453 -83.52408599853516
-119.1932907104492 -151.6310729980469 -98.05670928955078
-119.3695678710938 -152.8697967529297 -98.55921173095703
-97.87560272216797 -143.1772613525391 -68.03003692626953
-121.9629440307617 -139.8239898681641 -76.64140319824219
-122.120246887207 -140.7610168457031 -78.45344543457031
-119.665657043457 -152.8580017089844 -99.854248046875
-109.5598068237305 -128.1416931152344 -86.85834503173828
-119.0411529541016 -137.09619140625 -77.33065032958984
-124.3362579345703 -134.5257263183594 -70.18843078613281
-107.5503997802734 -142.7815246582031 -23.0735969543457
-121.7720718383789 -136.9723815917969 -76.49253082275391
-108.2099761962891 -126.1819152832031 -75.87616729736328
-117.4974212646484 -139.4250183105469 -25.58447456359863
-105.9849319458008 -144.4655914306641 -26.03252220153809
-117.9032897949219 -138.2845611572266 -27.7482967376709
-105.2825469970703 -153.8706359863281 -87.55103302001953
-117.5901031494141 -136.0237426757812 -83.81264495849609
-108.0043640136719 -150.9800109863281 -107.7113723754883
-119.8467559814453 -150.4693603515625 -98.33853149414062
-98.30345916748047 -144.6505279541016 -64.7816162109375
-121.8025054931641 -136.0880279541016 -102.7218017578125
-122.7112655639648 -131.8622436523438 -35.92109298706055
-116.6013793945312 -127.5736236572266 -62.11492538452148
-118.2971343994141 -153.4766998291016 -107.0499725341797
-124.9267501831055 -142.6926116943359 -45.44505310058594
-106.7599182128906 -153.1923675537109 -107.6182479858398
-121.6609039306641 -142.1360321044922 -85.07585906982422
-104.8410415649414 -147.5403289794922 -112.5663528442383
-106.3789978027344 -144.9356079101562 -42.2662467956543
-118.4002914428711 -128.804931640625 -32.41971969604492
-102.5187454223633 -133.4616088867188 -102.3034057617188
-101.8188705444336 -134.0527801513672 -100.5513305664062
-112.3424606323242 -130.9035797119141 -63.63967132568359
-97.70261383056641 -138.0973205566406 -71.82044219970703
-103.9501419067383 -130.8121185302734 -34.24234771728516
-116.6646194458008 -151.3772277832031 -91.14239501953125
-108.4465026855469 -144.7559967041016 -42.63955688476562
-104.2751770019531 -148.4878540039062 -62.06822967529297
-103.3370132446289 -149.0668029785156 -63.7209587097168
-119.773681640625 -135.9757690429688 -94.96925354003906
-102.7617645263672 -143.872802734375 -98.88177490234375
-118.3532180786133 -152.4585876464844 -98.90467071533203
-116.5811233520508 -151.6279602050781 -84.59945678710938
-111.2255630493164 -128.2690124511719 -91.49085998535156
-115.8916702270508 -129.1662445068359 -67.78061676025391
-115.8916091918945 -129.1271362304688 -70.81138610839844
-97.95179748535156 -137.2044677734375 -104.4046173095703
-104.9805603027344 -150.7433319091797 -66.99242401123047
-102.0012435913086 -132.1062622070312 -81.05973052978516
-100.7366714477539 -136.0524291992188 -109.5977249145508
-98.49378204345703 -138.3286895751953 -108.669792175293
-114.577522277832 -154.0493316650391 -95.84573364257812
-111.9929504394531 -154.0408020019531 -93.75260925292969
-111.9452362060547 -152.7441711425781 -69.64091491699219
-103.3982238769531 -150.8376159667969 -70.55666351318359
-119.9215087890625 -140.5321807861328 -62.87406921386719
-120.1678771972656 -138.2360076904297 -61.66426849365234
-124.3588256835938 -143.3584442138672 -30.72259521484375
-116.1804504394531 -128.7242584228516 -77.3577880859375
-123.5933532714844 -142.5807037353516 -56.49090576171875
-105.8503875732422 -132.9837799072266 -64.77312469482422
-104.6725540161133 -129.3138885498047 -74.29483032226562
-123.2643051147461 -131.5866241455078 -62.68285369873047
-118.7175369262695 -143.57958984375 -82.69691467285156
-113.9215545654297 -126.9903030395508 -52.27194595336914
-116.8669281005859 -133.1767272949219 -67.36519622802734
-99.32332611083984 -148.490966796875 -60.35698318481445
-112.7309112548828 -126.2374725341797 -45.96173858642578
-104.5667190551758 -147.2781219482422 -59.32336044311523
-104.3797302246094 -153.052978515625 -82.45273590087891
-104.117057800293 -151.9883117675781 -79.67570495605469
-105.4767532348633 -134.3840484619141 -80.43039703369141
-112.9261932373047 -149.0556488037109 -66.19879150390625
-114.5009689331055 -148.0777435302734 -62.80706787109375
-113.499885559082 -149.2381744384766 -69.75986480712891
-108.6073150634766 -133.3497772216797 -107.7668380737305
-106.5685043334961 -149.8506317138672 -79.64163970947266
-105.008674621582 -130.4833831787109 -73.25076293945312
-110.8720092773438 -131.8418731689453 -82.02754211425781
-100.0608825683594 -134.8967895507812 -89.22871398925781
-124.5875625610352 -151.8671722412109 -40.92253112792969
-99.45589447021484 -136.5013580322266 -85.43546295166016
-98.16294860839844 -136.0814514160156 -106.0328750610352
-110.4277496337891 -130.6610412597656 -61.93931198120117
-106.8200302124023 -153.4586791992188 -95.02860260009766
-100.4370269775391 -150.1754760742188 -89.48445892333984
-103.340202331543 -150.6651611328125 -67.25281524658203
-120.2987976074219 -132.5506591796875 -49.56633377075195
-102.276611328125 -145.3530426025391 -111.2453079223633
-96.82353973388672 -141.1041412353516 -96.75598907470703
-102.1699905395508 -150.7935180664062 -103.4472961425781
-117.3500671386719 -150.1131134033203 -65.46457672119141
-105.6442337036133 -147.8535614013672 -106.0638122558594
-110.2892532348633 -130.7045440673828 -69.41692352294922
-110.4237670898438 -130.550048828125 -72.20089721679688
-107.573356628418 -150.6129608154297 -80.07357025146484
-113.2234497070312 -131.9438781738281 -103.6825561523438
-114.149169921875 -134.3359832763672 -95.08979797363281
-120.3843841552734 -141.0786743164062 -58.35272216796875
-104.8899078369141 -130.6978607177734 -81.57251739501953
-118.6990737915039 -143.7577514648438 -71.6168212890625
-103.7890853881836 -141.7079010009766 -107.6625595092773
-104.5796279907227 -129.8682861328125 -98.03879547119141
-118.5500335693359 -128.6639251708984 -67.56918334960938
-117.459831237793 -128.8722534179688 -70.90898132324219
-101.6777420043945 -150.0736236572266 -41.02944946289062
-115.8160552978516 -151.7591857910156 -32.99639892578125
-120.2118453979492 -134.0561828613281 -52.0328483581543
-97.31291198730469 -142.5455169677734 -72.76272583007812
-118.4301910400391 -132.1643981933594 -84.01887512207031
-117.7288360595703 -154.3404541015625 -102.9215469360352
-100.8311386108398 -144.0355072021484 -110.5298614501953
-107.2480773925781 -151.58642578125 -99.98643493652344
-114.858528137207 -148.6739044189453 -72.83513641357422
-100.8017272949219 -148.5847625732422 -59.49649047851562
-122.3078231811523 -133.8880615234375 -73.32770538330078
-105.1972122192383 -143.7033538818359 -50.42745208740234
-99.43425750732422 -149.5434875488281 -85.21177673339844
-103.3806838989258 -129.2711334228516 -74.64984893798828
-117.4096374511719 -128.71337890625 -67.38685607910156
-115.9102554321289 -128.3940582275391 -65.50016784667969
-108.7601547241211 -123.3137512207031 -34.89250946044922
-126.7729721069336 -148.7472534179688 -49.61539459228516
-126.2128295898438 -147.1948547363281 -47.70417404174805
-118.7893371582031 -128.5469512939453 -65.89722442626953
-103.1931762695312 -131.3292083740234 -82.13236236572266
-98.31736755371094 -142.5597991943359 -83.45780944824219
-97.34900665283203 -145.1417999267578 -77.61614227294922
-104.2890548706055 -131.6734771728516 -38.81583786010742
-111.2718276977539 -152.2397766113281 -60.06924057006836
-122.8638534545898 -132.6433563232422 -75.03509521484375
-115.4601211547852 -127.2822341918945 -50.3132438659668
-113.7166595458984 -150.8083648681641 -31.57166290283203
-101.9523773193359 -143.2305297851562 -111.7097091674805
-104.5845031738281 -128.8289642333984 -33.83601379394531
-103.3215408325195 -137.9694671630859 -84.40924835205078
-108.4712524414062 -149.8177947998047 -58.98883438110352
-100.2060852050781 -134.6438903808594 -98.87657928466797
-112.8059539794922 -150.4257049560547 -30.70368957519531
-111.6849060058594 -152.0881805419922 -31.21427726745605
-105.7355194091797 -147.8742980957031 -51.54128646850586
-104.5008392333984 -143.3919525146484 -36.50754928588867
-118.4920654296875 -134.8934783935547 -66.23179626464844
-98.45204925537109 -139.2240753173828 -68.24871826171875
-116.584587097168 -152.2969360351562 -94.99427032470703
-112.3232727050781 -130.3529205322266 -59.32857513427734
3 1 0 18
1902
1903
1904
1905
1906
1907
1908
1909
1910
1911
1912
1913
1914
1915
1916
1917
1918
1919
-122.0823287657709 -148.4895343727923 -51.6823604320159
-116.6880362748642 -149.469017788252 -53.3083906208543
-120.1365395916905 -147.4288472875582 -54.51915655340603
-102.6095067656202 -142.2004267316697 -44.7570071917809
-101.7471618491755 -142.4059922397196 -49.69573856769401
-102.2022343286386 -141.7208629321201 -53.38009153843444
-121.816412608918 -148.582347405537 -47.80316034337926
-100.5213928293103 -134.418829890895 -38.13580265379846
-109.6018217439877 -150.4238589903805 -35.23145576146365
-101.900167241378 -143.40186806006 -59.56763333062403
-102.0796233005315 -144.8310561415174 -48.2777407278509
-101.2347652610675 -139.0585597097133 -57.50031352294423
-101.9954637479209 -136.5536464342798 -39.27939614875892
-101.1479569973333 -135.2031043934539 -43.88813512750022
-109.3707371579841 -148.6117204398719 -50.64925399465894
-115.159436510814 -133.0263396794 -94.66181312285808
-104.4652940534901 -149.6126264253015 -44.58670896357118
-107.6468549837981 -148.6668086235381 -41.56226680542309
$EndNodes
$Elements
2 9818 1 9818
2 1 2 3807
1 1 2 3 
2 2 1 257 
3 122 1 3 
4 21 20 1 
5 1 20 257 
6 21 1 122 
7 1433 3 2 
8 732 2 257 
9 732 1426 2 
10 1433 2 1426 
11 122 3 398 
12 398 3 1433 
13 4 5 6 
14 355 5 4 
15 6 1688 4 
16 4 531 355 
17 531 4 527 
18 527 4 1688 
19 1420 6 5 
20 701 5 355 
21 701 702 5 
22 702 1278 5 
23 1871 5 1278 
24 1871 1420 5 
25 6 1420 1759 
26 1688 6 1759 
27 7 8 9 
28 8 7 1777 
29 9 1226 7 
30 7 1226 275 
31 7 275 1777 
32 109 9 8 
33 109 8 25 
34 305 25 8 
35 305 8 963 
36 1777 963 8 
37 9 109 1322 
38 853 9 858 
39 853 1226 9 
40 9 1322 858 
41 10 11 12 
42 10 1654 11 
43 12 722 10 
44 171 173 10 
45 171 10 722 
46 1654 10 173 
47 872 12 11 
48 872 11 937 
49 937 11 1522 
50 1522 11 1654 
51 12 847 722 
52 12 845 847 
53 872 845 12 
54 13 14 15 
55 13 593 14 
56 1861 13 15 
57 101 13 99 
58 1861 99 13 
59 101 593 13 
60 14 1289 15 
61 595 14 593 
62 1289 14 595 
63 15 379 380 
64 870 379 15 
65 1861 15 380 
66 870 15 1289 
67 16 17 18 
68 16 314 17 
69 16 18 1786 
70 487 314 16 
71 487 16 1066 
72 1066 16 1786 
73 18 17 1081 
74 17 314 1030 
75 17 1030 1567 
76 17 1567 1081 
77 471 18 472 
78 18 471 1786 
79 18 1081 472 
80 19 20 21 
81 490 20 19 
82 19 21 901 
83 1040 490 19 
84 901 1040 19 
85 44 257 20 
86 490 44 20 
87 1059 21 122 
88 21 1059 901 
89 22 23 24 
90 827 23 22 
91 24 890 22 
92 1011 827 22 
93 1213 22 890 
94 1011 22 1602 
95 22 1213 1601 
96 22 1601 1602 
97 23 1807 24 
98 827 826 23 
99 826 1807 23 
100 24 518 717 
101 24 1807 518 
102 891 24 717 
103 890 24 891 
104 25 26 27 
105 25 305 26 
106 27 109 25 
107 977 27 26 
108 78 26 79 
109 26 78 721 
110 26 305 79 
111 977 26 721 
112 70 27 71 
113 27 70 108 
114 71 27 977 
115 108 109 27 
116 28 29 30 
117 963 29 28 
118 80 28 30 
119 79 28 80 
120 305 28 79 
121 305 963 28 
122 30 29 542 
123 277 29 963 
124 277 1231 29 
125 542 29 1445 
126 29 1231 1445 
127 387 80 30 
128 430 387 30 
129 30 543 430 
130 30 542 543 
131 31 32 33 
132 31 1615 32 
133 31 33 110 
134 55 57 31 
135 55 31 110 
136 57 1539 31 
137 1539 1615 31 
138 318 33 32 
139 318 32 319 
140 32 1667 319 
141 32 1615 1867 
142 32 1867 1667 
143 33 1456 110 
144 318 1456 33 
145 34 35 36 
146 492 35 34 
147 36 1295 34 
148 492 34 1559 
149 34 1295 1696 
150 34 1696 1559 
151 545 36 35 
152 492 613 35 
153 545 35 715 
154 715 35 613 
155 545 812 36 
156 1165 36 812 
157 1165 1767 36 
158 1243 1295 36 
159 36 1767 1243 
160 37 38 39 
161 38 37 1126 
162 39 346 37 
163 37 346 1792 
164 37 1784 1126 
165 1784 37 1792 
166 39 38 739 
167 738 739 38 
168 38 1126 738 
169 112 113 39 
170 773 112 39 
171 197 39 113 
172 39 197 196 
173 196 1306 39 
174 39 1279 346 
175 739 773 39 
176 1279 39 1306 
177 40 41 42 
178 40 1248 41 
179 134 40 42 
180 134 571 40 
181 40 232 459 
182 40 571 232 
183 1248 40 459 
184 716 42 41 
185 1769 716 41 
186 41 1248 1769 
187 134 42 132 
188 132 42 716 
189 43 44 45 
190 43 258 44 
191 43 45 407 
192 142 259 43 
193 43 407 142 
194 258 43 259 
195 44 562 45 
196 44 258 257 
197 490 562 44 
198 45 365 444 
199 562 365 45 
200 45 444 407 
201 46 47 48 
202 46 1763 47 
203 46 48 266 
204 266 265 46 
205 46 265 1772 
206 1763 46 648 
207 648 46 1772 
208 48 47 1024 
209 1103 1024 47 
210 1103 47 1691 
211 1691 47 1763 
212 266 48 1524 
213 1023 48 1024 
214 48 1023 1524 
215 49 50 51 
216 49 468 50 
217 51 1206 49 
218 49 437 467 
219 1206 437 49 
220 49 467 468 
221 161 51 50 
222 161 50 1028 
223 468 1028 50 
224 1195 51 161 
225 51 1195 830 
226 51 830 1205 
227 1206 51 1205 
228 52 53 54 
229 53 52 1340 
230 52 54 394 
231 710 52 394 
232 583 584 52 
233 583 52 710 
234 52 584 1340 
235 1550 54 53 
236 670 1335 53 
237 670 53 1340 
238 53 1335 1212 
239 1212 1550 53 
240 54 393 394 
241 54 1137 393 
242 1136 1137 54 
243 1136 54 1550 
244 55 56 57 
245 56 55 930 
246 55 110 111 
247 931 55 111 
248 930 55 931 
249 56 1541 57 
250 930 1541 56 
251 57 1783 1539 
252 57 1541 1783 
253 58 59 60 
254 58 625 59 
255 58 60 1877 
256 625 58 900 
257 58 956 900 
258 954 956 58 
259 954 58 1877 
260 59 1043 60 
261 625 627 59 
262 59 627 1043 
263 445 60 1043 
264 1877 60 445 
265 61 62 63 
266 816 62 61 
267 61 63 190 
268 1180 61 190 
269 816 61 242 
270 242 61 925 
271 925 61 1180 
272 104 63 62 
273 62 102 104 
274 62 816 102 
275 1626 63 104 
276 63 191 190 
277 63 1813 191 
278 63 1626 723 
279 1813 63 723 
280 64 65 66 
281 64 619 65 
282 64 66 1434 
283 64 165 620 
284 1166 165 64 
285 64 236 1166 
286 64 1434 236 
287 64 620 619 
288 66 65 1596 
289 1663 65 619 
290 65 1663 1596 
291 66 131 130 
292 130 1435 66 
293 1435 131 66 
294 1574 1434 66 
295 1596 1574 66 
296 67 68 69 
297 213 68 67 
298 69 1781 67 
299 67 111 213 
300 111 67 1781 
301 69 68 1215 
302 213 1213 68 
303 1213 1215 68 
304 69 1215 726 
305 69 726 1781 
306 70 71 1718 
307 108 70 1354 
308 1718 1354 70 
309 71 408 409 
310 977 408 71 
311 1516 71 409 
312 71 1516 1718 
313 72 73 74 
314 185 73 72 
315 72 74 392 
316 183 185 72 
317 72 1023 183 
318 72 392 1524 
319 72 1524 1023 
320 74 73 1123 
321 73 185 1140 
322 73 1139 1123 
323 1140 1139 73 
324 74 470 392 
325 74 1123 470 
326 75 76 77 
327 1389 76 75 
328 77 412 75 
329 1100 75 412 
330 1100 1410 75 
331 1389 75 1410 
332 76 1383 77 
333 76 1266 1265 
334 1265 1383 76 
335 1389 1266 76 
336 77 491 412 
337 491 77 1383 
338 78 79 80 
339 388 78 80 
340 388 721 78 
341 387 388 80 
342 81 82 83 
343 1144 82 81 
344 81 83 798 
345 184 765 81 
346 798 184 81 
347 1144 81 765 
348 1712 83 82 
349 631 82 632 
350 1712 82 631 
351 1144 632 82 
352 83 331 798 
353 331 83 1743 
354 1712 1743 83 
355 84 85 86 
356 84 356 85 
357 84 86 1582 
358 605 356 84 
359 605 84 606 
360 1347 606 84 
361 84 1582 1347 
362 85 1632 86 
363 580 85 356 
364 580 581 85 
365 85 581 1584 
366 1632 85 1584 
367 86 1583 1582 
368 1632 1583 86 
369 87 88 89 
370 99 88 87 
371 1204 87 89 
372 99 87 100 
373 271 100 87 
374 1204 271 87 
375 88 1502 89 
376 88 99 416 
377 1502 88 416 
378 89 367 403 
379 89 1502 367 
380 1204 89 403 
381 90 91 92 
382 90 1429 91 
383 92 161 90 
384 161 1028 90 
385 90 1028 1359 
386 90 1359 1429 
387 444 92 91 
388 143 407 91 
389 143 91 819 
390 91 407 444 
391 1429 819 91 
392 161 92 443 
393 443 92 444 
394 93 94 95 
395 93 1896 94 
396 371 93 95 
397 371 372 93 
398 1069 93 372 
399 1069 1896 93 
400 94 340 95 
401 94 561 340 
402 561 94 903 
403 903 94 1896 
404 1075 95 340 
405 371 95 789 
406 95 1075 789 
407 96 97 98 
408 96 793 97 
409 96 98 811 
410 96 373 539 
411 96 1621 373 
412 96 539 793 
413 96 811 1621 
414 809 98 97 
415 793 809 97 
416 98 120 121 
417 98 1042 120 
418 98 121 811 
419 809 1042 98 
420 99 100 101 
421 1077 416 99 
422 99 1861 1077 
423 797 101 100 
424 797 100 271 
425 1033 593 101 
426 1033 101 797 
427 102 103 104 
428 102 1538 103 
429 102 816 690 
430 690 1538 102 
431 851 104 103 
432 103 849 851 
433 103 1538 849 
434 1626 104 851 
435 105 106 107 
436 105 1243 106 
437 107 1714 105 
438 688 1529 105 
439 105 1714 688 
440 105 1244 1243 
441 1244 105 1874 
442 1874 105 1529 
443 107 106 433 
444 1281 433 106 
445 1282 106 1243 
446 1282 1281 106 
447 107 433 434 
448 843 107 434 
449 107 843 1714 
450 1322 109 108 
451 401 400 108 
452 400 1322 108 
453 108 1669 401 
454 108 1354 1669 
455 1456 111 110 
456 1846 213 111 
457 931 111 1781 
458 111 1456 1846 
459 112 1414 113 
460 1872 112 773 
461 1872 1414 112 
462 113 1415 197 
463 113 1414 1415 
464 114 115 116 
465 114 1085 115 
466 114 116 210 
467 114 210 579 
468 114 579 578 
469 1085 114 578 
470 1339 116 115 
471 910 115 1085 
472 1706 115 910 
473 1339 115 1706 
474 147 148 116 
475 147 116 1152 
476 148 210 116 
477 1152 116 1339 
478 117 118 119 
479 1773 118 117 
480 119 1868 117 
481 117 323 324 
482 1374 323 117 
483 324 1579 117 
484 1374 117 1739 
485 1579 1773 117 
486 117 1868 1739 
487 119 118 1129 
488 166 118 643 
489 118 166 1129 
490 1773 643 118 
491 1128 119 1129 
492 119 1128 1868 
493 121 120 1060 
494 1042 1041 120 
495 1057 120 1041 
496 1057 1061 120 
497 120 1061 1060 
498 811 121 1188 
499 121 1060 1188 
500 398 1059 122 
501 123 124 125 
502 123 1527 124 
503 125 840 123 
504 622 123 840 
505 1527 123 622 
506 124 1303 125 
507 1303 124 1526 
508 124 1527 1526 
509 840 125 1055 
510 1055 125 1303 
511 126 127 128 
512 127 126 412 
513 128 892 126 
514 1100 412 126 
515 1100 126 419 
516 1349 419 126 
517 1349 126 892 
518 127 1883 128 
519 127 412 1750 
520 1750 1883 127 
521 1019 763 128 
522 128 763 1022 
523 128 1022 892 
524 1883 1019 128 
525 129 130 131 
526 130 129 237 
527 332 129 131 
528 1744 237 129 
529 332 1744 129 
530 236 130 237 
531 1434 130 236 
532 130 1434 1574 
533 130 1574 1435 
534 332 131 960 
535 692 131 350 
536 350 131 1435 
537 692 960 131 
538 132 133 134 
539 132 1765 133 
540 716 1765 132 
541 707 134 133 
542 707 133 741 
543 1532 741 133 
544 1765 1532 133 
545 571 134 565 
546 707 565 134 
547 135 136 137 
548 325 136 135 
549 135 137 623 
550 325 135 1533 
551 623 1191 135 
552 135 1191 1533 
553 496 137 136 
554 136 325 326 
555 1374 136 326 
556 136 1374 496 
557 137 496 495 
558 623 137 495 
559 138 139 140 
560 657 139 138 
561 138 140 1109 
562 859 657 138 
563 859 138 860 
564 860 138 1109 
565 139 1679 140 
566 229 139 424 
567 1679 139 229 
568 424 139 657 
569 1109 140 338 
570 140 1678 338 
571 140 1679 1678 
572 141 142 143 
573 142 141 259 
574 1676 141 143 
575 259 141 784 
576 784 141 785 
577 785 141 1676 
578 407 143 142 
579 1676 143 819 
580 144 145 146 
581 144 1167 145 
582 528 144 146 
583 144 528 1229 
584 144 1230 1167 
585 144 1229 1230 
586 460 146 145 
587 460 145 461 
588 145 1167 461 
589 508 146 460 
590 146 508 899 
591 146 899 528 
592 147 252 148 
593 147 829 252 
594 829 147 1152 
595 211 210 148 
596 211 148 293 
597 294 148 252 
598 148 294 293 
599 149 150 151 
600 150 149 1413 
601 825 149 151 
602 825 989 149 
603 149 989 990 
604 1413 149 990 
605 638 151 150 
606 150 636 638 
607 150 1860 636 
608 150 1413 1860 
609 824 151 638 
610 151 824 1646 
611 151 1646 825 
612 152 153 154 
613 152 1277 153 
614 152 154 777 
615 231 230 152 
616 152 230 1519 
617 231 152 777 
618 152 1519 1277 
619 153 216 154 
620 1261 216 153 
621 1826 1261 153 
622 1826 153 1277 
623 216 215 154 
624 154 215 1438 
625 1437 777 154 
626 1437 154 1438 
627 155 156 157 
628 988 156 155 
629 1566 155 157 
630 988 155 518 
631 1566 518 155 
632 608 157 156 
633 608 156 609 
634 156 885 609 
635 156 988 885 
636 608 655 157 
637 1566 157 655 
638 158 159 160 
639 159 158 1283 
640 253 158 160 
641 158 253 1780 
642 158 1780 1283 
643 1729 160 159 
644 159 1283 1285 
645 1729 159 1285 
646 160 854 253 
647 852 854 160 
648 852 160 1232 
649 1729 1232 160 
650 1195 161 443 
651 162 163 164 
652 163 162 733 
653 1220 162 164 
654 733 162 1796 
655 1220 1390 162 
656 1390 1796 162 
657 164 163 1341 
658 163 735 685 
659 163 685 745 
660 163 733 735 
661 1341 163 745 
662 198 200 164 
663 486 198 164 
664 1219 164 200 
665 1341 486 164 
666 1219 1220 164 
667 165 166 167 
668 166 165 1129 
669 620 165 167 
670 1166 1129 165 
671 167 166 644 
672 643 644 166 
673 167 476 477 
674 167 644 476 
675 620 167 477 
676 168 169 170 
677 168 1182 169 
678 168 170 418 
679 509 168 418 
680 941 168 509 
681 941 1182 168 
682 169 1884 170 
683 1715 544 169 
684 544 1884 169 
685 596 598 169 
686 596 169 1182 
687 169 598 1715 
688 170 417 418 
689 170 1056 417 
690 1056 170 1884 
691 171 172 173 
692 480 172 171 
693 521 480 171 
694 171 722 521 
695 172 1130 173 
696 479 172 480 
697 1336 172 479 
698 1130 172 1336 
699 173 1321 942 
700 173 942 1654 
701 173 1130 1321 
702 174 175 176 
703 174 1738 175 
704 174 176 1822 
705 174 1753 1738 
706 1753 174 1822 
707 1775 176 175 
708 175 1610 1609 
709 1697 175 1609 
710 1737 1610 175 
711 175 1697 1775 
712 1737 175 1738 
713 176 287 1172 
714 1775 287 176 
715 176 1172 1174 
716 176 1174 1822 
717 177 178 179 
718 976 178 177 
719 179 317 177 
720 317 1638 177 
721 976 177 1638 
722 1299 179 178 
723 178 876 877 
724 178 976 876 
725 178 877 1487 
726 1488 1299 178 
727 1488 178 1487 
728 317 179 610 
729 514 179 1299 
730 1732 179 514 
731 179 1732 610 
732 180 181 182 
733 181 180 418 
734 180 182 877 
735 180 509 418 
736 180 877 509 
737 181 1058 182 
738 417 181 418 
739 1058 181 417 
740 343 182 1058 
741 1187 182 343 
742 182 1162 877 
743 1162 182 1187 
744 183 184 185 
745 183 765 184 
746 183 1120 765 
747 1819 183 1023 
748 1120 183 1819 
749 348 185 184 
750 798 348 184 
751 185 348 1140 
752 186 187 188 
753 187 186 645 
754 186 188 1506 
755 186 289 645 
756 186 1172 289 
757 1173 1172 186 
758 1506 1173 186 
759 187 1345 188 
760 187 645 646 
761 820 187 646 
762 820 1359 187 
763 1359 1345 187 
764 1027 188 1345 
765 188 1027 1507 
766 188 1507 1506 
767 189 190 191 
768 189 1178 190 
769 770 189 191 
770 614 189 615 
771 614 1178 189 
772 770 615 189 
773 190 1178 1180 
774 191 921 770 
775 921 191 1813 
776 192 193 194 
777 192 1518 193 
778 194 1274 192 
779 962 192 1098 
780 962 1518 192 
781 1099 1098 192 
782 1099 192 1274 
783 194 193 538 
784 538 193 441 
785 193 1821 441 
786 193 1518 1821 
787 194 538 1521 
788 1274 194 1313 
789 1521 1313 194 
790 195 196 197 
791 195 682 196 
792 1700 195 197 
793 682 195 959 
794 1700 959 195 
795 196 978 299 
796 299 1306 196 
797 196 682 681 
798 196 681 978 
799 197 1415 1710 
800 1710 1700 197 
801 198 199 200 
802 485 199 198 
803 485 198 486 
804 200 199 1343 
805 485 1343 199 
806 1219 200 204 
807 200 1343 204 
808 201 202 203 
809 202 201 1795 
810 1648 201 203 
811 1523 201 1136 
812 1136 201 1648 
813 1795 201 1523 
814 203 202 839 
815 1699 839 202 
816 1699 202 1795 
817 1555 203 839 
818 1141 1143 203 
819 1554 1141 203 
820 203 1143 1648 
821 1554 203 1555 
822 204 205 206 
823 204 1343 205 
824 204 206 1237 
825 204 1237 1219 
826 206 205 889 
827 205 888 889 
828 205 1342 888 
829 1342 205 1343 
830 1889 206 889 
831 1540 1237 206 
832 1889 1540 206 
833 207 208 209 
834 207 924 208 
835 207 209 575 
836 298 297 207 
837 207 297 1656 
838 298 207 575 
839 207 1655 924 
840 207 1656 1655 
841 260 209 208 
842 260 208 261 
843 261 208 924 
844 260 551 209 
845 551 576 209 
846 576 575 209 
847 210 211 212 
848 210 212 579 
849 1071 212 211 
850 969 211 293 
851 211 969 1071 
852 212 578 579 
853 578 212 1108 
854 1071 1108 212 
855 213 1500 1213 
856 1500 213 1846 
857 214 215 216 
858 1810 215 214 
859 214 216 308 
860 214 308 420 
861 214 420 1629 
862 1702 214 1629 
863 214 1702 1810 
864 1438 215 1810 
865 1261 308 216 
866 217 218 219 
867 217 1699 218 
868 217 219 1315 
869 1315 1316 217 
870 217 1316 1704 
871 217 1704 1699 
872 757 219 218 
873 757 218 1523 
874 1795 1523 218 
875 1795 218 1699 
876 757 1571 219 
877 219 1571 1315 
878 220 221 222 
879 1528 221 220 
880 513 220 222 
881 513 1740 220 
882 1528 220 1529 
883 220 1740 1529 
884 1719 222 221 
885 221 1528 1089 
886 221 1089 1719 
887 513 222 1080 
888 1046 1080 222 
889 1642 1046 222 
890 1719 1642 222 
891 223 224 225 
892 223 882 224 
893 223 225 950 
894 223 881 882 
895 223 982 881 
896 950 1324 223 
897 223 983 982 
898 983 223 1444 
899 223 1324 1444 
900 224 369 225 
901 1118 369 224 
902 1068 640 224 
903 1118 224 640 
904 882 1068 224 
905 369 368 225 
906 225 368 1325 
907 950 225 1325 
908 226 227 228 
909 226 411 227 
910 544 226 228 
911 226 410 411 
912 226 1890 410 
913 544 1890 226 
914 227 360 228 
915 227 1083 360 
916 411 1107 227 
917 1083 227 1106 
918 1106 227 1107 
919 360 359 228 
920 359 1056 228 
921 544 228 1884 
922 1056 1884 228 
923 229 230 231 
924 424 230 229 
925 231 1384 229 
926 1384 1386 229 
927 1679 229 1386 
928 424 1519 230 
929 777 776 231 
930 1384 231 776 
931 232 233 234 
932 769 233 232 
933 232 234 459 
934 232 571 769 
935 234 233 570 
936 1157 570 233 
937 769 768 233 
938 1157 233 768 
939 425 234 426 
940 459 234 425 
941 570 426 234 
942 235 236 237 
943 235 1166 236 
944 1711 235 237 
945 1127 1129 235 
946 1711 1127 235 
947 235 1129 1166 
948 237 1743 1711 
949 1743 237 1744 
950 238 239 240 
951 238 306 239 
952 1110 238 240 
953 1484 306 238 
954 1110 1598 238 
955 1484 238 1598 
956 239 1332 240 
957 239 306 307 
958 307 1332 239 
959 1405 1110 240 
960 1208 1286 240 
961 240 1332 1208 
962 240 1286 1405 
963 241 242 243 
964 241 816 242 
965 1254 241 243 
966 241 370 635 
967 241 1254 370 
968 241 635 634 
969 691 241 634 
970 690 241 691 
971 241 690 816 
972 242 926 243 
973 242 925 926 
974 926 1836 243 
975 243 1603 1254 
976 1836 1603 243 
977 244 245 246 
978 245 244 868 
979 244 246 484 
980 1831 244 484 
981 244 1746 868 
982 244 1586 1746 
983 244 1831 1586 
984 246 245 1344 
985 245 867 586 
986 1344 245 586 
987 245 868 867 
988 484 246 485 
989 485 246 1344 
990 247 248 249 
991 1631 248 247 
992 247 249 1334 
993 247 1334 1878 
994 1631 247 1879 
995 1878 1879 247 
996 248 278 249 
997 278 248 1193 
998 1373 1193 248 
999 1373 248 1780 
1000 1780 248 1631 
1001 278 352 249 
1002 352 1334 249 
1003 250 251 252 
1004 250 364 251 
1005 830 250 252 
1006 250 1195 364 
1007 830 1195 250 
1008 294 252 251 
1009 294 251 1331 
1010 364 365 251 
1011 562 251 365 
1012 1331 251 562 
1013 829 830 252 
1014 854 858 253 
1015 253 858 857 
1016 1373 253 857 
1017 1373 1780 253 
1018 254 255 256 
1019 255 254 818 
1020 1814 254 256 
1021 637 254 652 
1022 637 818 254 
1023 1814 652 254 
1024 256 255 1387 
1025 545 255 812 
1026 545 1387 255 
1027 812 255 1164 
1028 818 1164 255 
1029 1682 822 256 
1030 1814 256 822 
1031 256 1387 1501 
1032 1682 256 1501 
1033 257 258 259 
1034 259 732 257 
1035 731 732 259 
1036 731 259 784 
1037 260 261 864 
1038 260 552 551 
1039 260 865 552 
1040 260 864 865 
1041 261 1264 864 
1042 924 1262 261 
1043 1264 261 1262 
1044 262 263 264 
1045 262 1672 263 
1046 262 264 1754 
1047 1154 262 1155 
1048 1301 262 1154 
1049 262 1754 1155 
1050 1301 1672 262 
1051 264 263 1845 
1052 263 696 697 
1053 696 263 1672 
1054 263 697 947 
1055 1845 263 947 
1056 1754 264 1095 
1057 264 1845 1095 
1058 265 266 267 
1059 265 267 554 
1060 1736 265 554 
1061 1736 1772 265 
1062 267 266 1524 
1063 470 469 267 
1064 267 469 554 
1065 1524 470 267 
1066 268 269 270 
1067 268 1388 269 
1068 270 906 268 
1069 456 268 907 
1070 1726 268 456 
1071 906 907 268 
1072 1388 268 1726 
1073 270 269 540 
1074 301 540 269 
1075 1305 301 269 
1076 1305 269 1388 
1077 540 541 270 
1078 617 270 541 
1079 270 617 906 
1080 1181 797 271 
1081 271 1382 1181 
1082 271 1204 1382 
1083 272 273 274 
1084 273 272 440 
1085 272 274 385 
1086 377 272 385 
1087 377 1696 272 
1088 272 1850 440 
1089 1037 272 1696 
1090 272 1037 1850 
1091 273 887 274 
1092 273 440 1407 
1093 273 647 749 
1094 1573 647 273 
1095 273 749 887 
1096 273 1407 1573 
1097 385 274 1834 
1098 274 887 1834 
1099 275 276 277 
1100 275 992 276 
1101 275 277 1777 
1102 992 275 1226 
1103 277 276 334 
1104 334 276 335 
1105 335 276 667 
1106 992 667 276 
1107 277 334 1231 
1108 277 963 1777 
1109 278 279 280 
1110 1193 279 278 
1111 278 280 352 
1112 279 1590 280 
1113 279 664 665 
1114 664 279 1369 
1115 279 665 1590 
1116 1193 1330 279 
1117 1330 1369 279 
1118 280 353 352 
1119 280 1590 353 
1120 281 282 283 
1121 281 1287 282 
1122 1439 281 283 
1123 802 1288 281 
1124 1439 802 281 
1125 1287 281 1288 
1126 282 611 283 
1127 316 611 282 
1128 282 898 316 
1129 282 529 898 
1130 1287 529 282 
1131 1113 283 611 
1132 1113 1439 283 
1133 284 285 286 
1134 284 469 285 
1135 286 1467 284 
1136 1742 469 284 
1137 284 1467 1742 
1138 286 285 1122 
1139 285 469 470 
1140 1123 285 470 
1141 1122 285 1123 
1142 703 704 286 
1143 286 1122 703 
1144 286 704 1728 
1145 286 1728 1467 
1146 287 288 289 
1147 288 287 1138 
1148 1172 287 289 
1149 1775 1138 287 
1150 289 288 984 
1151 288 1138 678 
1152 288 678 1447 
1153 984 288 1447 
1154 984 645 289 
1155 290 291 292 
1156 291 290 918 
1157 1412 290 292 
1158 326 325 290 
1159 290 325 918 
1160 326 290 1412 
1161 292 291 1398 
1162 291 918 917 
1163 917 1398 291 
1164 1398 1475 292 
1165 292 1475 1412 
1166 293 294 295 
1167 969 293 295 
1168 295 294 1331 
1169 363 295 361 
1170 1331 361 295 
1171 969 295 363 
1172 296 297 298 
1173 296 320 297 
1174 296 298 351 
1175 296 321 320 
1176 296 351 321 
1177 297 320 1659 
1178 1659 1656 297 
1179 350 351 298 
1180 350 298 692 
1181 298 575 692 
1182 299 300 301 
1183 938 300 299 
1184 1307 299 301 
1185 299 895 938 
1186 978 895 299 
1187 1307 1306 299 
1188 540 301 300 
1189 300 541 540 
1190 300 895 541 
1191 300 938 895 
1192 1305 1307 301 
1193 302 303 304 
1194 1827 303 302 
1195 304 1642 302 
1196 1719 1089 302 
1197 1089 1827 302 
1198 1719 302 1642 
1199 1548 304 303 
1200 1548 303 856 
1201 1683 856 303 
1202 303 1827 1683 
1203 744 684 304 
1204 1891 304 684 
1205 1453 744 304 
1206 1453 304 1548 
1207 1891 1642 304 
1208 307 306 527 
1209 306 1625 527 
1210 1484 1483 306 
1211 306 1483 1625 
1212 307 527 1688 
1213 1760 1332 307 
1214 1688 1759 307 
1215 1760 307 1759 
1216 308 309 310 
1217 1261 309 308 
1218 310 420 308 
1219 1006 310 309 
1220 1006 309 629 
1221 1826 629 309 
1222 1826 309 1261 
1223 310 419 420 
1224 1005 419 310 
1225 1005 310 1006 
1226 311 312 313 
1227 311 1724 312 
1228 311 313 1217 
1229 1227 311 1217 
1230 1227 1589 311 
1231 311 1589 1724 
1232 312 1461 313 
1233 312 1499 1461 
1234 312 1647 1499 
1235 312 1724 1647 
1236 1014 1015 313 
1237 1014 313 1491 
1238 1217 313 1015 
1239 313 1461 1491 
1240 1267 314 487 
1241 1267 1030 314 
1242 315 316 317 
1243 315 611 316 
1244 315 317 610 
1245 315 610 611 
1246 1638 317 316 
1247 316 898 899 
1248 1638 316 899 
1249 318 319 535 
1250 537 318 535 
1251 318 537 1560 
1252 318 1560 1456 
1253 535 319 1595 
1254 319 1667 1595 
1255 320 321 322 
1256 320 322 1774 
1257 1774 1659 320 
1258 322 321 1761 
1259 351 927 321 
1260 927 1761 321 
1261 1756 1774 322 
1262 1756 322 1797 
1263 1797 322 1761 
1264 324 323 673 
1265 672 323 326 
1266 323 1374 326 
1267 323 672 673 
1268 1259 324 673 
1269 324 1259 1848 
1270 324 1848 1579 
1271 325 803 918 
1272 325 1533 803 
1273 672 326 1412 
1274 327 328 329 
1275 1269 328 327 
1276 329 1311 327 
1277 1552 1269 327 
1278 1311 1616 327 
1279 1618 1552 327 
1280 1618 327 1616 
1281 328 1078 329 
1282 328 1829 1078 
1283 328 1269 1828 
1284 1828 1829 328 
1285 329 1078 958 
1286 329 958 1250 
1287 329 1250 1311 
1288 330 331 332 
1289 348 331 330 
1290 577 330 332 
1291 330 1140 348 
1292 577 550 330 
1293 550 1140 330 
1294 1744 332 331 
1295 348 798 331 
1296 331 1743 1744 
1297 332 960 577 
1298 333 334 335 
1299 1221 334 333 
1300 333 335 1091 
1301 599 601 333 
1302 599 333 1091 
1303 333 601 1222 
1304 1221 333 1222 
1305 1231 334 1221 
1306 335 667 1091 
1307 336 337 338 
1308 336 1482 337 
1309 336 338 1684 
1310 1197 336 998 
1311 1684 998 336 
1312 1197 1664 336 
1313 336 1664 1482 
1314 337 1645 338 
1315 337 1482 1484 
1316 337 1484 1598 
1317 1598 1645 337 
1318 1645 1109 338 
1319 1684 338 1678 
1320 339 340 341 
1321 339 1076 340 
1322 341 366 339 
1323 339 366 367 
1324 339 367 1502 
1325 1076 339 416 
1326 416 339 1502 
1327 340 511 341 
1328 511 340 561 
1329 1075 340 1076 
1330 341 1395 366 
1331 510 341 511 
1332 510 1395 341 
1333 342 343 344 
1334 342 1187 343 
1335 344 1312 342 
1336 1090 1187 342 
1337 1090 342 1312 
1338 1058 344 343 
1339 942 344 1058 
1340 1321 344 942 
1341 344 1321 1312 
1342 345 346 347 
1343 1792 346 345 
1344 345 347 563 
1345 345 563 1401 
1346 1401 1792 345 
1347 346 349 347 
1348 349 346 1279 
1349 349 883 347 
1350 448 347 883 
1351 448 1650 347 
1352 563 347 1650 
1353 1639 883 349 
1354 1639 349 1279 
1355 350 582 351 
1356 350 1435 582 
1357 927 351 582 
1358 352 353 354 
1359 1346 352 354 
1360 1334 352 1346 
1361 1698 354 353 
1362 1698 353 1590 
1363 1463 1346 354 
1364 1576 1463 354 
1365 1576 354 1585 
1366 1815 1585 354 
1367 1815 354 1698 
1368 355 356 357 
1369 355 531 356 
1370 1764 355 357 
1371 701 355 1764 
1372 605 357 356 
1373 531 580 356 
1374 1034 357 605 
1375 1764 357 1034 
1376 358 359 360 
1377 943 359 358 
1378 1083 358 360 
1379 943 358 944 
1380 944 358 1083 
1381 943 417 359 
1382 359 417 1056 
1383 361 362 363 
1384 361 1082 362 
1385 361 680 1048 
1386 1331 680 361 
1387 1082 361 1048 
1388 363 362 1228 
1389 1016 362 1017 
1390 1016 1228 362 
1391 1074 1017 362 
1392 1082 1074 362 
1393 363 909 969 
1394 363 1705 909 
1395 363 1228 1705 
1396 364 444 365 
1397 364 443 444 
1398 364 1195 443 
1399 367 366 743 
1400 743 366 1594 
1401 366 1395 1594 
1402 367 743 403 
1403 368 369 370 
1404 370 1254 368 
1405 368 1254 1603 
1406 368 1324 1325 
1407 368 1603 1324 
1408 370 369 635 
1409 635 369 1118 
1410 371 986 372 
1411 1319 371 789 
1412 1319 986 371 
1413 372 986 641 
1414 641 1067 372 
1415 1067 1069 372 
1416 373 374 375 
1417 1621 374 373 
1418 375 516 373 
1419 935 373 516 
1420 539 373 935 
1421 375 374 651 
1422 650 651 374 
1423 1621 650 374 
1424 1007 516 375 
1425 651 1749 375 
1426 1749 1007 375 
1427 376 377 378 
1428 376 1559 377 
1429 376 378 1580 
1430 492 1559 376 
1431 376 1855 492 
1432 376 1580 1721 
1433 1855 376 1721 
1434 377 384 378 
1435 385 384 377 
1436 377 1559 1696 
1437 378 384 1089 
1438 1089 1528 378 
1439 1580 378 1528 
1440 788 380 379 
1441 870 642 379 
1442 1319 379 642 
1443 1319 788 379 
1444 788 787 380 
1445 787 1077 380 
1446 1077 1861 380 
1447 381 382 383 
1448 381 1389 382 
1449 383 1652 381 
1450 381 945 1389 
1451 381 1651 945 
1452 381 1652 1651 
1453 383 382 767 
1454 382 1841 767 
1455 1389 1410 382 
1456 382 1410 1411 
1457 382 1411 1841 
1458 767 766 383 
1459 1494 383 766 
1460 383 1494 1652 
1461 384 385 386 
1462 1683 384 386 
1463 384 1827 1089 
1464 384 1683 1827 
1465 385 1834 386 
1466 386 855 856 
1467 386 1834 855 
1468 856 1683 386 
1469 388 387 1268 
1470 430 432 387 
1471 1268 387 432 
1472 721 388 1268 
1473 389 390 391 
1474 390 389 1012 
1475 389 391 1309 
1476 731 389 732 
1477 389 731 1012 
1478 1426 732 389 
1479 1309 1426 389 
1480 390 1619 391 
1481 1416 390 1012 
1482 390 1416 1619 
1483 391 548 948 
1484 391 1619 548 
1485 1310 391 948 
1486 1310 1309 391 
1487 1524 392 470 
1488 1865 394 393 
1489 711 393 712 
1490 711 1865 393 
1491 393 1137 712 
1492 710 394 1734 
1493 1734 394 1865 
1494 395 396 397 
1495 435 396 395 
1496 397 1059 395 
1497 395 398 399 
1498 395 1059 398 
1499 493 395 399 
1500 493 435 395 
1501 396 625 397 
1502 626 396 435 
1503 625 396 626 
1504 900 397 625 
1505 900 901 397 
1506 901 1059 397 
1507 1823 399 398 
1508 398 1433 1823 
1509 1290 493 399 
1510 775 1290 399 
1511 775 399 1823 
1512 400 401 402 
1513 857 400 402 
1514 857 858 400 
1515 400 858 1322 
1516 546 402 401 
1517 401 1330 546 
1518 1669 1330 401 
1519 1199 402 546 
1520 402 1199 857 
1521 403 743 742 
1522 742 1013 403 
1523 1204 403 1013 
1524 404 405 406 
1525 404 737 405 
1526 406 970 404 
1527 404 736 737 
1528 404 1402 736 
1529 404 970 971 
1530 1402 404 971 
1531 405 1614 406 
1532 405 941 461 
1533 405 461 1614 
1534 737 596 405 
1535 1223 405 596 
1536 1223 941 405 
1537 406 738 970 
1538 1613 738 406 
1539 1613 406 1614 
1540 409 408 1887 
1541 774 408 775 
1542 1455 408 774 
1543 1304 775 408 
1544 408 977 1304 
1545 1887 408 1455 
1546 1516 409 1604 
1547 409 1887 1604 
1548 1224 411 410 
1549 808 1225 410 
1550 808 410 1890 
1551 1224 410 1225 
1552 1107 411 1553 
1553 1224 1553 411 
1554 491 1750 412 
1555 413 414 415 
1556 413 471 414 
1557 771 413 415 
1558 1723 471 413 
1559 771 772 413 
1560 1301 413 772 
1561 1301 1154 413 
1562 413 1154 1893 
1563 1723 413 1893 
1564 1474 415 414 
1565 414 471 472 
1566 414 472 1858 
1567 414 719 1464 
1568 1858 719 414 
1569 1474 414 1464 
1570 415 1440 771 
1571 415 996 1440 
1572 1474 996 415 
1573 1077 1076 416 
1574 417 943 1058 
1575 1349 420 419 
1576 1100 419 1005 
1577 1349 1630 420 
1578 1629 420 1630 
1579 421 422 423 
1580 422 421 1747 
1581 423 782 421 
1582 421 782 783 
1583 783 1733 421 
1584 421 1733 1747 
1585 1661 423 422 
1586 422 1125 1660 
1587 422 1747 1125 
1588 422 1660 1661 
1589 423 1703 782 
1590 1661 949 423 
1591 949 1703 423 
1592 451 424 452 
1593 424 451 1519 
1594 452 424 922 
1595 656 424 657 
1596 656 922 424 
1597 426 478 425 
1598 425 1248 459 
1599 425 478 515 
1600 515 517 425 
1601 517 1769 425 
1602 1769 1248 425 
1603 478 426 1185 
1604 426 570 1897 
1605 426 1897 1185 
1606 427 428 429 
1607 428 427 450 
1608 429 1402 427 
1609 427 1650 450 
1610 563 427 1401 
1611 563 1650 427 
1612 1401 427 1402 
1613 429 428 1060 
1614 428 450 1049 
1615 428 1049 1189 
1616 1188 1060 428 
1617 428 1189 1188 
1618 429 1061 736 
1619 429 736 1402 
1620 429 1060 1061 
1621 430 431 432 
1622 466 431 430 
1623 430 465 466 
1624 430 543 465 
1625 432 431 436 
1626 431 435 436 
1627 626 435 431 
1628 431 466 1043 
1629 626 431 627 
1630 431 1043 627 
1631 432 436 1268 
1632 433 1238 434 
1633 841 433 842 
1634 1238 433 841 
1635 1281 842 433 
1636 591 592 434 
1637 1238 591 434 
1638 843 434 592 
1639 493 436 435 
1640 1268 436 493 
1641 437 438 439 
1642 438 437 1206 
1643 439 1594 437 
1644 467 437 1395 
1645 437 1594 1395 
1646 1029 439 438 
1647 1029 438 1186 
1648 438 1206 1186 
1649 742 743 439 
1650 742 439 1029 
1651 439 743 1594 
1652 440 441 442 
1653 440 964 441 
1654 1407 440 442 
1655 964 440 965 
1656 965 440 1850 
1657 442 441 1821 
1658 538 441 964 
1659 442 1408 1407 
1660 442 1692 1408 
1661 442 1821 1692 
1662 445 446 447 
1663 445 1043 446 
1664 445 447 1670 
1665 1107 445 1670 
1666 1877 445 1107 
1667 1052 447 446 
1668 466 897 446 
1669 1043 466 446 
1670 897 846 446 
1671 1052 446 846 
1672 1052 1670 447 
1673 448 449 450 
1674 448 884 449 
1675 448 450 1650 
1676 448 883 884 
1677 1049 450 449 
1678 449 884 1272 
1679 1049 449 1050 
1680 1272 1050 449 
1681 451 452 795 
1682 451 795 1825 
1683 1276 1277 451 
1684 1276 451 1825 
1685 1519 451 1277 
1686 452 796 795 
1687 796 452 923 
1688 452 922 923 
1689 453 454 455 
1690 453 1571 454 
1691 1333 453 455 
1692 453 1328 1329 
1693 453 1333 1328 
1694 1436 453 1329 
1695 453 1436 1571 
1696 455 454 761 
1697 756 454 757 
1698 756 1335 454 
1699 1571 757 454 
1700 454 1335 761 
1701 455 760 533 
1702 533 1333 455 
1703 455 761 760 
1704 456 457 458 
1705 810 457 456 
1706 966 456 458 
1707 810 456 907 
1708 966 1726 456 
1709 458 457 1222 
1710 1073 457 810 
1711 1073 1222 457 
1712 458 1222 601 
1713 601 1770 458 
1714 1770 966 458 
1715 460 461 941 
1716 508 460 509 
1717 941 509 460 
1718 1612 461 1167 
1719 461 1612 1614 
1720 462 463 464 
1721 463 462 1363 
1722 1337 462 464 
1723 1380 462 1337 
1724 1693 1363 462 
1725 1380 1693 462 
1726 464 463 639 
1727 463 762 639 
1728 1730 762 463 
1729 463 1363 1730 
1730 1745 464 639 
1731 1337 464 1338 
1732 1422 1338 464 
1733 464 1421 1422 
1734 1745 1421 464 
1735 465 897 466 
1736 897 465 543 
1737 467 1027 468 
1738 1395 510 467 
1739 1507 467 510 
1740 1507 1027 467 
1741 468 1027 1028 
1742 469 555 554 
1743 555 469 1742 
1744 1787 471 1723 
1745 1786 471 1787 
1746 1081 1201 472 
1747 1201 1858 472 
1748 473 474 475 
1749 1555 474 473 
1750 473 475 936 
1751 936 924 473 
1752 1655 473 924 
1753 1555 473 1591 
1754 1655 1591 473 
1755 475 474 497 
1756 497 474 839 
1757 1555 839 474 
1758 475 497 498 
1759 475 498 1520 
1760 936 475 1520 
1761 476 1781 477 
1762 1454 476 644 
1763 1454 931 476 
1764 931 1781 476 
1765 621 620 477 
1766 726 621 477 
1767 726 477 1781 
1768 515 478 516 
1769 935 516 478 
1770 935 478 975 
1771 1185 975 478 
1772 479 480 1843 
1773 479 559 560 
1774 479 1843 559 
1775 479 560 1336 
1776 521 1104 480 
1777 480 1104 1105 
1778 480 1105 1843 
1779 481 482 483 
1780 481 1799 482 
1781 483 1203 481 
1782 834 481 1762 
1783 834 1799 481 
1784 1203 1762 481 
1785 483 482 991 
1786 671 991 482 
1787 671 482 1485 
1788 482 1799 1485 
1789 583 483 584 
1790 483 583 1203 
1791 584 483 991 
1792 484 485 486 
1793 484 486 603 
1794 484 603 1320 
1795 484 1320 1831 
1796 485 1344 1343 
1797 486 604 603 
1798 1341 604 486 
1799 487 488 489 
1800 487 1066 488 
1801 489 1267 487 
1802 489 488 1805 
1803 1066 1838 488 
1804 488 1838 1805 
1805 1267 489 1344 
1806 489 1805 1344 
1807 680 562 490 
1808 680 490 1047 
1809 1047 490 1040 
1810 491 1383 1882 
1811 491 1490 1750 
1812 491 1882 1490 
1813 612 613 492 
1814 612 492 1855 
1815 721 1268 493 
1816 721 493 1290 
1817 494 495 496 
1818 495 494 893 
1819 1868 494 496 
1820 893 494 1712 
1821 1128 1127 494 
1822 1711 494 1127 
1823 1128 494 1868 
1824 1711 1712 494 
1825 624 623 495 
1826 624 495 893 
1827 496 1374 1739 
1828 1868 496 1739 
1829 905 498 497 
1830 905 497 839 
1831 498 905 1704 
1832 1520 498 1316 
1833 498 1704 1316 
1834 499 500 501 
1835 499 1505 500 
1836 501 1346 499 
1837 499 1462 1253 
1838 499 1253 1505 
1839 499 1346 1463 
1840 1462 499 1463 
1841 501 500 1064 
1842 500 1504 1064 
1843 1504 500 1505 
1844 501 1064 1878 
1845 1334 1346 501 
1846 501 1878 1334 
1847 502 503 504 
1848 502 1264 503 
1849 502 504 1452 
1850 502 704 865 
1851 502 1452 704 
1852 502 865 864 
1853 502 864 1264 
1854 503 1399 504 
1855 503 1264 1263 
1856 1263 1776 503 
1857 503 1776 1399 
1858 1394 504 1399 
1859 1394 1452 504 
1860 505 506 507 
1861 1457 506 505 
1862 507 679 505 
1863 1899 505 679 
1864 505 1458 1457 
1865 1899 1458 505 
1866 507 506 933 
1867 1358 506 592 
1868 592 506 1457 
1869 933 506 1358 
1870 678 679 507 
1871 507 1447 678 
1872 1448 507 933 
1873 507 1448 1447 
1874 508 509 876 
1875 876 976 508 
1876 508 976 899 
1877 877 876 509 
1878 511 1430 510 
1879 1507 510 1430 
1880 1431 511 561 
1881 1431 1430 511 
1882 512 513 514 
1883 513 512 1419 
1884 1299 512 514 
1885 1112 1419 512 
1886 512 1816 1112 
1887 512 1299 1816 
1888 513 1080 514 
1889 513 1419 1740 
1890 1080 1732 514 
1891 515 516 517 
1892 517 516 1007 
1893 1769 517 1007 
1894 518 519 520 
1895 1566 519 518 
1896 520 717 518 
1897 1808 988 518 
1898 1807 1808 518 
1899 519 1517 520 
1900 1566 706 519 
1901 706 1686 519 
1902 519 1530 1517 
1903 519 1686 1530 
1904 1534 717 520 
1905 1517 1757 520 
1906 1534 520 1757 
1907 722 791 521 
1908 521 791 1572 
1909 521 1572 1104 
1910 522 523 524 
1911 1901 523 522 
1912 524 1090 522 
1913 522 1090 1314 
1914 1314 1901 522 
1915 1511 524 523 
1916 523 912 911 
1917 911 1511 523 
1918 1839 912 523 
1919 1901 1839 523 
1920 524 1187 1090 
1921 1190 1187 524 
1922 1511 1190 524 
1923 525 526 527 
1924 581 526 525 
1925 527 1625 525 
1926 1584 581 525 
1927 1584 525 1577 
1928 1577 525 1624 
1929 1625 1624 525 
1930 527 526 531 
1931 580 531 526 
1932 581 580 526 
1933 528 529 530 
1934 898 529 528 
1935 528 530 1229 
1936 899 898 528 
1937 1617 530 529 
1938 1287 1618 529 
1939 1618 1617 529 
1940 530 1428 1229 
1941 1616 1250 530 
1942 530 1250 1710 
1943 530 1415 1428 
1944 530 1710 1415 
1945 1616 530 1617 
1946 532 533 534 
1947 533 532 1333 
1948 532 534 929 
1949 1198 532 929 
1950 532 1198 1333 
1951 534 533 760 
1952 534 759 728 
1953 534 728 929 
1954 534 760 759 
1955 535 536 537 
1956 535 1096 536 
1957 1096 535 1097 
1958 1097 535 1595 
1959 537 536 1492 
1960 1713 536 1096 
1961 536 1493 1492 
1962 1713 1493 536 
1963 1147 537 1492 
1964 1147 1561 537 
1965 1560 537 1561 
1966 538 964 1521 
1967 1016 793 539 
1968 539 935 975 
1969 1016 539 975 
1970 617 541 894 
1971 541 895 894 
1972 543 542 846 
1973 542 844 846 
1974 542 1445 844 
1975 897 543 846 
1976 1715 1790 544 
1977 544 1790 1890 
1978 715 1387 545 
1979 1199 546 1193 
1980 1193 546 1330 
1981 547 548 549 
1982 547 948 548 
1983 1778 547 549 
1984 1727 948 547 
1985 1727 547 1605 
1986 1778 1605 547 
1987 1619 549 548 
1988 699 549 1546 
1989 699 1778 549 
1990 549 1619 1546 
1991 550 551 552 
1992 550 576 551 
1993 550 552 1139 
1994 550 577 576 
1995 1139 1140 550 
1996 865 703 552 
1997 703 1122 552 
1998 552 1122 1139 
1999 553 554 555 
2000 1736 554 553 
2001 553 555 1853 
2002 1736 553 750 
2003 553 1853 750 
2004 1742 1467 555 
2005 1853 555 1467 
2006 556 557 558 
2007 1004 557 556 
2008 556 558 779 
2009 1627 556 779 
2010 1003 1004 556 
2011 556 1627 1003 
2012 557 564 558 
2013 769 564 557 
2014 557 768 769 
2015 1644 768 557 
2016 1497 557 1004 
2017 1497 1644 557 
2018 564 566 558 
2019 1008 558 566 
2020 1008 779 558 
2021 560 559 1099 
2022 1098 1099 559 
2023 1863 1098 559 
2024 559 1843 1371 
2025 1863 559 1371 
2026 1274 560 1099 
2027 1274 1313 560 
2028 1313 1336 560 
2029 561 903 1465 
2030 1431 561 1465 
2031 1331 562 680 
2032 564 565 566 
2033 564 571 565 
2034 571 564 769 
2035 566 565 1008 
2036 1088 565 707 
2037 565 1088 1008 
2038 567 568 569 
2039 767 568 567 
2040 1146 567 569 
2041 567 766 767 
2042 567 1146 766 
2043 569 568 1480 
2044 767 628 568 
2045 568 628 1451 
2046 568 1451 1695 
2047 1480 568 1695 
2048 1146 569 1500 
2049 569 1480 1840 
2050 1601 1500 569 
2051 1602 1601 569 
2052 1602 569 1840 
2053 570 1382 1013 
2054 570 1013 1897 
2055 570 1157 1382 
2056 572 573 574 
2057 572 752 573 
2058 574 939 572 
2059 572 1372 752 
2060 1372 572 939 
2061 573 985 574 
2062 752 751 573 
2063 1832 573 751 
2064 573 1054 985 
2065 1832 1054 573 
2066 939 574 940 
2067 574 1478 940 
2068 574 985 1478 
2069 575 576 577 
2070 575 577 960 
2071 575 960 692 
2072 1084 1085 578 
2073 578 1108 1084 
2074 927 582 928 
2075 1404 928 582 
2076 1779 1404 582 
2077 582 1435 1779 
2078 709 583 710 
2079 583 709 1203 
2080 1340 584 991 
2081 585 586 587 
2082 585 1030 586 
2083 585 587 730 
2084 730 1403 585 
2085 1030 585 1567 
2086 1567 585 1403 
2087 586 867 587 
2088 586 1030 1267 
2089 586 1267 1344 
2090 730 587 1486 
2091 866 587 867 
2092 1486 587 866 
2093 588 589 590 
2094 588 1258 589 
2095 590 1097 588 
2096 1097 1595 588 
2097 588 1595 1258 
2098 590 589 1802 
2099 589 1258 1748 
2100 589 1748 1838 
2101 1838 1802 589 
2102 1095 1097 590 
2103 1754 1095 590 
2104 590 1562 1754 
2105 1802 1562 590 
2106 1358 592 591 
2107 1025 1026 591 
2108 1025 591 1238 
2109 591 1026 1358 
2110 592 1459 843 
2111 592 1457 1459 
2112 593 594 595 
2113 593 1033 594 
2114 1053 595 594 
2115 1065 594 1033 
2116 594 1531 1053 
2117 1065 1531 594 
2118 595 1053 633 
2119 1289 595 633 
2120 596 597 598 
2121 737 597 596 
2122 1182 1223 596 
2123 597 1061 598 
2124 597 737 736 
2125 736 1061 597 
2126 598 1061 1057 
2127 598 1057 1716 
2128 1715 598 1716 
2129 599 600 601 
2130 1768 600 599 
2131 780 599 1091 
2132 780 1551 599 
2133 1768 599 1551 
2134 600 1770 601 
2135 600 1768 967 
2136 600 967 1770 
2137 602 603 604 
2138 603 602 1320 
2139 602 604 1125 
2140 1124 602 1125 
2141 1124 1320 602 
2142 604 1341 745 
2143 745 1660 604 
2144 1660 1125 604 
2145 1034 605 606 
2146 1348 1034 606 
2147 1347 1348 606 
2148 607 608 609 
2149 607 1798 608 
2150 607 609 1755 
2151 1798 607 1755 
2152 608 653 655 
2153 653 608 1607 
2154 608 1510 1607 
2155 1510 608 1798 
2156 885 923 609 
2157 922 609 923 
2158 609 922 1755 
2159 1111 611 610 
2160 1111 610 1732 
2161 1113 611 1111 
2162 613 612 1635 
2163 612 1634 1635 
2164 1634 612 1855 
2165 613 714 715 
2166 613 1635 714 
2167 1233 614 615 
2168 1179 1178 614 
2169 1179 614 1280 
2170 614 1233 1729 
2171 614 1729 1280 
2172 770 1709 615 
2173 1232 1233 615 
2174 1709 1232 615 
2175 616 617 618 
2176 617 616 906 
2177 616 618 677 
2178 677 994 616 
2179 906 616 907 
2180 907 616 994 
2181 617 764 618 
2182 894 764 617 
2183 618 1169 677 
2184 764 1168 618 
2185 618 1168 1169 
2186 619 620 621 
2187 619 621 1663 
2188 726 727 621 
2189 727 891 621 
2190 621 891 1663 
2191 622 623 624 
2192 622 1191 623 
2193 624 1527 622 
2194 1851 622 840 
2195 1851 1191 622 
2196 624 631 632 
2197 893 631 624 
2198 632 1527 624 
2199 625 626 627 
2200 628 629 630 
2201 628 1194 629 
2202 630 1327 628 
2203 1841 628 767 
2204 628 1841 1194 
2205 628 1327 1451 
2206 629 1825 630 
2207 1006 629 1194 
2208 1826 1825 629 
2209 630 794 1327 
2210 794 630 1825 
2211 1712 631 893 
2212 1526 632 1144 
2213 632 1526 1527 
2214 633 634 635 
2215 1862 634 633 
2216 633 635 1289 
2217 633 1053 1895 
2218 1862 633 1895 
2219 1862 691 634 
2220 871 635 869 
2221 1118 869 635 
2222 871 1289 635 
2223 636 637 638 
2224 636 817 637 
2225 1801 817 636 
2226 1860 1801 636 
2227 637 652 638 
2228 637 817 818 
2229 652 824 638 
2230 639 762 763 
2231 1019 639 763 
2232 1019 1745 639 
2233 640 641 642 
2234 640 1067 641 
2235 1118 640 642 
2236 1068 1067 640 
2237 641 1319 642 
2238 641 986 1319 
2239 869 642 870 
2240 1118 642 869 
2241 643 659 644 
2242 643 660 659 
2243 1773 660 643 
2244 644 659 1454 
2245 645 984 646 
2246 799 800 646 
2247 799 646 984 
2248 800 821 646 
2249 820 646 821 
2250 647 648 649 
2251 647 1573 648 
2252 749 647 649 
2253 649 648 1772 
2254 1573 1409 648 
2255 1763 648 1409 
2256 749 649 750 
2257 649 1736 750 
2258 1772 1736 649 
2259 1216 651 650 
2260 811 1189 650 
2261 1621 811 650 
2262 1216 650 1189 
2263 1532 651 1216 
2264 1532 1765 651 
2265 1765 1749 651 
2266 1814 824 652 
2267 653 654 655 
2268 1183 654 653 
2269 653 1791 1183 
2270 653 1607 1364 
2271 653 1364 1791 
2272 655 654 706 
2273 705 706 654 
2274 1183 705 654 
2275 1566 655 706 
2276 657 1620 656 
2277 656 1755 922 
2278 656 1620 1755 
2279 1406 657 859 
2280 1406 1620 657 
2281 658 659 660 
2282 930 659 658 
2283 1326 658 660 
2284 930 658 1541 
2285 1326 1783 658 
2286 1783 1541 658 
2287 930 931 659 
2288 1454 659 931 
2289 1326 660 1848 
2290 1579 660 1773 
2291 1579 1848 660 
2292 661 662 663 
2293 662 661 1869 
2294 663 920 661 
2295 919 661 920 
2296 661 919 1869 
2297 1442 663 662 
2298 1441 662 1302 
2299 1302 662 1869 
2300 1442 662 1441 
2301 663 1600 920 
2302 1121 1120 663 
2303 663 1120 1600 
2304 1442 1121 663 
2305 665 664 914 
2306 915 914 664 
2307 915 664 1369 
2308 914 1116 665 
2309 665 1175 952 
2310 665 952 1590 
2311 1175 665 1116 
2312 666 667 668 
2313 780 667 666 
2314 666 668 1690 
2315 725 781 666 
2316 1690 725 666 
2317 780 666 781 
2318 668 667 992 
2319 780 1091 667 
2320 668 992 1707 
2321 1690 668 1707 
2322 669 670 671 
2323 669 761 670 
2324 671 1485 669 
2325 669 759 761 
2326 759 669 1391 
2327 669 1515 1391 
2328 669 1485 1515 
2329 671 670 1340 
2330 670 761 1335 
2331 1340 991 671 
2332 673 672 1390 
2333 1796 1390 672 
2334 672 1412 1796 
2335 673 1390 1259 
2336 674 675 676 
2337 674 1282 675 
2338 676 1281 674 
2339 674 1281 1282 
2340 713 676 675 
2341 713 675 1164 
2342 1164 675 1165 
2343 1165 675 1282 
2344 698 700 676 
2345 713 698 676 
2346 700 1281 676 
2347 994 677 1323 
2348 677 1169 1323 
2349 678 1138 679 
2350 1138 1758 679 
2351 1758 1417 679 
2352 1899 679 1417 
2353 1047 1048 680 
2354 681 682 683 
2355 683 979 681 
2356 978 681 979 
2357 683 682 1079 
2358 1079 682 959 
2359 1275 979 683 
2360 683 1079 1570 
2361 1570 1275 683 
2362 684 685 686 
2363 684 744 685 
2364 686 1891 684 
2365 686 685 735 
2366 685 744 745 
2367 686 735 1396 
2368 837 686 838 
2369 837 1891 686 
2370 686 1396 838 
2371 687 688 689 
2372 687 1721 688 
2373 687 689 1363 
2374 1363 1693 687 
2375 1804 687 1693 
2376 1721 687 1804 
2377 689 688 1714 
2378 1580 1529 688 
2379 1580 688 1721 
2380 689 843 1051 
2381 689 1714 843 
2382 1363 689 1051 
2383 691 1538 690 
2384 1538 691 1010 
2385 1010 691 1862 
2386 693 694 695 
2387 694 693 920 
2388 886 693 695 
2389 886 1662 693 
2390 919 920 693 
2391 693 1662 919 
2392 694 1570 695 
2393 694 920 1677 
2394 694 1677 1570 
2395 695 1079 886 
2396 1079 695 1570 
2397 697 696 1018 
2398 1018 696 1545 
2399 1545 696 1673 
2400 696 1672 1673 
2401 697 1266 947 
2402 1265 697 1018 
2403 1265 1266 697 
2404 698 699 700 
2405 699 698 1876 
2406 713 1800 698 
2407 1876 698 1800 
2408 1546 700 699 
2409 699 1876 1778 
2410 700 842 1281 
2411 1547 842 700 
2412 1546 1547 700 
2413 740 702 701 
2414 740 701 1764 
2415 1070 702 740 
2416 1070 1278 702 
2417 865 704 703 
2418 1728 704 1452 
2419 706 705 1686 
2420 1183 1791 705 
2421 1900 705 1530 
2422 705 1791 1686 
2423 1088 707 741 
2424 708 709 710 
2425 708 1682 709 
2426 710 1734 708 
2427 823 822 708 
2428 708 822 1682 
2429 823 708 1734 
2430 709 1501 1203 
2431 1501 709 1682 
2432 1499 711 712 
2433 1498 711 1499 
2434 1498 1865 711 
2435 1137 1460 712 
2436 712 1460 1461 
2437 712 1461 1499 
2438 817 713 1164 
2439 1801 713 817 
2440 1800 713 1801 
2441 714 1387 715 
2442 1501 714 1203 
2443 714 1762 1203 
2444 714 1501 1387 
2445 714 1635 1762 
2446 716 1749 1765 
2447 1769 1749 716 
2448 891 717 1866 
2449 1534 928 717 
2450 928 1866 717 
2451 718 719 720 
2452 719 718 1464 
2453 720 729 718 
2454 718 729 728 
2455 1514 718 728 
2456 1464 718 1514 
2457 720 719 1201 
2458 719 1858 1201 
2459 720 1239 729 
2460 720 1201 1200 
2461 720 1200 1239 
2462 721 1290 977 
2463 1722 791 722 
2464 722 847 1722 
2465 723 724 725 
2466 723 1627 724 
2467 723 725 1813 
2468 723 1626 1627 
2469 781 725 724 
2470 781 724 1627 
2471 725 1717 921 
2472 921 1813 725 
2473 1690 1717 725 
2474 1215 727 726 
2475 727 1214 891 
2476 1214 727 1215 
2477 728 729 730 
2478 728 730 929 
2479 728 759 1391 
2480 1514 728 1391 
2481 729 1239 730 
2482 730 1486 929 
2483 730 1239 1403 
2484 731 784 1012 
2485 733 734 735 
2486 733 1796 734 
2487 1397 735 734 
2488 1475 1397 734 
2489 1475 734 1796 
2490 1396 735 1397 
2491 738 773 739 
2492 1613 773 738 
2493 1126 970 738 
2494 740 1034 1348 
2495 1034 740 1764 
2496 1070 740 1741 
2497 1741 740 1348 
2498 1086 1088 741 
2499 1273 1086 741 
2500 741 1271 1273 
2501 1271 741 1532 
2502 1013 742 1897 
2503 1897 742 1029 
2504 1453 745 744 
2505 1453 1661 745 
2506 1661 1660 745 
2507 746 747 748 
2508 746 961 747 
2509 746 748 755 
2510 755 1735 746 
2511 1735 961 746 
2512 748 747 1098 
2513 961 962 747 
2514 962 1098 747 
2515 748 754 755 
2516 748 1153 754 
2517 748 1098 1863 
2518 748 1370 1153 
2519 748 1863 1370 
2520 887 749 750 
2521 750 783 848 
2522 1853 783 750 
2523 887 750 848 
2524 751 752 753 
2525 751 753 1288 
2526 751 802 801 
2527 751 801 1832 
2528 802 751 1288 
2529 1552 753 752 
2530 752 1372 1269 
2531 1269 1552 752 
2532 1288 753 1564 
2533 1564 753 1552 
2534 755 754 1275 
2535 1153 979 754 
2536 1275 754 979 
2537 1854 755 1275 
2538 1854 1735 755 
2539 756 757 758 
2540 756 758 1234 
2541 1210 756 1234 
2542 1210 1335 756 
2543 758 757 1523 
2544 1575 1234 758 
2545 1549 758 1523 
2546 1549 1575 758 
2547 759 760 761 
2548 763 762 1731 
2549 1730 1731 762 
2550 1020 1022 763 
2551 1020 763 1864 
2552 763 1731 1864 
2553 894 896 764 
2554 1153 764 896 
2555 1151 764 1153 
2556 1168 764 1151 
2557 765 1120 1119 
2558 765 1119 1649 
2559 765 1649 1144 
2560 1146 1147 766 
2561 1147 1492 766 
2562 1494 766 1492 
2563 1157 768 1644 
2564 921 1717 770 
2565 1709 770 1690 
2566 1690 770 1717 
2567 1835 772 771 
2568 1440 995 771 
2569 1835 771 995 
2570 772 1672 1301 
2571 772 1673 1672 
2572 772 1835 1673 
2573 1613 1872 773 
2574 774 775 1823 
2575 1308 774 1433 
2576 774 1308 1455 
2577 1823 1433 774 
2578 1304 1290 775 
2579 776 777 778 
2580 776 778 1300 
2581 1384 776 1300 
2582 778 777 1437 
2583 778 973 1300 
2584 1437 973 778 
2585 779 780 781 
2586 779 1551 780 
2587 781 1627 779 
2588 1551 779 1008 
2589 782 848 783 
2590 782 1685 848 
2591 782 855 1685 
2592 782 1703 855 
2593 1853 1733 783 
2594 784 785 786 
2595 1012 784 786 
2596 786 785 932 
2597 932 785 1701 
2598 785 1676 1701 
2599 932 934 786 
2600 934 1026 786 
2601 1026 1012 786 
2602 787 788 789 
2603 787 789 1077 
2604 1319 789 788 
2605 1075 1077 789 
2606 790 791 792 
2607 791 790 1572 
2608 790 792 1072 
2609 790 1073 993 
2610 993 1323 790 
2611 790 1072 1073 
2612 1323 1572 790 
2613 792 791 1722 
2614 1072 792 1622 
2615 1622 792 1785 
2616 1722 1785 792 
2617 807 809 793 
2618 1074 807 793 
2619 1016 1017 793 
2620 1074 793 1017 
2621 794 795 796 
2622 794 1825 795 
2623 796 1771 794 
2624 1327 794 1771 
2625 879 796 885 
2626 796 879 1771 
2627 796 923 885 
2628 1032 1033 797 
2629 1032 797 1181 
2630 799 1202 800 
2631 1447 799 984 
2632 799 1446 1202 
2633 799 1447 1446 
2634 1701 821 800 
2635 1202 1701 800 
2636 801 802 803 
2637 803 1533 801 
2638 1533 1191 801 
2639 1191 1832 801 
2640 1439 803 802 
2641 803 1114 918 
2642 803 1439 1114 
2643 804 805 806 
2644 805 804 1360 
2645 806 1689 804 
2646 1360 804 831 
2647 831 804 1689 
2648 1633 806 805 
2649 1251 805 1362 
2650 1251 1633 805 
2651 805 1360 1362 
2652 806 1462 1463 
2653 806 1633 1462 
2654 1576 806 1463 
2655 1689 806 1576 
2656 807 808 809 
2657 807 1317 808 
2658 1074 1082 807 
2659 1317 807 1082 
2660 987 809 808 
2661 987 808 1790 
2662 1225 808 1317 
2663 808 1890 1790 
2664 1042 809 987 
2665 994 810 907 
2666 993 810 994 
2667 810 993 1073 
2668 811 1188 1189 
2669 1165 812 1164 
2670 813 814 815 
2671 813 1112 814 
2672 813 815 1036 
2673 1112 813 1036 
2674 912 815 814 
2675 911 912 814 
2676 1488 911 814 
2677 814 1112 1816 
2678 1816 1488 814 
2679 815 912 1512 
2680 1036 815 1849 
2681 1512 1849 815 
2682 817 1164 818 
2683 819 820 821 
2684 820 819 1429 
2685 819 821 1676 
2686 1359 820 1429 
2687 1701 1676 821 
2688 822 823 824 
2689 824 1814 822 
2690 1646 824 823 
2691 1646 823 1498 
2692 823 1734 1498 
2693 825 1886 989 
2694 1647 825 1646 
2695 1886 825 1647 
2696 826 827 828 
2697 828 1808 826 
2698 1807 826 1808 
2699 828 827 1011 
2700 828 1011 880 
2701 828 880 1808 
2702 830 829 1205 
2703 829 1152 1205 
2704 831 832 833 
2705 832 831 1599 
2706 1360 831 833 
2707 1599 831 1689 
2708 832 1847 833 
2709 832 1599 1624 
2710 832 1624 1623 
2711 832 1623 1847 
2712 1361 833 1297 
2713 1847 1297 833 
2714 833 1361 1360 
2715 834 835 836 
2716 834 1353 835 
2717 834 836 1799 
2718 1353 834 1762 
2719 1720 836 835 
2720 995 996 835 
2721 835 1353 995 
2722 1720 835 996 
2723 1720 1513 836 
2724 1513 1799 836 
2725 837 838 1031 
2726 837 1031 1044 
2727 837 1044 1641 
2728 837 1641 1891 
2729 916 838 917 
2730 916 1031 838 
2731 917 838 1396 
2732 1699 905 839 
2733 1054 840 1055 
2734 1851 840 1054 
2735 1547 841 842 
2736 1025 1238 841 
2737 1416 1025 841 
2738 1547 1416 841 
2739 843 1459 1051 
2740 844 845 846 
2741 844 847 845 
2742 844 1785 847 
2743 844 1445 1785 
2744 872 846 845 
2745 1052 846 872 
2746 1785 1722 847 
2747 887 848 1685 
2748 849 850 851 
2749 1009 850 849 
2750 1009 849 1010 
2751 1538 1010 849 
2752 851 850 1004 
2753 1497 1004 850 
2754 1496 850 1009 
2755 850 1496 1497 
2756 1003 851 1004 
2757 1003 1626 851 
2758 852 853 854 
2759 853 852 1708 
2760 852 1232 1709 
2761 852 1709 1708 
2762 853 858 854 
2763 853 1707 1226 
2764 1707 853 1708 
2765 856 855 949 
2766 949 855 1703 
2767 855 1834 1685 
2768 949 1548 856 
2769 1373 857 1199 
2770 859 860 1406 
2771 860 1109 1110 
2772 1405 860 1110 
2773 1405 1406 860 
2774 861 862 863 
2775 1368 862 861 
2776 863 1176 861 
2777 1176 1241 861 
2778 1240 861 1241 
2779 1240 1368 861 
2780 863 862 1605 
2781 1367 862 1368 
2782 1367 1516 862 
2783 862 1516 1604 
2784 862 1604 1605 
2785 1257 1176 863 
2786 1257 863 1605 
2787 866 867 868 
2788 866 868 1643 
2789 1486 866 1852 
2790 1852 866 1643 
2791 1746 1643 868 
2792 869 870 871 
2793 1289 871 870 
2794 872 937 1052 
2795 873 874 875 
2796 874 873 1443 
2797 1280 873 875 
2798 1280 1687 873 
2799 873 1473 1443 
2800 1473 873 1687 
2801 874 1039 875 
2802 874 1836 1039 
2803 874 1443 1444 
2804 874 1444 1836 
2805 1038 875 1039 
2806 1038 1179 875 
2807 875 1179 1280 
2808 1487 877 1162 
2809 878 879 880 
2810 878 1694 879 
2811 878 880 1481 
2812 1480 878 1481 
2813 1480 1695 878 
2814 1694 878 1695 
2815 880 879 988 
2816 885 988 879 
2817 879 1694 1771 
2818 1808 880 988 
2819 880 1011 1602 
2820 880 1602 1481 
2821 882 881 1640 
2822 982 1132 881 
2823 881 1132 1565 
2824 1640 881 1565 
2825 882 1163 1068 
2826 1163 882 1558 
2827 882 1362 1296 
2828 1885 882 1296 
2829 882 1640 1362 
2830 882 1885 1558 
2831 1535 884 883 
2832 1535 883 1639 
2833 1272 884 1273 
2834 884 1536 1273 
2835 884 1535 1536 
2836 1078 886 1079 
2837 886 1078 1829 
2838 886 1829 1662 
2839 1685 1834 887 
2840 1806 889 888 
2841 1342 1806 888 
2842 889 1666 1665 
2843 1665 1889 889 
2844 1806 1666 889 
2845 890 891 1214 
2846 1213 890 1214 
2847 1663 891 1404 
2848 891 1866 1404 
2849 892 1022 1630 
2850 1630 1349 892 
2851 894 895 896 
2852 980 896 895 
2853 978 980 895 
2854 896 980 1153 
2855 1638 899 976 
2856 900 1040 901 
2857 900 956 1040 
2858 902 903 904 
2859 902 1357 903 
2860 904 1675 902 
2861 902 1134 1597 
2862 902 1675 1134 
2863 1357 902 1637 
2864 902 1597 1637 
2865 903 1896 904 
2866 903 1357 1465 
2867 904 1674 1675 
2868 1896 1674 904 
2869 905 1699 1704 
2870 908 909 910 
2871 908 1071 909 
2872 908 910 1084 
2873 1071 908 1108 
2874 1108 908 1084 
2875 910 909 1705 
2876 969 909 1071 
2877 1084 910 1085 
2878 910 1705 1706 
2879 1190 911 1488 
2880 911 1190 1511 
2881 1788 1512 912 
2882 1788 912 1839 
2883 913 914 915 
2884 913 1116 914 
2885 913 915 1354 
2886 913 1117 1116 
2887 1367 1117 913 
2888 913 1354 1718 
2889 913 1718 1367 
2890 915 1669 1354 
2891 915 1369 1669 
2892 916 917 918 
2893 916 918 1114 
2894 1031 916 1114 
2895 917 1396 1398 
2896 919 1662 1869 
2897 1424 1677 920 
2898 1424 920 1856 
2899 1856 920 1600 
2900 924 936 1262 
2901 926 925 1039 
2902 1038 1039 925 
2903 1038 925 1180 
2904 926 1039 1836 
2905 928 1761 927 
2906 1404 1866 928 
2907 1761 928 1534 
2908 1486 1198 929 
2909 932 933 934 
2910 932 1446 933 
2911 932 1202 1446 
2912 1701 1202 932 
2913 1358 934 933 
2914 1446 1448 933 
2915 934 1358 1026 
2916 1520 1262 936 
2917 937 1670 1052 
2918 1106 937 1522 
2919 937 1106 1670 
2920 939 940 1830 
2921 939 1830 1372 
2922 1302 940 1478 
2923 1302 1869 940 
2924 1830 940 1662 
2925 1869 1662 940 
2926 1182 941 1223 
2927 942 943 944 
2928 943 942 1058 
2929 944 1654 942 
2930 944 1083 1522 
2931 1654 944 1522 
2932 945 946 947 
2933 1651 946 945 
2934 1266 945 947 
2935 1389 945 1266 
2936 947 946 1845 
2937 1713 1096 946 
2938 1845 946 1096 
2939 1651 1713 946 
2940 1310 948 1681 
2941 948 1820 1681 
2942 948 1727 1820 
2943 1661 1548 949 
2944 1325 1324 950 
2945 951 952 953 
2946 951 1815 952 
2947 953 1632 951 
2948 1584 1585 951 
2949 1632 1584 951 
2950 1815 951 1585 
2951 1175 953 952 
2952 1698 1590 952 
2953 1698 952 1815 
2954 953 1175 1115 
2955 953 1115 1583 
2956 1632 953 1583 
2957 954 955 956 
2958 954 1553 955 
2959 954 1877 1553 
2960 955 1318 956 
2961 1224 1225 955 
2962 1224 955 1553 
2963 1225 1318 955 
2964 1047 1040 956 
2965 1047 956 1318 
2966 957 958 959 
2967 957 1250 958 
2968 957 959 1700 
2969 1250 957 1710 
2970 1700 1710 957 
2971 958 1078 959 
2972 1078 1079 959 
2973 962 961 1680 
2974 961 1812 1680 
2975 1735 1812 961 
2976 962 1680 1518 
2977 964 965 1512 
2978 964 1512 1788 
2979 1788 1521 964 
2980 1512 965 1849 
2981 1850 1849 965 
2982 966 967 968 
2983 966 1770 967 
2984 1725 966 968 
2985 1725 1726 966 
2986 1249 968 967 
2987 1249 967 1087 
2988 967 1768 1087 
2989 1536 968 1249 
2990 968 1536 1535 
2991 1725 968 1535 
2992 970 1192 971 
2993 1126 1192 970 
2994 1192 1402 971 
2995 972 973 974 
2996 972 1300 973 
2997 1385 972 974 
2998 1385 1300 972 
2999 974 973 1809 
3000 1437 1450 973 
3001 1809 973 1450 
3002 997 1385 974 
3003 974 1809 997 
3004 1184 1016 975 
3005 975 1185 1184 
3006 977 1290 1304 
3007 978 979 980 
3008 1153 980 979 
3009 981 982 983 
3010 981 1062 982 
3011 981 983 1063 
3012 1063 1062 981 
3013 1062 1132 982 
3014 1063 983 1177 
3015 983 1537 1177 
3016 983 1444 1537 
3017 1054 1055 985 
3018 1055 1478 985 
3019 1041 1042 987 
3020 1041 987 1716 
3021 1716 987 1790 
3022 1070 990 989 
3023 1070 989 1278 
3024 1886 1278 989 
3025 1070 1741 990 
3026 1741 1413 990 
3027 1226 1707 992 
3028 994 1323 993 
3029 1440 996 995 
3030 995 1353 1634 
3031 1634 1378 995 
3032 1835 995 1378 
3033 996 1474 1720 
3034 997 998 999 
3035 998 997 1450 
3036 1385 997 999 
3037 1450 997 1809 
3038 1684 999 998 
3039 1196 1197 998 
3040 1508 1196 998 
3041 1508 998 1450 
3042 1385 999 1386 
3043 1678 1386 999 
3044 1678 999 1684 
3045 1000 1001 1002 
3046 1000 1160 1001 
3047 1000 1002 1509 
3048 1000 1208 1160 
3049 1208 1000 1286 
3050 1286 1000 1509 
3051 1001 1291 1002 
3052 1160 1161 1001 
3053 1270 1001 1161 
3054 1270 1291 1001 
3055 1291 1366 1002 
3056 1366 1365 1002 
3057 1002 1365 1509 
3058 1627 1626 1003 
3059 1006 1873 1005 
3060 1005 1873 1100 
3061 1873 1006 1194 
3062 1749 1769 1007 
3063 1145 1008 1088 
3064 1551 1008 1145 
3065 1010 1496 1009 
3066 1158 1496 1010 
3067 1158 1010 1636 
3068 1888 1636 1010 
3069 1010 1862 1888 
3070 1416 1012 1026 
3071 1204 1013 1382 
3072 1014 1207 1015 
3073 1207 1014 1782 
3074 1491 1569 1014 
3075 1569 1593 1014 
3076 1593 1782 1014 
3077 1015 1207 1209 
3078 1015 1209 1218 
3079 1217 1015 1218 
3080 1016 1184 1228 
3081 1265 1018 1383 
3082 1544 1383 1018 
3083 1544 1018 1545 
3084 1883 1745 1019 
3085 1020 1021 1022 
3086 1020 1418 1021 
3087 1417 1418 1020 
3088 1864 1417 1020 
3089 1021 1608 1022 
3090 1697 1021 1418 
3091 1609 1608 1021 
3092 1609 1021 1697 
3093 1608 1630 1022 
3094 1819 1023 1024 
3095 1819 1024 1103 
3096 1025 1416 1026 
3097 1027 1359 1028 
3098 1359 1027 1345 
3099 1029 1186 1185 
3100 1185 1897 1029 
3101 1031 1113 1044 
3102 1113 1031 1114 
3103 1032 1065 1033 
3104 1170 1065 1032 
3105 1159 1171 1032 
3106 1032 1181 1159 
3107 1170 1032 1171 
3108 1035 1036 1037 
3109 1419 1036 1035 
3110 1037 1294 1035 
3111 1294 1833 1035 
3112 1035 1833 1419 
3113 1036 1850 1037 
3114 1112 1036 1419 
3115 1849 1850 1036 
3116 1294 1037 1696 
3117 1179 1038 1180 
3118 1716 1057 1041 
3119 1044 1045 1046 
3120 1044 1113 1045 
3121 1044 1046 1641 
3122 1046 1045 1111 
3123 1111 1045 1113 
3124 1080 1046 1111 
3125 1641 1046 1642 
3126 1047 1556 1048 
3127 1556 1047 1318 
3128 1556 1082 1048 
3129 1050 1216 1049 
3130 1216 1189 1049 
3131 1050 1271 1216 
3132 1272 1271 1050 
3133 1051 1730 1363 
3134 1730 1051 1459 
3135 1053 1531 1895 
3136 1832 1851 1054 
3137 1302 1055 1303 
3138 1055 1302 1478 
3139 1062 1063 1064 
3140 1504 1062 1064 
3141 1131 1132 1062 
3142 1131 1062 1504 
3143 1878 1064 1063 
3144 1063 1177 1284 
3145 1878 1063 1284 
3146 1170 1531 1065 
3147 1563 1066 1156 
3148 1066 1786 1156 
3149 1838 1066 1563 
3150 1067 1068 1069 
3151 1068 1135 1069 
3152 1068 1163 1135 
3153 1069 1135 1674 
3154 1896 1069 1674 
3155 1472 1073 1072 
3156 1622 1472 1072 
3157 1472 1222 1073 
3158 1075 1076 1077 
3159 1732 1080 1111 
3160 1081 1200 1201 
3161 1567 1200 1081 
3162 1556 1317 1082 
3163 1106 1522 1083 
3164 1086 1087 1088 
3165 1086 1249 1087 
3166 1249 1086 1273 
3167 1145 1088 1087 
3168 1145 1087 1768 
3169 1314 1090 1312 
3170 1092 1093 1094 
3171 1431 1093 1092 
3172 1092 1094 1611 
3173 1092 1430 1431 
3174 1430 1092 1507 
3175 1092 1506 1507 
3176 1092 1611 1506 
3177 1094 1093 1355 
3178 1356 1355 1093 
3179 1431 1356 1093 
3180 1174 1611 1094 
3181 1822 1174 1094 
3182 1355 1870 1094 
3183 1870 1822 1094 
3184 1095 1096 1097 
3185 1845 1096 1095 
3186 1411 1410 1100 
3187 1873 1411 1100 
3188 1101 1102 1103 
3189 1101 1856 1102 
3190 1101 1103 1691 
3191 1101 1423 1424 
3192 1101 1691 1423 
3193 1424 1856 1101 
3194 1103 1102 1819 
3195 1600 1819 1102 
3196 1856 1600 1102 
3197 1151 1105 1104 
3198 1168 1151 1104 
3199 1104 1169 1168 
3200 1572 1169 1104 
3201 1105 1151 1370 
3202 1105 1370 1371 
3203 1105 1371 1843 
3204 1106 1107 1670 
3205 1107 1553 1877 
3206 1110 1109 1598 
3207 1645 1598 1109 
3208 1113 1114 1439 
3209 1115 1116 1117 
3210 1175 1116 1115 
3211 1115 1117 1432 
3212 1115 1432 1381 
3213 1581 1115 1381 
3214 1581 1583 1115 
3215 1368 1117 1367 
3216 1368 1432 1117 
3217 1119 1120 1121 
3218 1442 1119 1121 
3219 1441 1119 1442 
3220 1441 1649 1119 
3221 1600 1120 1819 
3222 1122 1123 1139 
3223 1124 1125 1733 
3224 1587 1320 1124 
3225 1466 1587 1124 
3226 1733 1466 1124 
3227 1125 1747 1733 
3228 1126 1784 1192 
3229 1127 1128 1129 
3230 1312 1321 1130 
3231 1336 1312 1130 
3232 1131 1565 1132 
3233 1131 1504 1505 
3234 1565 1131 1505 
3235 1133 1134 1135 
3236 1134 1133 1597 
3237 1892 1133 1135 
3238 1246 1247 1133 
3239 1246 1133 1892 
3240 1247 1597 1133 
3241 1674 1135 1134 
3242 1674 1134 1675 
3243 1135 1163 1892 
3244 1137 1136 1648 
3245 1549 1523 1136 
3246 1136 1550 1549 
3247 1137 1491 1460 
3248 1568 1491 1137 
3249 1568 1137 1648 
3250 1697 1758 1138 
3251 1775 1697 1138 
3252 1141 1142 1143 
3253 1142 1141 1606 
3254 1606 1141 1554 
3255 1142 1568 1143 
3256 1161 1142 1270 
3257 1161 1593 1142 
3258 1142 1606 1270 
3259 1142 1593 1568 
3260 1648 1143 1568 
3261 1526 1144 1649 
3262 1145 1768 1551 
3263 1500 1147 1146 
3264 1500 1561 1147 
3265 1148 1149 1150 
3266 1148 1476 1149 
3267 1148 1150 1298 
3268 1298 1657 1148 
3269 1148 1657 1476 
3270 1885 1150 1149 
3271 1476 1558 1149 
3272 1149 1558 1885 
3273 1150 1427 1298 
3274 1427 1150 1885 
3275 1151 1153 1370 
3276 1152 1186 1206 
3277 1152 1339 1186 
3278 1205 1152 1206 
3279 1154 1155 1156 
3280 1154 1156 1893 
3281 1155 1563 1156 
3282 1155 1562 1563 
3283 1754 1562 1155 
3284 1786 1787 1156 
3285 1787 1893 1156 
3286 1157 1158 1159 
3287 1157 1644 1158 
3288 1181 1157 1159 
3289 1157 1181 1382 
3290 1171 1159 1158 
3291 1171 1158 1636 
3292 1496 1158 1644 
3293 1161 1160 1782 
3294 1160 1208 1207 
3295 1207 1782 1160 
3296 1161 1782 1593 
3297 1190 1162 1187 
3298 1190 1487 1162 
3299 1892 1163 1558 
3300 1767 1165 1282 
3301 1230 1525 1167 
3302 1872 1167 1525 
3303 1872 1612 1167 
3304 1572 1323 1169 
3305 1171 1636 1170 
3306 1170 1894 1531 
3307 1894 1170 1636 
3308 1172 1173 1174 
3309 1611 1174 1173 
3310 1173 1506 1611 
3311 1256 1241 1176 
3312 1256 1176 1257 
3313 1473 1284 1177 
3314 1443 1473 1177 
3315 1443 1177 1537 
3316 1178 1179 1180 
3317 1184 1185 1186 
3318 1339 1184 1186 
3319 1228 1184 1339 
3320 1487 1190 1488 
3321 1191 1851 1832 
3322 1401 1402 1192 
3323 1784 1401 1192 
3324 1373 1199 1193 
3325 1841 1411 1194 
3326 1873 1194 1411 
3327 1197 1196 1297 
3328 1196 1298 1297 
3329 1508 1298 1196 
3330 1847 1197 1297 
3331 1847 1664 1197 
3332 1328 1333 1198 
3333 1328 1198 1852 
3334 1486 1852 1198 
3335 1239 1200 1403 
3336 1567 1403 1200 
3337 1207 1208 1209 
3338 1332 1209 1208 
3339 1218 1209 1760 
3340 1332 1760 1209 
3341 1210 1211 1212 
3342 1542 1211 1210 
3343 1335 1210 1212 
3344 1210 1234 1542 
3345 1212 1211 1550 
3346 1542 1543 1211 
3347 1543 1550 1211 
3348 1213 1214 1215 
3349 1500 1601 1213 
3350 1271 1532 1216 
3351 1217 1218 1227 
3352 1766 1227 1218 
3353 1759 1218 1760 
3354 1759 1766 1218 
3355 1219 1857 1220 
3356 1219 1237 1857 
3357 1390 1220 1857 
3358 1221 1222 1472 
3359 1231 1221 1445 
3360 1785 1445 1221 
3361 1622 1221 1472 
3362 1622 1785 1221 
3363 1225 1317 1318 
3364 1227 1420 1589 
3365 1420 1227 1766 
3366 1228 1339 1705 
3367 1428 1230 1229 
3368 1525 1230 1428 
3369 1233 1232 1729 
3370 1234 1575 1542 
3371 1235 1236 1237 
3372 1236 1235 1326 
3373 1235 1237 1540 
3374 1235 1783 1326 
3375 1539 1235 1540 
3376 1235 1539 1783 
3377 1237 1236 1260 
3378 1259 1260 1236 
3379 1326 1259 1236 
3380 1237 1260 1857 
3381 1240 1241 1242 
3382 1240 1242 1381 
3383 1368 1240 1432 
3384 1381 1432 1240 
3385 1818 1242 1241 
3386 1256 1818 1241 
3387 1347 1582 1242 
3388 1347 1242 1818 
3389 1381 1242 1581 
3390 1242 1582 1581 
3391 1243 1244 1245 
3392 1295 1243 1245 
3393 1282 1243 1767 
3394 1294 1245 1244 
3395 1817 1294 1244 
3396 1244 1874 1817 
3397 1294 1295 1245 
3398 1246 1477 1247 
3399 1476 1477 1246 
3400 1558 1476 1246 
3401 1892 1558 1246 
3402 1803 1247 1477 
3403 1824 1597 1247 
3404 1247 1803 1793 
3405 1824 1247 1793 
3406 1536 1249 1273 
3407 1616 1311 1250 
3408 1251 1252 1253 
3409 1252 1251 1640 
3410 1251 1253 1633 
3411 1251 1362 1640 
3412 1253 1252 1565 
3413 1640 1565 1252 
3414 1633 1253 1462 
3415 1565 1505 1253 
3416 1255 1256 1257 
3417 1880 1256 1255 
3418 1778 1255 1257 
3419 1255 1778 1876 
3420 1875 1255 1876 
3421 1875 1880 1255 
3422 1818 1256 1880 
3423 1257 1605 1778 
3424 1667 1258 1595 
3425 1666 1258 1667 
3426 1748 1258 1666 
3427 1259 1390 1260 
3428 1326 1848 1259 
3429 1260 1390 1857 
3430 1262 1263 1264 
3431 1262 1520 1263 
3432 1520 1776 1263 
3433 1372 1828 1269 
3434 1291 1270 1606 
3435 1271 1272 1273 
3436 1570 1677 1275 
3437 1677 1854 1275 
3438 1826 1277 1276 
3439 1276 1825 1826 
3440 1886 1871 1278 
3441 1388 1279 1306 
3442 1279 1388 1639 
3443 1280 1285 1687 
3444 1285 1280 1729 
3445 1283 1284 1285 
3446 1283 1879 1284 
3447 1283 1780 1631 
3448 1879 1283 1631 
3449 1284 1687 1285 
3450 1687 1284 1473 
3451 1878 1284 1879 
3452 1503 1405 1286 
3453 1286 1509 1503 
3454 1287 1288 1564 
3455 1618 1287 1564 
3456 1291 1292 1293 
3457 1292 1291 1592 
3458 1366 1291 1293 
3459 1592 1291 1606 
3460 1292 1774 1293 
3461 1592 1659 1292 
3462 1292 1659 1774 
3463 1293 1425 1366 
3464 1293 1530 1425 
3465 1530 1293 1517 
3466 1517 1293 1774 
3467 1294 1696 1295 
3468 1817 1833 1294 
3469 1296 1297 1298 
3470 1296 1361 1297 
3471 1296 1298 1427 
3472 1296 1362 1361 
3473 1296 1427 1885 
3474 1508 1657 1298 
3475 1299 1488 1816 
3476 1384 1300 1385 
3477 1302 1303 1441 
3478 1526 1441 1303 
3479 1305 1306 1307 
3480 1388 1306 1305 
3481 1308 1309 1310 
3482 1308 1426 1309 
3483 1681 1308 1310 
3484 1426 1308 1433 
3485 1308 1681 1455 
3486 1312 1313 1314 
3487 1313 1312 1336 
3488 1521 1314 1313 
3489 1521 1901 1314 
3490 1400 1316 1315 
3491 1400 1315 1436 
3492 1436 1315 1571 
3493 1400 1776 1316 
3494 1520 1316 1776 
3495 1318 1317 1556 
3496 1587 1586 1320 
3497 1831 1320 1586 
3498 1603 1444 1324 
3499 1327 1479 1451 
3500 1327 1771 1479 
3501 1328 1392 1329 
3502 1643 1392 1328 
3503 1852 1643 1328 
3504 1399 1329 1392 
3505 1399 1400 1329 
3506 1436 1329 1400 
3507 1369 1330 1669 
3508 1337 1338 1380 
3509 1338 1837 1380 
3510 1422 1544 1338 
3511 1338 1544 1545 
3512 1338 1545 1837 
3513 1705 1339 1706 
3514 1342 1343 1344 
3515 1342 1344 1805 
3516 1805 1806 1342 
3517 1347 1818 1348 
3518 1741 1348 1880 
3519 1880 1348 1818 
3520 1350 1351 1352 
3521 1350 1423 1351 
3522 1352 1557 1350 
3523 1350 1424 1423 
3524 1811 1424 1350 
3525 1811 1350 1557 
3526 1351 1470 1352 
3527 1671 1351 1423 
3528 1671 1470 1351 
3529 1495 1352 1470 
3530 1680 1352 1495 
3531 1352 1680 1557 
3532 1634 1353 1635 
3533 1353 1762 1635 
3534 1355 1356 1357 
3535 1355 1357 1637 
3536 1355 1637 1870 
3537 1465 1357 1356 
3538 1356 1431 1465 
3539 1360 1361 1362 
3540 1364 1365 1366 
3541 1364 1607 1365 
3542 1364 1366 1425 
3543 1364 1425 1791 
3544 1509 1365 1510 
3545 1510 1365 1607 
3546 1367 1718 1516 
3547 1370 1863 1371 
3548 1828 1372 1830 
3549 1375 1376 1377 
3550 1376 1375 1870 
3551 1377 1753 1375 
3552 1753 1870 1375 
3553 1794 1377 1376 
3554 1637 1597 1376 
3555 1376 1597 1824 
3556 1376 1870 1637 
3557 1793 1794 1376 
3558 1824 1793 1376 
3559 1751 1738 1377 
3560 1753 1377 1738 
3561 1751 1377 1842 
3562 1794 1842 1377 
3563 1378 1379 1380 
3564 1378 1634 1379 
3565 1378 1380 1837 
3566 1835 1378 1837 
3567 1380 1379 1693 
3568 1881 1379 1634 
3569 1693 1379 1804 
3570 1804 1379 1881 
3571 1544 1882 1383 
3572 1384 1385 1386 
3573 1678 1679 1386 
3574 1388 1726 1639 
3575 1391 1515 1514 
3576 1392 1393 1394 
3577 1392 1643 1393 
3578 1399 1392 1394 
3579 1393 1668 1394 
3580 1588 1393 1643 
3581 1668 1393 1588 
3582 1452 1394 1668 
3583 1396 1397 1398 
3584 1398 1397 1475 
3585 1776 1400 1399 
3586 1784 1792 1401 
3587 1663 1404 1779 
3588 1405 1503 1406 
3589 1406 1503 1620 
3590 1407 1408 1409 
3591 1407 1409 1573 
3592 1408 1471 1409 
3593 1408 1469 1471 
3594 1469 1408 1692 
3595 1471 1763 1409 
3596 1475 1796 1412 
3597 1741 1859 1413 
3598 1859 1860 1413 
3599 1428 1415 1414 
3600 1525 1428 1414 
3601 1872 1525 1414 
3602 1416 1547 1619 
3603 1758 1418 1417 
3604 1417 1789 1458 
3605 1417 1458 1899 
3606 1864 1789 1417 
3607 1697 1418 1758 
3608 1419 1833 1740 
3609 1589 1420 1871 
3610 1766 1759 1420 
3611 1882 1422 1421 
3612 1489 1490 1421 
3613 1421 1745 1489 
3614 1490 1882 1421 
3615 1544 1422 1882 
3616 1691 1671 1423 
3617 1811 1677 1424 
3618 1686 1425 1530 
3619 1686 1791 1425 
3620 1574 1596 1435 
3621 1779 1435 1596 
3622 1449 1437 1438 
3623 1437 1449 1450 
3624 1449 1438 1803 
3625 1803 1438 1842 
3626 1438 1810 1842 
3627 1526 1649 1441 
3628 1444 1443 1537 
3629 1603 1836 1444 
3630 1446 1447 1448 
3631 1450 1449 1658 
3632 1449 1803 1658 
3633 1450 1658 1508 
3634 1694 1451 1479 
3635 1694 1695 1451 
3636 1452 1668 1468 
3637 1728 1452 1468 
3638 1453 1548 1661 
3639 1681 1820 1455 
3640 1455 1820 1887 
3641 1846 1456 1560 
3642 1457 1458 1459 
3643 1789 1459 1458 
3644 1730 1459 1789 
3645 1491 1461 1460 
3646 1720 1474 1464 
3647 1513 1464 1514 
3648 1720 1464 1513 
3649 1466 1467 1468 
3650 1466 1733 1467 
3651 1587 1466 1468 
3652 1728 1468 1467 
3653 1733 1853 1467 
3654 1587 1468 1668 
3655 1469 1470 1471 
3656 1495 1470 1469 
3657 1495 1469 1898 
3658 1898 1469 1692 
3659 1470 1671 1471 
3660 1471 1671 1763 
3661 1657 1477 1476 
3662 1657 1658 1477 
3663 1803 1477 1658 
3664 1694 1479 1771 
3665 1480 1481 1840 
3666 1840 1481 1602 
3667 1482 1483 1484 
3668 1623 1483 1482 
3669 1482 1664 1623 
3670 1623 1625 1483 
3671 1485 1513 1515 
3672 1485 1799 1513 
3673 1750 1490 1489 
3674 1489 1745 1883 
3675 1750 1489 1883 
3676 1568 1569 1491 
3677 1492 1493 1494 
3678 1494 1493 1653 
3679 1713 1653 1493 
3680 1494 1653 1652 
3681 1680 1495 1518 
3682 1495 1898 1518 
3683 1496 1644 1497 
3684 1498 1499 1647 
3685 1646 1498 1647 
3686 1498 1734 1865 
3687 1500 1846 1561 
3688 1503 1509 1798 
3689 1503 1755 1620 
3690 1503 1798 1755 
3691 1657 1508 1658 
3692 1510 1798 1509 
3693 1513 1514 1515 
3694 1756 1757 1517 
3695 1756 1517 1774 
3696 1821 1518 1898 
3697 1788 1901 1521 
3698 1580 1528 1529 
3699 1874 1529 1740 
3700 1531 1894 1895 
3701 1757 1761 1534 
3702 1639 1725 1535 
3703 1539 1540 1844 
3704 1539 1844 1615 
3705 1889 1844 1540 
3706 1542 1575 1543 
3707 1543 1549 1550 
3708 1575 1549 1543 
3709 1673 1837 1545 
3710 1547 1546 1619 
3711 1564 1552 1618 
3712 1554 1555 1591 
3713 1591 1592 1554 
3714 1606 1554 1592 
3715 1680 1812 1557 
3716 1557 1812 1811 
3717 1561 1846 1560 
3718 1563 1562 1802 
3719 1563 1802 1838 
3720 1568 1593 1569 
3721 1576 1577 1578 
3722 1577 1576 1585 
3723 1689 1576 1578 
3724 1577 1599 1578 
3725 1584 1577 1585 
3726 1624 1599 1577 
3727 1599 1689 1578 
3728 1581 1582 1583 
3729 1586 1587 1588 
3730 1746 1586 1588 
3731 1587 1668 1588 
3732 1746 1588 1643 
3733 1724 1589 1886 
3734 1886 1589 1871 
3735 1591 1656 1592 
3736 1591 1655 1656 
3737 1592 1656 1659 
3738 1663 1779 1596 
3739 1727 1605 1604 
3740 1727 1604 1820 
3741 1887 1820 1604 
3742 1608 1609 1610 
3743 1630 1608 1610 
3744 1630 1610 1628 
3745 1737 1628 1610 
3746 1612 1613 1614 
3747 1613 1612 1872 
3748 1867 1615 1844 
3749 1616 1617 1618 
3750 1623 1624 1625 
3751 1664 1847 1623 
3752 1628 1629 1630 
3753 1628 1752 1629 
3754 1737 1752 1628 
3755 1629 1752 1702 
3756 1881 1634 1855 
3757 1894 1636 1888 
3758 1726 1725 1639 
3759 1642 1891 1641 
3760 1724 1886 1647 
3761 1651 1652 1653 
3762 1713 1651 1653 
3763 1829 1828 1662 
3764 1828 1830 1662 
3765 1665 1666 1667 
3766 1665 1667 1867 
3767 1889 1665 1867 
3768 1806 1748 1666 
3769 1763 1671 1691 
3770 1835 1837 1673 
3771 1677 1811 1854 
3772 1707 1709 1690 
3773 1821 1898 1692 
3774 1751 1702 1752 
3775 1751 1842 1702 
3776 1810 1702 1842 
3777 1707 1708 1709 
3778 1712 1711 1743 
3779 1715 1716 1790 
3780 1881 1721 1804 
3781 1881 1855 1721 
3782 1723 1893 1787 
3783 1789 1731 1730 
3784 1864 1731 1789 
3785 1811 1812 1735 
3786 1735 1854 1811 
3787 1751 1737 1738 
3788 1752 1737 1751 
3789 1833 1817 1740 
3790 1817 1874 1740 
3791 1880 1859 1741 
3792 1806 1805 1748 
3793 1838 1748 1805 
3794 1753 1822 1870 
3795 1757 1756 1797 
3796 1797 1761 1757 
3797 1839 1901 1788 
3798 1794 1793 1803 
3799 1794 1803 1842 
3800 1800 1801 1860 
3801 1875 1800 1860 
3802 1875 1876 1800 
3803 1889 1867 1844 
3804 1875 1860 1859 
3805 1875 1859 1880 
3806 1888 1862 1895 
3807 1888 1895 1894 
3 1 4 6011
3808 215 1438 1810 753 
3809 1113 1114 128 1439 
3810 1233 540 270 1388 
3811 959 957 1700 1916 
3812 25 1323 1572 790 
3813 1610 1737 1752 1628 
3814 405 1614 941 1223 
3815 1194 325 1533 803 
3816 857 400 618 402 
3817 25 1323 790 8 
3818 1391 532 533 534 
3819 50 1223 1614 1905 
3820 1429 45 90 407 
3821 1417 1458 1045 1899 
3822 440 713 441 964 
3823 1388 540 270 269 
3824 606 605 740 1495 
3825 14 13 101 593 
3826 1355 1357 1356 1907 
3827 270 540 1233 1729 
3828 1357 1355 1637 1907 
3829 1535 1639 1497 1725 
3830 232 1050 449 1272 
3831 1194 918 325 803 
3832 606 84 605 1495 
3833 316 899 898 1911 
3834 670 761 669 1917 
3835 571 884 1273 1272 
3836 1391 760 533 1917 
3837 53 52 670 1340 
3838 809 97 98 1042 
3839 250 252 251 1909 
3840 614 1233 540 1729 
3841 204 206 205 889 
3842 1000 183 1120 765 
3843 1028 1614 50 1223 
3844 444 90 45 407 
3845 1076 95 738 340 
3846 1102 1856 1101 306 
3847 168 170 169 1915 
3848 1883 127 1114 1750 
3849 244 868 1746 1586 
3850 584 671 669 1340 
3851 997 1385 939 974 
3852 90 91 1429 407 
3853 1717 921 189 1627 
3854 1355 1356 188 1907 
3855 1429 141 142 819 
3856 1232 1233 270 1726 
3857 1114 128 126 127 
3858 605 357 740 1495 
3859 220 222 221 1363 
3860 967 966 968 779 
3861 1810 1842 1610 1609 
3862 176 1375 1174 1172 
3863 1417 1458 1789 1045 
3864 95 94 738 340 
3865 1324 368 1325 873 
3866 1151 1590 664 1370 
3867 1391 669 760 1917 
3868 249 1590 248 764 
3869 77 491 918 1873 
3870 970 1126 738 367 
3871 1177 1473 983 981 
3872 1540 1889 206 1237 
3873 738 38 95 1076 
3874 770 921 189 1717 
3875 1081 17 18 1125 
3876 1840 880 1602 1481 
3877 528 1357 1637 1907 
3878 258 182 181 732 
3879 1111 1417 1418 1045 
3880 1065 1032 1033 594 
3881 1429 180 141 819 
3882 740 1034 605 606 
3883 959 1700 195 1916 
3884 1609 282 281 1287 
3885 1356 1431 188 1907 
3886 1879 1902 938 1908 
3887 957 1135 1250 1710 
3888 346 349 1118 347 
3889 1690 457 668 458 
3890 491 77 1100 1873 
3891 301 225 1307 368 
3892 90 168 45 1429 
3893 901 21 19 359 
3894 1525 1414 1428 1907 
3895 483 991 782 584 
3896 455 760 761 1917 
3897 345 271 1650 1919 
3898 264 263 734 1845 
3899 1614 1906 1905 1912 
3900 1398 917 291 1265 
3901 873 1324 1687 1325 
3902 319 1595 1667 1260 
3903 322 927 1761 321 
3904 259 182 258 732 
3905 1905 1906 468 1912 
3906 1879 938 1283 1908 
3907 168 43 45 1429 
3908 599 600 1768 1551 
3909 606 1347 84 1495 
3910 1346 354 352 980 
3911 1797 1900 83 1756 
3912 765 1120 1000 1119 
3913 991 671 782 584 
3914 353 352 354 980 
3915 1409 1227 1871 1886 
3916 1717 725 1627 1003 
3917 1201 1403 1081 1125 
3918 957 1068 1135 1916 
3919 1650 347 345 1919 
3920 517 1007 42 1769 
3921 370 850 1496 1639 
3922 1627 189 1717 1003 
3923 588 589 1806 1220 
3924 1179 849 1178 1180 
3925 91 90 444 407 
3926 1395 1905 468 1912 
3927 54 394 393 1736 
3928 1334 249 353 352 
3929 319 1667 32 1260 
3930 970 367 738 1905 
3931 825 1409 1871 1886 
3932 622 878 1695 1694 
3933 529 1287 282 1793 
3934 1446 976 177 1913 
3935 1421 1490 1489 837 
3936 719 729 720 1858 
3937 1778 1605 1257 1521 
3938 76 77 1383 291 
3939 1723 1787 1660 471 
3940 366 738 367 1905 
3941 1465 1430 1431 1907 
3942 820 460 187 1359 
3943 1007 1532 42 1765 
3944 287 1376 1375 1911 
3945 186 1355 188 1907 
3946 1388 270 1233 1726 
3947 1114 128 1439 126 
3948 1465 1906 1430 1907 
3949 1628 1702 1752 1608 
3950 50 468 49 1905 
3951 281 1609 1810 1608 
3952 1220 1219 588 1857 
3953 472 1081 18 1125 
3954 869 1118 347 1919 
3955 1219 588 1806 1220 
3956 877 1701 820 821 
3957 45 90 444 1915 
3958 414 1464 1660 1474 
3959 349 370 1496 1639 
3960 1275 1677 1585 1854 
3961 1063 1902 1879 1908 
3962 1628 1752 1610 1608 
3963 182 1058 732 343 
3964 95 1076 38 1918 
3965 319 1390 1595 1260 
3966 368 1603 873 1324 
3967 141 142 180 1429 
3968 463 221 222 1363 
3969 275 277 963 1777 
3970 1417 1418 1758 1111 
3971 584 782 483 848 
3972 1878 1879 1063 1902 
3973 1075 1076 95 1918 
3974 460 1359 1906 1907 
3975 1284 1473 1177 981 
3976 1496 850 1497 1639 
3977 806 695 1576 1904 
3978 738 339 366 367 
3979 1273 1086 707 741 
3980 1797 1517 1900 1756 
3981 1810 1287 1842 1609 
3982 1858 729 720 1125 
3983 1199 546 402 764 
3984 1393 1587 1668 1588 
3985 460 187 1359 1907 
3986 201 555 553 554 
3987 448 347 1650 1910 
3988 1802 164 488 589 
3989 896 249 248 764 
3990 851 850 849 1178 
3991 528 144 1428 1907 
3992 319 32 1390 1260 
3993 1713 1653 1651 1095 
3994 1397 1673 696 1672 
3995 258 181 257 732 
3996 738 1905 366 1912 
3997 181 43 180 258 
3998 1288 1564 753 1810 
3999 820 1429 941 1359 
4000 983 981 1473 1908 
4001 88 1502 416 1919 
4002 1170 1894 1895 1531 
4003 95 38 93 1918 
4004 720 729 719 718 
4005 1505 1131 500 1504 
4006 1845 734 264 1095 
4007 614 850 370 1639 
4008 980 354 683 1904 
4009 732 1058 1426 343 
4010 883 1496 1497 1639 
4011 93 371 95 1918 
4012 288 315 317 1447 
4013 315 288 678 1447 
4014 1692 1408 1469 990 
4015 1227 1871 1886 1589 
4016 181 182 1058 732 
4017 389 731 182 1162 
4018 1287 175 1610 1609 
4019 895 541 1283 300 
4020 1430 1465 903 1906 
4021 1799 483 782 1513 
4022 182 181 180 258 
4023 1091 599 601 333 
4024 54 53 52 1736 
4025 92 444 90 1915 
4026 740 1034 357 605 
4027 1239 720 729 1125 
4028 1166 64 165 621 
4029 1063 981 1064 1902 
4030 1190 911 1511 1026 
4031 1348 606 740 1495 
4032 784 180 731 1162 
4033 162 164 590 1220 
4034 43 180 258 259 
4035 528 1907 1637 1911 
4036 263 1397 734 947 
4037 1780 1283 1631 895 
4038 820 876 877 821 
4039 738 340 94 1912 
4040 1667 1665 1867 1260 
4041 182 389 1162 1187 
4042 353 352 980 896 
4043 1179 1254 243 875 
4044 801 1533 803 630 
4045 1867 32 1667 1260 
4046 589 588 590 1220 
4047 1201 1081 472 1125 
4048 1614 1028 941 1223 
4049 1219 1666 588 1857 
4050 483 782 991 1799 
4051 1298 1657 1150 1148 
4052 366 1905 1395 1912 
4053 1687 1284 1285 1283 
4054 180 182 731 1162 
4055 90 92 91 444 
4056 1243 105 106 1244 
4057 1287 1610 1842 1609 
4058 1729 1285 159 540 
4059 1136 53 553 1335 
4060 1390 1220 588 1857 
4061 1388 1233 614 1726 
4062 1872 903 1906 1912 
4063 278 353 1590 249 
4064 258 180 182 259 
4065 1665 588 1666 1857 
4066 1219 1665 1666 1857 
4067 1845 263 734 947 
4068 1397 1672 696 263 
4069 589 1802 164 590 
4070 1178 614 189 1004 
4071 1063 981 1902 1908 
4072 1070 990 702 1278 
4073 509 43 168 1429 
4074 1063 1064 1878 1902 
4075 1741 1898 1518 1348 
4076 1066 164 488 1802 
4077 443 444 92 1915 
4078 1857 1867 1665 1260 
4079 941 460 820 1359 
4080 837 1745 1489 1421 
4081 851 850 1178 1004 
4082 1062 1064 981 1902 
4083 1173 1355 186 1911 
4084 662 1441 1405 1442 
4085 1493 1494 1653 1492 
4086 1858 719 729 1660 
4087 1689 1576 695 1578 
4088 509 508 820 460 
4089 1354 1669 915 664 
4090 732 389 182 343 
4091 460 187 508 820 
4092 389 182 731 732 
4093 186 1911 1907 1913 
4094 181 180 43 418 
4095 1810 1702 1628 1608 
4096 614 615 1726 1233 
4097 175 1287 1610 1842 
4098 1650 1910 347 1919 
4099 1173 1506 186 1355 
4100 991 782 671 1799 
4101 1064 501 1878 1902 
4102 520 717 1534 1797 
4103 1651 1796 734 1095 
4104 1717 189 770 456 
4105 530 528 1229 1637 
4106 271 1910 1650 1919 
4107 980 1346 354 1904 
4108 918 1383 77 291 
4109 186 1907 645 1913 
4110 1003 189 1717 456 
4111 1582 1347 1898 1495 
4112 1395 49 468 1905 
4113 1058 257 181 732 
4114 1802 1563 1066 590 
4115 1490 1031 1489 837 
4116 448 883 347 1910 
4117 1465 1430 903 561 
4118 876 509 820 877 
4119 211 210 212 1071 
4120 1217 1014 1015 313 
4121 448 1644 883 1910 
4122 222 220 1730 1363 
4123 1377 1376 1375 1753 
4124 1898 1348 740 1495 
4125 1635 714 855 613 
4126 1107 60 445 1877 
4127 1529 688 220 1528 
4128 980 896 1346 1902 
4129 1113 1114 1031 128 
4130 611 1758 1697 1418 
4131 1299 934 1488 178 
4132 1151 1153 1590 1370 
4133 488 1838 1802 589 
4134 356 355 1495 531 
4135 1430 1906 903 1912 
4136 645 1907 187 1913 
4137 90 941 1429 1359 
4138 1446 177 933 1448 
4139 353 249 1334 896 
4140 138 140 139 1109 
4141 725 456 1003 1717 
4142 1347 1582 84 1495 
4143 1028 1614 941 1906 
4144 990 1408 702 1278 
4145 181 44 43 258 
4146 734 733 264 1095 
4147 1193 546 1199 764 
4148 1236 32 1260 1259 
4149 488 200 1805 1806 
4150 1473 981 1284 1908 
4151 1049 425 428 1189 
4152 259 731 182 732 
4153 1118 640 224 1916 
4154 1064 1062 500 1902 
4155 1806 1666 588 1219 
4156 1058 2 257 732 
4157 188 1431 1430 1907 
4158 575 577 692 960 
4159 614 1178 850 1004 
4160 1195 250 364 1915 
4161 1028 50 161 1223 
4162 1258 588 1665 1667 
4163 1375 176 287 1172 
4164 1341 1066 1156 590 
4165 729 1858 1660 1125 
4166 980 1902 1346 1904 
4167 520 1534 1757 1797 
4168 804 1689 806 695 
4169 1426 2 1058 732 
4170 144 1167 1230 1907 
4171 187 460 508 1907 
4172 508 820 646 821 
4173 1609 283 1021 1608 
4174 745 1787 1723 1893 
4175 1858 472 1660 1125 
4176 1380 303 1379 1378 
4177 1881 303 1855 1634 
4178 347 1118 346 1919 
4179 584 991 671 1340 
4180 1786 1156 1787 1341 
4181 339 738 366 1912 
4182 1028 941 1359 1906 
4183 1430 903 561 1912 
4184 1725 968 966 557 
4185 1666 1258 588 1665 
4186 646 821 800 1913 
4187 144 1230 1428 1525 
4188 448 1181 1644 1910 
4189 352 353 1334 896 
4190 76 1383 1265 291 
4191 1388 614 1639 1726 
4192 300 540 1280 301 
4193 671 669 782 584 
4194 1183 1808 988 518 
4195 938 300 1283 1908 
4196 1278 1070 990 989 
4197 1346 1334 501 1902 
4198 883 349 1496 1639 
4199 1647 312 648 1217 
4200 1418 611 1758 1111 
4201 339 366 341 1912 
4202 45 168 90 1915 
4203 678 288 315 1138 
4204 1162 784 180 785 
4205 1794 1287 175 1842 
4206 1375 1174 1172 1870 
4207 1446 177 799 1913 
4208 1135 1069 1674 1916 
4209 1721 1693 1363 1719 
4210 1000 183 1819 1120 
4211 1743 1711 1712 1797 
4212 1335 1136 53 1212 
4213 856 1855 1634 612 
4214 740 990 702 1070 
4215 1426 389 732 343 
4216 904 902 1675 1414 
4217 1233 1232 615 1726 
4218 1864 1731 762 1045 
4219 1732 1458 505 1899 
4220 25 790 1572 791 
4221 489 200 1805 488 
4222 416 99 88 1861 
4223 389 182 343 1187 
4224 910 1084 1085 1071 
4225 268 1388 270 269 
4226 1262 936 703 1520 
4227 1769 42 41 716 
4228 978 1902 980 1904 
4229 1726 189 614 1004 
4230 990 1408 1469 702 
4231 1608 1630 214 892 
4232 221 220 1363 1528 
4233 693 695 694 833 
4234 1062 1131 500 1902 
4235 88 870 416 1861 
4236 976 177 178 1446 
4237 1217 1409 648 1647 
4238 460 1359 461 1906 
4239 1347 606 1348 1495 
4240 873 368 1280 1254 
4241 1204 1382 1650 271 
4242 1651 946 1713 1095 
4243 738 94 739 1912 
4244 1458 505 1457 514 
4245 1073 1222 1472 992 
4246 1769 1007 42 1749 
4247 1900 83 1712 1797 
4248 1535 1639 883 1497 
4249 368 300 1280 301 
4250 1195 443 161 1915 
4251 84 356 605 1495 
4252 1285 1280 1687 300 
4253 1644 1496 1497 883 
4254 406 970 738 1905 
4255 1431 1356 1092 1093 
4256 318 537 673 1560 
4257 1882 1490 1421 837 
4258 1796 1390 535 537 
4259 1356 1092 188 1431 
4260 368 300 225 1908 
4261 299 301 225 1307 
4262 1725 968 557 1535 
4263 1217 1014 46 1015 
4264 299 225 300 1908 
4265 1265 917 291 1383 
4266 509 418 43 180 
4267 505 679 1732 1899 
4268 1673 1397 696 1396 
4269 1202 976 178 1446 
4270 959 224 958 957 
4271 882 1362 1640 1903 
4272 1660 745 1787 1723 
4273 1172 287 1375 1911 
4274 1410 291 76 382 
4275 1066 164 1802 590 
4276 1151 1590 764 664 
4277 1343 200 204 205 
4278 1662 693 1847 886 
4279 39 346 1279 1916 
4280 604 18 1125 471 
4281 505 1458 1732 514 
4282 1260 1867 32 1236 
4283 738 38 1076 339 
4284 1097 1390 535 1796 
4285 1796 1651 1653 1095 
4286 1603 368 873 1254 
4287 188 186 1506 1355 
4288 1784 1126 89 1502 
4289 590 164 589 1220 
4290 319 1390 32 318 
4291 186 187 645 1907 
4292 614 615 189 1726 
4293 820 187 508 646 
4294 171 480 977 172 
4295 1229 144 1230 1428 
4296 1239 729 730 1125 
4297 876 800 821 1913 
4298 1275 1677 1570 1585 
4299 186 289 1911 1913 
4300 177 507 933 1448 
4301 1478 1679 1302 1055 
4302 278 353 249 352 
4303 731 182 180 259 
4304 820 508 876 821 
4305 1776 1399 1400 1728 
4306 1679 1645 337 662 
4307 1227 1471 1409 1871 
4308 1870 1094 1611 1355 
4309 1525 1428 144 1907 
4310 1021 1418 1020 1113 
4311 1173 186 1172 1911 
4312 447 1043 446 445 
4313 1883 1489 1031 1019 
4314 87 271 345 1919 
4315 1806 488 164 589 
4316 908 1084 910 1071 
4317 646 508 821 1913 
4318 664 665 1370 1590 
4319 1395 341 366 1912 
4320 509 877 1701 820 
4321 1416 524 523 1511 
4322 684 685 1673 686 
4323 1346 896 1334 1902 
4324 241 243 1179 691 
4325 1287 281 1609 1810 
4326 1430 1465 1431 561 
4327 1749 1007 42 1765 
4328 180 877 1162 785 
4329 1075 1077 1076 1918 
4330 705 631 1183 1900 
4331 1638 899 316 1911 
4332 870 88 99 1861 
4333 299 301 300 225 
4334 1390 588 162 1097 
4335 915 1669 1369 664 
4336 635 1496 1644 883 
4337 1499 1647 648 1498 
4338 1101 1103 1332 1691 
4339 1135 1068 1069 1916 
4340 941 90 1028 1359 
4341 1763 46 47 1217 
4342 1397 1673 1672 735 
4343 404 736 971 1905 
4344 1426 1309 389 343 
4345 1614 1223 405 1905 
4346 1810 1628 1630 1608 
4347 168 45 43 418 
4348 1666 889 1665 1219 
4349 1302 940 1679 1478 
4350 537 1390 535 318 
4351 1019 128 763 1031 
4352 50 51 161 1223 
4353 508 187 1907 1913 
4354 830 1205 829 1914 
4355 1302 1869 1679 940 
4356 42 1216 1007 517 
4357 1393 1587 1588 1643 
4358 1701 877 876 821 
4359 164 200 488 1806 
4360 168 169 1182 1915 
4361 189 1003 1004 456 
4362 521 722 26 791 
4363 1730 463 222 1363 
4364 1100 77 75 1873 
4365 361 680 1331 1909 
4366 921 191 189 1627 
4367 1495 1898 1582 1518 
4368 849 851 1178 1180 
4369 895 541 894 1283 
4370 1375 1376 1870 1911 
4371 491 1383 77 917 
4372 1788 549 1546 699 
4373 1597 1133 1134 1617 
4374 830 1914 250 1915 
4375 1363 1693 462 1719 
4376 1607 1364 1365 1526 
4377 461 1359 941 1906 
4378 653 1364 1526 1791 
4379 1692 990 740 1741 
4380 1364 1607 653 1526 
4381 695 1079 1576 1904 
4382 81 83 1900 1756 
4383 981 982 1062 1902 
4384 1775 1138 316 287 
4385 918 77 1383 917 
4386 1066 1341 164 590 
4387 1408 1409 1871 825 
4388 1459 1458 1457 514 
4389 802 1288 751 216 
4390 1898 1347 1348 1495 
4391 1871 1227 1420 1589 
4392 615 770 189 456 
4393 1701 820 821 819 
4394 537 672 673 1560 
4395 1345 1906 1359 1907 
4396 491 77 918 917 
4397 1237 1844 1260 1236 
4398 1786 1156 1341 1066 
4399 464 1421 1745 837 
4400 673 1390 672 537 
4401 733 1796 162 1095 
4402 1827 1881 303 1855 
4403 1030 314 17 604 
4404 1401 1784 87 345 
4405 144 1230 1525 1907 
4406 1236 1844 1867 1615 
4407 1787 604 1660 471 
4408 1271 1050 40 1272 
4409 646 984 645 1913 
4410 1432 1117 192 1368 
4411 1376 1637 1870 1911 
4412 1881 1379 303 1634 
4413 1518 1242 1581 1241 
4414 895 1780 1283 894 
4415 88 416 870 1919 
4416 837 1545 686 1891 
4417 341 340 339 1912 
4418 1220 588 162 1390 
4419 537 673 1390 318 
4420 378 1855 1721 1089 
4421 343 342 1309 1187 
4422 1064 500 501 1902 
4423 1100 1005 1006 1873 
4424 985 573 1300 776 
4425 1549 1136 1523 1335 
4426 132 42 1532 1765 
4427 51 1205 830 1915 
4428 1125 17 18 604 
4429 766 1146 567 326 
4430 46 47 1217 1015 
4431 733 734 1796 1095 
4432 1872 773 903 1912 
4433 1278 1408 1871 825 
4434 527 1424 1101 1423 
4435 189 191 921 770 
4436 54 394 1736 52 
4437 94 561 903 1912 
4438 1111 1113 1045 1418 
4439 1886 1724 1227 1589 
4440 1652 1651 292 381 
4441 1610 175 1842 1737 
4442 303 1380 1379 302 
4443 328 1078 1885 329 
4444 270 907 160 1232 
4445 1375 1870 1172 1911 
4446 499 500 1131 1902 
4447 1576 683 1463 1904 
4448 1345 1359 187 1907 
4449 389 1012 731 1162 
4450 673 32 33 1259 
4451 1240 1432 192 1368 
4452 1283 300 1687 1908 
4453 1463 683 354 1904 
4454 1775 175 282 1697 
4455 1898 1347 1582 1518 
4456 44 170 45 562 
4457 43 44 181 418 
4458 579 114 1085 1071 
4459 800 1701 876 821 
4460 120 1057 1041 1185 
4461 686 735 1673 1396 
4462 1563 1156 1066 590 
4463 837 1837 1380 1338 
4464 1097 162 1390 1796 
4465 645 187 646 1913 
4466 858 618 677 616 
4467 800 976 178 1202 
4468 275 29 1622 1072 
4469 461 460 1906 1907 
4470 1167 1872 1525 1907 
4471 1012 784 731 1162 
4472 460 941 461 1359 
4473 42 1769 1749 716 
4474 1626 1003 851 189 
4475 1368 1274 192 861 
4476 1754 262 733 264 
4477 538 441 1875 1800 
4478 1058 1308 1426 343 
4479 290 1412 292 1652 
4480 705 1791 1183 1144 
4481 1135 957 197 1710 
4482 1205 51 597 1915 
4483 1473 1284 1687 1908 
4484 934 178 933 1446 
4485 1796 1097 162 1095 
4486 1421 1422 1882 837 
4487 89 1192 1784 1401 
4488 712 1772 711 1569 
4489 635 370 1496 349 
4490 1265 1383 1018 1396 
4491 1380 1338 1337 837 
4492 1865 393 394 1736 
4493 597 1061 736 438 
4494 1371 914 913 1863 
4495 287 1172 289 1911 
4496 1154 1156 163 1893 
4497 1265 917 1383 1396 
4498 375 1532 1007 1765 
4499 942 1654 944 399 
4500 1063 1879 1284 1908 
4501 1280 1285 540 300 
4502 146 1907 899 1913 
4503 1869 1679 940 1386 
4504 507 679 610 505 
4505 856 386 612 613 
4506 1409 1498 648 1647 
4507 283 1022 1608 892 
4508 1545 838 837 686 
4509 1796 672 1390 537 
4510 171 480 521 977 
4511 1085 114 115 1071 
4512 1044 639 1745 1641 
4513 471 1786 604 18 
4514 1545 837 1837 1891 
4515 507 679 678 610 
4516 162 588 590 1097 
4517 1041 987 1042 362 
4518 673 32 1390 318 
4519 289 984 288 1911 
4520 1137 1736 393 712 
4521 499 1462 1463 1904 
4522 1622 1231 29 277 
4523 1309 389 343 1187 
4524 1063 1284 981 1908 
4525 1379 1881 303 1827 
4526 368 225 1325 1908 
4527 1638 288 984 1911 
4528 918 1410 1411 382 
4529 1294 1244 1035 1817 
4530 164 200 1806 1219 
4531 1755 1798 1303 607 
4532 42 1216 1532 1007 
4533 45 444 365 1915 
4534 1022 1021 283 1608 
4535 1689 1576 806 695 
4536 532 1391 421 534 
4537 963 29 275 1072 
4538 172 480 71 479 
4539 1684 336 998 999 
4540 720 1201 719 1858 
4541 1381 1432 192 1240 
4542 116 211 293 1706 
4543 509 418 168 43 
4544 947 263 1397 697 
4545 1613 1906 1614 1912 
4546 1260 1844 1867 1236 
4547 1496 635 349 883 
4548 259 258 257 732 
4549 1898 1348 1347 1518 
4550 933 178 177 1446 
4551 1407 824 652 273 
4552 508 646 187 1913 
4553 861 1240 192 1368 
4554 871 1910 271 1919 
4555 857 1373 1199 764 
4556 289 984 1911 1913 
4557 220 689 688 1529 
4558 876 821 508 1913 
4559 1196 1829 1847 1297 
4560 970 971 1192 1905 
4561 1583 1581 192 1518 
4562 170 44 417 490 
4563 1031 838 1490 916 
4564 785 180 877 1701 
4565 115 910 1085 1071 
4566 164 200 489 488 
4567 282 176 1775 287 
4568 164 163 162 590 
4569 1383 491 1882 917 
4570 1216 42 40 517 
4571 195 1903 959 1916 
4572 464 462 1337 1641 
4573 801 751 1261 802 
4574 1810 1564 753 1438 
4575 738 1126 38 367 
4576 1303 1798 124 607 
4577 309 1439 308 310 
4578 308 1439 309 1261 
4579 871 869 1910 1919 
4580 124 1798 1526 607 
4581 282 176 175 1775 
4582 1763 46 1217 648 
4583 1177 1473 1537 983 
4584 1507 1430 1906 1907 
4585 1471 1227 1420 1871 
4586 1415 1414 530 1428 
4587 17 16 18 604 
4588 1731 1789 1046 1045 
4589 1503 1406 1620 1441 
4590 815 1281 813 1036 
4591 1793 529 1376 1911 
4592 1502 1918 416 1919 
4593 10 1268 493 721 
4594 304 1380 1891 684 
4595 1168 400 618 1322 
4596 688 1363 220 1528 
4597 855 386 613 1834 
4598 77 491 1100 412 
4599 1666 889 1219 1806 
4600 703 865 1262 1263 
4601 1507 188 1430 1907 
4602 1172 1870 1173 1911 
4603 1665 1219 889 1857 
4604 1639 850 1497 1725 
4605 1507 1906 1027 1907 
4606 1732 1458 1080 514 
4607 590 588 162 1220 
4608 1095 1155 590 163 
4609 1786 471 604 1787 
4610 662 1441 1302 1405 
4611 146 528 899 1907 
4612 1616 1134 1133 1617 
4613 1019 128 1031 1883 
4614 35 34 36 545 
4615 879 988 1527 880 
4616 54 53 1736 554 
4617 243 1179 875 1038 
4618 1660 1723 471 414 
4619 822 708 1682 273 
4620 1097 590 162 1095 
4621 1814 652 824 273 
4622 1647 1409 825 1886 
4623 270 1388 268 1726 
4624 1410 918 291 382 
4625 696 1397 263 697 
4626 1195 830 250 1915 
4627 695 1640 1079 1904 
4628 529 1287 1793 1618 
4629 801 1533 630 1191 
4630 648 1217 312 313 
4631 540 1388 301 269 
4632 464 1745 639 1641 
4633 1859 990 1821 1741 
4634 745 744 772 1453 
4635 1063 1284 1177 981 
4636 972 1300 752 778 
4637 759 761 760 669 
4638 1099 192 1117 1368 
4639 590 1155 1156 163 
4640 1581 1432 192 1381 
4641 1692 442 990 1821 
4642 528 1637 530 1911 
4643 1788 549 1521 1546 
4644 1573 1498 648 1409 
4645 1660 719 729 718 
4646 282 175 176 1794 
4647 1662 1829 1847 1828 
4648 762 1731 1046 1045 
4649 1893 163 1787 1156 
4650 1524 48 266 1142 
4651 1855 303 856 1634 
4652 571 884 1536 1273 
4653 1517 1900 520 1797 
4654 590 1095 163 162 
4655 1179 849 241 691 
4656 1499 1647 312 648 
4657 761 454 455 1917 
4658 1498 1865 647 648 
4659 44 43 45 418 
4660 123 452 923 796 
4661 1308 342 1309 343 
4662 1194 918 1873 1411 
4663 894 1780 253 764 
4664 1740 220 1529 1051 
4665 1410 75 918 1411 
4666 604 745 1341 1787 
4667 1331 251 680 562 
4668 456 725 1003 556 
4669 1865 393 1736 712 
4670 1518 1581 192 1241 
4671 1672 1397 735 263 
4672 855 1703 834 836 
4673 1156 163 1341 590 
4674 542 29 847 844 
4675 513 843 1740 1419 
4676 1573 1498 647 648 
4677 281 1287 1288 1810 
4678 770 1690 1717 456 
4679 1302 1869 662 1679 
4680 999 939 1830 997 
4681 725 556 1627 1003 
4682 1869 1679 1386 337 
4683 534 421 532 1747 
4684 647 1865 1498 1734 
4685 170 417 1056 490 
4686 857 400 858 618 
4687 1310 1308 1681 342 
4688 683 1576 1570 1904 
4689 290 918 382 291 
4690 791 722 26 305 
4691 12 845 466 847 
4692 264 733 1754 1095 
4693 487 1066 164 488 
4694 291 918 1383 917 
4695 1210 1549 1211 1542 
4696 1004 1726 189 456 
4697 1708 1709 852 994 
4698 499 501 500 1902 
4699 530 1597 1134 1617 
4700 287 289 288 1911 
4701 679 610 505 1732 
4702 1346 1463 354 1904 
4703 1891 1641 837 1380 
4704 1411 1841 918 382 
4705 1236 1867 32 1615 
4706 197 957 1135 1916 
4707 250 251 169 1909 
4708 1049 425 459 234 
4709 918 1194 1873 1006 
4710 635 349 883 347 
4711 1279 346 1118 1916 
4712 1860 990 149 442 
4713 1412 1651 1653 1796 
4714 1162 389 1012 1187 
4715 1721 1855 378 376 
4716 93 1896 372 1916 
4717 12 845 872 466 
4718 368 300 301 225 
4719 1540 1844 1237 1236 
4720 1598 337 1645 662 
4721 365 250 251 1915 
4722 177 1638 317 799 
4723 613 1685 1834 715 
4724 773 94 903 1912 
4725 170 44 490 562 
4726 1872 1414 903 112 
4727 1184 1715 1228 1909 
4728 849 103 851 1180 
4729 1355 1611 1173 1093 
4730 1550 53 1136 1212 
4731 135 568 569 567 
4732 618 1169 1168 1322 
4733 378 1580 1721 376 
4734 1562 1156 1563 590 
4735 1039 243 875 1038 
4736 1383 1544 1018 686 
4737 1236 33 32 1259 
4738 604 1125 1660 471 
4739 1660 719 414 1858 
4740 292 1412 1651 1652 
4741 1907 1911 899 1913 
4742 214 281 1608 892 
4743 584 783 52 1340 
4744 115 910 1071 1706 
4745 853 858 677 854 
4746 733 162 163 1095 
4747 1865 394 710 1736 
4748 1458 1459 1080 514 
4749 89 1204 427 87 
4750 1335 1549 1136 1212 
4751 44 45 170 418 
4752 940 999 939 1830 
4753 1764 701 740 357 
4754 1806 200 204 1219 
4755 1855 856 1683 612 
4756 976 800 876 1913 
4757 985 573 574 1300 
4758 970 404 971 1905 
4759 616 677 854 994 
4760 402 857 1199 764 
4761 1085 1084 212 1071 
4762 902 1597 530 1637 
4763 806 1362 804 695 
4764 1028 1027 468 1906 
4765 1653 1494 1652 326 
4766 1228 1715 363 1909 
4767 854 858 677 616 
4768 537 1561 672 1560 
4769 1685 613 714 715 
4770 1833 106 107 1817 
4771 1627 191 189 723 
4772 422 1125 1747 729 
4773 391 948 548 522 
4774 783 670 52 1340 
4775 1398 917 1265 1396 
4776 1397 1673 735 1396 
4777 1363 220 1730 1051 
4778 1644 1496 635 1158 
4779 323 673 672 1560 
4780 822 1682 256 273 
4781 51 1206 1205 597 
4782 1490 491 1750 1114 
4783 936 475 703 1520 
4784 62 61 103 816 
4785 1380 303 304 302 
4786 405 1223 51 1905 
4787 1167 1906 1872 1907 
4788 1004 556 456 1003 
4789 274 256 1682 273 
4790 1371 1370 914 1863 
4791 1597 530 1637 1911 
4792 508 509 820 876 
4793 20 21 1 1058 
4794 1186 1184 1339 1914 
4795 314 16 17 604 
4796 458 668 666 667 
4797 1419 107 1740 1833 
4798 1426 1308 1309 343 
4799 132 42 1271 1532 
4800 438 437 597 1206 
4801 1016 97 1017 1042 
4802 158 1283 1780 894 
4803 1205 1914 830 1915 
4804 533 760 455 1917 
4805 1784 87 345 1919 
4806 417 44 20 490 
4807 326 290 383 1652 
4808 159 540 1285 300 
4809 1762 1203 855 714 
4810 1576 1079 1570 1904 
4811 1268 387 388 722 
4812 1368 862 1274 861 
4813 277 29 1622 275 
4814 1613 1612 1614 1906 
4815 703 865 936 1262 
4816 15 100 99 870 
4817 1176 1274 863 861 
4818 1268 387 722 432 
4819 677 853 854 994 
4820 1499 711 1772 1569 
4821 442 1692 990 1408 
4822 1104 108 1168 1169 
4823 604 745 1787 1660 
4824 315 678 507 1447 
4825 885 796 123 923 
4826 1736 53 553 554 
4827 1099 1274 192 1368 
4828 1258 588 1667 1595 
4829 583 709 710 1685 
4830 1502 1126 89 367 
4831 871 271 100 1919 
4832 42 1749 1765 716 
4833 425 1049 459 1189 
4834 417 20 19 490 
4835 1745 1044 1641 837 
4836 499 1463 1346 1904 
4837 1154 1156 1155 163 
4838 1016 1017 362 1042 
4839 1640 695 806 1904 
4840 664 1330 1369 279 
4841 1690 725 966 666 
4842 109 108 1104 1169 
4843 1869 662 1679 337 
4844 1183 988 155 518 
4845 164 163 590 1341 
4846 540 270 159 1729 
4847 428 234 425 1049 
4848 481 834 483 1799 
4849 646 800 799 1913 
4850 708 823 647 273 
4851 847 845 543 542 
4852 1412 290 326 1652 
4853 425 1769 517 1248 
4854 1347 1348 1818 1518 
4855 662 1679 1645 1302 
4856 1726 615 189 456 
4857 257 20 1 1058 
4858 809 362 1017 1042 
4859 1311 1246 1558 327 
4860 1635 714 1762 855 
4861 1244 106 1035 1817 
4862 1310 1308 342 1309 
4863 261 703 865 936 
4864 613 1834 386 715 
4865 1260 1867 1844 1237 
4866 797 271 871 1910 
4867 980 354 353 1153 
4868 1060 429 1061 1185 
4869 1274 1099 862 1368 
4870 571 884 232 769 
4871 299 300 938 1908 
4872 436 493 10 1268 
4873 1210 756 1335 1212 
4874 1549 1211 1542 1543 
4875 617 160 158 270 
4876 1787 745 163 1893 
4877 1902 1903 299 1908 
4878 1056 417 19 490 
4879 1428 1229 144 528 
4880 1507 1027 188 1907 
4881 1828 1829 1847 1196 
4882 1125 602 1124 585 
4883 1490 838 1882 916 
4884 509 877 180 1701 
4885 1044 762 1046 1045 
4886 1865 710 649 1736 
4887 353 280 278 1590 
4888 1015 1207 47 1209 
4889 1784 1401 1792 345 
4890 342 1681 1310 1090 
4891 1268 10 432 722 
4892 406 1614 405 1905 
4893 705 1183 631 1144 
4894 1167 1525 1230 1907 
4895 292 290 1652 381 
4896 1514 1513 1515 423 
4897 1246 1476 1558 327 
4898 1323 25 109 8 
4899 342 1090 1309 1187 
4900 1076 1075 95 340 
4901 1638 1911 984 1913 
4902 988 879 1527 885 
4903 417 44 170 418 
4904 789 1077 1075 1918 
4905 787 789 788 1918 
4906 1139 1123 474 73 
4907 1492 1147 1653 1493 
4908 906 160 617 270 
4909 1568 267 265 266 
4910 1285 1687 1283 300 
4911 1549 1550 1136 1212 
4912 190 1178 851 1180 
4913 852 1709 810 994 
4914 604 314 16 487 
4915 1204 1382 450 1650 
4916 735 1397 734 263 
4917 612 1635 856 613 
4918 522 391 948 1090 
4919 823 708 822 273 
4920 1561 326 672 323 
4921 1042 809 362 987 
4922 899 1907 528 1911 
4923 122 3 1 943 
4924 938 895 1283 300 
4925 1303 125 1755 607 
4926 1027 1345 188 1907 
4927 1899 679 1732 1111 
4928 809 1074 362 1082 
4929 1417 679 1899 1111 
4930 1626 189 191 723 
4931 810 1707 1708 1709 
4932 762 463 639 1044 
4933 1423 1691 307 1671 
4934 45 418 168 1915 
4935 119 68 1868 1215 
4936 368 1280 1254 301 
4937 224 957 959 1916 
4938 1210 1549 756 1212 
4939 713 440 965 964 
4940 1798 608 1526 607 
4941 901 21 359 1059 
4942 913 1367 1718 1371 
4943 1051 220 1730 513 
4944 1487 1488 1026 178 
4945 164 200 198 489 
4946 1490 838 837 1882 
4947 908 212 1084 1071 
4948 463 464 639 1641 
4949 164 489 487 488 
4950 1219 204 1806 889 
4951 1423 1691 1101 307 
4952 1708 853 993 994 
4953 347 346 345 1919 
4954 1709 1708 810 994 
4955 265 1736 1865 1772 
4956 1194 918 1411 1841 
4957 1804 1881 1379 1827 
4958 832 694 831 833 
4959 1154 745 163 1301 
4960 855 856 1635 613 
4961 1471 1408 1409 1871 
4962 468 1027 467 1906 
4963 1900 705 631 1144 
4964 1051 1740 220 513 
4965 229 1055 985 1054 
4966 648 1014 46 1217 
4967 1749 375 1007 1765 
4968 494 23 22 827 
4969 712 265 1772 1569 
4970 801 751 1832 1261 
4971 887 273 274 1682 
4972 770 1709 1690 456 
4973 1743 24 1711 1797 
4974 12 430 432 722 
4975 597 439 437 438 
4976 213 119 68 1868 
4977 850 1497 1725 1004 
4978 449 232 1272 884 
4979 107 1740 843 1419 
4980 463 462 464 1641 
4981 257 181 20 1058 
4982 1417 1758 679 1111 
4983 1153 1151 1590 764 
4984 220 689 1529 1051 
4985 73 72 74 1554 
4986 646 799 984 1913 
4987 1184 1909 1339 1914 
4988 867 587 1587 1320 
4989 1385 999 939 1386 
4990 773 1613 738 1912 
4991 83 322 1797 1756 
4992 27 71 480 70 
4993 136 135 569 567 
4994 1574 1434 1404 1596 
4995 1686 81 705 1530 
4996 669 783 584 1340 
4997 442 149 151 1407 
4998 1709 1232 456 615 
4999 858 677 9 853 
5000 303 1379 1378 1634 
5001 1784 87 89 1401 
5002 1241 861 1240 192 
5003 100 271 87 1919 
5004 1090 1310 342 1309 
5005 501 499 1346 1902 
5006 856 1683 303 1855 
5007 459 1189 1248 425 
5008 883 1644 635 1910 
5009 857 402 618 764 
5010 238 1442 1110 240 
5011 1059 21 359 122 
5012 1176 192 1274 861 
5013 1083 227 360 956 
5014 220 1363 689 1051 
5015 1510 1607 1365 1526 
5016 184 348 1774 185 
5017 286 704 703 1776 
5018 1326 33 1236 1259 
5019 792 1622 29 1072 
5020 339 738 38 367 
5021 625 1083 58 1106 
5022 855 386 856 613 
5023 1027 1906 1345 1907 
5024 106 1833 1035 1817 
5025 1709 770 615 456 
5026 579 212 210 1071 
5027 349 346 1118 1279 
5028 677 9 109 1322 
5029 809 1017 97 1042 
5030 24 1712 1711 1797 
5031 1638 799 177 1913 
5032 669 759 1391 760 
5033 1821 442 990 441 
5034 1114 419 1439 310 
5035 188 1345 187 1907 
5036 783 670 669 1917 
5037 862 863 1274 861 
5038 1549 1335 756 1212 
5039 1653 1651 1412 1652 
5040 422 1125 729 1660 
5041 1708 993 810 994 
5042 1303 124 1798 1526 
5043 1518 1818 1242 1241 
5044 1587 867 1320 1586 
5045 1111 1113 1418 611 
5046 1101 1332 239 307 
5047 1893 745 163 1154 
5048 197 1700 957 1916 
5049 442 990 149 1408 
5050 1210 1211 1549 1212 
5051 918 491 1114 1873 
5052 1736 649 1865 1772 
5053 553 201 1136 1335 
5054 122 1 21 943 
5055 1021 1418 1113 283 
5056 188 187 186 1907 
5057 1747 534 421 728 
5058 987 809 362 1082 
5059 241 103 849 1180 
5060 679 678 316 1138 
5061 544 169 1884 1048 
5062 226 411 956 227 
5063 773 739 94 1912 
5064 883 635 347 1910 
5065 1308 1681 342 344 
5066 326 383 766 1494 
5067 365 562 45 1915 
5068 362 361 987 1082 
5069 1495 1582 1680 1518 
5070 1507 467 1027 1906 
5071 422 1660 729 718 
5072 1312 1887 1130 1455 
5073 1461 312 648 1499 
5074 1046 1730 1789 1731 
5075 456 725 556 966 
5076 936 865 261 1262 
5077 1169 9 109 677 
5078 1294 1035 106 1282 
5079 290 291 382 381 
5080 701 1469 5 702 
5081 709 1203 1501 714 
5082 617 253 857 764 
5083 1184 1057 1715 1909 
5084 168 941 90 1182 
5085 1029 438 1061 1186 
5086 1157 448 1382 1181 
5087 1561 323 672 1560 
5088 1616 1133 1134 1250 
5089 439 597 437 1905 
5090 429 736 1061 438 
5091 1475 292 1651 1398 
5092 583 709 1685 714 
5093 29 963 792 1072 
5094 1287 175 282 1794 
5095 1146 766 1147 326 
5096 361 363 1715 1909 
5097 448 450 1382 1650 
5098 1787 163 1341 1156 
5099 949 1720 1661 423 
5100 1772 1499 1569 1014 
5101 836 835 949 1720 
5102 356 1680 1557 1352 
5103 943 1 21 1058 
5104 618 677 1169 858 
5105 956 411 1224 955 
5106 678 315 316 1138 
5107 21 359 122 943 
5108 192 1098 1099 1117 
5109 170 418 45 1915 
5110 1502 38 1126 367 
5111 579 1085 212 1071 
5112 311 1227 1724 1589 
5113 258 181 44 257 
5114 253 160 158 617 
5115 151 1646 824 1407 
5116 963 29 277 275 
5117 1267 489 487 485 
5118 1186 438 1061 1914 
5119 124 125 1303 607 
5120 38 1502 339 367 
5121 1641 464 1745 837 
5122 1082 361 1790 1048 
5123 1712 83 1743 1797 
5124 45 562 170 1915 
5125 1788 1778 549 699 
5126 465 897 430 847 
5127 711 1865 1772 712 
5128 999 940 939 1386 
5129 1241 861 192 1176 
5130 1092 1430 188 1431 
5131 677 109 1169 1322 
5132 1822 176 174 1753 
5133 1561 326 323 1374 
5134 669 761 760 1917 
5135 773 738 739 1912 
5136 417 20 181 1058 
5137 1135 1674 197 1916 
5138 1352 1557 356 580 
5139 835 949 856 836 
5140 1190 911 1026 1488 
5141 1812 1583 86 1632 
5142 848 583 710 1685 
5143 192 193 1518 1241 
5144 1801 1860 441 1800 
5145 1323 9 1169 677 
5146 1790 987 361 1082 
5147 1079 682 683 1904 
5148 1670 937 1522 1106 
5149 997 998 1830 999 
5150 1408 1278 989 825 
5151 854 160 616 994 
5152 386 492 612 613 
5153 679 610 1732 1111 
5154 83 81 1774 1756 
5155 649 647 1865 648 
5156 330 577 296 297 
5157 1744 927 1866 1743 
5158 1316 498 1520 1776 
5159 648 1763 1409 1217 
5160 150 149 1860 1413 
5161 653 1183 1791 632 
5162 1523 1136 201 1335 
5163 1775 316 282 287 
5164 1559 34 385 377 
5165 401 664 1669 1151 
5166 1468 1393 1587 1668 
5167 408 774 775 1130 
5168 123 452 796 622 
5169 837 1837 1891 1380 
5170 1135 1133 1892 1250 
5171 282 611 1775 1697 
5172 1635 856 1634 612 
5173 1735 1632 1812 1811 
5174 21 20 417 1058 
5175 1256 193 194 1241 
5176 1333 217 1315 1436 
5177 1 2 257 1058 
5178 5 1278 1408 1871 
5179 1078 958 959 1903 
5180 648 1014 1217 313 
5181 597 736 439 438 
5182 1147 1561 672 537 
5183 575 209 207 576 
5184 358 359 122 1059 
5185 1396 1383 1018 686 
5186 1322 677 9 858 
5187 1896 1067 372 1916 
5188 851 103 190 1180 
5189 1363 220 689 688 
5190 400 618 1322 858 
5191 896 980 353 1153 
5192 1100 1114 491 1873 
5193 1780 253 158 894 
5194 516 1621 373 811 
5195 1147 1653 672 326 
5196 493 173 10 721 
5197 1269 1809 1372 973 
5198 281 214 216 308 
5199 498 497 1122 905 
5200 948 1681 342 1090 
5201 42 40 134 1271 
5202 1612 1613 1872 1906 
5203 544 1884 228 1048 
5204 1205 1152 829 1914 
5205 847 29 963 1722 
5206 1355 1094 1611 1093 
5207 934 179 1358 933 
5208 616 160 617 906 
5209 1729 1285 540 1280 
5210 1546 1901 1788 1839 
5211 1888 633 1895 1862 
5212 326 1147 1653 1492 
5213 1364 1366 1649 1144 
5214 847 430 12 722 
5215 1380 302 1693 1379 
5216 863 194 1274 1176 
5217 531 355 1495 1470 
5218 913 915 914 1354 
5219 1560 324 1456 1846 
5220 697 696 1397 1396 
5221 617 857 618 764 
5222 1411 1100 75 1873 
5223 1104 27 109 1169 
5224 1622 29 1785 792 
5225 1139 1123 1122 474 
5226 690 103 102 1538 
5227 1228 1339 1184 1909 
5228 499 1346 1902 1904 
5229 1800 1875 538 1876 
5230 179 1457 505 514 
5231 344 342 1308 343 
5232 1543 1542 1549 1575 
5233 1731 1046 1730 762 
5234 1040 956 228 1047 
5235 1649 1510 1798 1509 
5236 1645 1110 1598 1302 
5237 1441 1406 1620 657 
5238 577 298 296 297 
5239 667 1091 601 1222 
5240 1407 1408 1646 1409 
5241 461 1906 1167 1907 
5242 198 199 485 489 
5243 356 1680 1352 1495 
5244 1281 815 813 842 
5245 1244 1035 106 1294 
5246 625 58 59 1106 
5247 354 1585 1815 1275 
5248 265 1865 1736 712 
5249 1354 914 913 1371 
5250 25 1323 109 1572 
5251 354 1698 353 1153 
5252 1471 1470 1469 4 
5253 1401 89 1192 427 
5254 1722 847 29 1785 
5255 1167 144 145 1907 
5256 658 110 31 1326 
5257 870 99 15 1861 
5258 1685 1203 583 714 
5259 1468 1393 1392 1643 
5260 758 1549 1210 1542 
5261 1520 475 703 498 
5262 1263 503 703 704 
5263 1035 1833 1294 1817 
5264 336 1197 1662 1664 
5265 1827 303 1683 1855 
5266 87 1784 88 1919 
5267 1681 1308 1455 344 
5268 1058 344 1308 343 
5269 1521 1313 1314 1605 
5270 604 16 18 1786 
5271 579 210 114 1071 
5272 975 1016 1184 1041 
5273 1250 1135 1134 1710 
5274 386 492 613 715 
5275 1041 987 362 1716 
5276 943 358 122 398 
5277 847 845 542 844 
5278 274 385 1834 1387 
5279 1409 1408 1646 825 
5280 1326 110 33 1456 
5281 282 287 316 1911 
5282 1069 372 1896 1067 
5283 31 57 658 1783 
5284 990 1692 1821 1741 
5285 1349 281 214 892 
5286 1078 1079 886 1903 
5287 1865 265 1772 712 
5288 1137 265 1736 712 
5289 286 1400 1436 1329 
5290 940 999 1830 1869 
5291 194 538 1778 1521 
5292 1453 1474 996 415 
5293 346 642 1118 1916 
5294 948 1314 548 522 
5295 1461 648 312 313 
5296 984 799 1638 1913 
5297 1416 1026 1012 1511 
5298 993 1707 853 1708 
5299 1134 902 1597 530 
5300 985 574 1384 1300 
5301 386 1387 545 715 
5302 1582 1347 1818 1518 
5303 900 1083 360 956 
5304 1526 653 1791 632 
5305 409 1313 1516 1604 
5306 19 417 1056 359 
5307 976 178 876 800 
5308 442 1860 990 441 
5309 326 1653 1412 1652 
5310 430 29 28 847 
5311 1721 1693 1719 302 
5312 1709 1232 852 456 
5313 908 1084 212 1108 
5314 193 192 194 1241 
5315 1113 1418 611 283 
5316 463 1730 1046 762 
5317 703 865 1263 704 
5318 1830 999 336 1869 
5319 1293 184 81 1530 
5320 210 115 114 1071 
5321 1660 745 1723 414 
5322 913 1354 1371 1718 
5323 1407 1646 824 1573 
5324 602 1030 585 604 
5325 398 358 122 1059 
5326 1186 1057 1184 1914 
5327 1114 419 126 1439 
5328 491 1490 1882 916 
5329 416 1918 870 1919 
5330 1885 328 327 1150 
5331 1038 925 241 1180 
5332 250 365 364 1915 
5333 1080 1730 1789 1046 
5334 758 1549 756 1210 
5335 709 708 710 887 
5336 494 826 827 495 
5337 1073 1222 992 457 
5338 196 1903 195 1916 
5339 985 230 229 1054 
5340 1532 375 651 1765 
5341 1653 672 1412 1796 
5342 466 465 430 847 
5343 1185 429 1061 1029 
5344 1471 1470 4 1671 
5345 1016 98 97 1042 
5346 1464 719 1660 718 
5347 1628 1629 1810 1630 
5348 1363 1693 1721 687 
5349 169 250 1909 1914 
5350 1587 866 587 867 
5351 5 1278 702 1408 
5352 1596 1404 1574 1779 
5353 1783 658 31 1326 
5354 608 653 1526 1527 
5355 541 1283 159 158 
5356 126 1439 420 1349 
5357 1037 1036 1035 674 
5358 680 251 169 562 
5359 810 852 994 907 
5360 1680 1583 962 1518 
5361 1057 1909 1184 1914 
5362 1536 1273 1249 571 
5363 767 766 567 326 
5364 401 108 400 1168 
5365 671 670 669 1340 
5366 1900 705 81 1530 
5367 1641 1337 464 837 
5368 160 159 158 270 
5369 1453 996 1440 415 
5370 489 198 164 487 
5371 852 854 853 994 
5372 323 324 673 1560 
5373 1783 31 1235 1326 
5374 110 1326 1848 1456 
5375 693 695 833 886 
5376 251 170 169 562 
5377 1498 823 1573 647 
5378 255 818 254 272 
5379 852 853 1708 994 
5380 1299 934 178 179 
5381 1570 694 695 1578 
5382 1234 758 1542 1575 
5383 151 150 149 442 
5384 23 494 22 24 
5385 1114 1031 1490 916 
5386 1776 503 703 1263 
5387 461 145 460 1907 
5388 942 1654 399 173 
5389 1698 354 1815 1275 
5390 1112 813 1238 433 
5391 430 12 466 847 
5392 1542 1210 758 1234 
5393 131 129 351 582 
5394 109 8 9 1323 
5395 229 939 1386 1384 
5396 390 391 1090 389 
5397 302 1719 1721 1089 
5398 1133 1135 1134 1250 
5399 358 122 359 943 
5400 1570 694 1578 1677 
5401 1772 649 1865 648 
5402 490 680 170 562 
5403 749 708 647 273 
5404 1117 1098 1099 1368 
5405 1784 37 1126 1502 
5406 1152 1909 829 1914 
5407 186 289 1172 1911 
5408 346 642 37 1919 
5409 39 1279 1306 1916 
5410 735 262 1672 263 
5411 146 508 1907 1913 
5412 1693 1721 1804 302 
5413 1349 1439 281 892 
5414 362 363 1228 1716 
5415 1487 1488 1190 1026 
5416 452 123 923 424 
5417 1861 870 416 1077 
5418 1872 1167 1612 1906 
5419 1597 1376 1824 1911 
5420 113 112 39 904 
5421 305 25 26 791 
5422 678 315 507 610 
5423 902 1134 1415 530 
5424 545 35 386 715 
5425 712 1568 1569 1491 
5426 32 31 1236 1615 
5427 962 1581 192 1583 
5428 1179 241 849 1180 
5429 564 571 1536 1249 
5430 758 1549 1542 1575 
5431 302 1379 303 1827 
5432 1587 866 1486 587 
5433 1372 974 1830 939 
5434 1450 998 1830 997 
5435 1441 1405 1503 1406 
5436 146 508 460 1907 
5437 1559 376 384 492 
5438 1722 8 722 791 
5439 1670 1522 59 1106 
5440 1804 1721 1693 687 
5441 1651 1412 292 1475 
5442 420 1439 126 419 
5443 160 854 852 994 
5444 1074 362 1017 809 
5445 1269 1450 1809 973 
5446 611 679 1758 1111 
5447 1482 661 1483 1623 
5448 1051 843 1740 513 
5449 1397 1398 1475 697 
5450 1706 1339 1705 1909 
5451 386 385 34 545 
5452 534 1391 421 728 
5453 1046 463 762 1044 
5454 983 1063 1177 981 
5455 1814 254 652 273 
5456 1653 1494 326 1492 
5457 789 1075 95 1918 
5458 648 1014 1499 1772 
5459 1885 1829 1078 328 
5460 1649 1441 1119 1798 
5461 719 1660 414 1464 
5462 1547 1619 1546 1839 
5463 943 21 417 1058 
5464 1470 1671 1351 4 
5465 1885 327 1311 1558 
5466 974 1372 1830 1809 
5467 1734 647 1865 649 
5468 1573 1407 1646 1409 
5469 825 1871 1278 1886 
5470 1169 109 9 1323 
5471 136 135 567 325 
5472 1545 1673 696 686 
5473 169 250 1914 1915 
5474 32 31 33 1236 
5475 1646 1409 825 1647 
5476 228 359 360 1047 
5477 1312 948 342 1090 
5478 463 222 221 1642 
5479 1707 993 810 1708 
5480 1629 214 1810 1630 
5481 1364 1366 1365 1649 
5482 824 1407 1573 273 
5483 616 160 906 907 
5484 1829 1828 328 1196 
5485 812 34 377 255 
5486 1322 618 1169 858 
5487 592 1816 512 1299 
5488 1576 695 1570 1079 
5489 1573 1498 1409 1647 
5490 1487 877 786 785 
5491 1573 1646 823 1498 
5492 1778 1788 549 1521 
5493 1047 228 1048 1556 
5494 222 463 1730 1046 
5495 55 110 660 659 
5496 967 966 779 1770 
5497 791 1722 8 792 
5498 1641 462 1380 1642 
5499 29 1722 1785 792 
5500 1895 1171 1170 1053 
5501 1526 608 124 607 
5502 1169 108 1168 1322 
5503 34 35 386 545 
5504 1014 1024 47 1207 
5505 1674 113 197 904 
5506 1432 1117 1115 962 
5507 728 730 729 1747 
5508 1457 506 179 505 
5509 432 430 387 722 
5510 69 68 67 1215 
5511 1251 1640 1362 1633 
5512 322 717 927 1743 
5513 751 1261 216 153 
5514 1379 1693 1804 302 
5515 1115 953 1583 961 
5516 1720 1474 1548 1661 
5517 192 962 1583 1518 
5518 1827 1855 378 1089 
5519 461 1612 1167 1906 
5520 133 132 1271 1532 
5521 363 1705 1228 1909 
5522 1320 587 1587 1124 
5523 1675 1674 197 1134 
5524 522 948 1314 1090 
5525 1464 1661 1720 423 
5526 455 533 1467 1333 
5527 1863 1098 1117 1367 
5528 88 87 89 1784 
5529 119 67 68 1215 
5530 521 722 171 26 
5531 703 503 1776 704 
5532 270 160 159 1729 
5533 585 1125 730 1124 
5534 545 1387 385 255 
5535 81 705 1900 1144 
5536 1855 1827 1721 1089 
5537 109 108 27 1104 
5538 1333 217 1742 453 
5539 1707 1226 993 853 
5540 1215 1868 119 1128 
5541 1268 432 10 436 
5542 625 58 1083 900 
5543 54 53 1136 1550 
5544 939 997 974 1830 
5545 791 25 26 521 
5546 1673 735 685 1672 
5547 58 227 1083 956 
5548 1260 1857 1867 1237 
5549 815 1281 1036 1849 
5550 361 544 1790 1048 
5551 355 701 1764 357 
5552 1649 1365 1364 1526 
5553 677 1323 9 994 
5554 290 918 325 382 
5555 342 1681 1312 344 
5556 169 1048 680 1884 
5557 1032 1053 1171 1910 
5558 383 326 1652 1494 
5559 1880 1859 1821 1741 
5560 1645 1598 1110 1109 
5561 389 1309 1090 1187 
5562 1721 1881 1804 1827 
5563 722 847 430 1722 
5564 232 449 234 233 
5565 149 150 1860 442 
5566 252 829 147 1909 
5567 113 1675 1134 902 
5568 1705 1339 1228 1909 
5569 1720 1703 1513 423 
5570 1590 1698 746 755 
5571 132 42 1765 716 
5572 658 660 110 1326 
5573 1699 218 1795 1742 
5574 1114 491 1750 412 
5575 1259 1848 33 1456 
5576 1116 665 746 747 
5577 227 228 360 956 
5578 1521 863 1605 1257 
5579 1122 474 497 475 
5580 687 688 1580 1528 
5581 1070 740 990 1741 
5582 1072 275 963 1777 
5583 1246 1133 1616 1892 
5584 1627 921 191 723 
5585 661 1625 919 920 
5586 1144 1526 1791 632 
5587 1524 48 1142 1023 
5588 1238 814 813 1112 
5589 1882 1544 1383 838 
5590 956 360 900 1040 
5591 722 26 305 80 
5592 1712 631 1807 893 
5593 1439 309 1114 310 
5594 1848 1326 33 1456 
5595 1548 996 1474 1720 
5596 424 656 657 125 
5597 1742 219 218 453 
5598 1012 390 1090 389 
5599 1341 486 487 164 
5600 215 1438 753 154 
5601 1106 58 59 1107 
5602 1014 1782 1024 1207 
5603 31 33 1236 1326 
5604 1523 1795 218 555 
5605 385 386 1387 545 
5606 680 169 170 562 
5607 227 58 1083 1106 
5608 940 999 1869 1386 
5609 1453 1440 771 415 
5610 755 1815 952 951 
5611 1798 608 1510 1526 
5612 503 1399 1728 504 
5613 1524 1270 72 1023 
5614 1435 582 131 350 
5615 786 1012 1026 1190 
5616 1432 192 1117 962 
5617 855 1685 1834 613 
5618 688 687 1363 1528 
5619 246 484 245 244 
5620 1441 1302 1405 1406 
5621 1377 1842 1738 1751 
5622 893 826 494 495 
5623 336 338 337 1678 
5624 222 221 1642 1719 
5625 1608 281 283 892 
5626 1152 147 829 1909 
5627 1469 1408 5 702 
5628 1783 1235 31 1539 
5629 1866 237 1744 1743 
5630 303 1378 995 1634 
5631 24 494 1711 23 
5632 823 1573 647 273 
5633 1256 194 193 1778 
5634 1175 1116 746 747 
5635 1438 1287 1842 1810 
5636 652 637 1407 440 
5637 1077 416 1076 1918 
5638 362 361 363 1716 
5639 1341 745 163 1787 
5640 123 840 125 424 
5641 787 1077 789 1918 
5642 1175 665 746 1116 
5643 784 1012 1487 1162 
5644 826 827 495 828 
5645 93 372 641 1916 
5646 373 121 1188 811 
5647 391 1310 948 1090 
5648 194 192 1274 1176 
5649 403 429 742 736 
5650 1366 1364 1425 1144 
5651 332 331 330 296 
5652 332 331 296 1744 
5653 746 665 952 1590 
5654 467 1906 510 1912 
5655 5 4 1471 1469 
5656 1341 486 604 487 
5657 1325 225 950 1908 
5658 1581 192 1432 962 
5659 1637 1376 1597 1911 
5660 1169 1572 109 1323 
5661 797 1181 271 1910 
5662 20 44 181 257 
5663 1440 1548 996 1453 
5664 116 148 293 211 
5665 1703 855 949 836 
5666 253 617 894 764 
5667 111 1579 660 1773 
5668 1194 918 1841 325 
5669 1625 661 1623 1483 
5670 907 852 160 1232 
5671 1590 280 278 279 
5672 33 1326 1848 1259 
5673 865 864 1264 502 
5674 1292 185 184 1774 
5675 1217 47 1218 1015 
5676 1808 1527 988 880 
5677 1639 349 370 1279 
5678 344 1433 942 1058 
5679 766 767 383 326 
5680 1055 1478 229 985 
5681 1862 1010 1496 1009 
5682 13 15 99 1861 
5683 1837 1673 1545 686 
5684 1267 314 603 487 
5685 225 1903 1902 1908 
5686 1860 150 1801 442 
5687 592 1457 1299 514 
5688 411 410 956 1224 
5689 1464 1720 1513 423 
5690 79 80 28 305 
5691 1681 948 1310 1090 
5692 1322 1169 677 858 
5693 1516 1336 1313 409 
5694 1670 937 1043 627 
5695 1649 1441 1798 1526 
5696 644 167 476 477 
5697 332 296 351 1744 
5698 616 160 854 617 
5699 783 670 1340 669 
5700 1299 592 514 512 
5701 500 499 1131 1505 
5702 108 400 1168 1322 
5703 1872 1906 1613 1912 
5704 887 274 1834 1387 
5705 597 439 736 1905 
5706 494 827 496 1011 
5707 1526 124 608 1527 
5708 722 430 28 1722 
5709 1785 847 29 844 
5710 1387 256 274 255 
5711 1213 1868 68 1215 
5712 1279 1118 349 369 
5713 773 1872 1613 1912 
5714 838 1396 1383 917 
5715 1611 1174 1094 1870 
5716 545 34 812 255 
5717 939 1384 1385 1386 
5718 1267 489 485 1344 
5719 714 1834 1685 715 
5720 1126 89 1192 1784 
5721 463 639 1044 1641 
5722 948 1312 1314 1090 
5723 1812 86 85 1632 
5724 1815 952 1698 755 
5725 448 768 1644 1157 
5726 27 1104 1572 1169 
5727 1507 1092 188 1506 
5728 1204 1013 403 427 
5729 323 324 1560 1846 
5730 256 254 1814 822 
5731 561 94 340 1912 
5732 265 712 1568 1569 
5733 832 693 694 833 
5734 194 1256 1257 1778 
5735 369 225 1306 1916 
5736 184 348 798 1774 
5737 1312 948 1681 342 
5738 1560 1561 323 1846 
5739 961 1583 962 1680 
5740 1691 1332 1101 307 
5741 1095 1155 1754 590 
5742 617 158 253 894 
5743 240 1442 1405 1286 
5744 1386 337 1482 1869 
5745 1442 1286 1503 1405 
5746 1278 989 825 1886 
5747 1721 1881 1827 1855 
5748 951 952 755 1735 
5749 375 1532 1216 1007 
5750 110 111 1579 660 
5751 755 1854 951 1735 
5752 1014 1024 48 47 
5753 726 69 67 1129 
5754 34 385 386 1559 
5755 900 58 1083 956 
5756 121 98 96 539 
5757 1211 1549 1550 1543 
5758 1018 1545 696 686 
5759 274 385 1387 255 
5760 1742 455 1333 453 
5761 1203 1685 855 714 
5762 997 1809 974 1830 
5763 389 1090 1012 1187 
5764 934 1299 1488 1358 
5765 304 1453 1548 1440 
5766 1884 169 170 680 
5767 648 1014 1772 46 
5768 1144 1791 1183 632 
5769 635 1644 1158 1910 
5770 362 1228 1184 1716 
5771 354 1698 754 1275 
5772 1064 1063 1062 981 
5773 286 1728 1400 1329 
5774 1412 672 1653 326 
5775 351 350 131 582 
5776 81 83 82 1900 
5777 1014 648 1461 313 
5778 1732 179 505 514 
5779 1581 1432 1115 962 
5780 901 359 19 1040 
5781 1865 710 1734 649 
5782 344 1308 1433 1058 
5783 470 74 839 1123 
5784 1778 1788 1521 964 
5785 1101 1103 1102 1332 
5786 951 1854 1815 1585 
5787 952 1698 746 1590 
5788 856 386 1683 612 
5789 1042 1016 120 1041 
5790 1134 1674 197 1135 
5791 963 28 29 847 
5792 367 403 743 1905 
5793 1732 179 610 505 
5794 1190 1012 1026 1511 
5795 827 23 826 494 
5796 1487 786 784 785 
5797 893 23 826 1712 
5798 1441 1405 1442 1503 
5799 573 985 231 776 
5800 927 296 321 331 
5801 587 1486 1587 1124 
5802 847 543 30 542 
5803 1793 282 529 1911 
5804 1747 532 534 929 
5805 856 855 834 836 
5806 684 1673 1835 1837 
5807 213 119 67 68 
5808 717 322 1797 1743 
5809 229 1679 1478 1055 
5810 664 1354 1669 1151 
5811 479 560 559 71 
5812 1048 1790 1082 1556 
5813 1169 109 108 1322 
5814 237 236 235 1404 
5815 1226 9 993 853 
5816 852 810 1709 456 
5817 1722 29 963 792 
5818 83 322 1743 1797 
5819 149 442 1408 1407 
5820 296 351 1744 927 
5821 82 83 1712 1900 
5822 1395 467 510 1912 
5823 907 160 906 270 
5824 704 502 503 1728 
5825 194 538 193 1778 
5826 409 1887 1130 1312 
5827 218 455 454 1917 
5828 1829 1150 328 1885 
5829 559 1863 1371 1367 
5830 385 384 1559 377 
5831 107 106 1833 433 
5832 691 849 1538 1010 
5833 430 543 897 465 
5834 1459 513 514 512 
5835 1558 1892 1246 1311 
5836 1430 510 1906 1912 
5837 1529 688 105 1714 
5838 1302 1406 1441 657 
5839 1227 1218 1217 1763 
5840 1514 718 421 728 
5841 218 757 1523 1917 
5842 436 493 435 10 
5843 976 1638 177 1913 
5844 240 1442 1110 1405 
5845 346 1118 642 1919 
5846 23 24 1807 1712 
5847 332 577 296 330 
5848 1544 1383 838 686 
5849 587 585 730 1124 
5850 1228 1184 1716 1715 
5851 1640 1903 1079 1904 
5852 1092 188 1430 1507 
5853 1868 68 213 1213 
5854 1812 961 1583 1632 
5855 683 1570 1079 1904 
5856 1012 786 784 1487 
5857 86 1582 1583 1680 
5858 299 938 1902 1908 
5859 361 169 680 1909 
5860 1130 1321 774 775 
5861 709 583 1203 714 
5862 771 744 1453 772 
5863 1293 1292 184 1774 
5864 1474 1453 414 415 
5865 587 730 1486 1124 
5866 1048 1884 228 1047 
5867 902 1134 113 1415 
5868 1882 1422 1544 838 
5869 802 309 1439 1261 
5870 103 61 104 1180 
5871 728 730 1747 929 
5872 185 1292 1659 1774 
5873 1876 1875 538 1255 
5874 1227 1409 1763 1217 
5875 1712 893 23 494 
5876 893 826 23 494 
5877 218 217 219 1742 
5878 1274 560 862 1099 
5879 1152 1186 1339 1914 
5880 839 285 905 1699 
5881 1632 85 1812 1811 
5882 1649 1365 1510 1509 
5883 480 27 70 1104 
5884 253 160 617 854 
5885 1117 747 1115 962 
5886 648 1014 1461 1499 
5887 1749 651 375 1765 
5888 103 63 190 1180 
5889 1308 774 1455 344 
5890 1472 275 1622 1072 
5891 1572 109 27 1169 
5892 120 1057 1185 1061 
5893 1425 1364 1791 1144 
5894 1299 506 1457 592 
5895 1071 210 115 1706 
5896 486 485 1267 487 
5897 171 80 722 388 
5898 906 907 270 268 
5899 313 1461 1014 1491 
5900 1083 1522 625 397 
5901 1125 602 585 604 
5902 769 564 571 1536 
5903 192 1098 1117 962 
5904 1026 786 178 934 
5905 1081 1403 1200 1567 
5906 931 476 1781 643 
5907 519 705 1900 1530 
5908 144 528 146 1907 
5909 853 677 9 994 
5910 233 768 448 1157 
5911 918 325 382 1841 
5912 1664 336 1482 1662 
5913 1259 324 1848 1456 
5914 1010 691 849 1009 
5915 1001 183 1270 1023 
5916 409 408 1336 1130 
5917 1686 705 81 1144 
5918 1333 1315 217 453 
5919 1200 1201 1403 1081 
5920 387 963 305 722 
5921 558 1008 566 968 
5922 625 1522 1083 1106 
5923 1623 1482 661 1869 
5924 427 1401 87 345 
5925 1147 1500 1146 1374 
5926 726 67 118 1129 
5927 1175 665 952 746 
5928 13 15 100 99 
5929 390 391 522 524 
5930 400 401 1168 1151 
5931 216 1261 802 308 
5932 571 134 707 565 
5933 179 177 507 933 
5934 1098 1117 913 1863 
5935 1720 1548 949 1661 
5936 826 1807 893 1712 
5937 827 494 495 1011 
5938 120 1016 975 1041 
5939 1474 996 1548 1453 
5940 992 275 1472 1072 
5941 1778 1788 964 699 
5942 883 768 1644 448 
5943 1416 522 1619 523 
5944 1238 1112 433 434 
5945 1415 1134 113 1710 
5946 179 177 317 507 
5947 1380 303 1378 304 
5948 1079 1078 959 1903 
5949 506 507 179 505 
5950 1034 1764 740 357 
5951 1331 295 361 1909 
5952 1119 1649 1798 1509 
5953 489 485 486 487 
5954 1016 120 98 1042 
5955 1492 1493 536 537 
5956 386 34 1559 492 
5957 169 1048 361 680 
5958 1396 1018 696 686 
5959 1568 267 554 265 
5960 1333 1467 217 1436 
5961 111 110 1579 1848 
5962 515 516 1189 517 
5963 708 709 1682 887 
5964 433 1833 1419 1035 
5965 1436 1467 286 1329 
5966 111 110 1848 1456 
5967 106 1833 433 1035 
5968 1028 161 90 1182 
5969 27 108 70 1104 
5970 1372 974 939 572 
5971 1467 217 1742 1333 
5972 8 305 722 791 
5973 1090 522 391 524 
5974 1057 1715 1909 1914 
5975 541 1283 300 159 
5976 1040 490 359 19 
5977 28 387 430 722 
5978 503 502 504 1728 
5979 461 1167 145 1907 
5980 745 1660 1474 414 
5981 855 856 949 836 
5982 1017 793 97 1016 
5983 686 735 685 1673 
5984 998 1450 1830 1508 
5985 217 219 1742 453 
5986 1473 1537 1443 1177 
5987 1716 363 1228 1715 
5988 1862 634 1496 1158 
5989 1423 526 1350 1351 
5990 1012 1090 390 524 
5991 956 228 360 1040 
5992 697 1397 1398 1396 
5993 1734 708 647 649 
5994 661 1625 1623 919 
5995 1788 1521 1901 1546 
5996 133 132 1532 1765 
5997 1204 427 345 1650 
5998 884 571 232 1272 
5999 1115 953 961 1175 
6000 260 865 864 261 
6001 1288 1564 1810 1287 
6002 1396 696 1673 686 
6003 55 110 31 658 
6004 1455 1312 1681 344 
6005 355 1469 5 701 
6006 230 985 573 1054 
6007 1441 1303 1798 1526 
6008 1147 1500 1374 1561 
6009 918 803 1006 1873 
6010 1514 421 1391 728 
6011 1573 823 822 273 
6012 1776 1399 1728 503 
6013 173 172 1304 1130 
6014 194 1313 1605 1274 
6015 59 1522 625 1106 
6016 541 894 1283 158 
6017 1048 680 1884 1047 
6018 748 1370 1590 1153 
6019 260 865 261 552 
6020 513 1459 843 512 
6021 256 254 274 255 
6022 613 855 1685 714 
6023 440 1407 652 273 
6024 1455 1312 1820 1681 
6025 1060 429 1185 428 
6026 327 329 1885 1311 
6027 254 1814 822 273 
6028 1649 1798 1510 1526 
6029 1222 992 667 276 
6030 1032 595 594 1053 
6031 662 1645 1598 1302 
6032 905 1122 498 286 
6033 1187 1090 1012 524 
6034 1715 1790 361 544 
6035 31 57 55 658 
6036 529 1793 1824 1617 
6037 1645 1405 860 1109 
6038 496 495 494 1011 
6039 547 948 1314 548 
6040 455 1742 218 453 
6041 1332 1102 1101 239 
6042 1705 909 910 1706 
6043 1493 1492 1147 537 
6044 833 832 693 1847 
6045 226 411 410 956 
6046 1727 948 1314 547 
6047 216 802 281 308 
6048 1812 85 86 1557 
6049 11 872 937 431 
6050 1176 194 192 1241 
6051 1171 1636 1895 1170 
6052 427 1013 403 742 
6053 1416 524 522 523 
6054 336 1684 1678 999 
6055 749 710 708 887 
6056 1104 108 70 1105 
6057 1433 942 774 344 
6058 212 908 1108 1071 
6059 266 1142 1593 1568 
6060 135 137 136 569 
6061 809 987 808 1082 
6062 1651 945 946 697 
6063 1265 697 1398 1396 
6064 540 159 541 300 
6065 1442 1119 1503 1121 
6066 1072 1472 992 1073 
6067 867 1587 868 1586 
6068 1387 386 1834 715 
6069 492 386 35 715 
6070 558 557 556 966 
6071 297 577 298 550 
6072 1300 574 1384 972 
6073 1353 856 1634 1635 
6074 1698 354 754 1153 
6075 909 1071 910 1706 
6076 1583 962 1115 961 
6077 978 196 1902 1904 
6078 1374 1146 1147 326 
6079 1040 490 1047 359 
6080 1372 974 572 1809 
6081 1323 790 9 993 
6082 166 1129 621 118 
6083 1041 1184 1057 1716 
6084 1438 154 1437 753 
6085 1115 1581 962 1583 
6086 747 746 1175 961 
6087 1179 243 241 1038 
6088 278 280 353 352 
6089 862 1274 863 1605 
6090 1569 46 1772 1014 
6091 297 330 577 550 
6092 1583 86 1680 1812 
6093 1079 959 682 1903 
6094 123 125 923 424 
6095 884 571 1536 769 
6096 1080 1459 513 514 
6097 999 1678 336 1386 
6098 555 218 1523 1917 
6099 1363 463 221 1642 
6100 386 1834 385 1387 
6101 1815 755 1854 951 
6102 1400 1776 1728 286 
6103 483 991 482 1799 
6104 455 1467 1742 1333 
6105 1466 1587 1486 1124 
6106 1587 1468 1466 1852 
6107 736 439 403 1905 
6108 224 369 1118 1916 
6109 1232 907 852 456 
6110 414 745 1723 413 
6111 1763 47 1218 1217 
6112 653 1526 1527 632 
6113 35 34 386 492 
6114 1468 1393 1643 1587 
6115 943 942 1433 1058 
6116 639 763 1031 1019 
6117 1498 1573 1646 1647 
6118 786 178 934 932 
6119 47 1209 1218 1015 
6120 106 1243 1294 1282 
6121 212 1084 1085 578 
6122 935 121 1188 373 
6123 1022 1021 1113 283 
6124 103 104 63 1180 
6125 1211 1550 1549 1212 
6126 1823 774 1321 775 
6127 225 299 1903 1908 
6128 1546 549 1901 1619 
6129 181 44 20 417 
6130 304 1453 1440 744 
6131 1302 1303 1055 657 
6132 1801 1860 442 441 
6133 1702 1629 1810 1628 
6134 555 201 1523 469 
6135 838 1396 686 1383 
6136 1038 241 1179 1180 
6137 752 1552 1269 1658 
6138 722 963 8 1722 
6139 1810 1564 1438 1287 
6140 843 513 512 1419 
6141 129 131 351 332 
6142 1847 886 693 833 
6143 1407 637 151 440 
6144 592 1459 1457 514 
6145 841 1416 1547 523 
6146 1405 1110 1645 1302 
6147 1901 1546 1619 1839 
6148 1522 1083 944 397 
6149 897 846 845 466 
6150 218 217 1742 1699 
6151 1040 228 360 1047 
6152 1524 470 392 1143 
6153 427 87 1204 345 
6154 1382 450 1157 570 
6155 1026 1416 911 1511 
6156 1077 870 416 1918 
6157 729 730 1125 1747 
6158 1514 422 718 423 
6159 1188 516 478 935 
6160 774 1823 942 1433 
6161 387 80 388 722 
6162 1246 1618 1476 327 
6163 682 959 195 1903 
6164 1030 602 314 604 
6165 1389 382 1410 76 
6166 561 340 511 1912 
6167 1190 1162 1012 1187 
6168 870 642 869 1918 
6169 503 1776 704 1728 
6170 1869 661 1623 919 
6171 1232 615 1726 456 
6172 1674 904 197 1916 
6173 1283 159 1285 300 
6174 1541 658 57 1783 
6175 1521 1313 1605 194 
6176 727 1129 235 1214 
6177 718 422 421 728 
6178 745 744 685 772 
6179 968 566 564 1249 
6180 1395 510 341 1912 
6181 781 725 666 966 
6182 744 1440 771 1453 
6183 67 119 118 1129 
6184 1568 267 266 1524 
6185 1041 362 1184 1716 
6186 98 1016 539 975 
6187 529 1824 1793 1376 
6188 1214 1129 235 1127 
6189 427 1204 450 1650 
6190 740 1034 606 1348 
6191 1736 554 265 1137 
6192 28 963 722 1722 
6193 1227 1766 1471 1420 
6194 654 519 706 705 
6195 1104 1168 108 1105 
6196 1296 1078 886 1903 
6197 522 1619 390 1416 
6198 320 322 321 331 
6199 369 370 635 349 
6200 927 1744 296 331 
6201 368 1254 370 301 
6202 539 96 121 373 
6203 1401 1192 1402 427 
6204 684 744 1835 1673 
6205 782 1515 1513 423 
6206 840 657 125 424 
6207 266 46 1569 48 
6208 747 1117 1098 962 
6209 1521 863 1257 194 
6210 772 745 413 1301 
6211 756 758 1210 1234 
6212 391 390 1090 524 
6213 286 704 1776 1728 
6214 1151 1168 400 764 
6215 281 1288 215 1810 
6216 1852 1466 1198 1328 
6217 1457 179 1299 514 
6218 227 58 1106 1107 
6219 1372 1809 572 973 
6220 1401 87 89 427 
6221 307 306 1101 527 
6222 705 519 1686 1530 
6223 1129 235 1166 727 
6224 893 1807 826 631 
6225 1774 184 81 798 
6226 89 403 1192 427 
6227 1718 1843 1371 559 
6228 457 668 992 1073 
6229 749 750 649 710 
6230 359 1056 19 490 
6231 1015 1207 1014 47 
6232 541 617 158 270 
6233 964 965 713 1512 
6234 941 1028 90 1182 
6235 1720 949 1703 423 
6236 1188 516 935 373 
6237 1890 1790 544 1556 
6238 920 1677 1599 694 
6239 1185 426 478 1060 
6240 373 1188 516 811 
6241 438 1186 1206 1914 
6242 1604 409 1313 1312 
6243 747 1115 1116 1117 
6244 1671 1351 4 1423 
6245 399 398 942 1823 
6246 136 567 1146 326 
6247 64 65 619 1663 
6248 491 1114 1100 412 
6249 1130 1336 409 1312 
6250 1661 1720 1474 1464 
6251 1716 1184 1057 1715 
6252 722 26 80 171 
6253 267 1568 554 1648 
6254 1299 934 179 1358 
6255 1649 1002 1365 1509 
6256 755 952 746 1735 
6257 746 1698 952 755 
6258 160 616 994 907 
6259 199 198 200 489 
6260 1747 421 422 728 
6261 403 429 427 742 
6262 974 1809 973 972 
6263 1354 70 108 1105 
6264 262 685 1672 1301 
6265 1122 703 498 286 
6266 664 1193 1330 279 
6267 398 1433 942 1823 
6268 887 710 709 1685 
6269 1743 717 24 1797 
6270 362 361 1716 987 
6271 912 841 1547 523 
6272 129 1744 582 1866 
6273 1040 360 359 1047 
6274 348 185 1659 1774 
6275 408 71 172 977 
6276 1711 1712 23 494 
6277 1545 1018 1544 686 
6278 270 159 541 540 
6279 975 1184 1185 1041 
6280 1453 745 1474 414 
6281 1891 1642 1641 1380 
6282 134 571 707 741 
6283 298 577 575 550 
6284 847 30 29 542 
6285 555 1795 218 1742 
6286 31 57 1783 1539 
6287 363 361 295 1909 
6288 752 973 972 778 
6289 161 1028 1223 1182 
6290 272 274 254 255 
6291 977 480 71 172 
6292 486 198 485 489 
6293 1661 1474 1548 1453 
6294 1336 71 408 409 
6295 1618 1476 1477 1246 
6296 1559 384 386 492 
6297 691 1010 1862 1009 
6298 1722 963 8 792 
6299 181 44 417 418 
6300 558 1008 968 779 
6301 1774 81 83 798 
6302 1091 601 458 667 
6303 1468 1587 1643 1852 
6304 783 782 584 848 
6305 555 201 469 554 
6306 493 10 173 1654 
6307 1344 245 246 1267 
6308 197 1134 1135 1710 
6309 1524 1270 1142 1606 
6310 810 852 907 456 
6311 439 743 403 1905 
6312 833 886 695 1296 
6313 1423 6 4 1671 
6314 228 359 1047 1056 
6315 1395 437 49 1905 
6316 326 1561 672 1147 
6317 1158 1159 1171 1910 
6318 703 1520 498 1776 
6319 1561 1500 1374 1846 
6320 1370 914 664 1151 
6321 751 1261 802 216 
6322 173 172 171 1304 
6323 387 28 963 722 
6324 524 1416 522 390 
6325 1264 261 865 1262 
6326 695 1578 1576 1570 
6327 224 959 958 1903 
6328 703 552 261 865 
6329 1809 1450 1269 1372 
6330 28 387 963 305 
6331 1680 1582 1583 1518 
6332 1695 623 568 1480 
6333 306 1101 239 307 
6334 1382 450 448 1157 
6335 1597 1824 529 1911 
6336 421 1733 532 1747 
6337 783 782 669 584 
6338 71 27 480 977 
6339 139 1645 1679 1302 
6340 1618 1246 1616 327 
6341 951 1584 1854 1585 
6342 266 46 265 1569 
6343 1413 990 1859 1741 
6344 166 118 1781 643 
6345 626 625 627 1522 
6346 1311 1616 1246 327 
6347 1222 992 276 1472 
6348 641 372 1067 1916 
6349 706 1566 519 654 
6350 425 1188 515 478 
6351 1467 284 217 1436 
6352 1116 1175 1115 747 
6353 685 772 1672 1301 
6354 382 290 383 325 
6355 650 1189 1621 374 
6356 316 282 611 1775 
6357 1894 1895 1636 1170 
6358 224 225 369 1916 
6359 1584 1632 1735 1811 
6360 1776 498 703 286 
6361 751 753 752 154 
6362 953 1583 961 1632 
6363 308 802 1439 1261 
6364 639 763 762 1031 
6365 485 246 484 1267 
6366 1139 474 1122 473 
6367 1286 1442 1503 1121 
6368 1011 137 495 828 
6369 1778 964 1521 538 
6370 1227 1218 1763 1766 
6371 1444 873 1443 874 
6372 1044 1046 463 1641 
6373 1188 516 515 478 
6374 86 1680 1812 1557 
6375 1547 1839 912 523 
6376 506 179 1299 1457 
6377 1521 863 194 1605 
6378 877 786 178 1487 
6379 866 1587 868 867 
6380 788 379 787 1918 
6381 440 637 818 272 
6382 876 178 877 1701 
6383 475 497 1122 498 
6384 305 963 8 722 
6385 429 1897 742 1029 
6386 1409 1646 1573 1647 
6387 1834 1501 887 1387 
6388 1468 1466 1852 1328 
6389 1256 193 538 1778 
6390 789 1319 788 1918 
6391 101 100 1289 871 
6392 966 458 666 781 
6393 1561 326 1374 1147 
6394 957 224 1068 1916 
6395 1368 1098 1099 1367 
6396 432 10 12 722 
6397 59 1522 627 625 
6398 712 1137 265 1568 
6399 1423 4 6 1688 
6400 116 1339 115 1706 
6401 1690 1709 810 456 
6402 173 171 10 721 
6403 1236 1237 1540 1235 
6404 89 1204 403 427 
6405 1619 549 1901 548 
6406 1885 328 329 327 
6407 973 1809 572 972 
6408 705 519 706 1686 
6409 533 532 1467 1333 
6410 884 883 448 768 
6411 1892 1558 1885 1311 
6412 1126 37 38 1502 
6413 1593 266 1568 1569 
6414 1312 948 1820 1681 
6415 1739 213 1374 1500 
6416 1523 758 756 757 
6417 171 173 1304 1290 
6418 1624 1623 919 832 
6419 1430 561 511 1912 
6420 1069 1067 1896 1916 
6421 1670 1043 59 627 
6422 751 753 154 1288 
6423 1152 1339 1909 1914 
6424 863 1257 194 1176 
6425 1144 1183 631 632 
6426 376 384 378 377 
6427 1809 974 572 972 
6428 803 802 801 309 
6429 377 36 34 812 
6430 475 1122 474 473 
6431 755 1698 1815 1275 
6432 497 285 474 1122 
6433 572 752 973 972 
6434 570 233 449 1157 
6435 299 225 1306 1307 
6436 694 831 1599 832 
6437 427 429 1013 742 
6438 1884 1056 228 1047 
6439 580 526 1352 581 
6440 1420 5 1471 1871 
6441 1218 1759 1763 1766 
6442 104 62 61 103 
6443 1487 786 1026 1190 
6444 549 547 1901 548 
6445 876 178 1701 800 
6446 100 1289 871 1919 
6447 5 1408 1471 1871 
6448 11 872 431 12 
6449 321 296 320 331 
6450 1847 1828 1196 1508 
6451 1425 1293 1366 1144 
6452 893 826 1808 631 
6453 728 1747 534 929 
6454 275 276 992 1472 
6455 1117 1098 1368 1367 
6456 166 1129 165 621 
6457 479 560 71 1336 
6458 33 31 110 1326 
6459 604 602 314 603 
6460 1271 42 40 1216 
6461 275 1622 277 1472 
6462 987 1790 808 1082 
6463 1263 865 1264 502 
6464 1679 1678 1645 140 
6465 73 72 1554 185 
6466 1860 149 990 1413 
6467 1100 1006 1114 1873 
6468 1185 1184 1057 1041 
6469 1048 544 1790 1556 
6470 69 726 1215 1129 
6471 296 298 577 332 
6472 813 842 433 1281 
6473 1642 221 1363 1719 
6474 1784 345 37 1919 
6475 902 113 1675 1414 
6476 134 40 571 1272 
6477 513 1730 1051 1080 
6478 323 213 111 1846 
6479 496 495 1011 137 
6480 1466 1468 1467 1328 
6481 298 296 351 332 
6482 1890 544 226 1556 
6483 1605 1521 547 1314 
6484 1043 1052 937 1670 
6485 529 1618 1793 1617 
6486 1304 172 171 977 
6487 1419 843 107 434 
6488 430 30 29 847 
6489 694 1578 1689 695 
6490 1439 281 802 308 
6491 387 28 80 305 
6492 1793 1287 282 1794 
6493 810 1707 1709 1690 
6494 55 660 658 659 
6495 1861 416 99 1077 
6496 718 422 1660 1464 
6497 9 8 7 1323 
6498 863 1274 194 1605 
6499 224 959 1903 1916 
6500 1071 910 908 909 
6501 1304 408 172 977 
6502 1352 356 531 580 
6503 1271 1050 1216 40 
6504 543 897 846 845 
6505 1685 709 1501 714 
6506 306 1102 239 1101 
6507 819 821 1701 1676 
6508 841 1238 814 813 
6509 100 870 1289 1919 
6510 642 640 1118 1916 
6511 1854 1275 1815 1585 
6512 1807 826 23 1712 
6513 1420 1759 1766 1671 
6514 707 133 134 741 
6515 1618 1477 1476 327 
6516 1188 425 515 1189 
6517 1833 1419 107 434 
6518 898 282 316 1911 
6519 254 256 274 273 
6520 1110 1405 1645 1109 
6521 1620 1303 1441 657 
6522 1035 1419 433 1036 
6523 196 299 978 1902 
6524 550 1656 1140 1139 
6525 1216 1271 42 1532 
6526 1290 1304 171 977 
6527 373 96 121 811 
6528 558 566 564 968 
6529 838 1882 1422 837 
6530 1336 172 71 479 
6531 493 435 10 1654 
6532 768 769 1535 557 
6533 361 1715 544 1048 
6534 961 746 1175 1735 
6535 937 1522 626 627 
6536 1290 173 493 721 
6537 1302 1679 139 1055 
6538 131 350 351 332 
6539 1174 1822 1094 1870 
6540 409 1336 1313 1312 
6541 349 369 370 1279 
6542 1695 568 135 1451 
6543 1486 1587 1466 1852 
6544 935 975 478 1060 
6545 898 529 282 1911 
6546 1488 1026 178 934 
6547 803 802 309 1439 
6548 1013 1204 450 427 
6549 256 254 822 273 
6550 725 781 556 966 
6551 1716 361 363 1715 
6552 1430 1431 511 561 
6553 776 573 154 777 
6554 607 125 1755 923 
6555 1854 1584 1735 1811 
6556 864 261 865 1264 
6557 1102 1856 306 1600 
6558 110 55 660 658 
6559 1795 201 202 267 
6560 1025 1026 1416 911 
6561 1638 899 1911 1913 
6562 550 208 1655 1139 
6563 1615 31 1235 1539 
6564 1897 1185 428 426 
6565 408 409 1887 1130 
6566 286 284 1467 1436 
6567 1115 1432 1581 1381 
6568 792 8 791 790 
6569 1438 1449 1564 753 
6570 1055 125 657 1303 
6571 953 952 951 1735 
6572 136 569 1500 1146 
6573 747 1116 913 1117 
6574 901 900 360 1040 
6575 549 1901 1521 1546 
6576 909 363 969 1705 
6577 216 1288 751 215 
6578 27 25 109 1572 
6579 120 1061 1185 1060 
6580 625 1522 944 397 
6581 1404 130 1434 1574 
6582 969 909 1705 1706 
6583 1514 1464 1513 423 
6584 814 1238 1816 1112 
6585 297 298 207 550 
6586 790 9 7 1323 
6587 373 1621 96 811 
6588 322 717 1797 1761 
6589 386 385 384 1559 
6590 1165 1037 1767 1282 
6591 1302 1303 657 1441 
6592 1012 786 1487 1190 
6593 492 1855 1683 612 
6594 1069 1896 1674 1916 
6595 1416 841 911 523 
6596 238 1442 240 663 
6597 1051 1459 843 513 
6598 1016 98 120 975 
6599 909 969 1071 1706 
6600 413 1453 745 772 
6601 1270 1524 1142 1023 
6602 1037 1036 674 1850 
6603 1847 1664 1662 1197 
6604 1785 1231 29 1622 
6605 214 1630 1349 892 
6606 1442 1119 1441 1503 
6607 845 846 543 542 
6608 790 7 8 1323 
6609 942 395 399 944 
6610 752 154 573 751 
6611 1098 1863 559 1367 
6612 103 190 63 851 
6613 541 158 159 270 
6614 116 148 211 210 
6615 1479 879 622 1694 
6616 30 430 543 847 
6617 665 914 664 1370 
6618 376 1855 1683 492 
6619 1073 668 992 1707 
6620 559 1371 1718 1367 
6621 1069 1068 1067 1916 
6622 1336 172 1130 71 
6623 368 1279 1307 301 
6624 466 12 431 872 
6625 975 1185 478 1060 
6626 942 1321 774 344 
6627 111 117 213 323 
6628 626 625 1522 396 
6629 586 587 867 1320 
6630 309 802 801 1261 
6631 19 21 20 417 
6632 154 153 751 216 
6633 1052 872 431 937 
6634 399 398 395 942 
6635 578 1085 212 579 
6636 1079 1903 682 1904 
6637 1524 1270 1606 72 
6638 1358 179 506 933 
6639 1730 1459 1051 1080 
6640 1744 129 237 1866 
6641 749 647 708 649 
6642 243 1836 926 1039 
6643 1028 941 1223 1182 
6644 1122 703 475 498 
6645 1127 1214 1129 1128 
6646 1545 838 686 1544 
6647 232 1050 40 459 
6648 1025 1416 841 911 
6649 1363 462 463 1642 
6650 376 1683 384 492 
6651 1812 961 1632 1735 
6652 1471 1408 5 1469 
6653 1649 1510 1365 1526 
6654 1328 1392 1468 1329 
6655 870 871 1289 1919 
6656 582 1404 129 1866 
6657 1143 203 470 392 
6658 1012 1487 1162 1190 
6659 1533 135 568 1451 
6660 626 11 1522 937 
6661 1185 428 426 1060 
6662 439 736 403 742 
6663 431 11 626 937 
6664 1623 1664 919 1847 
6665 226 228 227 956 
6666 1527 1808 624 880 
6667 970 406 404 1905 
6668 790 1072 7 1226 
6669 968 1008 566 967 
6670 607 608 124 885 
6671 1751 1842 1752 1702 
6672 1728 1468 1392 1329 
6673 723 725 921 1813 
6674 916 1882 491 917 
6675 1332 1691 1760 307 
6676 234 428 426 570 
6677 163 685 1301 745 
6678 71 1336 408 1130 
6679 761 1335 454 1917 
6680 1005 1006 1114 1100 
6681 918 1194 1006 803 
6682 1374 323 1561 1846 
6683 1824 1793 1247 1617 
6684 1516 1313 862 1604 
6685 405 737 404 1905 
6686 210 114 115 116 
6687 718 1464 1514 423 
6688 927 582 1744 1866 
6689 665 913 914 748 
6690 887 848 710 1685 
6691 334 333 335 1222 
6692 5 4 1469 355 
6693 1012 1190 1187 524 
6694 432 12 10 436 
6695 1321 774 1823 942 
6696 1811 1584 85 581 
6697 992 275 1073 1226 
6698 385 272 377 255 
6699 818 440 272 1850 
6700 1513 836 1703 1720 
6701 479 1843 71 559 
6702 383 767 382 325 
6703 1509 1119 1002 1000 
6704 773 903 112 1872 
6705 1026 178 786 1487 
6706 779 1008 967 1551 
6707 992 275 1072 1073 
6708 901 360 359 1040 
6709 1221 1472 1222 334 
6710 1514 1515 421 423 
6711 1866 24 237 1743 
6712 1624 1623 1625 919 
6713 1620 1755 1303 656 
6714 497 285 1122 905 
6715 917 1882 1383 838 
6716 1482 1484 661 337 
6717 1807 1808 826 631 
6718 649 710 750 1736 
6719 1486 866 1587 1852 
6720 1670 1043 447 445 
6721 582 129 1404 1779 
6722 1313 560 1336 1516 
6723 1482 1623 1664 1662 
6724 1685 1501 1834 714 
6725 224 1903 225 1916 
6726 607 124 125 923 
6727 1896 904 1674 1916 
6728 231 230 985 573 
6729 475 703 1122 936 
6730 1474 1660 422 1464 
6731 302 1804 1379 1827 
6732 433 1112 813 1036 
6733 299 938 978 1902 
6734 1597 529 530 1911 
6735 1698 755 754 1275 
6736 730 1733 1486 1124 
6737 665 748 1370 1590 
6738 521 791 25 1572 
6739 594 595 1033 593 
6740 322 320 798 331 
6741 833 695 1362 1296 
6742 227 58 1107 411 
6743 1191 630 1479 1327 
6744 643 659 476 644 
6745 667 458 780 666 
6746 1013 1204 1382 450 
6747 977 171 1290 721 
6748 1512 965 713 1849 
6749 898 528 529 1911 
6750 1013 429 1897 742 
6751 891 237 235 1404 
6752 587 602 585 1124 
6753 330 297 348 1140 
6754 335 667 276 1222 
6755 1656 1140 330 550 
6756 513 1051 1459 1080 
6757 1486 1466 1198 1852 
6758 684 1673 1837 686 
6759 944 396 1522 625 
6760 71 480 1843 479 
6761 1185 120 975 1041 
6762 378 1855 1683 376 
6763 994 852 160 907 
6764 575 207 298 550 
6765 1072 963 792 1777 
6766 832 1623 919 1847 
6767 620 477 165 621 
6768 1011 495 827 828 
6769 936 261 924 1262 
6770 718 421 422 1514 
6771 496 136 569 1500 
6772 1308 1433 774 344 
6773 1849 713 1512 676 
6774 1074 1017 793 809 
6775 1352 356 1495 531 
6776 1574 1404 130 1779 
6777 698 1512 713 676 
6778 1445 1231 29 1785 
6779 953 951 1632 1735 
6780 748 665 746 1590 
6781 227 58 411 956 
6782 40 134 1271 1272 
6783 1024 1782 1023 1160 
6784 912 911 841 523 
6785 1536 968 564 1249 
6786 273 274 254 272 
6787 1146 1374 136 326 
6788 1117 913 747 1098 
6789 650 1621 1189 811 
6790 1511 1416 911 523 
6791 1841 382 767 325 
6792 578 114 1085 579 
6793 81 765 1293 1144 
6794 870 15 100 1289 
6795 1253 499 1505 1640 
6796 1137 554 265 1568 
6797 658 57 55 1541 
6798 246 485 1344 1267 
6799 1198 1466 1467 1328 
6800 1451 568 1533 628 
6801 151 150 442 440 
6802 46 48 47 1014 
6803 489 486 198 487 
6804 12 11 436 431 
6805 1896 93 39 1916 
6806 448 768 233 449 
6807 351 296 321 927 
6808 751 1832 1261 153 
6809 232 449 233 884 
6810 573 152 230 1054 
6811 1849 1512 815 676 
6812 1235 1236 31 1615 
6813 1557 1812 85 1811 
6814 608 653 1527 988 
6815 1707 810 668 1690 
6816 975 539 121 935 
6817 1531 1895 1170 1053 
6818 1803 1287 1794 1842 
6819 602 314 1267 1030 
6820 238 1442 663 1110 
6821 1024 1207 1160 1208 
6822 1276 451 1826 1825 
6823 944 942 395 398 
6824 613 492 35 715 
6825 67 118 1781 726 
6826 602 587 1320 1124 
6827 1106 59 1670 1107 
6828 424 1277 1519 451 
6829 1271 134 133 741 
6830 410 226 956 1318 
6831 1420 1759 1671 6 
6832 1824 1376 529 1911 
6833 1466 1486 1733 1124 
6834 1139 1656 1140 473 
6835 869 1918 642 1919 
6836 436 432 12 431 
6837 884 883 768 1535 
6838 1680 961 1583 1812 
6839 964 1800 1876 698 
6840 1623 1662 1869 919 
6841 1157 448 233 449 
6842 997 1809 1830 1450 
6843 1688 6 1423 1671 
6844 924 1655 208 1139 
6845 730 1486 1733 929 
6846 1077 1861 870 379 
6847 1098 559 1099 1367 
6848 486 1267 603 487 
6849 138 859 1406 657 
6850 215 154 753 1288 
6851 504 1452 1394 1399 
6852 285 470 839 1123 
6853 1454 476 659 644 
6854 492 1683 386 612 
6855 1656 1591 1140 473 
6856 1599 1689 831 694 
6857 1482 1623 1662 1869 
6858 1759 307 1691 1671 
6859 1186 1061 1057 1914 
6860 1404 237 129 1866 
6861 1272 571 134 741 
6862 1139 924 1655 473 
6863 692 298 577 575 
6864 1165 812 1696 1164 
6865 8 7 790 1777 
6866 1269 328 1657 327 
6867 1574 66 1434 1596 
6868 1547 1546 700 1839 
6869 31 1236 1235 1326 
6870 1540 1844 1889 1237 
6871 666 458 780 781 
6872 1055 125 840 657 
6873 74 203 1555 1554 
6874 333 601 1091 1222 
6875 1642 1363 462 1719 
6876 968 1008 967 779 
6877 1715 169 1048 361 
6878 808 1790 1890 1556 
6879 935 478 1188 1060 
6880 1171 1159 1032 1910 
6881 165 167 477 620 
6882 115 210 116 1706 
6883 1514 421 422 423 
6884 1423 307 1688 1671 
6885 80 78 26 79 
6886 1098 913 748 1863 
6887 1262 865 1264 1263 
6888 952 1175 746 1735 
6889 1659 348 1774 320 
6890 814 842 841 813 
6891 1217 311 312 313 
6892 113 39 197 904 
6893 510 1430 511 1912 
6894 685 745 772 1301 
6895 272 1850 1037 1164 
6896 222 1730 1080 1046 
6897 1850 272 818 1164 
6898 1052 1043 447 1670 
6899 1344 485 199 489 
6900 80 387 305 722 
6901 491 1490 916 1114 
6902 947 946 945 697 
6903 667 601 458 1222 
6904 231 573 776 777 
6905 967 1770 779 1551 
6906 595 1053 1032 1910 
6907 887 709 1501 1685 
6908 662 1598 1110 1302 
6909 129 130 1404 1779 
6910 1825 630 801 629 
6911 1142 48 266 1593 
6912 74 839 1123 1555 
6913 547 1901 1521 549 
6914 392 72 1524 1141 
6915 752 973 778 1437 
6916 566 968 967 1249 
6917 1593 48 266 1569 
6918 150 1801 442 440 
6919 570 233 234 449 
6920 802 1288 216 281 
6921 1112 1419 433 434 
6922 1795 1523 469 555 
6923 1839 1788 700 912 
6924 625 944 396 397 
6925 700 1547 1839 912 
6926 637 817 636 440 
6927 67 118 111 1781 
6928 330 348 320 331 
6929 173 1321 399 942 
6930 813 814 842 815 
6931 163 685 735 1301 
6932 913 914 1116 665 
6933 358 1083 360 900 
6934 499 1902 881 1904 
6935 866 1643 1587 1852 
6936 306 1102 1600 239 
6937 1184 1228 362 1016 
6938 1632 1584 85 1811 
6939 804 1362 1360 831 
6940 553 1136 201 554 
6941 914 665 748 1370 
6942 1509 1286 1503 1121 
6943 550 576 209 551 
6944 1599 1578 1689 694 
6945 1621 516 1189 811 
6946 1099 862 1368 1367 
6947 1257 1521 194 1778 
6948 219 217 1315 453 
6949 827 22 496 1011 
6950 450 1382 1013 570 
6951 1226 1073 992 1707 
6952 294 295 1331 1909 
6953 405 404 406 1905 
6954 73 474 1555 1123 
6955 428 427 1013 450 
6956 272 1696 1164 1037 
6957 545 34 36 812 
6958 277 276 275 1472 
6959 1419 1833 433 434 
6960 408 172 71 1130 
6961 433 1833 107 434 
6962 1161 1023 1160 1001 
6963 255 818 272 1164 
6964 1365 1366 1002 765 
6965 1772 265 46 1569 
6966 526 1352 581 1350 
6967 587 586 602 1320 
6968 1031 762 639 1044 
6969 284 905 285 1699 
6970 1288 753 215 1810 
6971 1555 73 74 1554 
6972 726 1215 1129 727 
6973 215 214 216 281 
6974 333 667 1091 335 
6975 1626 63 190 851 
6976 1083 358 944 397 
6977 457 1690 810 456 
6978 27 1104 521 1572 
6979 1481 623 878 1480 
6980 1546 1788 700 1839 
6981 1740 1529 105 1714 
6982 961 1175 953 1735 
6983 1056 359 1047 490 
6984 296 330 297 320 
6985 1071 211 210 1706 
6986 448 884 768 449 
6987 1419 1112 512 434 
6988 1511 1190 1012 524 
6989 623 568 135 1695 
6990 123 840 424 622 
6991 1320 867 244 1586 
6992 1313 1274 862 1605 
6993 1695 878 623 1480 
6994 1216 1189 1007 517 
6995 944 395 396 397 
6996 396 626 11 1522 
6997 1314 1901 547 548 
6998 966 779 781 556 
6999 943 122 3 398 
7000 495 1808 826 828 
7001 30 29 28 430 
7002 1277 152 153 1832 
7003 1483 1484 661 1482 
7004 1690 457 810 668 
7005 1192 1402 736 971 
7006 1691 1760 307 1759 
7007 245 586 1320 603 
7008 151 442 1407 440 
7009 1895 633 1171 1053 
7010 765 1649 1366 1144 
7011 384 376 1559 377 
7012 1781 166 476 477 
7013 602 1030 586 585 
7014 1790 808 1082 1556 
7015 1304 172 408 1130 
7016 792 963 8 1777 
7017 586 602 585 587 
7018 1438 1437 1449 753 
7019 322 83 1774 1756 
7020 1660 1661 1474 422 
7021 1274 560 1313 862 
7022 23 24 1712 1711 
7023 1291 1292 184 1293 
7024 297 1659 348 1140 
7025 332 351 129 1744 
7026 1002 1649 1119 1509 
7027 1352 531 526 580 
7028 431 1043 1052 937 
7029 541 158 617 894 
7030 1529 1580 688 1528 
7031 1766 1471 1763 1227 
7032 1399 1728 1392 1329 
7033 1616 1892 1133 1250 
7034 1314 1901 548 522 
7035 569 136 567 1146 
7036 604 1341 1786 1787 
7037 1476 1149 1150 1148 
7038 1419 1112 433 1036 
7039 245 484 1267 603 
7040 595 1033 1032 594 
7041 1073 275 1072 1226 
7042 790 792 8 1777 
7043 40 232 571 1272 
7044 302 1721 1804 1827 
7045 1659 1292 185 1592 
7046 113 112 904 1414 
7047 361 1715 169 1909 
7048 106 1243 1244 1294 
7049 750 710 394 1736 
7050 1811 581 1350 1424 
7051 1524 470 1143 267 
7052 1655 1656 550 1139 
7053 1827 302 1721 1089 
7054 1035 433 106 1281 
7055 1168 401 108 1151 
7056 502 1263 865 704 
7057 544 169 1048 1715 
7058 11 10 12 436 
7059 1103 1209 1208 1332 
7060 1718 71 1843 559 
7061 1835 1378 995 304 
7062 1781 69 67 726 
7063 900 1083 625 397 
7064 1130 1304 173 1321 
7065 1253 1505 1565 1640 
7066 1279 368 370 301 
7067 1677 1854 1584 1585 
7068 1471 1409 1763 1227 
7069 1500 1374 136 1146 
7070 1054 573 152 1832 
7071 1165 1037 1696 1767 
7072 1618 1247 1793 1617 
7073 399 493 173 1654 
7074 1781 476 166 643 
7075 555 469 1795 1742 
7076 322 320 1774 798 
7077 7 1072 790 1777 
7078 1186 1061 1029 1057 
7079 1834 887 1501 1685 
7080 285 1123 474 1122 
7081 506 179 507 933 
7082 1450 1809 1830 1372 
7083 1513 1703 782 423 
7084 1524 1143 392 1141 
7085 1192 403 89 367 
7086 245 484 246 1267 
7087 1277 1519 152 1851 
7088 1183 653 988 632 
7089 1501 1682 709 887 
7090 1405 1110 860 1109 
7091 1674 197 113 1675 
7092 557 968 966 558 
7093 1315 1333 1436 453 
7094 1820 1887 1312 1455 
7095 1568 266 265 1569 
7096 496 569 137 1602 
7097 118 1781 726 621 
7098 272 385 274 255 
7099 470 202 203 267 
7100 1047 680 1884 490 
7101 665 746 747 748 
7102 495 623 624 880 
7103 905 285 1122 286 
7104 1683 1827 1855 378 
7105 1159 1181 1032 1910 
7106 831 1362 1360 833 
7107 377 1696 36 812 
7108 1704 905 284 1699 
7109 1616 1246 1892 1311 
7110 1032 797 1033 1910 
7111 169 1909 1715 1914 
7112 1890 1317 808 1556 
7113 1287 1564 1803 1794 
7114 935 1188 121 1060 
7115 47 1024 1103 1207 
7116 801 1826 309 1261 
7117 665 1116 913 747 
7118 24 1866 717 1743 
7119 105 107 1740 1714 
7120 71 1336 1516 409 
7121 1477 1618 1552 327 
7122 1527 124 608 885 
7123 1675 197 113 1134 
7124 1632 961 953 1735 
7125 476 931 659 643 
7126 1659 185 73 1591 
7127 470 74 203 839 
7128 1556 226 1890 1318 
7129 1464 422 1661 423 
7130 1569 1593 48 1014 
7131 560 1313 862 1516 
7132 235 891 727 1214 
7133 1091 667 333 1222 
7134 1067 640 641 1916 
7135 925 61 241 1180 
7136 839 74 203 1555 
7137 1216 1532 375 651 
7138 871 869 635 1910 
7139 1247 1618 1616 1617 
7140 179 507 610 505 
7141 1064 500 1062 1504 
7142 827 496 22 494 
7143 1605 862 1313 1604 
7144 935 539 121 373 
7145 360 358 900 901 
7146 330 297 1656 550 
7147 450 1157 570 449 
7148 1099 559 560 1367 
7149 867 244 586 1320 
7150 528 530 529 1911 
7151 185 72 1554 1592 
7152 1078 882 958 1903 
7153 37 1784 1792 345 
7154 467 1395 49 468 
7155 211 116 210 1706 
7156 1141 72 1524 1606 
7157 710 394 52 750 
7158 1152 1206 1186 1914 
7159 1815 755 1275 1854 
7160 1264 503 1263 502 
7161 1206 1152 1205 1914 
7162 1143 470 203 267 
7163 1391 1515 421 1514 
7164 215 154 1288 751 
7165 629 630 801 803 
7166 893 1808 826 495 
7167 1723 471 414 413 
7168 1568 1137 554 1648 
7169 1302 139 1406 657 
7170 949 1703 836 1720 
7171 408 1304 1130 775 
7172 1209 47 1103 1207 
7173 920 1677 1424 1599 
7174 765 81 1293 184 
7175 185 1659 1592 1591 
7176 661 1482 337 1869 
7177 235 891 1166 727 
7178 653 1527 988 632 
7179 1884 1056 1047 490 
7180 1849 965 713 676 
7181 1189 1188 516 515 
7182 750 394 52 1736 
7183 1509 1286 1119 1000 
7184 969 211 1071 1706 
7185 622 1851 840 424 
7186 1742 284 217 1467 
7187 1464 718 422 423 
7188 1366 1365 1649 765 
7189 550 1655 208 551 
7190 1114 309 803 1006 
7191 1267 314 602 603 
7192 1303 1755 125 656 
7193 72 185 1292 1592 
7194 710 394 1865 1734 
7195 1711 237 24 1743 
7196 1657 1552 1269 327 
7197 1854 1584 1811 1677 
7198 61 103 241 1180 
7199 750 52 710 848 
7200 841 814 911 912 
7201 1587 1588 1746 1586 
7202 104 62 103 102 
7203 235 891 1214 1127 
7204 72 1270 183 1023 
7205 26 171 977 721 
7206 1568 712 1137 1491 
7207 1196 1197 1847 1508 
7208 1301 262 685 735 
7209 967 1008 1145 1551 
7210 1509 1503 1119 1121 
7211 305 8 25 791 
7212 1521 1314 1901 547 
7213 846 845 466 872 
7214 1691 1218 1759 1763 
7215 1321 1823 399 942 
7216 1032 1181 797 1910 
7217 486 164 198 487 
7218 1291 1002 1366 765 
7219 392 1143 203 1141 
7220 56 55 57 1541 
7221 121 96 98 811 
7222 450 448 1157 449 
7223 75 77 1100 412 
7224 197 904 39 1916 
7225 1655 209 208 551 
7226 1419 512 843 434 
7227 578 212 1084 1108 
7228 1826 1832 153 1261 
7229 171 173 1290 721 
7230 1103 1209 1332 1760 
7231 71 560 559 1516 
7232 1246 1247 1618 1616 
7233 1006 803 1114 1873 
7234 452 630 801 1825 
7235 557 769 1535 1536 
7236 1061 1185 1029 1057 
7237 11 436 431 435 
7238 1110 1405 1442 662 
7239 105 1529 1740 1874 
7240 1515 782 421 423 
7241 1036 813 433 1281 
7242 1655 1656 1139 473 
7243 15 13 100 1289 
7244 1663 1404 1434 1596 
7245 25 27 521 1572 
7246 203 74 1141 1554 
7247 1091 458 780 667 
7248 953 1175 952 1735 
7249 121 120 935 1060 
7250 1151 1354 108 1105 
7251 358 360 359 901 
7252 1516 560 559 1367 
7253 1801 636 150 1860 
7254 1486 1198 1733 929 
7255 1024 1207 1782 1160 
7256 358 397 901 1059 
7257 1399 1400 1728 1329 
7258 1649 1365 1002 765 
7259 1313 1605 1604 1727 
7260 1747 730 1733 929 
7261 299 1902 196 1903 
7262 1105 1354 70 1718 
7263 1677 1584 1811 1577 
7264 699 964 1876 698 
7265 803 918 1114 1873 
7266 230 840 1054 1851 
7267 121 120 975 935 
7268 393 1865 711 712 
7269 335 276 334 1222 
7270 1105 1371 1354 1718 
7271 1683 386 384 492 
7272 428 427 429 1013 
7273 1696 34 36 1295 
7274 815 1512 700 676 
7275 1189 375 1216 1007 
7276 919 1664 1662 1847 
7277 700 1547 912 815 
7278 1333 1198 1467 1328 
7279 213 1739 1868 1500 
7280 1460 1137 712 1491 
7281 1332 1208 1102 240 
7282 1218 1691 47 1763 
7283 1662 1828 1847 1508 
7284 134 1271 1272 741 
7285 330 297 1140 1656 
7286 348 1774 320 798 
7287 689 687 1363 688 
7288 913 665 747 748 
7289 1015 46 47 1014 
7290 644 476 166 477 
7291 1891 1380 1837 684 
7292 25 27 26 521 
7293 897 846 466 446 
7294 451 801 1826 1825 
7295 359 358 901 1059 
7296 1394 1452 1392 1399 
7297 528 898 899 1911 
7298 61 63 104 1180 
7299 1197 1662 1847 1508 
7300 912 842 814 815 
7301 1313 1605 1727 1314 
7302 1321 1130 1304 775 
7303 798 320 348 331 
7304 1305 301 1388 269 
7305 1171 1053 633 1910 
7306 1781 118 166 621 
7307 119 118 117 67 
7308 11 10 436 435 
7309 1733 1198 532 929 
7310 1744 351 129 582 
7311 1141 74 72 1554 
7312 1533 568 135 325 
7313 165 167 166 477 
7314 496 1739 1374 1500 
7315 1602 22 496 1601 
7316 427 1401 345 563 
7317 469 1795 202 267 
7318 123 125 124 923 
7319 1672 685 262 735 
7320 1352 526 1351 1350 
7321 1344 199 485 1343 
7322 663 240 238 239 
7323 477 726 1781 621 
7324 700 842 1547 815 
7325 623 1481 878 880 
7326 1470 1469 4 355 
7327 586 245 1267 603 
7328 1320 244 1831 1586 
7329 139 1302 1055 657 
7330 1165 1696 1037 1164 
7331 576 575 577 550 
7332 118 726 1129 621 
7333 233 232 884 769 
7334 190 63 61 1180 
7335 623 1481 1840 1480 
7336 439 1594 743 1905 
7337 531 526 1351 1352 
7338 495 137 623 828 
7339 123 452 622 424 
7340 1527 123 124 885 
7341 22 1602 496 1011 
7342 674 1037 1850 675 
7343 624 1808 1183 631 
7344 538 441 1800 964 
7345 1250 1616 1892 1311 
7346 525 1625 1856 1624 
7347 998 1197 1196 1508 
7348 1086 565 566 1249 
7349 1061 598 1057 1914 
7350 154 215 216 751 
7351 769 1535 884 768 
7352 940 229 1679 1478 
7353 1073 810 668 1707 
7354 1512 698 700 676 
7355 1832 153 1277 1826 
7356 1605 1727 1314 547 
7357 477 1781 166 621 
7358 1032 1033 595 1910 
7359 1249 565 571 1273 
7360 26 80 79 305 
7361 565 707 571 1273 
7362 1139 261 924 936 
7363 995 771 1835 304 
7364 454 757 218 1917 
7365 226 410 1890 1318 
7366 445 1670 60 1107 
7367 862 1099 560 1367 
7368 1470 4 1351 531 
7369 869 642 1118 1919 
7370 506 1299 179 1358 
7371 196 1903 1902 1904 
7372 304 1378 995 303 
7373 358 1083 900 397 
7374 1800 538 964 1876 
7375 368 370 369 1279 
7376 1452 1728 1392 1399 
7377 47 1209 1691 1218 
7378 1788 1512 700 912 
7379 1486 1198 1466 1733 
7380 120 1185 975 1060 
7381 1564 1803 1449 1438 
7382 203 74 392 1141 
7383 912 1512 700 815 
7384 1782 48 1024 1023 
7385 626 11 431 435 
7386 1760 1691 1209 1218 
7387 11 10 435 1654 
7388 1140 297 1659 1656 
7389 168 418 170 1915 
7390 108 1168 1151 1105 
7391 656 1303 1620 657 
7392 1321 1304 173 775 
7393 555 553 1853 1917 
7394 868 1587 1746 1586 
7395 693 1662 1847 919 
7396 1213 213 1868 1500 
7397 723 921 191 1813 
7398 1636 633 1158 1171 
7399 1828 1662 1830 1508 
7400 451 452 801 1825 
7401 1606 1141 72 1554 
7402 868 244 867 1586 
7403 884 233 768 449 
7404 1023 1782 1161 1160 
7405 244 586 245 867 
7406 592 843 512 434 
7407 595 633 1053 1910 
7408 397 900 358 901 
7409 928 1761 1534 717 
7410 565 1088 707 1086 
7411 380 15 1861 379 
7412 1733 532 1198 1333 
7413 748 747 913 1098 
7414 981 223 1902 1908 
7415 499 1131 881 1902 
7416 814 1025 841 911 
7417 1128 22 1868 494 
7418 229 939 1384 574 
7419 1134 197 113 1710 
7420 689 688 1529 1714 
7421 470 203 202 839 
7422 1636 1888 1895 1894 
7423 974 939 572 1385 
7424 803 309 1114 1439 
7425 1273 707 571 741 
7426 1406 859 138 860 
7427 503 1263 502 704 
7428 166 167 644 477 
7429 1088 1008 1145 1087 
7430 59 60 1670 1107 
7431 440 818 965 1850 
7432 1901 1619 548 522 
7433 1592 73 185 1591 
7434 1336 560 71 1516 
7435 1050 232 40 1272 
7436 1351 1423 526 527 
7437 1577 1677 1584 1585 
7438 462 463 1642 1641 
7439 399 395 1654 944 
7440 209 1655 550 551 
7441 1123 73 74 1555 
7442 1452 502 704 1728 
7443 569 137 136 496 
7444 1808 495 880 828 
7445 563 347 345 1650 
7446 355 4 1470 531 
7447 682 195 196 1903 
7448 1133 1247 1616 1617 
7449 48 46 1569 1014 
7450 662 1442 1110 663 
7451 201 1795 469 267 
7452 333 667 335 1222 
7453 814 1238 1025 1816 
7454 1895 633 1636 1171 
7455 814 841 842 912 
7456 1374 136 496 1500 
7457 775 173 1321 399 
7458 1763 1759 1671 1766 
7459 296 330 320 331 
7460 201 1795 1523 469 
7461 912 1547 842 815 
7462 71 480 70 1843 
7463 476 166 643 644 
7464 284 217 1704 1699 
7465 1025 841 1238 814 
7466 378 1683 384 376 
7467 1819 1160 1000 1208 
7468 48 1593 1161 1782 
7469 1654 396 1522 944 
7470 1349 420 126 419 
7471 1696 1295 1165 1767 
7472 1371 1105 1843 1718 
7473 601 780 599 1091 
7474 1078 329 958 882 
7475 1590 664 665 279 
7476 967 1145 1008 1087 
7477 805 1362 1360 804 
7478 668 457 810 1073 
7479 674 1036 1035 1281 
7480 903 1896 112 904 
7481 1800 964 713 698 
7482 496 1868 22 494 
7483 1406 139 138 657 
7484 743 439 403 742 
7485 765 1366 1293 1144 
7486 1867 1889 1844 1237 
7487 1131 1062 500 1504 
7488 866 1587 1746 868 
7489 216 1288 215 281 
7490 516 1188 1189 811 
7491 329 958 882 1250 
7492 1851 1277 1519 424 
7493 267 469 201 554 
7494 213 117 111 67 
7495 582 1744 351 927 
7496 1699 284 217 1742 
7497 787 788 380 379 
7498 11 396 1522 1654 
7499 1555 73 1554 1591 
7500 392 74 72 1141 
7501 1008 566 967 1249 
7502 698 699 1512 700 
7503 1902 1903 881 1904 
7504 1013 1897 428 570 
7505 880 495 623 828 
7506 771 995 1440 304 
7507 1158 633 635 1910 
7508 1847 1197 1196 1297 
7509 1842 1803 1287 1438 
7510 1025 814 1488 911 
7511 1602 137 496 1011 
7512 435 626 11 396 
7513 1366 1293 1291 765 
7514 117 118 111 67 
7515 833 1362 1360 1361 
7516 995 1440 304 303 
7517 1782 1161 48 1023 
7518 1321 1823 775 399 
7519 223 982 981 1902 
7520 1840 137 569 1602 
7521 966 779 556 968 
7522 1869 337 661 662 
7523 450 1013 428 570 
7524 1320 586 602 603 
7525 976 876 508 1913 
7526 404 736 1402 971 
7527 1246 1133 1247 1616 
7528 229 985 574 1384 
7529 1183 988 653 654 
7530 554 1136 201 1648 
7531 484 245 244 1831 
7532 1435 1596 1574 1779 
7533 542 845 846 844 
7534 1224 411 1553 955 
7535 1519 230 152 1851 
7536 841 1547 842 912 
7537 576 207 575 550 
7538 1548 304 1440 303 
7539 1222 276 334 1472 
7540 1832 1277 152 1851 
7541 1704 905 286 284 
7542 1571 219 1315 453 
7543 1592 1606 72 1554 
7544 1897 426 428 570 
7545 1816 1025 814 1488 
7546 935 120 975 1060 
7547 1516 862 560 1367 
7548 62 63 104 61 
7549 439 437 1594 1905 
7550 1165 36 1767 1295 
7551 881 1131 499 1505 
7552 365 251 250 364 
7553 633 1158 1171 1910 
7554 1218 1760 1691 1759 
7555 777 573 154 751 
7556 779 558 556 968 
7557 309 629 803 1006 
7558 882 1558 1892 1163 
7559 185 183 72 1292 
7560 1843 1105 70 1718 
7561 1512 713 964 698 
7562 1452 504 502 1728 
7563 675 1037 1850 1164 
7564 203 74 470 392 
7565 497 839 285 905 
7566 1746 1588 1587 1643 
7567 727 1129 726 621 
7568 1129 1166 165 621 
7569 1826 801 309 629 
7570 1495 531 1470 1352 
7571 682 1903 196 1904 
7572 801 1826 1825 629 
7573 744 684 1835 304 
7574 699 1512 964 698 
7575 1477 1657 1476 327 
7576 700 699 1788 1546 
7577 441 713 1801 1800 
7578 433 1035 1036 1281 
7579 422 1661 1474 1464 
7580 1449 1658 1803 1564 
7581 15 870 1861 379 
7582 1385 572 974 972 
7583 173 493 399 1290 
7584 1267 602 1030 586 
7585 790 1072 792 1777 
7586 184 183 185 1292 
7587 832 919 693 1847 
7588 1657 1477 1552 327 
7589 1026 1025 1488 911 
7590 441 442 1801 440 
7591 1788 1512 699 700 
7592 1564 1658 1803 1552 
7593 780 601 458 1091 
7594 656 125 1303 657 
7595 713 441 964 1800 
7596 101 100 13 1289 
7597 474 1123 839 1555 
7598 322 1774 83 798 
7599 940 229 939 1386 
7600 1721 687 688 1580 
7601 1277 1832 1826 1851 
7602 1533 1191 135 1451 
7603 235 1711 891 1127 
7604 966 556 558 968 
7605 1675 113 1674 904 
7606 1078 329 882 1885 
7607 554 201 267 1648 
7608 499 881 1640 1904 
7609 818 817 637 440 
7610 1554 73 1592 1591 
7611 1362 805 1251 1633 
7612 1166 1129 727 621 
7613 1284 1879 1063 1878 
7614 395 396 1654 944 
7615 1103 1209 1207 1208 
7616 968 564 558 1536 
7617 1467 532 1733 1333 
7618 983 223 981 1908 
7619 229 940 1679 1386 
7620 1755 607 923 609 
7621 1643 1587 1746 866 
7622 1272 1273 571 741 
7623 653 155 655 654 
7624 663 238 1484 306 
7625 1691 1103 1332 1760 
7626 276 277 334 1472 
7627 1214 891 890 1127 
7628 1766 1671 1471 1420 
7629 1763 1759 1691 1671 
7630 301 1388 1279 1305 
7631 983 950 223 1908 
7632 1843 70 71 1718 
7633 1733 1198 1467 1333 
7634 1467 1466 1198 1733 
7635 972 973 1300 778 
7636 1747 1733 532 929 
7637 70 1104 1105 480 
7638 801 1832 1826 1261 
7639 955 1225 1224 1318 
7640 977 171 26 521 
7641 209 1655 576 550 
7642 1119 1286 1509 1121 
7643 881 1565 1505 1640 
7644 1592 185 73 1554 
7645 73 185 1659 1140 
7646 348 1659 185 1140 
7647 964 1788 1512 699 
7648 1110 1405 662 1302 
7649 224 958 882 1903 
7650 1243 1245 1244 1294 
7651 692 577 332 960 
7652 396 11 435 1654 
7653 1657 1148 1476 327 
7654 1208 1102 1103 1332 
7655 769 884 1535 1536 
7656 184 183 1292 1291 
7657 1362 833 1296 1361 
7658 833 1297 1296 1361 
7659 117 213 119 67 
7660 1505 499 881 1640 
7661 920 1624 919 832 
7662 37 345 346 1919 
7663 1183 624 631 632 
7664 230 840 1851 424 
7665 600 1770 1768 1551 
7666 881 1902 223 1903 
7667 1623 1664 1662 919 
7668 1803 1564 1287 1438 
7669 1183 155 988 654 
7670 1540 1844 1615 1539 
7671 563 345 427 1650 
7672 904 1675 113 1414 
7673 885 608 1527 988 
7674 884 233 769 768 
7675 650 651 375 374 
7676 304 1440 771 744 
7677 184 1291 1293 765 
7678 927 582 1866 928 
7679 99 100 13 101 
7680 495 624 1808 880 
7681 446 1043 447 1052 
7682 202 470 469 267 
7683 239 1332 1102 240 
7684 577 298 692 332 
7685 783 782 1515 669 
7686 920 1624 1625 919 
7687 1209 1103 47 1691 
7688 1624 1625 1856 920 
7689 1160 1819 1024 1208 
7690 26 27 977 521 
7691 1768 967 1145 1551 
7692 1851 1519 230 424 
7693 207 209 1655 576 
7694 174 1753 1377 1738 
7695 1477 1803 1658 1552 
7696 1890 1317 1556 1318 
7697 1671 1471 1763 1766 
7698 61 241 242 925 
7699 1151 1104 1105 1168 
7700 421 783 782 1515 
7701 717 1761 1534 1797 
7702 1840 1011 137 1602 
7703 1073 993 810 1707 
7704 446 466 1043 1052 
7705 1574 130 1435 1779 
7706 1752 1629 1702 1628 
7707 531 1351 1470 1352 
7708 917 916 1882 838 
7709 223 881 982 1902 
7710 286 905 285 284 
7711 124 607 885 923 
7712 1140 1659 73 1591 
7713 1209 1103 1691 1760 
7714 1267 602 586 603 
7715 890 1214 1127 1128 
7716 1896 39 904 1916 
7717 1816 1238 1025 591 
7718 345 1792 37 346 
7719 1624 1856 525 920 
7720 893 1808 624 631 
7721 893 624 1808 495 
7722 957 1700 197 1710 
7723 424 1851 1277 451 
7724 1087 967 1145 1768 
7725 1235 1540 1615 1539 
7726 304 771 1835 744 
7727 1825 451 452 795 
7728 155 653 988 654 
7729 659 658 55 930 
7730 238 663 239 306 
7731 1728 1452 504 1399 
7732 1658 1657 1552 1269 
7733 1868 496 1601 1500 
7734 166 165 477 621 
7735 781 1627 556 779 
7736 1135 1068 882 1163 
7737 675 1165 1037 1164 
7738 1591 1140 1659 1656 
7739 1843 70 1105 480 
7740 1215 1129 727 1214 
7741 1488 1816 1025 591 
7742 424 452 801 451 
7743 1249 1086 565 1273 
7744 1599 920 694 832 
7745 1253 1565 1252 1640 
7746 706 655 1566 654 
7747 1900 518 519 1530 
7748 1757 1534 1761 1797 
7749 885 123 124 923 
7750 653 608 156 988 
7751 904 112 903 1414 
7752 920 1856 525 1424 
7753 936 924 1139 473 
7754 61 241 816 242 
7755 1562 1563 1802 590 
7756 1746 1643 866 868 
7757 1479 1771 879 1694 
7758 1087 1008 967 1249 
7759 801 309 629 803 
7760 1640 881 1903 1904 
7761 375 1189 651 650 
7762 97 793 1017 809 
7763 1666 1258 1665 1667 
7764 496 1868 1739 1500 
7765 1517 519 518 1530 
7766 1120 1119 1286 1000 
7767 520 519 518 1517 
7768 993 1073 1226 1707 
7769 1601 22 1868 1213 
7770 707 565 1086 1273 
7771 552 261 924 1139 
7772 895 978 299 938 
7773 1415 113 197 1710 
7774 1272 1271 1273 741 
7775 576 1655 207 550 
7776 1868 1601 1213 1500 
7777 659 931 476 1454 
7778 1225 410 1224 1318 
7779 1645 140 338 1109 
7780 1770 458 780 599 
7781 1900 520 518 1517 
7782 496 22 1868 1601 
7783 1599 1624 920 832 
7784 1603 1444 1836 874 
7785 1566 157 155 655 
7786 1897 428 429 1013 
7787 920 1624 1599 1424 
7788 1658 1657 1477 1552 
7789 146 899 508 1913 
7790 1488 1299 591 1358 
7791 1638 976 899 1913 
7792 1279 1307 301 1305 
7793 891 1711 24 1127 
7794 1645 140 139 1679 
7795 659 55 931 930 
7796 1488 1299 1816 591 
7797 518 1900 1517 1530 
7798 890 891 24 1127 
7799 1300 1384 1385 972 
7800 1435 130 66 131 
7801 1532 1271 133 741 
7802 13 15 14 1289 
7803 525 1624 920 1424 
7804 693 694 920 832 
7805 899 976 508 1913 
7806 1221 1231 1622 277 
7807 780 458 601 599 
7808 1895 633 1888 1636 
7809 13 14 101 1289 
7810 239 663 1600 306 
7811 1189 1216 375 651 
7812 1558 882 1892 1885 
7813 663 240 239 1600 
7814 1770 967 1768 1551 
7815 155 1566 655 654 
7816 1645 860 139 1109 
7817 885 156 608 988 
7818 1231 1221 334 277 
7819 1896 39 112 904 
7820 600 1770 967 1768 
7821 184 183 1291 765 
7822 653 156 155 988 
7823 112 39 1896 903 
7824 1121 1119 1286 1120 
7825 112 39 903 773 
7826 982 983 223 981 
7827 651 1189 1216 650 
7828 919 693 920 832 
7829 1131 1565 881 1132 
7830 860 138 139 1109 
7831 1103 1819 1102 1208 
7832 1645 139 140 1109 
7833 879 622 796 1479 
7834 1131 1565 1505 881 
7835 1771 879 796 1479 
7836 239 1102 1600 240 
7837 609 923 1755 922 
7838 1307 1279 1306 1305 
7839 207 209 208 1655 
7840 25 790 791 8 
7841 260 208 209 551 
7842 1456 318 33 1560 
7843 1655 208 207 924 
7844 306 920 1856 1625 
7845 1385 999 997 939 
7846 928 1404 582 1866 
7847 1596 1663 1404 1779 
7848 1866 891 24 717 
7849 1591 1659 1592 1656 
7850 1655 1591 1656 473 
7851 1436 1571 1315 453 
7852 306 920 1600 1856 
7853 1242 1347 1818 1582 
7854 1257 1256 1255 1778 
7855 30 80 387 28 
7856 387 30 28 430 
7857 1716 598 1715 1057 
7858 1690 458 666 966 
7859 1221 333 334 1222 
7860 63 191 1626 190 
7861 1088 707 1086 741 
7862 1690 458 668 666 
7863 458 1690 456 966 
7864 1690 457 458 456 
7865 49 1395 467 437 
7866 93 1069 372 1896 
7867 1872 1414 1525 903 
7868 182 180 877 1162 
7869 405 1614 461 941 
7870 1630 1628 1610 1608 
7871 1630 420 214 1349 
7872 1094 1092 1611 1093 
7873 809 793 1074 807 
7874 1380 304 1891 1642 
7875 684 685 744 1673 
7876 304 1642 1380 302 
7877 1295 1243 36 1767 
7878 483 482 481 1799 
7879 945 947 697 1266 
7880 586 1344 1267 245 
7881 245 868 244 867 
7882 1155 590 1156 1562 
7883 1562 1156 1155 1563 
7884 590 1155 1754 1562 
7885 1489 1019 1883 1745 
7886 763 1731 762 1864 
7887 1840 1011 1602 880 
7888 940 1662 1869 1830 
7889 1630 420 1629 214 
7890 452 923 922 424 
7891 1389 75 76 1410 
7892 1702 214 1810 1629 
7893 1609 282 283 281 
7894 1022 1630 1608 892 
7895 1410 1100 75 1411 
7896 281 1609 1608 283 
7897 1031 838 837 1490 
7898 1662 886 1847 1829 
7899 1306 1388 1305 1279 
7900 632 82 631 1144 
7901 759 728 1391 534 
7902 1188 425 1189 428 
7903 306 920 663 1600 
7904 336 338 1678 1684 
7905 882 1640 881 1903 
7906 882 1296 1362 1903 
7907 881 223 882 1903 
7908 223 224 882 1903 
7909 223 225 224 1903 
7910 169 596 1182 1915 
7911 532 1391 533 1917 
7912 783 1853 750 1917 
7913 1853 553 750 1917 
7914 670 53 1335 1917 
7915 553 1335 53 1917 
7916 670 1335 761 1917 
7917 714 1387 1834 715 
7918 714 1834 1387 1501 
7919 849 1009 1179 850 
7920 1179 1009 849 691 
7921 1009 243 1179 850 
7922 1179 243 1009 691 
7923 459 1049 232 1050 
7924 459 232 1049 234 
7925 449 232 1049 1050 
7926 449 1049 232 234 
7927 835 834 856 1353 
7928 856 834 835 836 
7929 1216 459 1049 1189 
7930 1248 1216 459 40 
7931 1248 459 1216 1189 
7932 517 1216 1248 40 
7933 517 1248 1216 1189 
7934 371 1319 641 986 
7935 38 738 93 739 
7936 38 93 738 95 
7937 94 93 738 739 
7938 94 738 93 95 
7939 178 179 933 177 
7940 178 933 179 934 
7941 1426 1433 1058 2 
7942 1426 1058 1433 1308 
7943 1372 752 973 572 
7944 1372 973 752 1269 
7945 934 932 1446 933 
7946 1898 1741 1821 1692 
7947 1898 1821 1741 1518 
7948 1043 60 1670 59 
7949 1670 60 1043 445 
7950 1433 398 943 3 
7951 1433 943 398 942 
7952 1377 176 1753 174 
7953 1627 921 725 1717 
7954 1625 920 663 306 
7955 1625 663 920 661 
7956 1484 1483 663 306 
7957 1484 663 1483 661 
7958 1483 1625 663 306 
7959 1483 663 1625 661 
7960 176 1376 1375 287 
7961 176 1375 1376 1753 
7962 349 1118 635 369 
7963 430 431 12 432 
7964 430 12 431 466 
7965 354 1585 1570 1576 
7966 1570 1585 354 1275 
7967 1296 886 1297 833 
7968 1296 1297 886 1829 
7969 1847 1297 886 833 
7970 1847 886 1297 1829 
7971 764 546 664 1193 
7972 764 664 546 402 
7973 1330 664 546 1193 
7974 1111 1045 1899 1417 
7975 896 895 248 249 
7976 1631 895 248 1780 
7977 1125 1201 1858 472 
7978 552 1122 261 1139 
7979 552 261 1122 703 
7980 936 261 1122 1139 
7981 936 1122 261 703 
7982 1687 1280 1908 300 
7983 368 1908 1280 300 
7984 1908 368 1687 1325 
7985 1908 1687 368 1280 
7986 873 1687 368 1325 
7987 873 368 1687 1280 
7988 927 1744 322 1743 
7989 331 322 1744 1743 
7990 581 1424 526 1350 
7991 581 526 1424 525 
7992 527 1424 526 525 
7993 1472 1221 277 334 
7994 1472 277 1221 1622 
7995 425 428 426 234 
7996 416 339 1918 1502 
7997 416 1918 339 1076 
7998 38 1918 339 1502 
7999 38 339 1918 1076 
8000 880 1840 623 1481 
8001 1644 1157 1181 448 
8002 1527 885 622 123 
8003 1527 622 885 879 
8004 796 622 885 123 
8005 796 885 622 879 
8006 43 1429 180 142 
8007 180 1429 43 509 
8008 980 1902 895 896 
8009 1334 895 1902 896 
8010 790 1073 1226 993 
8011 1226 1073 790 1072 
8012 855 483 1685 1203 
8013 855 1685 483 782 
8014 848 483 1685 782 
8015 1390 588 1260 1857 
8016 1665 588 1260 1667 
8017 1665 1260 588 1857 
8018 1096 946 1095 1713 
8019 1095 946 1096 1845 
8020 1301 262 163 1154 
8021 1155 163 262 1154 
8022 989 990 1408 149 
8023 989 1408 990 1278 
8024 1905 49 597 437 
8025 1905 597 49 51 
8026 1206 597 49 437 
8027 1206 49 597 51 
8028 1907 1465 1356 1431 
8029 1907 1356 1465 1357 
8030 117 324 1848 1579 
8031 1848 111 117 1579 
8032 1637 1229 1428 528 
8033 1806 1220 164 1219 
8034 164 1220 1806 589 
8035 740 702 1692 701 
8036 740 1692 702 990 
8037 1469 1692 702 701 
8038 1469 702 1692 990 
8039 623 878 624 880 
8040 1527 624 878 880 
8041 407 1429 143 91 
8042 407 143 1429 142 
8043 819 143 1429 91 
8044 819 1429 143 142 
8045 1907 1465 1414 1357 
8046 903 1414 1465 1357 
8047 1513 1485 782 1799 
8048 1513 782 1485 1515 
8049 669 1485 782 1515 
8050 1911 1355 1907 1637 
8051 1911 1907 1355 186 
8052 621 1663 64 619 
8053 1388 540 614 1233 
8054 1388 614 540 301 
8055 1082 1317 808 807 
8056 808 1317 1082 1556 
8057 1008 565 1086 1088 
8058 1086 565 1008 566 
8059 1008 1249 1086 566 
8060 174 175 1377 176 
8061 174 1377 175 1738 
8062 1794 1377 175 176 
8063 1253 1251 1640 1252 
8064 518 1808 1900 1183 
8065 518 1900 1808 1807 
8066 631 1900 1808 1183 
8067 631 1808 1900 1807 
8068 468 1912 467 1395 
8069 467 1912 468 1906 
8070 1762 481 855 1203 
8071 1762 855 481 834 
8072 483 855 481 1203 
8073 483 481 855 834 
8074 1810 1752 1842 1702 
8075 1810 1842 1752 1610 
8076 38 93 642 739 
8077 642 93 38 1918 
8078 850 1178 1179 849 
8079 850 1179 1178 614 
8080 1905 468 1614 50 
8081 1905 1614 468 1906 
8082 1028 1614 468 50 
8083 1028 468 1614 1906 
8084 60 58 1107 59 
8085 1107 58 60 1877 
8086 141 784 731 259 
8087 731 180 141 259 
8088 540 1280 614 1729 
8089 540 614 1280 301 
8090 1260 1595 588 1390 
8091 1260 588 1595 1667 
8092 820 941 509 460 
8093 820 509 941 1429 
8094 1909 1706 293 1705 
8095 663 1120 240 1600 
8096 846 1052 466 446 
8097 846 466 1052 872 
8098 428 234 450 570 
8099 428 450 234 1049 
8100 449 450 234 570 
8101 449 234 450 1049 
8102 1473 1908 1537 983 
8103 1527 878 879 880 
8104 1859 1821 1875 1880 
8105 538 193 1875 441 
8106 1875 1821 193 1880 
8107 1875 193 1821 441 
8108 1113 1020 763 1864 
8109 1910 1181 1158 1159 
8110 1910 1158 1181 1644 
8111 1157 1158 1181 1159 
8112 1157 1181 1158 1644 
8113 75 1873 918 1411 
8114 918 1873 75 77 
8115 1373 253 764 857 
8116 764 253 1373 1780 
8117 1905 50 51 49 
8118 1905 51 50 1223 
8119 262 264 735 733 
8120 262 735 264 263 
8121 734 735 264 733 
8122 734 264 735 263 
8123 471 1125 472 18 
8124 471 472 1125 1660 
8125 1424 1101 525 527 
8126 525 1101 1424 1856 
8127 1101 1625 525 527 
8128 525 1625 1101 1856 
8129 1101 306 1625 527 
8130 1625 306 1101 1856 
8131 1095 1097 1653 1796 
8132 1346 896 352 1334 
8133 352 896 1346 980 
8134 1902 225 223 1903 
8135 1388 614 370 1639 
8136 370 614 1388 301 
8137 370 1279 1388 1639 
8138 1388 1279 370 301 
8139 407 43 1429 45 
8140 407 1429 43 142 
8141 979 683 354 1275 
8142 354 683 979 980 
8143 354 754 979 1275 
8144 294 251 1909 1331 
8145 1909 251 294 252 
8146 1158 1862 1010 1496 
8147 452 796 1825 795 
8148 452 1825 796 630 
8149 794 1825 796 795 
8150 794 796 1825 630 
8151 1495 357 356 605 
8152 1495 356 357 355 
8153 259 142 180 141 
8154 259 180 142 43 
8155 1676 819 785 1701 
8156 1676 785 819 141 
8157 180 785 819 1701 
8158 180 819 785 141 
8159 424 840 229 230 
8160 631 1712 1900 82 
8161 631 1900 1712 1807 
8162 1283 938 1631 895 
8163 1283 1631 938 1879 
8164 247 1631 938 895 
8165 247 938 1631 1879 
8166 1287 1793 1564 1794 
8167 1287 1564 1793 1618 
8168 1803 1564 1793 1794 
8169 1803 1793 1564 1618 
8170 1799 671 482 1485 
8171 1799 482 671 991 
8172 1870 1173 1355 1611 
8173 357 701 1495 355 
8174 357 1495 701 740 
8175 530 1428 1637 1229 
8176 1125 1239 1403 730 
8177 1283 1284 1908 1687 
8178 1283 1908 1284 1879 
8179 764 1193 1373 1199 
8180 878 622 624 1527 
8181 1429 180 1701 509 
8182 1701 180 1429 819 
8183 1701 820 1429 509 
8184 1429 820 1701 819 
8185 574 972 573 572 
8186 574 573 972 1300 
8187 752 573 972 572 
8188 752 972 573 1300 
8189 1653 1096 1095 1713 
8190 1653 1095 1096 1097 
8191 848 583 483 584 
8192 1528 1721 687 1363 
8193 1528 687 1721 1580 
8194 247 895 1902 1334 
8195 1902 895 247 938 
8196 247 1879 1902 938 
8197 1465 1907 903 1906 
8198 1872 903 1907 1906 
8199 1872 1907 903 1525 
8200 52 583 848 584 
8201 848 583 52 710 
8202 1619 391 522 390 
8203 522 391 1619 548 
8204 1367 913 1863 1371 
8205 1367 1863 913 1117 
8206 621 64 620 619 
8207 621 620 64 165 
8208 1219 1237 206 1857 
8209 206 1237 1219 204 
8210 206 889 1219 1857 
8211 1219 889 206 204 
8212 1280 1254 1179 875 
8213 1259 1390 32 1260 
8214 1259 32 1390 673 
8215 1752 1737 1842 1751 
8216 1752 1842 1737 1610 
8217 1357 1414 1637 902 
8218 530 1637 1414 902 
8219 530 1414 1637 1428 
8220 622 878 879 1527 
8221 879 878 622 1694 
8222 1253 1633 1640 1251 
8223 1886 1647 1227 1724 
8224 1886 1227 1647 1409 
8225 75 76 291 77 
8226 291 76 75 1410 
8227 291 918 75 77 
8228 75 918 291 1410 
8229 785 1162 1487 877 
8230 785 1487 1162 784 
8231 1883 1114 128 1031 
8232 1883 128 1114 127 
8233 507 1447 317 315 
8234 585 1403 1125 1567 
8235 585 1125 1403 730 
8236 1173 1870 1174 1611 
8237 1174 1870 1173 1172 
8238 448 1181 1650 1382 
8239 448 1650 1181 1910 
8240 271 1650 1181 1382 
8241 271 1181 1650 1910 
8242 517 40 1769 42 
8243 517 1769 40 1248 
8244 41 1769 40 42 
8245 41 40 1769 1248 
8246 1328 1643 1468 1392 
8247 1328 1468 1643 1852 
8248 340 339 738 1076 
8249 738 339 340 1912 
8250 701 1692 1898 1469 
8251 1898 1692 701 740 
8252 1898 1495 701 1469 
8253 701 1495 1898 740 
8254 1490 1114 1489 1031 
8255 1490 1489 1114 1750 
8256 1883 1489 1114 1031 
8257 1883 1114 1489 1750 
8258 1842 1737 1738 1751 
8259 1738 1737 1842 175 
8260 720 1125 1201 1858 
8261 319 1390 535 1595 
8262 535 1390 319 318 
8263 1726 270 456 268 
8264 1726 456 270 1232 
8265 907 456 270 268 
8266 907 270 456 1232 
8267 289 645 1913 186 
8268 289 1913 645 984 
8269 1878 1334 1902 501 
8270 536 1653 537 1493 
8271 672 1653 537 1796 
8272 336 1869 1662 1830 
8273 1662 1869 336 1482 
8274 1774 81 1517 1756 
8275 1900 81 1517 1530 
8276 1900 1517 81 1756 
8277 1095 946 734 1651 
8278 1095 734 946 1845 
8279 947 946 734 1845 
8280 922 424 125 656 
8281 125 424 922 923 
8282 125 1755 922 656 
8283 922 1755 125 923 
8284 272 254 637 818 
8285 247 1878 1902 1879 
8286 1902 1878 247 1334 
8287 1591 473 73 1140 
8288 1139 473 73 474 
8289 1139 73 473 1140 
8290 1915 169 251 170 
8291 1915 251 169 250 
8292 1291 183 1002 765 
8293 614 1280 1254 1179 
8294 1254 1280 614 301 
8295 614 370 1254 301 
8296 345 271 1204 1650 
8297 1204 271 345 87 
8298 190 1626 189 191 
8299 441 1875 1860 990 
8300 441 1860 1875 1800 
8301 317 799 984 1447 
8302 984 799 317 1638 
8303 984 288 317 1447 
8304 317 288 984 1638 
8305 243 1009 1496 850 
8306 655 608 155 653 
8307 655 155 608 157 
8308 156 155 608 653 
8309 156 608 155 157 
8310 214 1810 281 215 
8311 857 617 858 253 
8312 857 858 617 618 
8313 854 858 617 253 
8314 1265 1398 76 291 
8315 1185 1186 1057 1184 
8316 1185 1057 1186 1029 
8317 806 1362 805 804 
8318 806 805 1362 1633 
8319 806 1362 1640 1633 
8320 1640 1362 806 695 
8321 895 249 1334 247 
8322 895 1334 249 896 
8323 1818 1880 1518 1348 
8324 1741 1518 1880 1348 
8325 765 1119 1002 1649 
8326 765 1002 1119 1000 
8327 635 347 1118 349 
8328 1118 347 635 869 
8329 141 819 143 142 
8330 141 143 819 1676 
8331 725 456 1690 966 
8332 725 1690 456 1717 
8333 782 671 1485 669 
8334 782 1485 671 1799 
8335 1726 1004 966 456 
8336 556 1004 966 557 
8337 556 966 1004 456 
8338 1195 51 1915 161 
8339 1915 51 1195 830 
8340 107 1817 1740 1833 
8341 1905 1192 736 971 
8342 1905 736 1192 403 
8343 353 896 1590 249 
8344 353 1590 896 1153 
8345 764 1590 896 249 
8346 764 896 1590 1153 
8347 776 985 1384 1300 
8348 776 1384 985 231 
8349 1398 1651 697 945 
8350 1398 697 1651 1475 
8351 37 1502 1918 38 
8352 1918 1502 37 1919 
8353 1918 642 37 38 
8354 37 642 1918 1919 
8355 1653 536 1713 1493 
8356 1713 536 1653 1096 
8357 1517 1293 184 1774 
8358 184 1293 1517 1530 
8359 184 81 1517 1774 
8360 1517 81 184 1530 
8361 282 287 1794 176 
8362 1376 1794 287 176 
8363 851 189 1004 1178 
8364 851 1004 189 1003 
8365 552 551 1139 260 
8366 552 1139 551 550 
8367 208 1139 551 260 
8368 208 551 1139 550 
8369 1651 1398 381 945 
8370 381 1398 1651 292 
8371 1773 111 643 660 
8372 110 643 111 660 
8373 764 400 618 1168 
8374 764 618 400 402 
8375 494 1127 24 1711 
8376 1455 1130 408 1887 
8377 1455 408 1130 774 
8378 554 53 1136 54 
8379 554 1136 53 553 
8380 420 310 1439 419 
8381 1439 310 420 308 
8382 740 1898 1741 1348 
8383 1741 1898 740 1692 
8384 1693 1380 1719 302 
8385 1693 1719 1380 462 
8386 1642 1719 1380 302 
8387 1642 1380 1719 462 
8388 1582 1680 84 1495 
8389 1582 84 1680 86 
8390 356 84 1680 1495 
8391 1567 1125 604 17 
8392 604 1125 1567 585 
8393 604 1030 1567 17 
8394 1567 1030 604 585 
8395 1004 1726 850 614 
8396 1004 850 1726 1725 
8397 1639 850 1726 614 
8398 1639 1726 850 1725 
8399 139 860 1406 138 
8400 1816 592 591 1299 
8401 419 1114 1005 310 
8402 80 78 171 26 
8403 80 171 78 388 
8404 721 171 78 26 
8405 721 78 171 388 
8406 847 897 466 465 
8407 847 466 897 845 
8408 1364 1526 1144 1649 
8409 1364 1144 1526 1791 
8410 355 1469 1495 1470 
8411 1495 1469 355 701 
8412 1597 1617 529 1824 
8413 529 1617 1597 530 
8414 487 1066 1341 164 
8415 243 1038 925 241 
8416 925 242 243 241 
8417 243 242 925 926 
8418 413 745 1154 1301 
8419 816 103 102 690 
8420 816 102 103 62 
8421 546 401 664 1330 
8422 664 401 546 402 
8423 1007 516 1189 375 
8424 1007 1189 516 517 
8425 760 1391 534 759 
8426 534 1391 760 533 
8427 785 932 178 786 
8428 178 932 785 1701 
8429 178 877 785 786 
8430 785 877 178 1701 
8431 1404 1434 237 236 
8432 130 237 1434 236 
8433 1377 1376 176 1794 
8434 176 1376 1377 1753 
8435 103 816 241 690 
8436 241 816 103 61 
8437 116 148 1706 293 
8438 116 1706 148 147 
8439 1909 1706 148 293 
8440 1909 148 1706 147 
8441 34 385 255 545 
8442 34 255 385 377 
8443 1614 461 1906 1612 
8444 1614 1906 461 941 
8445 1335 201 1917 553 
8446 1335 1917 201 1523 
8447 555 1917 201 553 
8448 555 201 1917 1523 
8449 1338 1545 837 1837 
8450 1041 1016 362 1042 
8451 1041 362 1016 1184 
8452 1429 168 941 90 
8453 1429 941 168 509 
8454 1010 1636 1862 1158 
8455 1862 1636 1010 1888 
8456 420 214 281 308 
8457 281 214 420 1349 
8458 281 1439 420 308 
8459 420 1439 281 1349 
8460 858 616 617 618 
8461 617 616 858 854 
8462 1915 562 251 365 
8463 1915 251 562 170 
8464 1467 555 455 1742 
8465 218 455 555 1742 
8466 218 555 455 1917 
8467 1192 367 1905 403 
8468 1905 367 1192 970 
8469 641 1916 642 93 
8470 642 1916 641 640 
8471 837 1745 1019 1489 
8472 1019 1031 837 1489 
8473 1595 1097 1390 535 
8474 1390 1097 1595 588 
8475 347 869 1910 635 
8476 347 1910 869 1919 
8477 695 1362 831 833 
8478 695 694 831 1689 
8479 831 694 695 833 
8480 668 458 992 667 
8481 668 992 458 457 
8482 1222 992 458 667 
8483 1222 458 992 457 
8484 1859 1860 990 1413 
8485 1859 990 1860 1875 
8486 822 824 273 1814 
8487 822 273 824 1573 
8488 1916 1279 369 1118 
8489 1916 369 1279 1306 
8490 427 1192 429 403 
8491 427 429 1192 1402 
8492 736 429 1192 403 
8493 736 1192 429 1402 
8494 927 1761 717 322 
8495 927 717 1761 928 
8496 1300 154 573 752 
8497 573 154 1300 776 
8498 132 1271 134 133 
8499 134 1271 132 42 
8500 1456 1259 1560 33 
8501 1456 1560 1259 324 
8502 673 1560 1259 33 
8503 673 1259 1560 324 
8504 39 38 642 739 
8505 642 93 39 739 
8506 39 93 642 1916 
8507 1869 336 1386 999 
8508 1869 1386 336 1482 
8509 1138 316 288 315 
8510 317 288 316 315 
8511 1608 214 1810 281 
8512 1608 1810 214 1630 
8513 804 831 695 1362 
8514 695 831 804 1689 
8515 589 1806 1838 1748 
8516 589 1838 1806 488 
8517 1805 1838 1806 1748 
8518 1805 1806 1838 488 
8519 789 371 1918 95 
8520 789 1918 371 1319 
8521 354 683 1570 1275 
8522 1916 39 196 1306 
8523 34 1696 377 1559 
8524 34 377 1696 36 
8525 48 1142 1161 1593 
8526 48 1161 1142 1023 
8527 1802 1066 1838 488 
8528 1802 1838 1066 1563 
8529 1354 914 664 915 
8530 1354 664 914 1151 
8531 228 1556 1318 226 
8532 1318 1556 228 1047 
8533 1318 956 228 226 
8534 228 956 1318 1047 
8535 383 381 290 382 
8536 290 381 383 1652 
8537 523 1901 1619 1839 
8538 523 1619 1901 522 
8539 1337 1641 1380 837 
8540 1337 1380 1641 462 
8541 1020 1417 1045 1418 
8542 1045 1417 1020 1864 
8543 1045 1113 1020 1418 
8544 1020 1113 1045 1864 
8545 1540 1236 1615 1844 
8546 1540 1615 1236 1235 
8547 1627 1626 189 1003 
8548 1627 189 1626 723 
8549 582 1435 129 1779 
8550 582 129 1435 131 
8551 130 129 1435 1779 
8552 130 1435 129 131 
8553 1556 228 544 226 
8554 1556 544 228 1048 
8555 1029 438 429 1061 
8556 149 825 1408 989 
8557 1635 855 1353 856 
8558 1635 1353 855 1762 
8559 834 1353 855 856 
8560 834 855 1353 1762 
8561 52 848 783 584 
8562 783 848 52 750 
8563 336 337 1386 1678 
8564 336 1386 337 1482 
8565 422 729 728 718 
8566 422 728 729 1747 
8567 1215 67 1129 119 
8568 1215 1129 67 69 
8569 1309 391 1090 1310 
8570 1090 391 1309 389 
8571 1263 1520 703 1776 
8572 1263 703 1520 1262 
8573 680 1909 251 1331 
8574 251 1909 680 169 
8575 480 521 27 1104 
8576 480 27 521 977 
8577 611 679 1697 1758 
8578 1138 1697 679 1758 
8579 659 643 110 660 
8580 1842 1377 175 1794 
8581 1842 175 1377 1738 
8582 1266 1398 76 1265 
8583 1266 76 1398 1389 
8584 1100 419 1114 1005 
8585 1215 1128 1129 1214 
8586 1129 1128 1215 119 
8587 1398 1389 945 1266 
8588 1398 945 1389 381 
8589 1202 799 1913 1446 
8590 1913 799 1202 800 
8591 1913 976 1202 1446 
8592 1202 976 1913 800 
8593 1791 1686 1144 705 
8594 1144 1686 1791 1425 
8595 1549 756 1523 758 
8596 1523 756 1549 1335 
8597 1224 956 1318 410 
8598 1318 956 1224 955 
8599 1607 608 1526 1510 
8600 1607 1526 608 653 
8601 1113 128 763 1022 
8602 1113 763 128 1031 
8603 1773 117 111 1579 
8604 1773 111 117 118 
8605 1524 1568 1142 266 
8606 1524 1142 1568 1143 
8607 823 824 1573 822 
8608 1573 824 823 1646 
8609 1908 1537 950 1325 
8610 1908 950 1537 983 
8611 713 440 1801 817 
8612 713 1801 440 441 
8613 9 994 993 853 
8614 993 994 9 1323 
8615 1729 1232 270 160 
8616 1729 270 1232 1233 
8617 327 1885 1476 1558 
8618 327 1476 1885 1150 
8619 1149 1476 1885 1558 
8620 1149 1885 1476 1150 
8621 517 425 1189 515 
8622 517 1189 425 1248 
8623 764 664 401 1151 
8624 401 664 764 402 
8625 401 400 764 1151 
8626 764 400 401 402 
8627 278 248 279 1193 
8628 1461 712 1491 1460 
8629 1281 815 676 1849 
8630 1915 443 364 1195 
8631 92 161 1915 90 
8632 92 1915 161 443 
8633 1736 54 1137 393 
8634 1137 54 1736 554 
8635 972 1384 572 574 
8636 972 572 1384 1385 
8637 939 572 1384 574 
8638 939 1384 572 1385 
8639 1734 823 647 708 
8640 1734 647 823 1498 
8641 1701 1202 178 932 
8642 178 1202 1701 800 
8643 1601 569 496 1602 
8644 1601 496 569 1500 
8645 567 326 325 767 
8646 325 326 567 136 
8647 1126 1192 367 970 
8648 1126 367 1192 89 
8649 844 29 1445 542 
8650 844 1445 29 1785 
8651 523 1619 1547 1839 
8652 523 1547 1619 1416 
8653 145 146 1907 144 
8654 145 1907 146 460 
8655 1444 1324 1443 873 
8656 1324 1687 1443 873 
8657 1687 1473 1443 873 
8658 1160 1819 1023 1024 
8659 364 444 1915 365 
8660 1915 444 364 443 
8661 841 813 433 1238 
8662 433 813 841 842 
8663 384 378 1827 1683 
8664 384 1827 378 1089 
8665 1077 380 379 787 
8666 379 380 1077 1861 
8667 1459 1789 1080 1730 
8668 1459 1080 1789 1458 
8669 1035 1282 1037 674 
8670 1037 1282 1035 1294 
8671 873 1603 1444 1324 
8672 1444 1603 873 874 
8673 595 1289 1910 14 
8674 1910 1289 797 14 
8675 1910 797 1289 871 
8676 797 1289 101 14 
8677 797 101 1289 871 
8678 851 190 189 1178 
8679 851 189 190 1626 
8680 1863 914 748 1370 
8681 1863 748 914 913 
8682 524 1416 1012 1511 
8683 524 1012 1416 390 
8684 331 927 322 321 
8685 331 322 927 1744 
8686 567 325 568 767 
8687 568 325 567 135 
8688 310 1006 1114 1005 
8689 310 1114 1006 309 
8690 697 1475 946 1651 
8691 734 946 1475 1651 
8692 837 1422 464 1421 
8693 927 717 1866 1743 
8694 927 1866 717 928 
8695 1557 85 356 580 
8696 267 1568 1143 1524 
8697 267 1143 1568 1648 
8698 882 1296 1078 1885 
8699 882 1078 1296 1903 
8700 1355 1506 1093 1173 
8701 1611 1506 1093 1092 
8702 1611 1093 1506 1173 
8703 1806 1805 204 200 
8704 205 204 1805 200 
8705 1141 1142 1524 1143 
8706 1524 1142 1141 1606 
8707 1359 1027 1906 1345 
8708 1359 1906 1027 1028 
8709 1213 890 1128 1214 
8710 1213 1215 1128 1868 
8711 1128 1215 1213 1214 
8712 1414 1415 902 113 
8713 1414 902 1415 530 
8714 603 487 604 486 
8715 604 487 603 314 
8716 96 97 1016 98 
8717 1016 97 96 793 
8718 1016 539 96 98 
8719 96 539 1016 793 
8720 1801 636 440 150 
8721 1801 440 636 817 
8722 366 743 1905 367 
8723 1905 743 366 1594 
8724 988 632 624 1183 
8725 624 632 988 1527 
8726 624 1808 988 1183 
8727 988 1808 624 1527 
8728 869 870 1919 871 
8729 869 1919 870 1918 
8730 1696 272 812 377 
8731 1696 812 272 1164 
8732 255 812 272 377 
8733 255 272 812 1164 
8734 847 897 543 845 
8735 847 543 897 430 
8736 847 28 1722 963 
8737 847 1722 28 430 
8738 592 1358 1299 506 
8739 592 1299 1358 591 
8740 453 454 218 455 
8741 1136 1137 554 54 
8742 1136 554 1137 1648 
8743 4 527 1423 1351 
8744 4 1423 527 1688 
8745 510 1507 1906 467 
8746 1906 1507 510 1430 
8747 223 950 1444 1324 
8748 223 1444 950 983 
8749 1537 950 1444 983 
8750 1022 1020 1113 1021 
8751 1113 1020 1022 763 
8752 1329 1728 1467 286 
8753 639 1031 1745 1019 
8754 639 1745 1031 1044 
8755 837 1745 1031 1019 
8756 837 1031 1745 1044 
8757 836 1799 483 834 
8758 836 483 1799 1513 
8759 782 483 1703 1513 
8760 1703 836 483 834 
8761 1703 483 836 1513 
8762 213 1374 1846 323 
8763 213 1846 1374 1500 
8764 1395 1594 1905 366 
8765 1395 1905 1594 437 
8766 1564 1658 753 1449 
8767 1564 753 1658 1552 
8768 752 1658 753 1552 
8769 1439 892 283 281 
8770 1096 535 1653 1097 
8771 1096 1653 535 536 
8772 1796 1653 535 1097 
8773 685 1673 772 744 
8774 772 1673 685 1672 
8775 627 1670 1522 59 
8776 627 1522 1670 937 
8777 512 1459 592 514 
8778 512 592 1459 843 
8779 1492 766 326 1147 
8780 1492 326 766 1494 
8781 229 574 940 939 
8782 350 298 332 692 
8783 332 298 350 351 
8784 150 638 637 151 
8785 637 638 150 636 
8786 637 440 150 151 
8787 150 440 637 636 
8788 192 1240 1581 1381 
8789 192 1581 1240 1241 
8790 1242 1581 1240 1381 
8791 1242 1240 1581 1241 
8792 721 388 722 1268 
8793 722 388 721 171 
8794 722 10 721 1268 
8795 721 10 722 171 
8796 1270 1161 1023 1142 
8797 1023 1161 1270 1001 
8798 564 557 1536 769 
8799 1536 557 564 558 
8800 754 1698 1590 755 
8801 1772 711 648 1865 
8802 1772 648 711 1499 
8803 1498 648 711 1865 
8804 1498 711 648 1499 
8805 1502 1784 88 89 
8806 1330 1669 664 1369 
8807 1330 664 1669 401 
8808 1677 1599 1578 1577 
8809 1677 1578 1599 694 
8810 1153 979 354 754 
8811 1153 354 979 980 
8812 382 1389 291 76 
8813 382 291 1389 381 
8814 1398 291 1389 76 
8815 1398 1389 291 381 
8816 327 1150 1148 1476 
8817 638 652 151 824 
8818 638 151 652 637 
8819 1407 151 652 824 
8820 1407 652 151 637 
8821 100 797 871 101 
8822 871 797 100 271 
8823 1254 873 875 1280 
8824 1158 634 635 633 
8825 1158 635 634 1496 
8826 1829 1078 1296 1885 
8827 1829 1296 1078 886 
8828 599 1770 1551 780 
8829 599 1551 1770 600 
8830 103 849 691 241 
8831 691 849 103 1538 
8832 691 690 103 241 
8833 103 690 691 1538 
8834 252 148 1909 147 
8835 252 1909 148 294 
8836 205 204 1806 1805 
8837 205 1342 1806 888 
8838 1806 1342 205 1805 
8839 247 248 895 249 
8840 247 895 248 1631 
8841 429 1185 1897 1029 
8842 429 1897 1185 428 
8843 1291 1001 183 1270 
8844 183 1001 1291 1002 
8845 1604 1887 1312 1820 
8846 1312 1887 1604 409 
8847 1584 1735 951 1854 
8848 951 1735 1584 1632 
8849 104 851 63 1626 
8850 63 851 104 103 
8851 604 1786 1066 16 
8852 1066 1786 604 1341 
8853 1066 487 604 16 
8854 604 487 1066 1341 
8855 484 1320 245 1831 
8856 484 245 1320 603 
8857 451 1277 1826 1851 
8858 1826 1277 451 1276 
8859 1590 754 748 1153 
8860 1740 105 1817 107 
8861 1740 1817 105 1874 
8862 1244 105 1817 1874 
8863 649 708 710 1734 
8864 649 710 708 749 
8865 111 1848 1846 1456 
8866 324 1846 1848 1456 
8867 217 1316 1400 1704 
8868 1400 1316 217 1315 
8869 217 1436 1400 1315 
8870 961 1115 747 962 
8871 961 747 1115 1175 
8872 1798 1441 1755 1303 
8873 1798 1755 1441 1503 
8874 1620 1755 1441 1303 
8875 1620 1441 1755 1503 
8876 1462 1904 1640 806 
8877 1640 1633 1462 806 
8878 1462 1633 1640 1253 
8879 1282 1281 1035 106 
8880 1282 1035 1281 674 
8881 1032 1170 1531 1065 
8882 1671 1420 5 1471 
8883 5 1420 1671 6 
8884 5 4 1671 1471 
8885 1671 4 5 6 
8886 1830 998 336 999 
8887 1909 1339 147 1706 
8888 1909 147 1339 1152 
8889 116 147 1339 1706 
8890 116 1339 147 1152 
8891 338 1645 1678 140 
8892 1678 1645 338 337 
8893 341 511 1912 510 
8894 1912 511 341 340 
8895 1919 1784 1502 37 
8896 1919 1502 1784 88 
8897 1669 108 1151 1354 
8898 1669 1151 108 401 
8899 235 1404 1166 891 
8900 1166 1404 235 236 
8901 1311 1250 882 1892 
8902 882 1250 1311 329 
8903 882 1885 1311 1892 
8904 1311 1885 882 329 
8905 318 33 673 32 
8906 673 33 318 1560 
8907 297 348 320 330 
8908 320 348 297 1659 
8909 1453 413 414 415 
8910 414 413 1453 745 
8911 1553 411 956 955 
8912 956 954 1553 955 
8913 914 1151 1105 1354 
8914 1105 1151 914 1370 
8915 1105 1371 914 1354 
8916 914 1371 1105 1370 
8917 1806 588 1748 589 
8918 1806 1748 588 1666 
8919 1258 1748 588 589 
8920 1258 588 1748 1666 
8921 1884 490 170 1056 
8922 170 490 1884 680 
8923 1247 1597 1617 1133 
8924 1617 1597 1247 1824 
8925 1256 1176 194 1257 
8926 194 1176 1256 1241 
8927 93 39 94 1896 
8928 93 94 39 739 
8929 903 94 39 1896 
8930 325 383 326 290 
8931 325 326 383 767 
8932 1182 1915 90 168 
8933 90 1915 1182 161 
8934 708 887 273 749 
8935 273 887 708 1682 
8936 1320 245 244 586 
8937 1320 244 245 1831 
8938 154 152 751 153 
8939 154 751 152 777 
8940 573 152 751 777 
8941 294 293 1909 148 
8942 1909 293 294 295 
8943 1312 948 1727 1820 
8944 1727 1604 1312 1820 
8945 1312 1604 1727 1313 
8946 413 1893 745 1723 
8947 413 745 1893 1154 
8948 692 131 332 350 
8949 692 332 131 960 
8950 1451 1327 1191 1479 
8951 975 121 98 120 
8952 975 98 121 539 
8953 1182 161 596 1223 
8954 1182 596 161 1915 
8955 737 736 1905 597 
8956 737 1905 736 404 
8957 1733 1125 730 1747 
8958 1733 730 1125 1124 
8959 1329 1468 1467 1728 
8960 1329 1467 1468 1328 
8961 486 484 1267 485 
8962 486 1267 484 603 
8963 1835 772 744 771 
8964 744 772 1835 1673 
8965 1243 1295 1282 1767 
8966 379 1918 1077 787 
8967 1077 1918 379 870 
8968 968 557 1536 558 
8969 968 1536 557 1535 
8970 674 676 1849 1281 
8971 1530 1425 81 1293 
8972 1530 81 1425 1686 
8973 1144 81 1425 1293 
8974 1144 1425 81 1686 
8975 222 513 1730 220 
8976 1730 513 222 1080 
8977 843 1714 1740 107 
8978 1725 557 1497 1535 
8979 1497 557 1725 1004 
8980 790 1226 9 993 
8981 9 1226 790 7 
8982 1903 1916 1306 225 
8983 1306 1916 1903 196 
8984 1306 299 1903 225 
8985 1903 299 1306 196 
8986 1302 1645 1406 139 
8987 1302 1406 1645 1405 
8988 860 1406 1645 139 
8989 860 1645 1406 1405 
8990 686 1837 1891 1545 
8991 686 1891 1837 684 
8992 375 374 1189 650 
8993 372 371 641 986 
8994 641 371 372 93 
8995 1627 725 781 556 
8996 781 725 1627 724 
8997 425 426 1188 478 
8998 425 1188 426 428 
8999 1060 1188 426 478 
9000 1060 426 1188 428 
9001 1678 1679 337 1386 
9002 1678 337 1679 1645 
9003 252 830 1909 250 
9004 252 1909 830 829 
9005 1914 1909 830 250 
9006 1914 830 1909 829 
9007 1889 206 1665 889 
9008 1857 1665 206 889 
9009 1706 969 293 1705 
9010 1706 293 969 211 
9011 1131 881 982 1132 
9012 982 881 1131 1902 
9013 982 1062 1131 1132 
9014 1131 1062 982 1902 
9015 1255 1778 538 1876 
9016 538 1778 1255 1256 
9017 643 118 111 1773 
9018 643 111 118 1781 
9019 1862 633 1636 1888 
9020 1266 697 1398 1265 
9021 1266 1398 697 945 
9022 1153 1698 1590 754 
9023 1153 1590 1698 353 
9024 574 1478 229 940 
9025 574 229 1478 985 
9026 1516 1718 559 71 
9027 559 1718 1516 1367 
9028 1503 1119 1798 1509 
9029 1503 1798 1119 1441 
9030 1517 1757 1797 520 
9031 1517 1797 1757 1756 
9032 1139 260 924 552 
9033 1139 924 260 208 
9034 261 924 260 552 
9035 261 260 924 208 
9036 1576 1570 1677 1585 
9037 1677 1570 1576 1578 
9038 1677 1577 1576 1585 
9039 1576 1577 1677 1578 
9040 1523 1335 757 756 
9041 1523 757 1335 1917 
9042 454 757 1335 756 
9043 454 1335 757 1917 
9044 1270 72 1291 1606 
9045 1270 1291 72 183 
9046 1592 1291 72 1606 
9047 891 1866 237 1404 
9048 237 1866 891 24 
9049 891 237 1711 235 
9050 891 1711 237 24 
9051 809 807 1082 808 
9052 1082 807 809 1074 
9053 889 205 1806 888 
9054 889 1806 205 204 
9055 285 474 839 497 
9056 839 474 285 1123 
9057 126 892 1439 1349 
9058 1439 892 126 128 
9059 48 1782 1014 1593 
9060 1014 1782 48 1024 
9061 1290 775 173 1304 
9062 1290 173 775 399 
9063 895 978 1902 980 
9064 1902 978 895 938 
9065 1282 675 1037 674 
9066 1282 1037 675 1165 
9067 958 224 1068 957 
9068 958 1068 224 882 
9069 1135 958 1068 957 
9070 1135 1068 958 882 
9071 1250 958 1135 957 
9072 1250 1135 958 882 
9073 225 1306 368 369 
9074 225 368 1306 1307 
9075 1279 368 1306 369 
9076 1279 1306 368 1307 
9077 1468 1392 1452 1728 
9078 930 1541 55 56 
9079 930 55 1541 658 
9080 307 1423 527 1101 
9081 527 1423 307 1688 
9082 882 1892 1135 1163 
9083 1135 1892 882 1250 
9084 1696 36 1165 1295 
9085 1165 36 1696 812 
9086 745 1661 1474 1660 
9087 1474 1661 745 1453 
9088 1052 466 431 872 
9089 1052 431 466 1043 
9090 317 610 507 315 
9091 507 610 317 179 
9092 152 1851 1054 1832 
9093 1054 1851 152 230 
9094 1403 1125 720 1239 
9095 720 1125 1403 1201 
9096 720 1200 1403 1239 
9097 1403 1200 720 1201 
9098 1840 623 1011 880 
9099 1840 1011 623 137 
9100 828 1011 623 880 
9101 828 623 1011 137 
9102 794 630 1771 796 
9103 794 1771 630 1327 
9104 1479 1771 630 796 
9105 1479 630 1771 1327 
9106 1552 1803 1618 1477 
9107 1552 1618 1803 1564 
9108 473 1122 936 475 
9109 473 936 1122 1139 
9110 1221 1785 1231 1445 
9111 1221 1231 1785 1622 
9112 240 1208 1120 1286 
9113 1642 1046 463 222 
9114 1642 463 1046 1641 
9115 1770 599 601 458 
9116 601 599 1770 600 
9117 1024 1208 1103 1207 
9118 1103 1208 1024 1819 
9119 916 918 491 1114 
9120 491 918 916 917 
9121 1113 1864 762 1045 
9122 762 1044 1113 1045 
9123 1113 1044 762 1031 
9124 1208 1120 1000 1819 
9125 1208 1000 1120 1286 
9126 607 609 885 923 
9127 1467 1436 1328 1329 
9128 1467 1328 1436 1333 
9129 453 1328 1436 1329 
9130 453 1436 1328 1333 
9131 7 275 1072 1777 
9132 7 1072 275 1226 
9133 635 691 241 634 
9134 1009 1496 691 243 
9135 1496 691 635 634 
9136 177 317 1447 799 
9137 177 1446 1447 1448 
9138 1447 1446 177 799 
9139 568 628 325 1533 
9140 1194 628 325 1841 
9141 1194 325 628 1533 
9142 137 135 568 569 
9143 137 568 135 623 
9144 1480 1840 568 569 
9145 1480 568 1840 623 
9146 1840 137 568 569 
9147 1840 568 137 623 
9148 662 1598 663 1110 
9149 238 663 1598 1110 
9150 238 1598 663 1484 
9151 1055 840 139 657 
9152 424 139 840 657 
9153 82 1144 1900 631 
9154 82 1900 1144 81 
9155 1596 66 1663 65 
9156 1596 1663 66 1434 
9157 64 1663 66 65 
9158 64 66 1663 1434 
9159 83 331 322 798 
9160 83 322 331 1743 
9161 1600 1819 240 1102 
9162 1600 240 1819 1120 
9163 1208 240 1819 1102 
9164 1208 1819 240 1120 
9165 1120 240 1121 663 
9166 1120 1121 240 1286 
9167 1442 1121 240 663 
9168 1442 240 1121 1286 
9169 1688 1759 1671 307 
9170 1688 1671 1759 6 
9171 527 531 1351 4 
9172 527 1351 531 526 
9173 1555 473 73 1591 
9174 73 473 1555 474 
9175 1656 207 550 297 
9176 1656 550 207 1655 
9177 1143 267 201 1648 
9178 201 203 1143 1648 
9179 887 750 710 848 
9180 887 710 750 749 
9181 1680 84 1557 86 
9182 1680 1557 84 356 
9183 85 1557 84 86 
9184 85 84 1557 356 
9185 2 3 1058 1 
9186 2 1058 3 1433 
9187 943 1058 3 1 
9188 943 3 1058 1433 
9189 1216 1050 459 40 
9190 1216 459 1050 1049 
9191 627 431 937 1043 
9192 627 937 431 626 
9193 395 1654 493 399 
9194 435 395 1654 493 
9195 435 1654 395 396 
9196 725 723 1627 724 
9197 725 1627 723 921 
9198 723 63 191 1626 
9199 191 63 723 1813 
9200 243 1603 875 1254 
9201 874 1039 243 875 
9202 243 1039 874 1836 
9203 243 1603 874 875 
9204 874 1603 243 1836 
9205 748 755 1590 746 
9206 1590 755 748 754 
9207 526 1423 1424 527 
9208 526 1424 1423 1350 
9209 806 1463 1904 1576 
9210 1904 1463 806 1462 
9211 580 1557 581 1352 
9212 1350 581 1557 1352 
9213 1350 1557 581 1811 
9214 1599 525 1624 1577 
9215 1811 1424 1584 581 
9216 1584 525 1599 1577 
9217 328 1657 1828 1269 
9218 1298 1296 1150 1297 
9219 1298 1150 1296 1427 
9220 1885 1296 1150 1427 
9221 370 1496 691 635 
9222 691 241 370 635 
9223 883 1644 1535 1497 
9224 883 1535 1644 768 
9225 557 1535 1644 1497 
9226 557 1644 1535 768 
9227 564 565 1249 566 
9228 564 1249 565 571 
9229 779 1770 780 1551 
9230 1029 439 429 438 
9231 1029 429 439 742 
9232 736 429 439 438 
9233 736 439 429 742 
9234 101 1033 14 593 
9235 101 14 1033 797 
9236 1910 1033 14 797 
9237 1531 594 1032 1065 
9238 1032 594 1531 1053 
9239 1289 1910 633 595 
9240 640 1068 1916 1067 
9241 640 1916 1068 224 
9242 1450 1437 1658 1449 
9243 777 154 778 1437 
9244 777 778 154 776 
9245 1300 154 778 776 
9246 1246 1618 1803 1477 
9247 1803 1247 1246 1477 
9248 1829 1150 1296 1297 
9249 1829 1296 1150 1885 
9250 1616 530 1134 1617 
9251 176 1822 1375 1753 
9252 176 1375 1822 1174 
9253 1870 1375 1822 1753 
9254 1870 1822 1375 1174 
9255 379 1918 642 870 
9256 870 99 1919 100 
9257 870 1919 99 88 
9258 87 1919 99 100 
9259 87 99 1919 88 
9260 410 808 1317 1225 
9261 1317 808 410 1890 
9262 1317 1318 410 1225 
9263 410 1318 1317 1890 
9264 1716 1790 361 1715 
9265 1716 361 1790 987 
9266 943 944 398 942 
9267 943 398 944 358 
9268 1059 395 358 397 
9269 1059 358 395 398 
9270 944 358 395 397 
9271 944 395 358 398 
9272 1849 676 1850 965 
9273 1026 1488 1358 934 
9274 1529 689 1740 1051 
9275 1529 1740 689 1714 
9276 843 1740 689 1051 
9277 843 689 1740 1714 
9278 256 1501 274 1682 
9279 256 274 1501 1387 
9280 887 274 1501 1682 
9281 887 1501 274 1387 
9282 1380 304 1837 684 
9283 1380 1837 304 1378 
9284 1835 1837 304 684 
9285 1835 304 1837 1378 
9286 856 1353 303 835 
9287 856 303 1353 1634 
9288 995 303 1353 835 
9289 995 1353 303 1634 
9290 1440 303 996 1548 
9291 1440 996 303 995 
9292 835 303 996 995 
9293 1281 700 815 842 
9294 1281 815 700 676 
9295 434 1112 1816 1238 
9296 1816 591 434 1238 
9297 434 591 1816 592 
9298 200 489 1343 199 
9299 1344 1343 489 199 
9300 472 414 1660 471 
9301 1660 414 472 1858 
9302 771 413 1453 415 
9303 1453 413 771 772 
9304 22 1128 1213 890 
9305 22 1213 1128 1868 
9306 611 1697 283 1418 
9307 1021 283 1697 1418 
9308 1021 1697 283 1609 
9309 291 292 381 290 
9310 291 381 292 1398 
9311 1796 1475 1651 734 
9312 1796 1651 1475 1412 
9313 464 1338 837 1337 
9314 837 1338 464 1422 
9315 1018 697 1396 696 
9316 1396 697 1018 1265 
9317 1789 1864 1045 1731 
9318 1789 1045 1864 1417 
9319 1080 1111 1458 1732 
9320 1899 1458 1111 1732 
9321 1899 1111 1458 1045 
9322 117 1374 213 323 
9323 660 1848 110 1326 
9324 110 1848 660 1579 
9325 621 1166 891 727 
9326 891 1663 64 621 
9327 64 1166 891 621 
9328 24 22 1127 494 
9329 24 1127 22 890 
9330 1128 1127 22 494 
9331 1128 22 1127 890 
9332 231 229 985 230 
9333 985 229 231 1384 
9334 231 152 573 777 
9335 231 573 152 230 
9336 282 1609 175 1287 
9337 282 175 1609 1697 
9338 547 1778 1521 1605 
9339 547 1521 1778 549 
9340 424 1851 1191 622 
9341 1191 424 452 801 
9342 452 424 1191 622 
9343 1191 452 630 801 
9344 1298 1196 1657 1508 
9345 1704 498 286 905 
9346 1130 774 1312 1455 
9347 1130 1312 774 1321 
9348 344 1312 774 1455 
9349 344 774 1312 1321 
9350 1715 598 1914 1057 
9351 1715 1914 598 169 
9352 1904 978 683 980 
9353 979 683 978 980 
9354 979 978 683 681 
9355 1194 803 629 1006 
9356 183 1000 1002 765 
9357 183 1002 1000 1001 
9358 902 903 1414 904 
9359 902 1414 903 1357 
9360 1909 295 1705 293 
9361 1909 1705 295 363 
9362 969 1705 295 293 
9363 969 295 1705 363 
9364 183 1819 1001 1000 
9365 183 1001 1819 1023 
9366 1160 1001 1819 1000 
9367 1160 1819 1001 1023 
9368 197 1916 195 1700 
9369 196 197 1916 195 
9370 196 1916 197 39 
9371 964 1778 1876 538 
9372 964 1876 1778 699 
9373 1545 838 1338 837 
9374 1545 1338 838 1544 
9375 1422 1338 838 837 
9376 1422 838 1338 1544 
9377 767 628 325 568 
9378 767 325 628 1841 
9379 1451 1695 1191 135 
9380 623 1695 1191 622 
9381 623 1191 1695 135 
9382 1319 379 1918 642 
9383 1319 1918 379 788 
9384 359 21 417 943 
9385 359 417 21 19 
9386 1915 597 161 51 
9387 1915 161 597 596 
9388 161 597 1223 51 
9389 161 1223 597 596 
9390 1223 597 405 51 
9391 1223 405 597 596 
9392 405 737 597 596 
9393 169 1915 598 596 
9394 169 598 1915 1914 
9395 597 598 1915 596 
9396 783 1733 532 421 
9397 783 532 1391 421 
9398 1391 532 783 1917 
9399 783 1391 1515 421 
9400 1917 750 53 553 
9401 1736 53 750 553 
9402 1736 750 53 52 
9403 670 53 750 52 
9404 750 53 670 1917 
9405 750 783 670 52 
9406 670 783 750 1917 
9407 635 1289 1910 633 
9408 635 1910 1289 871 
9409 229 139 840 424 
9410 1150 1657 327 1148 
9411 1150 327 1657 328 
9412 990 1875 1821 441 
9413 990 1821 1875 1859 
9414 1342 1344 489 1805 
9415 1342 489 1344 1343 
9416 200 1342 489 1805 
9417 200 489 1342 1343 
9418 205 1342 200 1805 
9419 205 200 1342 1343 
9420 1363 221 1721 1719 
9421 1363 1721 221 1528 
9422 1089 1721 221 1719 
9423 1089 221 1721 1528 
9424 839 285 202 470 
9425 839 202 285 1699 
9426 469 202 285 470 
9427 530 1134 1250 1616 
9428 219 453 454 218 
9429 454 453 219 1571 
9430 454 757 219 218 
9431 219 757 454 1571 
9432 1093 1356 1506 1355 
9433 1093 1506 1356 1092 
9434 188 1506 1356 1355 
9435 188 1356 1506 1092 
9436 738 1905 1613 406 
9437 738 1613 1905 1912 
9438 1614 1613 1905 406 
9439 1614 1905 1613 1912 
9440 825 151 1408 1646 
9441 825 1408 151 149 
9442 1407 1408 151 1646 
9443 1407 151 1408 149 
9444 1355 1911 1870 1637 
9445 1870 1911 1355 1173 
9446 1100 126 1114 419 
9447 1114 126 1100 412 
9448 1004 1725 966 557 
9449 1004 966 1725 1726 
9450 127 412 1114 1750 
9451 1114 412 127 126 
9452 375 1189 1621 516 
9453 1621 1189 375 374 
9454 1621 373 375 516 
9455 375 373 1621 374 
9456 117 1739 213 1374 
9457 1113 128 283 1439 
9458 1113 283 128 1022 
9459 892 283 128 1439 
9460 892 128 283 1022 
9461 39 37 642 38 
9462 1400 1316 286 1704 
9463 1400 286 1316 1776 
9464 498 286 1316 1704 
9465 498 1316 286 1776 
9466 679 611 610 1111 
9467 1795 1742 202 1699 
9468 1795 202 1742 469 
9469 285 202 284 1699 
9470 285 284 202 469 
9471 202 1742 284 1699 
9472 202 284 1742 469 
9473 1710 530 1134 1250 
9474 1710 1134 530 1415 
9475 316 1638 288 317 
9476 316 288 1638 1911 
9477 608 609 885 607 
9478 885 609 608 156 
9479 1079 886 1296 695 
9480 1296 886 1079 1903 
9481 1079 1296 1362 695 
9482 1362 1296 1079 1903 
9483 1079 1362 1640 695 
9484 1640 1362 1079 1903 
9485 591 1026 1488 1358 
9486 591 1488 1026 1025 
9487 630 1533 1327 1191 
9488 630 1327 1533 628 
9489 1451 1327 1533 1191 
9490 1451 1533 1327 628 
9491 39 346 642 37 
9492 39 642 346 1916 
9493 1603 873 875 1254 
9494 875 873 1603 874 
9495 1508 1197 1830 998 
9496 1508 1830 1197 1662 
9497 336 1830 1197 998 
9498 336 1197 1830 1662 
9499 1496 1862 691 634 
9500 691 1862 1496 1009 
9501 117 1868 213 1739 
9502 117 213 1868 119 
9503 1254 241 691 243 
9504 691 241 1254 370 
9505 1254 691 1496 243 
9506 1496 691 1254 370 
9507 1254 1496 850 243 
9508 850 1496 1254 370 
9509 1254 850 1179 243 
9510 1111 1046 1458 1045 
9511 1111 1458 1046 1080 
9512 1789 1458 1046 1045 
9513 1789 1046 1458 1080 
9514 1191 1832 424 801 
9515 424 1832 1191 1851 
9516 1832 451 424 801 
9517 424 451 1832 1851 
9518 1832 1826 451 801 
9519 451 1826 1832 1851 
9520 628 1533 803 1194 
9521 803 1533 628 630 
9522 803 629 628 1194 
9523 628 629 803 630 
9524 783 1853 532 1733 
9525 783 532 1853 1917 
9526 1467 532 1853 1733 
9527 654 518 1566 519 
9528 518 705 654 1183 
9529 654 705 518 519 
9530 518 1900 705 1183 
9531 705 1900 518 519 
9532 155 518 654 1183 
9533 155 654 518 1566 
9534 713 965 1850 676 
9535 817 1164 1850 818 
9536 817 1850 1164 713 
9537 965 817 1850 818 
9538 965 1850 817 713 
9539 440 817 965 818 
9540 440 965 817 713 
9541 1319 641 1918 371 
9542 1319 1918 641 642 
9543 93 1918 641 371 
9544 93 641 1918 642 
9545 932 1446 178 934 
9546 932 178 1446 1202 
9547 1576 354 683 1570 
9548 1576 683 354 1463 
9549 895 248 894 896 
9550 895 894 248 1780 
9551 764 894 248 896 
9552 764 248 894 1780 
9553 154 752 1437 753 
9554 483 1685 583 848 
9555 483 583 1685 1203 
9556 262 163 735 1301 
9557 262 735 163 733 
9558 1095 163 1754 1155 
9559 1095 1754 163 733 
9560 262 1754 163 1155 
9561 262 163 1754 733 
9562 117 324 111 1848 
9563 117 111 324 323 
9564 1846 111 324 1848 
9565 1846 324 111 323 
9566 1721 1528 378 1089 
9567 1721 378 1528 1580 
9568 623 878 622 624 
9569 622 878 623 1695 
9570 248 764 1373 1780 
9571 248 1373 764 1193 
9572 1086 1008 1087 1249 
9573 1087 1008 1086 1088 
9574 1810 1608 1752 1702 
9575 1610 1608 1810 1609 
9576 1610 1810 1608 1752 
9577 1227 1217 1647 1409 
9578 1081 1567 1125 1403 
9579 1081 1125 1567 17 
9580 141 784 180 731 
9581 141 180 784 785 
9582 1256 193 1255 538 
9583 1256 1255 193 1880 
9584 1875 1255 193 538 
9585 1875 193 1255 1880 
9586 225 223 1908 1902 
9587 225 1908 223 950 
9588 1055 229 139 840 
9589 139 229 1055 1679 
9590 840 229 1054 1055 
9591 840 1054 229 230 
9592 1907 903 1414 1465 
9593 1907 1414 903 1525 
9594 1907 1414 528 1357 
9595 1907 528 1414 1428 
9596 1637 528 1414 1357 
9597 1637 1414 528 1428 
9598 1724 312 1217 311 
9599 1217 312 1724 1647 
9600 1217 1227 1724 311 
9601 1724 1227 1217 1647 
9602 1653 537 535 536 
9603 1653 535 537 1796 
9604 1653 537 1147 672 
9605 1653 1147 537 1493 
9606 273 254 440 272 
9607 273 440 254 652 
9608 637 440 254 272 
9609 637 254 440 652 
9610 1254 614 850 370 
9611 850 614 1254 1179 
9612 1880 1518 1256 1818 
9613 1880 1256 1518 193 
9614 1241 1256 1518 1818 
9615 1241 1518 1256 193 
9616 1518 1880 1821 1741 
9617 1518 1821 1880 193 
9618 1794 282 1911 287 
9619 1911 282 1794 1793 
9620 1911 1376 1794 287 
9621 1794 1376 1911 1793 
9622 610 679 315 611 
9623 610 315 679 678 
9624 316 315 679 611 
9625 316 679 315 678 
9626 925 243 1039 1038 
9627 1039 243 925 926 
9628 130 237 1404 1434 
9629 1404 237 130 129 
9630 106 105 1817 1244 
9631 1817 105 106 107 
9632 1158 1862 633 1636 
9633 1158 633 1862 634 
9634 316 288 287 1138 
9635 316 287 288 1911 
9636 1138 1697 611 679 
9637 611 1697 1138 1775 
9638 611 316 1138 679 
9639 1138 316 611 1775 
9640 950 1325 1444 1324 
9641 1444 1325 950 1537 
9642 1325 1443 1444 1324 
9643 1444 1443 1325 1537 
9644 1325 1687 1443 1324 
9645 248 279 764 1590 
9646 248 764 279 1193 
9647 664 764 279 1590 
9648 664 279 764 1193 
9649 278 248 1590 279 
9650 1590 248 278 249 
9651 1908 1473 1325 1687 
9652 1908 1325 1473 1537 
9653 1443 1325 1473 1687 
9654 1443 1473 1325 1537 
9655 946 697 1397 1475 
9656 1397 697 946 947 
9657 1397 734 946 1475 
9658 946 734 1397 947 
9659 483 1703 855 782 
9660 483 855 1703 834 
9661 598 1915 1205 597 
9662 1205 1915 598 1914 
9663 1061 598 438 597 
9664 438 598 1061 1914 
9665 598 1206 438 597 
9666 438 1206 598 1914 
9667 598 1205 1206 597 
9668 1206 1205 598 1914 
9669 1518 1582 1242 1818 
9670 1581 1582 1518 1583 
9671 1581 1518 1582 1242 
9672 217 284 286 1436 
9673 286 284 217 1704 
9674 286 1400 217 1436 
9675 217 1400 286 1704 
9676 1640 1462 499 1904 
9677 499 1462 1640 1253 
9678 1032 1170 1053 1531 
9679 1032 1053 1170 1171 
9680 956 954 411 1553 
9681 956 411 954 58 
9682 411 954 1107 1553 
9683 411 1107 954 58 
9684 1107 954 1877 1553 
9685 1107 1877 954 58 
9686 94 39 773 903 
9687 94 773 39 739 
9688 152 751 1832 573 
9689 152 1832 751 153 
9690 1727 1312 1314 948 
9691 1314 1312 1727 1313 
9692 752 778 154 1437 
9693 154 778 752 1300 
9694 1295 1282 1696 1294 
9695 1295 1696 1282 1767 
9696 1037 1696 1282 1294 
9697 1037 1282 1696 1767 
9698 1243 1295 1294 1282 
9699 1294 1295 1243 1245 
9700 1297 1298 1657 1150 
9701 1297 1657 1298 1196 
9702 328 1297 1657 1150 
9703 328 1657 1297 1196 
9704 1829 1297 328 1150 
9705 1829 328 1297 1196 
9706 1849 674 1036 1850 
9707 1036 674 1849 1281 
9708 1889 1237 1857 206 
9709 1857 1237 1889 1867 
9710 1857 1665 1889 206 
9711 1889 1665 1857 1867 
9712 1291 72 1292 1592 
9713 1291 1292 72 183 
9714 1394 1452 1468 1392 
9715 1468 1452 1394 1668 
9716 1468 1393 1394 1392 
9717 1394 1393 1468 1668 
9718 1905 597 405 737 
9719 405 597 1905 51 
9720 762 1113 763 1864 
9721 763 1113 762 1031 
9722 1447 177 507 317 
9723 507 177 1447 1448 
9724 337 1598 661 662 
9725 337 661 1598 1484 
9726 663 661 1598 662 
9727 663 1598 661 1484 
9728 1900 518 24 1807 
9729 1900 1712 24 1797 
9730 24 1712 1900 1807 
9731 520 1900 717 1797 
9732 520 717 1900 518 
9733 24 717 1900 1797 
9734 24 1900 717 518 
9735 201 203 267 1143 
9736 201 267 203 202 
9737 1569 712 1499 711 
9738 1014 1461 1569 1491 
9739 1014 1569 1461 1499 
9740 712 1569 1461 1491 
9741 712 1461 1569 1499 
9742 1557 581 85 580 
9743 1557 85 581 1811 
9744 1599 525 1424 1624 
9745 1677 1599 1811 1424 
9746 1677 1811 1599 1577 
9747 1584 1811 1599 1424 
9748 1584 1599 1811 1577 
9749 1584 525 1424 1599 
9750 1424 525 1584 581 
9751 1508 1269 1658 1450 
9752 1372 1508 1269 1828 
9753 1372 1269 1508 1450 
9754 1830 1508 1372 1828 
9755 1830 1372 1508 1450 
9756 1269 1657 1508 1658 
9757 1269 1508 1657 1828 
9758 779 966 458 1770 
9759 458 966 779 781 
9760 458 780 779 1770 
9761 779 780 458 781 
9762 1033 14 595 1910 
9763 1033 595 14 593 
9764 1437 752 1269 1658 
9765 1269 752 1437 973 
9766 1269 1450 1437 1658 
9767 1437 1450 1269 973 
9768 1437 1658 753 752 
9769 1437 753 1658 1449 
9770 1803 1247 1618 1246 
9771 1803 1618 1247 1793 
9772 676 1850 674 1849 
9773 676 674 1850 675 
9774 1850 675 713 676 
9775 713 675 1850 1164 
9776 303 996 856 835 
9777 303 856 996 1548 
9778 856 996 949 835 
9779 856 949 996 1548 
9780 949 996 1720 835 
9781 949 1720 996 1548 
9782 1816 434 512 1112 
9783 512 434 1816 592 
9784 1697 283 282 611 
9785 1697 282 283 1609 
9786 931 111 643 1781 
9787 659 110 111 55 
9788 111 110 659 643 
9789 111 931 659 55 
9790 659 931 111 643 
9791 891 1663 1166 64 
9792 891 1166 1663 1404 
9793 1166 1663 236 64 
9794 1166 236 1663 1404 
9795 236 1663 1434 64 
9796 236 1434 1663 1404 
9797 1479 1191 796 630 
9798 1479 796 1191 622 
9799 452 796 1191 630 
9800 452 1191 796 622 
9801 1196 1657 1828 328 
9802 1196 1828 1657 1508 
9803 196 978 682 1904 
9804 196 682 978 681 
9805 683 682 978 1904 
9806 683 978 682 681 
9807 1695 1191 1694 1451 
9808 1695 1694 1191 622 
9809 1479 1694 1191 1451 
9810 1479 1191 1694 622 
9811 783 1391 669 1515 
9812 783 669 1391 1917 
9813 532 555 1853 1917 
9814 1853 555 532 1467 
9815 533 455 555 1917 
9816 555 455 533 1467 
9817 532 533 555 1917 
9818 555 533 532 1467 
$EndElements
