$MeshFormat
4.1 0 8
$EndMeshFormat
$Entities
39 58 36 1
1 -138.4002685546875 -128.1782531738281 -98.84281921386719 0 
2 -123.7429809570312 -119.6235122680664 -94.08097839355469 0 
3 -116.2630004882812 -136.79541015625 -54.99531173706055 0 
4 -113.8133163452148 -137.7065887451172 -59.80927276611328 0 
5 -116.840461730957 -121.6311492919922 -89.81271362304688 0 
6 -113.6495742797852 -125.483757019043 -87.1795654296875 0 
7 -116.8645324707031 -134.8080444335938 -75.43052673339844 0 
8 -114.2052764892578 -135.6952972412109 -77.09964752197266 0 
9 -103.1109924316406 -112.5806884765625 -44.63572311401367 0 
10 -119.5562362670898 -131.3258666992188 -61.41938400268555 0 
11 -104.6108932495117 -112.2700881958008 -47.26330947875977 0 
12 -115.0220031738281 -128.3192138671875 -60.54715728759766 0 
13 -117.9045104980469 -127.2534942626953 -63.05048751831055 0 
14 -117.2085723876953 -135.1922760009766 -72.04177856445312 0 
15 -118.0725173950195 -133.518310546875 -72.86671447753906 0 
16 -115.1952438354492 -134.5743103027344 -68.82429504394531 0 
17 -114.4064712524414 -136.6842193603516 -67.72553253173828 0 
18 -116.3092651367188 -131.4488220214844 -52.67771911621094 0 
19 -115.3032073974609 -125.9031143188477 -60.94281387329102 0 
20 -110.8603973388672 -123.3192520141602 -62.50983810424805 0 
21 -113.9634628295898 -134.3158569335938 -74.47669982910156 0 
22 -116.8385162353516 -134.0537872314453 -73.33950805664062 0 
23 -117.1145095825195 -132.8947296142578 -71.08603668212891 0 
24 -105.0450286865234 -130.5140228271484 -60.68960189819336 0 
25 -105.5256729125977 -133.4275817871094 -61.96207427978516 0 
26 -104.7045669555664 -116.2607574462891 -69.72134399414062 0 
27 -103.9367904663086 -104.5377807617188 -71.88759613037109 0 
28 -97.70161437988281 -111.1144027709961 -57.36094665527344 0 
29 -94.21005249023438 -116.5901031494141 -51.25011444091797 0 
30 -94.27317810058594 -113.0638961791992 -56.27138137817383 0 
31 -92.67472839355469 -120.6353302001953 -52.9786262512207 0 
32 -99.02093505859375 -117.2991027832031 -60.88869476318359 0 
33 -93.90920257568359 -123.6064987182617 -85.50225830078125 0 
34 -87.71513366699219 -119.9758911132812 -89.35834503173828 0 
35 -91.65677642822266 -121.0798187255859 -84.48867034912109 0 
36 -93.92873382568359 -94.84077453613281 -65.92915344238281 0 
37 -91.49022674560547 -83.03823852539062 -81.836181640625 0 
38 -89.01508331298828 -83.83059692382812 -83.94774627685547 0 
39 -89.22160339355469 -98.57241058349609 -58.16702651977539 0 
4 -93.92873382568359 -94.84077453613281 -65.92915344238281 -90.12865447998047 -93.74324798583984 -64.34170532226562 0 2 1 -1 
5 -89.80094146728516 -98.57241058349609 -63.38419342041016 -88.41429138183594 -95.27716064453125 -58.16702651977539 0 2 2 -2 
53 -138.4064025878906 -130.903076171875 -98.84281921386719 -135.2526550292969 -127.0055084228516 -94.92979431152344 0 2 1 -1 
54 -123.7429809570312 -120.9448089599609 -95.28192901611328 -118.962272644043 -119.3850708007812 -92.79396820068359 0 2 2 -2 
55 -116.2630004882812 -139.4975433349609 -59.80927276611328 -113.8133163452148 -136.79541015625 -54.99531173706055 0 2 3 -4 
56 -119.5222778320312 -125.483757019043 -93.09737396240234 -113.6495742797852 -120.9448089599609 -87.1795654296875 0 2 5 -6 
57 -117.062744140625 -134.8080444335938 -89.81271362304688 -114.973014831543 -120.9084625244141 -74.56251525878906 0 2 5 -7 
58 -114.6243515014648 -135.6952972412109 -87.1795654296875 -113.6495742797852 -125.483757019043 -77.09964752197266 0 2 8 -6 
59 -116.840461730957 -125.483757019043 -89.81271362304688 -113.6495742797852 -121.6311492919922 -87.1795654296875 0 2 5 -6 
60 -116.3092651367188 -136.79541015625 -54.99531173706055 -103.1109924316406 -112.5806884765625 -44.63572311401367 0 2 3 -9 
61 -119.5562362670898 -131.3258666992188 -61.41938400268555 -101.7714767456055 -105.7402648925781 -47.26330947875977 0 2 10 -11 
62 -119.5562362670898 -136.79541015625 -61.41938400268555 -116.2630004882812 -131.3258666992188 -54.99531173706055 0 2 3 -10 
63 -116.2630004882812 -137.7065887451172 -59.80927276611328 -113.8133163452148 -136.79541015625 -54.99531173706055 0 2 3 -4 
64 -117.9045104980469 -130.26025390625 -64.96487426757812 -115.0220031738281 -127.2534942626953 -60.54715728759766 0 2 12 -13 
65 -119.5562362670898 -137.7065887451172 -65.24414825439453 -113.8133163452148 -131.3258666992188 -59.80927276611328 0 2 10 -4 
66 -118.881591796875 -135.1922760009766 -72.86671447753906 -117.2085723876953 -132.2835845947266 -67.40239715576172 0 2 14 -15 
67 -117.0400772094727 -136.6842193603516 -68.82429504394531 -114.4064712524414 -133.8179779052734 -66.06036376953125 0 2 16 -17 
68 -116.5274047851562 -133.4444274902344 -54.83898544311523 -114.4372940063477 -129.6612854003906 -52.37619781494141 0 2 18 -18 
69 -115.3032073974609 -128.3192138671875 -60.94281387329102 -115.0220031738281 -125.9031143188477 -60.54715728759766 0 2 12 -19 
70 -115.0220031738281 -128.3192138671875 -62.50983810424805 -110.8603973388672 -123.3192520141602 -60.54715728759766 0 2 12 -20 
71 -118.0725173950195 -135.1922760009766 -72.86671447753906 -117.2085723876953 -133.518310546875 -72.04177856445312 0 2 14 -15 
72 -117.2085723876953 -135.1922760009766 -74.47669982910156 -113.9634628295898 -134.3158569335938 -72.04177856445312 0 2 14 -21 
73 -118.0725173950195 -134.0537872314453 -73.33950805664062 -116.8385162353516 -133.518310546875 -72.86671447753906 0 2 15 -22 
74 -115.1952438354492 -136.6842193603516 -68.82429504394531 -114.4064712524414 -134.5743103027344 -67.72553253173828 0 2 16 -17 
75 -115.1952438354492 -136.6842193603516 -68.82429504394531 -111.2369155883789 -134.4166259765625 -66.31673431396484 0 2 16 -17 
76 -117.1145095825195 -134.0537872314453 -73.33950805664062 -115.3974304199219 -130.6930389404297 -69.9794921875 0 2 23 -23 
77 -116.8385162353516 -134.3158569335938 -74.47669982910156 -113.9634628295898 -134.0537872314453 -73.33950805664062 0 2 22 -21 
78 -116.8645324707031 -134.8080444335938 -75.43052673339844 -116.8385162353516 -134.0537872314453 -73.33950805664062 0 2 22 -7 
79 -114.2052764892578 -135.6952972412109 -77.09964752197266 -113.9634628295898 -134.3158569335938 -74.47669982910156 0 2 21 -8 
80 -117.9045104980469 -127.2534942626953 -63.05048751831055 -115.3032073974609 -125.9031143188477 -60.94281387329102 0 2 13 -19 
81 -117.9045104980469 -127.2534942626953 -63.05048751831055 -110.8603973388672 -123.3192520141602 -62.50983810424805 0 2 13 -20 
82 -115.3032073974609 -125.9031143188477 -62.50983810424805 -110.8603973388672 -123.3192520141602 -60.94281387329102 0 2 19 -20 
83 -116.8645324707031 -135.6952972412109 -77.09964752197266 -114.2052764892578 -134.8080444335938 -75.43052673339844 0 2 7 -8 
84 -110.0631942749023 -134.6139373779297 -68.45722198486328 -105.0450286865234 -130.5140228271484 -60.68960189819336 0 2 24 -25 
85 -104.6108932495117 -112.5806884765625 -47.26330947875977 -103.1109924316406 -112.2700881958008 -44.63572311401367 0 2 9 -11 
86 -104.6108932495117 -113.7054977416992 -47.26330947875977 -99.01133728027344 -111.8528518676758 -44.63572311401367 0 2 9 -11 
87 -105.5256729125977 -133.4275817871094 -61.96207427978516 -105.0450286865234 -130.5140228271484 -60.68960189819336 0 2 24 -25 
88 -105.5256729125977 -133.4275817871094 -68.23341369628906 -96.91413879394531 -130.5140228271484 -60.68960189819336 0 2 24 -25 
89 -105.785285949707 -116.2607574462891 -71.88759613037109 -103.9367904663086 -104.5377807617188 -69.47817993164062 0 2 26 -26 
90 -104.7045669555664 -116.2607574462891 -70.14450836181641 -102.5965805053711 -114.3698654174805 -69.61643218994141 0 2 26 -26 
91 -103.9367904663086 -106.0122146606445 -71.92235565185547 -99.98304748535156 -102.4063720703125 -70.80321502685547 0 2 27 -27 
92 -98.84280395507812 -116.5901031494141 -57.36094665527344 -94.14117431640625 -107.0801162719727 -51.25011444091797 0 2 28 -29 
93 -94.55654144287109 -120.6353302001953 -58.20366668701172 -92.67472839355469 -113.0638961791992 -52.9786262512207 0 2 30 -31 
94 -99.02093505859375 -123.6267166137695 -63.05331802368164 -97.22489929199219 -117.2991027832031 -60.66035842895508 0 2 32 -32 
95 -97.70161437988281 -113.0638961791992 -57.36094665527344 -94.27317810058594 -111.1144027709961 -56.27138137817383 0 2 28 -30 
96 -97.70161437988281 -113.7816314697266 -57.36094665527344 -94.27317810058594 -111.1144027709961 -53.97734069824219 0 2 28 -30 
97 -93.90920257568359 -123.6064987182617 -94.55735778808594 -82.93290710449219 -119.9231262207031 -85.50225830078125 0 2 33 -34 
98 -94.26298522949219 -123.1251831054688 -53.08468246459961 -92.67472839355469 -116.5901031494141 -51.25011444091797 0 2 29 -31 
99 -94.21005249023438 -120.6353302001953 -52.9786262512207 -92.67472839355469 -116.5901031494141 -51.25011444091797 0 2 29 -31 
100 -93.90920257568359 -133.2942199707031 -85.50225830078125 -88.96274566650391 -121.0798187255859 -79.93387603759766 0 2 33 -35 
101 -93.92873382568359 -94.84077453613281 -65.92915344238281 -90.12865447998047 -93.74324798583984 -64.34170532226562 0 2 36 -36 
102 -93.90920257568359 -123.6064987182617 -85.50225830078125 -91.65677642822266 -121.0798187255859 -84.48867034912109 0 2 33 -35 
103 -93.90920257568359 -123.6064987182617 -89.35834503173828 -87.71513366699219 -119.9758911132812 -85.50225830078125 0 2 33 -34 
104 -91.49022674560547 -85.41408538818359 -83.94774627685547 -88.745361328125 -83.03823852539062 -81.836181640625 0 2 37 -38 
105 -91.49022674560547 -90.44120025634766 -83.94774627685547 -78.40043640136719 -81.46488189697266 -81.24971771240234 0 2 37 -38 
106 -91.49022674560547 -83.83059692382812 -83.94774627685547 -89.01508331298828 -83.03823852539062 -81.836181640625 0 2 37 -38 
107 -91.65677642822266 -121.0798187255859 -89.35834503173828 -87.71513366699219 -119.9758911132812 -84.48867034912109 0 2 35 -34 
108 -89.80094146728516 -98.57241058349609 -63.38419342041016 -88.41429138183594 -95.27716064453125 -58.16702651977539 0 2 39 -39 
2 -141.7105865478516 -148.3839263916016 -106.1465911865234 -63.81501770019531 -80.40159606933594 -43.34906005859375 0 38 53 54 55 -65 61 -86 -60 56 -58 -79 -72 66 73 78 -57 64 81 -70 67 -75 76 84 -88 89 90 91 92 98 -93 -95 94 97 -107 -100 104 -105 4 5 
3 -138.4064025878906 -130.903076171875 -98.84281921386719 -135.2526550292969 -127.0055084228516 -94.92979431152344 0 2 53 4 
4 -123.7429809570312 -120.9448089599609 -95.28192901611328 -118.962272644043 -119.3850708007812 -92.79396820068359 0 2 54 5 
5 -119.5562362670898 -136.79541015625 -61.41938400268555 -101.7714767456055 -105.7402648925781 -44.63572311401367 0 5 60 85 -61 -62 68 
6 -119.5562362670898 -137.7065887451172 -65.24414825439453 -113.8133163452148 -131.3258666992188 -54.99531173706055 0 3 62 65 -63 
7 -119.5222778320312 -125.483757019043 -93.09737396240234 -113.6495742797852 -120.9448089599609 -87.1795654296875 0 2 56 -59 
8 -118.881591796875 -135.1922760009766 -72.86671447753906 -117.2085723876953 -132.2835845947266 -67.40239715576172 0 2 66 -71 
9 -118.0725173950195 -135.1922760009766 -74.47669982910156 -113.9634628295898 -133.518310546875 -72.04177856445312 0 4 71 73 77 -72 
10 -117.9045104980469 -130.26025390625 -64.96487426757812 -115.0220031738281 -125.9031143188477 -60.54715728759766 0 3 64 80 -69 
11 -117.9045104980469 -127.2534942626953 -63.05048751831055 -110.8603973388672 -123.3192520141602 -60.94281387329102 0 3 80 82 -81 
12 -117.1145095825195 -134.0537872314453 -73.33950805664062 -115.3974304199219 -130.6930389404297 -69.9794921875 0 1 76 
13 -117.062744140625 -135.6952972412109 -89.81271362304688 -113.6495742797852 -120.9084625244141 -74.56251525878906 0 4 57 83 58 -59 
14 -117.0400772094727 -136.6842193603516 -68.82429504394531 -114.4064712524414 -133.8179779052734 -66.06036376953125 0 2 67 -74 
15 -116.8645324707031 -135.6952972412109 -77.09964752197266 -113.9634628295898 -134.0537872314453 -73.33950805664062 0 4 77 79 -83 -78 
16 -116.5274047851562 -133.4444274902344 -54.83898544311523 -114.4372940063477 -129.6612854003906 -52.37619781494141 0 1 68 
17 -116.2630004882812 -139.4975433349609 -59.80927276611328 -113.8133163452148 -136.79541015625 -54.99531173706055 0 2 55 -63 
18 -115.3032073974609 -128.3192138671875 -62.50983810424805 -110.8603973388672 -123.3192520141602 -60.54715728759766 0 3 69 82 -70 
19 -115.1952438354492 -136.6842193603516 -68.82429504394531 -111.2369155883789 -134.4166259765625 -66.31673431396484 0 2 74 -75 
20 -110.0631942749023 -134.6139373779297 -68.45722198486328 -105.0450286865234 -130.5140228271484 -60.68960189819336 0 2 84 -87 
21 -105.785285949707 -116.2607574462891 -71.88759613037109 -103.9367904663086 -104.5377807617188 -69.47817993164062 0 1 89 
22 -105.5256729125977 -133.4275817871094 -68.23341369628906 -96.91413879394531 -130.5140228271484 -60.68960189819336 0 2 87 -88 
23 -104.7045669555664 -116.2607574462891 -70.14450836181641 -102.5965805053711 -114.3698654174805 -69.61643218994141 0 1 90 
24 -104.6108932495117 -113.7054977416992 -47.26330947875977 -99.01133728027344 -111.8528518676758 -44.63572311401367 0 2 85 -86 
25 -103.9367904663086 -106.0122146606445 -71.92235565185547 -99.98304748535156 -102.4063720703125 -70.80321502685547 0 1 91 
26 0 0 0 0 0 0 0 2 101 108 
27 -99.02093505859375 -123.6267166137695 -63.05331802368164 -97.22489929199219 -117.2991027832031 -60.66035842895508 0 1 94 
28 -98.84280395507812 -120.6353302001953 -58.20366668701172 -92.67472839355469 -107.0801162719727 -51.25011444091797 0 4 92 99 -93 -96 
29 -97.70161437988281 -113.7816314697266 -57.36094665527344 -94.27317810058594 -111.1144027709961 -53.97734069824219 0 2 95 -96 
30 -94.26298522949219 -123.1251831054688 -53.08468246459961 -92.67472839355469 -116.5901031494141 -51.25011444091797 0 2 98 -99 
31 0 0 0 0 0 0 0 1 101 
32 -93.90920257568359 -133.2942199707031 -85.50225830078125 -88.96274566650391 -121.0798187255859 -79.93387603759766 0 2 100 -102 
33 -93.90920257568359 -123.6064987182617 -89.35834503173828 -87.71513366699219 -119.9758911132812 -84.48867034912109 0 3 102 107 -103 
34 -93.90920257568359 -123.6064987182617 -94.55735778808594 -82.93290710449219 -119.9231262207031 -85.50225830078125 0 2 97 -103 
35 -91.49022674560547 -85.41408538818359 -83.94774627685547 -88.745361328125 -83.03823852539062 -81.836181640625 0 2 104 -106 
36 -91.49022674560547 -90.44120025634766 -83.94774627685547 -78.40043640136719 -81.46488189697266 -81.24971771240234 0 2 105 -106 
37 0 0 0 0 0 0 0 1 108 
1 -141.7105865478516 -148.3839263916016 -106.1465911865234 -63.81501770019531 -80.40159606933594 -43.34906005859375 0 36 2 3 4 5 6 7 8 9 10 11 12 13 14 15 16 17 18 19 20 21 22 23 24 25 26 27 28 29 30 31 32 33 34 35 36 37 
$EndEntities
$Nodes
134 701 1 701
0 1 0 2
1
2
-138.4002685546875 -128.1782531738281 -98.84281921386719
-91.56067657470703 -93.74324798583984 -64.34170532226562
0 2 0 2
3
4
-123.7429809570312 -119.6235122680664 -94.08097839355469
-89.80094146728516 -95.27716064453125 -63.38419342041016
0 3 0 1
5
-116.2630004882812 -136.79541015625 -54.99531173706055
0 4 0 1
6
-113.8133163452148 -137.7065887451172 -59.80927276611328
0 5 0 1
7
-116.840461730957 -121.6311492919922 -89.81271362304688
0 6 0 1
8
-113.6495742797852 -125.483757019043 -87.1795654296875
0 7 0 1
9
-116.8645324707031 -134.8080444335938 -75.43052673339844
0 8 0 1
10
-114.2052764892578 -135.6952972412109 -77.09964752197266
0 9 0 1
11
-103.1109924316406 -112.5806884765625 -44.63572311401367
0 10 0 1
12
-119.5562362670898 -131.3258666992188 -61.41938400268555
0 11 0 1
13
-104.6108932495117 -112.2700881958008 -47.26330947875977
0 12 0 1
14
-115.0220031738281 -128.3192138671875 -60.54715728759766
0 13 0 1
15
-117.9045104980469 -127.2534942626953 -63.05048751831055
0 14 0 1
16
-117.2085723876953 -135.1922760009766 -72.04177856445312
0 15 0 1
17
-118.0725173950195 -133.518310546875 -72.86671447753906
0 16 0 1
18
-115.1952438354492 -134.5743103027344 -68.82429504394531
0 17 0 1
19
-114.4064712524414 -136.6842193603516 -67.72553253173828
0 18 0 1
20
-116.3092651367188 -131.4488220214844 -52.67771911621094
0 19 0 1
21
-115.3032073974609 -125.9031143188477 -60.94281387329102
0 20 0 1
22
-110.8603973388672 -123.3192520141602 -62.50983810424805
0 21 0 1
23
-113.9634628295898 -134.3158569335938 -74.47669982910156
0 22 0 1
24
-116.8385162353516 -134.0537872314453 -73.33950805664062
0 23 0 1
25
-117.1145095825195 -132.8947296142578 -71.08603668212891
0 24 0 1
26
-105.0450286865234 -130.5140228271484 -60.68960189819336
0 25 0 1
27
-105.5256729125977 -133.4275817871094 -61.96207427978516
0 26 0 1
28
-104.7045669555664 -116.2607574462891 -69.72134399414062
0 27 0 1
29
-103.9367904663086 -104.5377807617188 -71.88759613037109
0 28 0 1
30
-97.70161437988281 -111.1144027709961 -57.36094665527344
0 29 0 1
31
-94.21005249023438 -116.5901031494141 -51.25011444091797
0 30 0 1
32
-94.27317810058594 -113.0638961791992 -56.27138137817383
0 31 0 1
33
-92.67472839355469 -120.6353302001953 -52.9786262512207
0 32 0 1
34
-99.02093505859375 -117.2991027832031 -60.88869476318359
0 33 0 1
35
-93.90920257568359 -123.6064987182617 -85.50225830078125
0 34 0 1
36
-87.71513366699219 -119.9758911132812 -89.35834503173828
0 35 0 1
37
-91.65677642822266 -121.0798187255859 -84.48867034912109
0 36 0 1
38
-93.92873382568359 -94.84077453613281 -65.92915344238281
0 37 0 1
39
-91.49022674560547 -83.03823852539062 -81.836181640625
0 38 0 1
40
-89.01508331298828 -83.83059692382812 -83.94774627685547
0 39 0 1
41
-89.22160339355469 -98.57241058349609 -58.16702651977539
1 4 0 1
42
-90.12865447998047 -94.21015930175781 -65.53895568847656
1 5 0 1
43
-88.41429138183594 -95.91072845458984 -61.05913543701172
1 53 0 5
44
45
46
47
48
-138.4064025878906 -127.0055084228516 -94.92979431152344
-136.5657196044922 -127.3391647338867 -98.35978698730469
-135.9651641845703 -128.1781005859375 -95.70088195800781
-135.6659240722656 -130.903076171875 -97.58887481689453
-135.2526550292969 -129.7597351074219 -96.92041778564453
1 54 0 3
49
50
51
-120.6630096435547 -120.4725189208984 -92.79396820068359
-118.962272644043 -119.3850708007812 -95.28192901611328
-119.5222778320312 -120.9448089599609 -93.09737396240234
1 55 0 1
52
-114.5801696777344 -139.4975433349609 -58.05120468139648
1 56 0 1
53
-116.6295547485352 -123.8525695800781 -90.26393127441406
1 57 0 5
54
55
56
57
58
-117.062744140625 -120.9084625244141 -86.63563537597656
-116.0654830932617 -125.5733871459961 -81.25973510742188
-116.0963134765625 -131.3067016601562 -74.56251525878906
-114.973014831543 -134.3076019287109 -77.64659118652344
-116.118049621582 -130.3317108154297 -79.18616485595703
1 58 0 2
59
60
-114.1330108642578 -130.1254425048828 -83.42913818359375
-114.6243515014648 -133.8597259521484 -81.63331604003906
1 59 0 0
1 60 0 3
61
62
63
-112.4142837524414 -132.6445007324219 -46.05592346191406
-109.4103240966797 -127.2912368774414 -46.5893669128418
-107.8608551025391 -117.8077774047852 -45.53220367431641
1 61 0 10
64
65
66
67
68
69
70
71
72
73
-119.2033843994141 -130.7221069335938 -59.87303924560547
-118.0802841186523 -129.0933380126953 -57.60464096069336
-112.0952301025391 -121.1593551635742 -53.59705352783203
-111.0056762695312 -117.3678359985352 -51.7196159362793
-110.8605880737305 -114.3768997192383 -52.48631286621094
-109.1349868774414 -111.24365234375 -52.73172760009766
-108.5522537231445 -109.0178833007812 -53.40856552124023
-106.2453308105469 -107.5520401000977 -51.58292770385742
-101.7714767456055 -109.9452209472656 -47.3968391418457
-102.4030151367188 -105.7402648925781 -50.27642440795898
1 62 0 1
74
-118.2021255493164 -133.6966705322266 -59.82422256469727
1 63 0 0
1 64 0 1
75
-117.5620040893555 -130.26025390625 -64.96487426757812
1 65 0 2
76
77
-113.9513626098633 -135.7822570800781 -65.24414825439453
-114.2446517944336 -136.3946685791016 -62.11866760253906
1 66 0 2
78
79
-118.881591796875 -133.0635681152344 -67.40239715576172
-118.4623947143555 -132.2835845947266 -70.58919525146484
1 67 0 1
80
-117.0400772094727 -133.8179779052734 -66.06036376953125
1 68 0 2
81
82
-116.5274047851562 -133.4444274902344 -54.83898544311523
-114.4372940063477 -129.6612854003906 -52.37619781494141
1 69 0 0
1 70 0 0
1 71 0 0
1 72 0 0
1 73 0 0
1 74 0 0
1 75 0 1
83
-111.2369155883789 -134.4166259765625 -66.31673431396484
1 76 0 1
84
-115.3974304199219 -130.6930389404297 -69.9794921875
1 77 0 0
1 78 0 0
1 79 0 0
1 80 0 0
1 81 0 0
1 82 0 0
1 83 0 0
1 84 0 3
85
86
87
-110.0631942749023 -133.4781646728516 -68.45722198486328
-108.2345275878906 -132.3276214599609 -64.336669921875
-108.6385345458984 -134.6139373779297 -67.37151336669922
1 85 0 0
1 86 0 2
88
89
-100.5670928955078 -111.8528518676758 -46.96926116943359
-99.01133728027344 -113.7054977416992 -44.94200897216797
1 87 0 0
1 88 0 3
90
91
92
-100.1271362304688 -132.4111480712891 -66.36222076416016
-100.6983795166016 -131.2535552978516 -65.07321929931641
-96.91413879394531 -131.34423828125 -68.23341369628906
1 89 0 3
93
94
95
-104.8770217895508 -114.8431625366211 -71.36829376220703
-105.5528793334961 -106.160758972168 -69.65928649902344
-105.785285949707 -112.4001235961914 -69.47817993164062
1 90 0 2
96
97
-103.982666015625 -114.3698654174805 -70.14450836181641
-102.5965805053711 -114.8240051269531 -69.61643218994141
1 91 0 2
98
99
-100.5337982177734 -106.0122146606445 -71.92235565185547
-99.98304748535156 -102.4063720703125 -70.80321502685547
1 92 0 3
100
101
102
-98.84280395507812 -107.0801162719727 -54.76970291137695
-95.85774993896484 -107.2642593383789 -52.42282867431641
-94.14117431640625 -110.3755569458008 -52.9100227355957
1 93 0 2
103
104
-94.55654144287109 -115.9032516479492 -57.46467590332031
-93.43405914306641 -119.8707962036133 -58.20366668701172
1 94 0 3
105
106
107
-98.47752380371094 -120.7395553588867 -61.88296508789062
-97.22489929199219 -121.3932342529297 -60.66035842895508
-98.07736206054688 -123.6267166137695 -63.05331802368164
1 95 0 0
1 96 0 1
108
-95.37143707275391 -113.7816314697266 -53.97734069824219
1 97 0 4
109
110
111
112
-90.85443115234375 -120.7943572998047 -90.34960174560547
-85.54134368896484 -120.1887969970703 -94.49272918701172
-85.59127044677734 -119.9231262207031 -91.65476226806641
-82.93290710449219 -120.5225372314453 -94.55735778808594
1 98 0 1
113
-94.26298522949219 -123.1251831054688 -53.08468246459961
1 99 0 0
1 100 0 4
114
115
116
117
-93.34455871582031 -130.1740264892578 -81.83360290527344
-91.50554656982422 -133.2942199707031 -79.93387603759766
-91.19275665283203 -127.6872711181641 -81.41201782226562
-88.96274566650391 -131.7276611328125 -80.41145324707031
1 101 0 0
1 102 0 0
1 103 0 0
1 104 0 1
118
-88.745361328125 -85.41408538818359 -82.714111328125
1 105 0 6
119
120
121
122
123
124
-88.40290069580078 -81.46488189697266 -83.17753601074219
-84.48029327392578 -81.88971710205078 -83.04524230957031
-84.87528991699219 -82.96919250488281 -83.56986999511719
-80.16995239257812 -90.40253448486328 -83.21367645263672
-80.65908813476562 -88.09600067138672 -82.71089935302734
-78.40043640136719 -90.44120025634766 -81.24971771240234
1 106 0 0
1 107 0 0
1 108 0 0
2 2 0 533
125
126
127
128
129
130
131
132
133
134
135
136
137
138
139
140
141
142
143
144
145
146
147
148
149
150
151
152
153
154
155
156
157
158
159
160
161
162
163
164
165
166
167
168
169
170
171
172
173
174
175
176
177
178
179
180
181
182
183
184
185
186
187
188
189
190
191
192
193
194
195
196
197
198
199
200
201
202
203
204
205
206
207
208
209
210
211
212
213
214
215
216
217
218
219
220
221
222
223
224
225
226
227
228
229
230
231
232
233
234
235
236
237
238
239
240
241
242
243
244
245
246
247
248
249
250
251
252
253
254
255
256
257
258
259
260
261
262
263
264
265
266
267
268
269
270
271
272
273
274
275
276
277
278
279
280
281
282
283
284
285
286
287
288
289
290
291
292
293
294
295
296
297
298
299
300
301
302
303
304
305
306
307
308
309
310
311
312
313
314
315
316
317
318
319
320
321
322
323
324
325
326
327
328
329
330
331
332
333
334
335
336
337
338
339
340
341
342
343
344
345
346
347
348
349
350
351
352
353
354
355
356
357
358
359
360
361
362
363
364
365
366
367
368
369
370
371
372
373
374
375
376
377
378
379
380
381
382
383
384
385
386
387
388
389
390
391
392
393
394
395
396
397
398
399
400
401
402
403
404
405
406
407
408
409
410
411
412
413
414
415
416
417
418
419
420
421
422
423
424
425
426
427
428
429
430
431
432
433
434
435
436
437
438
439
440
441
442
443
444
445
446
447
448
449
450
451
452
453
454
455
456
457
458
459
460
461
462
463
464
465
466
467
468
469
470
471
472
473
474
475
476
477
478
479
480
481
482
483
484
485
486
487
488
489
490
491
492
493
494
495
496
497
498
499
500
501
502
503
504
505
506
507
508
509
510
511
512
513
514
515
516
517
518
519
520
521
522
523
524
525
526
527
528
529
530
531
532
533
534
535
536
537
538
539
540
541
542
543
544
545
546
547
548
549
550
551
552
553
554
555
556
557
558
559
560
561
562
563
564
565
566
567
568
569
570
571
572
573
574
575
576
577
578
579
580
581
582
583
584
585
586
587
588
589
590
591
592
593
594
595
596
597
598
599
600
601
602
603
604
605
606
607
608
609
610
611
612
613
614
615
616
617
618
619
620
621
622
623
624
625
626
627
628
629
630
631
632
633
634
635
636
637
638
639
640
641
642
643
644
645
646
647
648
649
650
651
652
653
654
655
656
657
-141.6332855224609 -115.2862167358398 -81.08613586425781
-141.6784362792969 -121.6989059448242 -87.91042327880859
-141.7105865478516 -120.6580963134766 -78.67160797119141
-141.3614807128906 -124.3247909545898 -87.56829071044922
-141.0713043212891 -117.0633544921875 -75.2733154296875
-140.3972930908203 -123.8889694213867 -77.78241729736328
-139.2921142578125 -123.5502014160156 -73.61463165283203
-139.2886505126953 -108.9434356689453 -83.85176086425781
-139.1312408447266 -125.0663146972656 -93.21845245361328
-139.9346923828125 -118.727783203125 -88.8720703125
-138.8900604248047 -112.2928695678711 -86.34998321533203
-140.2997436523438 -110.407356262207 -78.83373260498047
-139.2880401611328 -130.5115356445312 -92.120361328125
-138.8979339599609 -127.8132019042969 -95.03542327880859
-138.0043029785156 -110.9850387573242 -73.01675415039062
-139.1549530029297 -119.6468276977539 -71.82205963134766
-137.6392974853516 -115.1833343505859 -70.24794006347656
-136.3731231689453 -130.2261352539062 -77.92914581298828
-137.1802062988281 -133.5166320800781 -89.73052978515625
-137.3218383789062 -103.2038497924805 -81.00812530517578
-136.975341796875 -105.1909866333008 -76.58301544189453
-138.0709533691406 -117.1311798095703 -89.28494262695312
-132.7423553466797 -121.3525619506836 -65.19361877441406
-134.0307159423828 -130.396240234375 -73.78711700439453
-131.2279510498047 -126.2204284667969 -65.70774078369141
-136.1191558837891 -106.1566619873047 -85.84628295898438
-133.4321899414062 -97.57547760009766 -83.97858428955078
-136.3219299316406 -134.2522277832031 -93.61946868896484
-133.28173828125 -116.9877471923828 -65.44428253173828
-134.7929229736328 -123.3079986572266 -91.30535888671875
-133.1182708740234 -126.3192749023438 -93.57234954833984
-133.7139282226562 -115.7542572021484 -87.67401885986328
-131.4283905029297 -109.8519897460938 -65.88453674316406
-129.6994934082031 -112.791618347168 -62.01420974731445
-133.1061553955078 -98.53443145751953 -77.91773986816406
-131.9528350830078 -95.15936279296875 -82.24605560302734
-133.4845123291016 -133.0377044677734 -79.1785888671875
-134.2609252929688 -135.6258239746094 -91.32551574707031
-126.9623184204102 -99.82891082763672 -71.55313873291016
-133.8011627197266 -134.0634155273438 -96.5194091796875
-131.1263427734375 -108.756217956543 -85.69583892822266
-131.9185333251953 -100.3391876220703 -85.24071502685547
-129.6334075927734 -129.5775146484375 -95.98464202880859
-125.6086654663086 -132.9432983398438 -99.38337707519531
-129.4947662353516 -118.1881484985352 -91.70547485351562
-129.1647491455078 -121.423095703125 -94.73020935058594
-126.2090530395508 -137.0404357910156 -95.58512115478516
-127.8444747924805 -135.1680755615234 -82.00096130371094
-126.8115234375 -137.4000854492188 -91.68476867675781
-126.1848602294922 -133.7332916259766 -70.5670166015625
-126.1779708862305 -130.2792358398438 -63.06643295288086
-123.9905853271484 -136.3709411621094 -98.01915740966797
-126.840576171875 -114.3581390380859 -90.05821228027344
-132.0154876708984 -95.29535675048828 -85.31287384033203
-127.8933029174805 -122.8818817138672 -58.71448516845703
-126.2084350585938 -117.3584899902344 -56.76320648193359
-123.8557891845703 -92.14309692382812 -76.91039276123047
-127.5214691162109 -126.373291015625 -59.91755294799805
-124.4662017822266 -91.15245056152344 -80.25489807128906
-125.6455154418945 -93.50762939453125 -83.52812957763672
-123.4310913085938 -91.36805725097656 -82.54029846191406
-125.2679061889648 -101.6702346801758 -82.33460998535156
-125.557502746582 -111.2007217407227 -57.80826568603516
-124.9076461791992 -106.8855972290039 -60.49954986572266
-123.7500381469727 -106.4429473876953 -87.44564056396484
-124.3239440917969 -123.4999237060547 -98.11022186279297
-124.8042221069336 -131.2217712402344 -98.09079742431641
-121.4455718994141 -117.1391067504883 -90.15888977050781
-119.1323471069336 -120.5090942382812 -97.96205902099609
-121.7967071533203 -132.8504180908203 -57.16969299316406
-121.4369583129883 -124.9158325195312 -52.80315017700195
-119.5838241577148 -130.4599456787109 -52.77484893798828
-123.8781890869141 -136.8831329345703 -79.41464996337891
-119.0620346069336 -99.98275756835938 -59.11690521240234
-118.4368362426758 -90.82428741455078 -71.30146789550781
-119.5689086914062 -108.8048553466797 -88.57498931884766
-122.8069076538086 -139.6472320556641 -92.63690948486328
-123.8889465332031 -138.7398071289062 -88.48394012451172
-121.2037048339844 -140.0490264892578 -95.05515289306641
-118.3948593139648 -118.0604019165039 -51.44257736206055
-120.7815933227539 -135.5970306396484 -64.15139007568359
-121.0755233764648 -137.3005828857422 -71.29522705078125
-119.7476043701172 -136.2227783203125 -58.65110397338867
-117.2911834716797 -89.07177734375 -82.48511505126953
-115.7001571655273 -134.2038421630859 -99.96694946289062
-119.6545562744141 -136.6921081542969 -99.16217041015625
-118.2523803710938 -102.6616134643555 -56.03113555908203
-114.3176651000977 -110.6045761108398 -50.06295394897461
-119.8646240234375 -98.78785705566406 -80.60588073730469
-118.4367980957031 -128.8639068603516 -99.45396423339844
-113.8115615844727 -132.7142486572266 -98.18210601806641
-119.307746887207 -83.98526000976562 -80.72811889648438
-119.3705978393555 -87.28153991699219 -83.20770263671875
-118.4708709716797 -123.5304794311523 -99.68165588378906
-114.471549987793 -143.0865936279297 -95.88838195800781
-120.270263671875 -140.5236511230469 -77.82276153564453
-117.7095794677734 -146.0851745605469 -87.94633483886719
-118.2708206176758 -145.1730804443359 -83.01594543457031
-119.349479675293 -84.3590087890625 -77.94114685058594
-116.9548797607422 -104.4043655395508 -85.55791473388672
-118.2418365478516 -135.4799499511719 -55.37326812744141
-119.5849380493164 -119.6185607910156 -89.50681304931641
-115.5665435791016 -115.7034225463867 -86.96311950683594
-114.7907180786133 -109.9721221923828 -87.24697875976562
-119.3147125244141 -128.1267242431641 -49.70591354370117
-118.7019424438477 -122.8625411987305 -50.07987594604492
-117.3899917602539 -144.5292205810547 -92.33855438232422
-116.4247665405273 -138.2486419677734 -65.55302429199219
-114.7845077514648 -140.9806518554688 -71.06190490722656
-112.4247589111328 -139.3520355224609 -62.23939514160156
-115.5873718261719 -96.38001251220703 -79.21982574462891
-115.567268371582 -99.27920532226562 -80.65995025634766
-112.8026580810547 -137.6494598388672 -99.66783905029297
-111.0948104858398 -141.2913665771484 -97.90737152099609
-119.6291809082031 -132.7606658935547 -64.12085723876953
-116.6233596801758 -131.7921905517578 -48.62306594848633
-113.8348770141602 -117.0162811279297 -96.31086730957031
-114.3984375 -120.905632019043 -90.76110076904297
-112.470703125 -117.4267196655273 -93.09134674072266
-115.7130889892578 -81.66281127929688 -83.64225769042969
-107.6909027099609 -82.10066986083984 -81.93130493164062
-116.9465789794922 -81.54432678222656 -79.22164154052734
-115.4337615966797 -88.99541473388672 -70.42117309570312
-116.8792114257812 -122.7014694213867 -46.89287567138672
-116.9588394165039 -130.5720825195312 -44.4194450378418
-116.1679306030273 -119.4493179321289 -99.57487487792969
-108.5343627929688 -91.73622131347656 -58.85330963134766
-110.6811065673828 -95.22038269042969 -56.0473518371582
-112.2330551147461 -130.2783813476562 -100.7555465698242
-112.3783798217773 -119.3234405517578 -102.6947174072266
-109.0775985717773 -124.8507843017578 -104.9758453369141
-117.0204238891602 -129.800537109375 -66.5281982421875
-113.6850357055664 -147.6019287109375 -83.10192108154297
-113.0195159912109 -103.8475646972656 -51.49142074584961
-111.3037567138672 -124.1554260253906 -57.99131774902344
-110.7435073852539 -125.6132202148438 -65.08432769775391
-112.8752593994141 -147.6300354003906 -89.66344451904297
-112.342658996582 -90.12436676025391 -80.03948974609375
-112.3785629272461 -119.0747451782227 -81.90872192382812
-114.844612121582 -127.4375228881836 -43.34906005859375
-111.6738662719727 -128.9027252197266 -44.33663940429688
-111.5954284667969 -104.8200302124023 -83.16897583007812
-112.7001724243164 -80.40159606933594 -79.84548187255859
-110.9806594848633 -85.33913421630859 -71.86392211914062
-113.1399002075195 -119.8427581787109 -44.96273040771484
-107.3734283447266 -140.0199127197266 -65.68186187744141
-109.1855773925781 -112.3749771118164 -97.28681945800781
-111.5257797241211 -115.6714401245117 -100.5678863525391
-112.8047561645508 -127.7768707275391 -75.83951568603516
-111.4830856323242 -123.7703857421875 -78.04029083251953
-108.9529571533203 -80.9508056640625 -80.99436187744141
-108.2810211181641 -133.2403564453125 -98.45654296875
-106.3521041870117 -135.9369049072266 -99.96391296386719
-111.1019973754883 -99.12864685058594 -78.77519226074219
-111.2269439697266 -94.32752990722656 -77.25624847412109
-112.073844909668 -109.0965194702148 -84.80333709716797
-105.3063507080078 -88.39983367919922 -62.03717422485352
-108.9179306030273 -125.1619567871094 -69.25557708740234
-110.0204925537109 -132.8224334716797 -71.64268493652344
-110.0456619262695 -123.1127548217773 -44.87705993652344
-104.861457824707 -145.3621215820312 -75.5501708984375
-110.4767990112305 -133.1580657958984 -80.12165832519531
-112.0542907714844 -138.7820434570312 -57.00407409667969
-107.1224899291992 -139.5289306640625 -58.14091491699219
-107.6416015625 -147.4515533447266 -91.14922332763672
-112.1035614013672 -124.183967590332 -86.56956481933594
-109.2908248901367 -113.0897903442383 -44.41893005371094
-110.724609375 -134.7542572021484 -63.49552154541016
-108.7034225463867 -126.7135162353516 -81.90909576416016
-109.2941055297852 -132.1419219970703 -76.21572113037109
-110.962287902832 -114.4192352294922 -93.64253997802734
-108.8911819458008 -133.0326538085938 -60.13169097900391
-107.5544128417969 -148.3839263916016 -85.87496185302734
-102.4813461303711 -147.0234832763672 -80.27211761474609
-110.1888198852539 -118.4667358398438 -44.72796249389648
-108.4287033081055 -102.9726638793945 -49.39303588867188
-108.4793930053711 -122.777587890625 -71.81558227539062
-100.7028045654297 -139.1579132080078 -99.02402496337891
-106.6334915161133 -84.30184173583984 -71.19337463378906
-101.5101699829102 -82.2333984375 -77.51317596435547
-99.15322875976562 -83.81471252441406 -71.63242340087891
-109.2098693847656 -120.2158279418945 -88.32667541503906
-110.4178161621094 -114.3060607910156 -79.2802734375
-109.683723449707 -118.5042037963867 -74.97466278076172
-107.4622421264648 -114.9772262573242 -103.0775146484375
-106.5807647705078 -120.3199462890625 -105.8703079223633
-107.6595687866211 -90.13121032714844 -78.07976531982422
-104.9626617431641 -85.48993682861328 -80.29177856445312
-105.9022064208984 -128.7834625244141 -103.8399505615234
-107.7935028076172 -123.0640258789062 -85.09115600585938
-109.7505874633789 -120.2847442626953 -56.46967315673828
-107.7728500366211 -107.6153411865234 -79.91445159912109
-107.8627243041992 -111.8898696899414 -78.22364807128906
-110.7876129150391 -136.7562713623047 -55.22929000854492
-108.9695816040039 -134.3828430175781 -55.63787460327148
-105.5591278076172 -135.1633148193359 -51.11294174194336
-103.4401702880859 -136.4645233154297 -51.66019439697266
-105.4745407104492 -100.3376159667969 -74.34706878662109
-107.7583770751953 -112.9366836547852 -100.4815826416016
-106.7845611572266 -118.3614349365234 -72.26301574707031
-108.9206924438477 -119.5497436523438 -61.32917022705078
-105.7414932250977 -96.57295227050781 -74.90395355224609
-105.4026260375977 -92.18849182128906 -74.17327880859375
-102.1252059936523 -143.3855285644531 -95.27075958251953
-109.7805023193359 -116.6839141845703 -53.07687377929688
-106.011962890625 -113.0139007568359 -90.13909912109375
-107.0099182128906 -111.12109375 -94.29281616210938
-108.7786407470703 -122.6871566772461 -62.13970565795898
-107.6145858764648 -123.5056457519531 -63.29170227050781
-104.4520950317383 -92.80619049072266 -55.01688766479492
-105.6454086303711 -126.5189819335938 -77.11344909667969
-105.8446273803711 -130.0978851318359 -71.37377166748047
-106.2383804321289 -133.2151031494141 -67.28310394287109
-106.8721694946289 -115.5383377075195 -56.14998245239258
-108.547721862793 -113.2906646728516 -52.92357635498047
-108.845703125 -116.3003845214844 -60.04289245605469
-104.0239181518555 -110.1386489868164 -44.76651382446289
-102.744255065918 -121.0718460083008 -83.67962646484375
-101.9523086547852 -117.8002700805664 -86.57426452636719
-102.512580871582 -109.8213577270508 -95.72181701660156
-102.5328521728516 -125.8888473510742 -105.854606628418
-104.5662231445312 -132.4411468505859 -55.18542861938477
-104.4186477661133 -82.31377410888672 -80.73027038574219
-106.5475692749023 -118.0803756713867 -61.00531768798828
-107.7565612792969 -122.1378631591797 -65.95691680908203
-105.5912704467773 -114.8476181030273 -60.97822570800781
-104.7060470581055 -115.7212600708008 -61.74840927124023
-105.6516494750977 -120.2631530761719 -62.63865280151367
-105.9876022338867 -109.5475540161133 -55.03896713256836
-105.9504165649414 -119.3817596435547 -66.69667816162109
-103.0869140625 -97.625732421875 -51.34292984008789
-103.1839065551758 -133.7334594726562 -98.69195556640625
-102.5960693359375 -112.2592391967773 -100.8545303344727
-103.7834548950195 -89.32617950439453 -77.53685760498047
-97.11390686035156 -145.8295288085938 -88.7296142578125
-91.36330413818359 -145.3471221923828 -83.50776672363281
-103.305046081543 -115.7826538085938 -104.1465148925781
-100.4700469970703 -139.9452972412109 -65.00432586669922
-97.72534942626953 -136.5372314453125 -52.05809783935547
-99.88812255859375 -139.5805969238281 -59.42818069458008
-102.9562606811523 -110.8453674316406 -91.72842407226562
-104.8754119873047 -112.8600082397461 -60.09821701049805
-101.7088928222656 -87.61808776855469 -61.8405876159668
-97.97011566162109 -84.64833068847656 -68.67239379882812
-99.56228637695312 -121.9624404907227 -106.1465911865234
-99.47006988525391 -136.0923919677734 -100.0055923461914
-101.9873809814453 -107.003288269043 -55.51113891601562
-98.92733001708984 -112.3864440917969 -90.49445343017578
-104.4576034545898 -109.0292282104492 -58.0720329284668
-104.7872467041016 -115.597297668457 -66.92015838623047
-97.84720611572266 -130.0677032470703 -102.6674957275391
-102.5763854980469 -128.6307678222656 -72.8887939453125
-104.4122772216797 -108.3891983032227 -69.42860412597656
-100.5265426635742 -99.33499908447266 -70.60450744628906
-99.3431396484375 -92.02940368652344 -72.49832153320312
-98.49758911132812 -95.43169403076172 -72.49320983886719
-103.6200714111328 -134.6118011474609 -50.98925399780273
-100.2730407714844 -83.74579620361328 -80.77403259277344
-97.66658020019531 -89.40202331542969 -78.05691528320312
-101.6652374267578 -111.196891784668 -63.6396598815918
-101.3455505371094 -109.3092727661133 -61.38848876953125
-95.14980316162109 -145.0706787109375 -77.72470092773438
-95.45524597167969 -139.2726287841797 -64.86494445800781
-88.68475341796875 -141.8383941650391 -70.75901031494141
-101.1117782592773 -111.6154098510742 -66.33933258056641
-97.07283020019531 -133.9421844482422 -55.78925704956055
-93.53861236572266 -131.6960601806641 -63.19776153564453
-96.85478210449219 -96.22417449951172 -52.68002319335938
-97.85578918457031 -91.26678466796875 -56.75959777832031
-99.99420166015625 -113.0773162841797 -72.37294769287109
-99.68386840820312 -109.8985061645508 -44.78770446777344
-101.55712890625 -114.9431228637695 -70.23554992675781
-97.54594421386719 -118.3317413330078 -104.0826644897461
-94.95994567871094 -135.4421997070312 -98.19293212890625
-94.35489654541016 -131.4957580566406 -100.0597076416016
-99.35493469238281 -122.8122177124023 -82.00041961669922
-100.2362823486328 -115.8518218994141 -68.22562408447266
-99.69950866699219 -112.750602722168 -66.99291229248047
-97.52813720703125 -112.1197204589844 -97.28518676757812
-94.87245941162109 -116.2638320922852 -100.6314468383789
-97.42244720458984 -130.6830596923828 -71.37017822265625
-99.63372802734375 -129.1507568359375 -75.32923126220703
-94.88591766357422 -126.1111297607422 -103.81982421875
-95.34478759765625 -113.096305847168 -93.12725830078125
-98.17909240722656 -108.0481109619141 -50.34078598022461
-96.10321807861328 -140.0391387939453 -98.27366638183594
-84.214111328125 -144.0618286132812 -89.40181732177734
-84.67086029052734 -142.3288421630859 -93.04878997802734
-98.36544036865234 -109.1024703979492 -58.21135330200195
-97.88912963867188 -117.8838653564453 -87.65005493164062
-92.50153350830078 -88.27378082275391 -62.59568786621094
-99.61957550048828 -111.1263885498047 -62.11756896972656
-99.30447387695312 -117.3752822875977 -69.42566680908203
-97.59333038330078 -116.9735412597656 -73.31121826171875
-95.13974761962891 -83.15659332275391 -79.24655914306641
-97.21038818359375 -138.7100982666016 -99.83401489257812
-97.42218017578125 -115.4115676879883 -46.13969421386719
-98.11258697509766 -105.0270843505859 -76.99440002441406
-98.28599548339844 -98.79993438720703 -71.28582763671875
-95.28374481201172 -84.88439178466797 -81.25505065917969
-99.15352630615234 -115.2528610229492 -65.74636077880859
-98.1282958984375 -118.6261215209961 -65.05139923095703
-95.92696380615234 -111.9566345214844 -80.886474609375
-96.06514739990234 -138.5832977294922 -58.25401306152344
-94.96959686279297 -114.7003402709961 -44.48754501342773
-95.22518157958984 -109.511360168457 -46.09733200073242
-97.91086578369141 -127.9916458129883 -80.01402282714844
-96.76521301269531 -131.4497528076172 -80.31055450439453
-95.71653747558594 -132.3043670654297 -75.08641052246094
-93.74333953857422 -133.6720733642578 -77.91310119628906
-99.00748443603516 -112.707389831543 -60.62191009521484
-91.79199981689453 -120.8797225952148 -101.9274673461914
-88.9241943359375 -137.2369995117188 -97.93584442138672
-95.59873199462891 -128.6775665283203 -81.90107727050781
-94.91719818115234 -122.9012680053711 -85.74330139160156
-92.46236419677734 -94.57156372070312 -76.34767150878906
-96.0484619140625 -120.2438125610352 -69.04684448242188
-96.25702667236328 -120.4220962524414 -72.72845458984375
-90.91793060302734 -85.96800231933594 -74.09617614746094
-90.72102355957031 -84.33004760742188 -77.99767303466797
-95.67150115966797 -120.9997329711914 -60.28850173950195
-95.58966064453125 -119.7167587280273 -45.28733444213867
-95.25307464599609 -115.1098022460938 -90.64063262939453
-93.09445190429688 -98.42192840576172 -77.59111785888672
-96.26775360107422 -121.5533294677734 -65.82209777832031
-94.66935729980469 -102.0145568847656 -79.74609375
-94.37053680419922 -107.3614196777344 -82.65687561035156
-96.36930084228516 -122.1700210571289 -61.43936157226562
-92.96720123291016 -124.3198089599609 -61.32198333740234
-93.66056060791016 -126.7442016601562 -67.39836120605469
-92.24658966064453 -126.0840530395508 -63.93209457397461
-88.51450347900391 -88.05316162109375 -67.86604309082031
-92.50475311279297 -92.64768218994141 -57.08709335327148
-92.43502044677734 -126.742546081543 -101.6618957519531
-94.12747192382812 -134.3005218505859 -55.25291061401367
-93.62485504150391 -136.3478240966797 -54.37480163574219
-90.49732971191406 -91.85397338867188 -79.81618499755859
-93.56735229492188 -122.5633697509766 -79.71567535400391
-94.63243103027344 -117.6170959472656 -81.27347564697266
-91.74381256103516 -116.1239318847656 -95.53439331054688
-93.51601409912109 -131.3442840576172 -70.39558410644531
-91.89081573486328 -131.7964477539062 -74.02273559570312
-95.51644134521484 -119.8255157470703 -47.62252044677734
-93.95325469970703 -133.7288208007812 -58.32926940917969
-93.38026428222656 -132.3236694335938 -67.32659149169922
-90.61750793457031 -96.80653381347656 -54.36272048950195
-94.4415283203125 -123.3537445068359 -57.98354339599609
-95.64631652832031 -123.2098693847656 -69.55088043212891
-92.44631195068359 -127.3242645263672 -72.69492340087891
-90.22055053710938 -127.7807464599609 -77.38269805908203
-83.48933410644531 -138.9367980957031 -96.27435302734375
-86.15411376953125 -134.6853942871094 -62.25706100463867
-88.77802276611328 -114.5513229370117 -87.73516082763672
-91.36013031005859 -134.6447906494141 -77.38770294189453
-95.44713592529297 -125.6554260253906 -45.45637130737305
-94.39054107666016 -122.8016052246094 -44.04636383056641
-95.48728179931641 -124.1371002197266 -50.68712615966797
-94.32384490966797 -129.7128448486328 -49.10643768310547
-93.24764251708984 -124.6860809326172 -53.68496322631836
-89.48469543457031 -139.1420288085938 -66.44150543212891
-94.54469299316406 -129.0938720703125 -46.33804321289062
-91.65064239501953 -126.1778259277344 -43.84394454956055
-89.34452056884766 -118.2745208740234 -94.64055633544922
-92.29634094238281 -112.1116409301758 -46.45026779174805
-90.05031585693359 -106.915901184082 -50.59657669067383
-84.22743225097656 -144.0060729980469 -83.15007781982422
-81.27467346191406 -141.5875091552734 -74.05173492431641
-91.49813079833984 -120.1761856079102 -44.22313690185547
-88.45040893554688 -135.6286468505859 -96.74649047851562
-90.74423217773438 -118.385612487793 -99.78277587890625
-91.03691101074219 -103.6895980834961 -83.37116241455078
-91.95290374755859 -99.55747985839844 -79.20606994628906
-91.72872161865234 -132.2113037109375 -50.61159515380859
-92.51533508300781 -125.419677734375 -57.01777648925781
-84.09259033203125 -128.1402130126953 -99.38791656494141
-83.19292449951172 -133.1071014404297 -97.05201721191406
-91.71827697753906 -130.8463287353516 -52.63995361328125
-92.60147094726562 -130.9340972900391 -56.04480361938477
-90.671142578125 -129.9534149169922 -70.81539154052734
-90.79315185546875 -129.2400970458984 -65.90774536132812
-89.38794708251953 -133.2022705078125 -55.42351913452148
-88.69320678710938 -127.7126235961914 -56.71589660644531
-90.44021606445312 -95.44281768798828 -77.08770751953125
-91.81919860839844 -125.9775543212891 -62.02265930175781
-89.26202392578125 -128.6992492675781 -61.85396957397461
-87.90306091308594 -92.66256713867188 -60.58935928344727
-84.63047027587891 -91.83421325683594 -65.73670959472656
-89.98930358886719 -130.9577178955078 -73.84597778320312
-87.23335266113281 -121.9288482666016 -98.92786407470703
-84.00438690185547 -114.7458724975586 -52.45878982543945
-87.36696624755859 -102.0889892578125 -83.42926025390625
-85.45263671875 -98.36501312255859 -79.47173309326172
-86.46922302246094 -120.1586380004883 -96.68064880371094
-89.15506744384766 -127.5469436645508 -47.98798751831055
-84.37021636962891 -123.8949508666992 -53.77864074707031
-83.85793304443359 -120.1079711914062 -52.56999969482422
-85.95755004882812 -132.6193389892578 -76.81150054931641
-83.73634338378906 -117.9278106689453 -91.83820343017578
-82.01729583740234 -109.0811157226562 -88.94394683837891
-86.66843414306641 -87.21865081787109 -77.00862884521484
-83.71498870849609 -103.1178359985352 -56.03167343139648
-82.32180023193359 -98.30736541748047 -60.51751327514648
-82.55939483642578 -94.91851806640625 -82.10181427001953
-81.48733520507812 -139.7251129150391 -69.52995300292969
-83.92711639404297 -130.6797790527344 -59.77935409545898
-80.14418029785156 -134.2852172851562 -97.9591064453125
-77.4298095703125 -95.57316589355469 -83.00151824951172
-81.44277954101562 -90.81158447265625 -77.41035461425781
-74.90746307373047 -96.99036407470703 -74.37686920166016
-80.47926330566406 -100.7181701660156 -81.28683471679688
-78.69147491455078 -108.4296417236328 -88.75259399414062
-82.38892364501953 -124.7595367431641 -98.20581817626953
-83.41976928710938 -85.98614501953125 -80.31725311279297
-77.22584533691406 -136.1999359130859 -68.37845611572266
-77.69232940673828 -138.1965789794922 -93.42191314697266
-77.71783447265625 -97.7967529296875 -67.34312438964844
-79.42483520507812 -123.4188461303711 -57.32867050170898
-78.7529296875 -141.7072143554688 -85.80310821533203
-77.42424011230469 -130.1857452392578 -95.73439788818359
-78.67877960205078 -119.0251083374023 -56.33773422241211
-78.42522430419922 -114.5353622436523 -56.77194976806641
-72.82943725585938 -127.5835723876953 -66.11199188232422
-75.4677734375 -122.0801467895508 -93.7784423828125
-76.35788726806641 -113.5681228637695 -89.96202087402344
-72.48256683349609 -117.3332290649414 -90.84236907958984
-74.10436248779297 -105.9474945068359 -64.53627014160156
-74.62490844726562 -113.2257537841797 -60.53515243530273
-75.04319000244141 -102.7529830932617 -82.99826049804688
-73.28208923339844 -125.4215850830078 -93.57979583740234
-71.31600189208984 -104.5409851074219 -69.33235931396484
-75.65944671630859 -138.4846496582031 -74.88496398925781
-73.44589233398438 -93.77796936035156 -80.33083343505859
-74.27408599853516 -105.6586456298828 -83.81830596923828
-74.795654296875 -92.28186798095703 -83.06212615966797
-73.31535339355469 -133.8917999267578 -93.31040954589844
-74.34889984130859 -130.1986236572266 -95.56255340576172
-73.13507080078125 -119.9301452636719 -61.96884155273438
-73.83840179443359 -137.1375274658203 -87.88644409179688
-73.3212890625 -136.8530731201172 -80.13629150390625
-71.15814208984375 -111.8263778686523 -88.27143859863281
-68.91963958740234 -101.5416946411133 -76.74693298339844
-72.70194244384766 -133.5938568115234 -72.07796478271484
-73.2027587890625 -103.4778137207031 -83.66294097900391
-70.96816253662109 -92.89163970947266 -83.16693115234375
-68.17696380615234 -111.8138122558594 -68.8814697265625
-67.98686218261719 -118.1987609863281 -67.82145690917969
-70.38040924072266 -129.2861785888672 -91.46567535400391
-69.51824188232422 -123.2531280517578 -92.19511413574219
-69.96926116943359 -108.1784744262695 -85.68345642089844
-70.1004638671875 -131.6739501953125 -85.10810852050781
-67.22576904296875 -103.2493209838867 -83.572998046875
-66.4791259765625 -122.1855163574219 -72.73934173583984
-68.18282318115234 -117.2121734619141 -90.50185394287109
-65.89987182617188 -104.4853591918945 -80.06972503662109
-65.06623077392578 -107.8854064941406 -84.89239501953125
-65.72615814208984 -121.6185760498047 -86.18927001953125
-66.6739501953125 -119.8411407470703 -88.98101806640625
-64.32637786865234 -120.357795715332 -79.24497222900391
-64.24292755126953 -116.2054443359375 -75.38296508789062
-64.13823699951172 -110.5979690551758 -78.93758392333984
-63.81501770019531 -113.9526519775391 -83.75617980957031
-91.08351898193359 -107.6578979492188 -72.45626068115234
-92.73444366455078 -109.0782699584961 -69.16702270507812
-94.22932434082031 -106.2080917358398 -69.83208465576172
-91.87612915039062 -95.20177459716797 -71.77161407470703
-86.29250335693359 -99.58750152587891 -74.2431640625
-92.89061737060547 -99.69137573242188 -74.540283203125
-95.61114501953125 -104.3991851806641 -72.33444976806641
-97.23446655273438 -104.3714599609375 -67.62720489501953
-97.36776733398438 -101.7031097412109 -71.58495330810547
-89.89852905273438 -102.5151062011719 -75.22502136230469
-89.66041564941406 -105.4645309448242 -74.63816833496094
-87.86901092529297 -108.6089324951172 -71.37064361572266
-92.22810363769531 -114.3705444335938 -65.18001556396484
-95.511962890625 -110.1142425537109 -67.91960906982422
-93.38571929931641 -104.1152954101562 -74.20936584472656
-96.08573913574219 -100.7187576293945 -73.47389984130859
-85.71469879150391 -104.7216796875 -73.57424926757812
-85.27979278564453 -95.15079498291016 -67.86963653564453
-87.24167633056641 -95.23983764648438 -71.15911865234375
-89.42729187011719 -93.73284149169922 -69.08470153808594
-84.26714324951172 -97.61965179443359 -69.42775726318359
-82.42715454101562 -101.8122253417969 -68.99152374267578
-83.19532775878906 -106.2856140136719 -63.31728744506836
-81.81010437011719 -105.8647155761719 -64.89817810058594
-82.11252593994141 -102.814582824707 -63.40818023681641
-83.86152648925781 -106.0397186279297 -71.2054443359375
-96.83006286621094 -97.44010925292969 -71.44764709472656
-98.61048889160156 -106.044921875 -66.11965179443359
-98.57038116455078 -108.828498840332 -63.53504180908203
-99.32742309570312 -106.1845779418945 -62.69791412353516
-93.92457580566406 -94.72979736328125 -69.55257415771484
-95.95899963378906 -94.99544525146484 -66.12159729003906
-97.61884307861328 -99.09526824951172 -69.38156127929688
-91.15317535400391 -96.34642028808594 -60.67016220092773
-86.08439636230469 -109.389289855957 -68.98969268798828
-98.88442993164062 -101.1477661132812 -65.64597320556641
-83.24357604980469 -108.8528900146484 -66.01380920410156
-89.80884552001953 -112.4514923095703 -67.61831665039062
-90.85929870605469 -93.43544769287109 -67.40712738037109
-97.35266876220703 -106.450798034668 -67.74961853027344
-96.60223388671875 -111.8938827514648 -65.35440826416016
-84.58320617675781 -97.48347473144531 -65.40535736083984
-82.8658447265625 -98.66755676269531 -67.53697204589844
-93.39388275146484 -113.2378692626953 -61.87584686279297
-85.12896728515625 -95.86249542236328 -65.10813903808594
-97.45507049560547 -96.87038421630859 -65.11835479736328
-97.32030487060547 -98.91989898681641 -64.79351043701172
-84.24224853515625 -98.59691619873047 -62.88806533813477
-97.78810882568359 -108.5864486694336 -67.83045196533203
-85.77265167236328 -111.4093933105469 -64.40228271484375
-87.86419677734375 -94.35386657714844 -64.15785217285156
-98.41845703125 -101.3799667358398 -63.63717269897461
-87.86123657226562 -111.7404937744141 -61.4686164855957
-93.43197631835938 -96.41139221191406 -60.06536483764648
-95.56934356689453 -100.2074661254883 -57.58754730224609
-92.61959838867188 -99.12770843505859 -57.78119277954102
-97.02219390869141 -111.0210189819336 -60.74541091918945
-87.13137817382812 -97.17523193359375 -61.92205047607422
-85.34895324707031 -109.8286285400391 -61.7020149230957
-91.64360046386719 -101.2965316772461 -55.96499633789062
-98.01176452636719 -98.28206634521484 -61.68621826171875
-98.980712890625 -101.7747421264648 -62.2298698425293
-98.85324859619141 -106.5866317749023 -60.39284896850586
-85.75801849365234 -99.63168334960938 -60.72646713256836
-85.31187438964844 -104.3844299316406 -58.94156646728516
-91.33119201660156 -110.4573440551758 -57.7037353515625
-94.69366455078125 -107.5557327270508 -56.04125213623047
-86.43927001953125 -99.81912231445312 -59.24061965942383
-88.70677185058594 -109.0771026611328 -57.20759582519531
-95.51367950439453 -105.012939453125 -55.88054275512695
-89.35894775390625 -103.6962814331055 -55.65453720092773
-92.11824798583984 -105.4732055664062 -55.08414459228516
2 3 0 0
2 4 0 0
2 5 0 4
658
659
660
661
-111.0285873413086 -127.2424087524414 -49.87879180908203
-108.5208892822266 -117.7322769165039 -49.65185928344727
-108.750129699707 -115.3028182983398 -51.19660568237305
-107.436882019043 -115.9468765258789 -48.0526123046875
2 6 0 0
2 7 0 0
2 8 0 0
2 9 0 0
2 10 0 0
2 11 0 0
2 12 0 0
2 13 0 2
662
663
-116.2128982543945 -124.2030487060547 -84.99925994873047
-114.8291244506836 -129.6981201171875 -82.73258972167969
2 14 0 0
2 15 0 0
2 16 0 0
2 17 0 0
2 18 0 0
2 19 0 0
2 20 0 0
2 21 0 0
2 22 0 0
2 23 0 0
2 24 0 0
2 25 0 0
2 26 0 0
2 27 0 0
2 28 0 1
664
-94.54253387451172 -116.9952926635742 -54.91043853759766
2 29 0 0
2 30 0 0
2 31 0 0
2 32 0 0
2 33 0 0
2 34 0 0
2 35 0 0
2 36 0 0
2 37 0 0
3 1 0 37
665
666
667
668
669
670
671
672
673
674
675
676
677
678
679
680
681
682
683
684
685
686
687
688
689
690
691
692
693
694
695
696
697
698
699
700
701
-103.503208729047 -129.9277685159884 -99.7767300119053
-78.15938308141575 -117.154163208562 -79.55029582138448
-121.0951639189067 -121.3605543293789 -69.90733602043535
-117.9157936756996 -110.7282626427931 -70.25133143924542
-125.3560469257085 -127.2086990502039 -87.57356298714885
-81.40063384370646 -121.1627916086687 -67.78976581902859
-113.0680255709943 -108.129140619586 -61.50505139995864
-80.47057303844015 -127.4203352554485 -85.66665127732585
-116.6734059551545 -118.0672283316727 -59.87273493327967
-101.5559948015096 -132.9074323229474 -88.72875708391763
-110.1543607250675 -135.9691600103193 -89.64444868508558
-107.5028021036272 -103.0001362016582 -56.63111239950767
-102.1121600698356 -137.2905890925219 -73.24357153101131
-90.24549837714095 -134.9755029408569 -88.31741788726423
-123.3664989848404 -128.8825821582509 -76.431836731643
-104.7866035506593 -121.2598397046184 -96.86005389787056
-88.59793717108766 -112.3400081971598 -78.19928459373885
-118.8465972701593 -131.8850457864113 -91.12803216550331
-114.0235822703489 -100.3999006597373 -68.44457823272458
-123.5343301750718 -114.1031292026277 -79.61751252996351
-98.02095329550487 -126.2919286836105 -93.54900964185302
-105.5767170633336 -105.5926529455496 -63.28069251314163
-112.5378646071185 -115.1215642845399 -66.77329332933171
-110.6305068676456 -126.6895799585181 -94.14724390754665
-79.73538310452061 -112.2164112473455 -71.64873654186249
-83.7128734609128 -128.0151853239519 -71.65059017732655
-87.35466037862395 -119.4861598547325 -62.61015356258017
-123.1427598335403 -122.288317030819 -81.90068461522623
-87.72067887311422 -127.9348034666705 -91.93753752768059
-130.2571176502298 -119.9335152503278 -75.71565605665076
-96.31391222253598 -136.2375260224581 -71.04135492185675
-86.30163633510618 -114.8461813251793 -72.6025360862499
-104.3552904372751 -98.1651646067279 -63.48581177667269
-113.5246857375191 -113.2248551993677 -56.94516491323402
-102.304423723091 -138.2571460504026 -82.15787833007396
-89.65852143315385 -101.4413091008192 -68.24747687065283
-91.75290541487496 -104.8779450337166 -62.61569544842524
$EndNodes
$Elements
131 3828 1 4132
0 1 15 2
1 1 
2 2 
0 2 15 2
3 3 
4 4 
0 3 15 1
5 5 
0 4 15 1
6 6 
0 5 15 1
7 7 
0 6 15 1
8 8 
0 7 15 1
9 9 
0 8 15 1
10 10 
0 9 15 1
11 11 
0 10 15 1
12 12 
0 11 15 1
13 13 
0 12 15 1
14 14 
0 13 15 1
15 15 
0 14 15 1
16 16 
0 15 15 1
17 17 
0 16 15 1
18 18 
0 17 15 1
19 19 
0 18 15 1
20 20 
0 19 15 1
21 21 
0 20 15 1
22 22 
0 21 15 1
23 23 
0 22 15 1
24 24 
0 23 15 1
25 25 
0 24 15 1
26 26 
0 25 15 1
27 27 
0 26 15 1
28 28 
0 27 15 1
29 29 
0 28 15 1
30 30 
0 29 15 1
31 31 
0 30 15 1
32 32 
0 31 15 1
33 33 
0 32 15 1
34 34 
0 33 15 1
35 35 
0 34 15 1
36 36 
0 35 15 1
37 37 
0 36 15 1
38 38 
0 37 15 1
39 39 
0 38 15 1
40 40 
0 39 15 1
41 41 
1 4 1 3
42 2 38 
43 38 42 
44 42 2 
1 5 1 3
45 4 43 
46 43 41 
47 41 4 
1 53 1 6
48 1 45 
49 45 44 
50 44 46 
51 46 48 
52 48 47 
53 47 1 
1 54 1 4
54 3 49 
55 49 51 
56 51 50 
57 50 3 
1 55 1 2
58 5 52 
59 52 6 
1 56 1 3
60 7 51 
61 51 53 
62 53 8 
1 57 1 6
63 7 54 
64 54 55 
65 55 58 
66 58 56 
67 56 57 
68 57 9 
1 58 1 3
69 10 60 
70 60 59 
71 59 8 
1 59 1 1
72 7 8 
1 60 1 5
73 5 20 
74 20 61 
75 61 62 
76 62 63 
77 63 11 
1 61 1 11
78 12 64 
79 64 65 
80 65 66 
81 66 67 
82 67 68 
83 68 69 
84 69 70 
85 70 71 
86 71 73 
87 73 72 
88 72 13 
1 62 1 2
89 5 74 
90 74 12 
1 63 1 1
91 5 6 
1 64 1 2
92 14 75 
93 75 15 
1 65 1 3
94 12 76 
95 76 77 
96 77 6 
1 66 1 3
97 16 78 
98 78 79 
99 79 17 
1 67 1 2
100 18 80 
101 80 19 
1 68 1 3
102 20 81 
103 81 82 
104 82 20 
1 69 1 1
105 14 21 
1 70 1 1
106 14 22 
1 71 1 1
107 16 17 
1 72 1 1
108 16 23 
1 73 1 1
109 17 24 
1 74 1 1
110 18 19 
1 75 1 2
111 18 83 
112 83 19 
1 76 1 3
113 25 84 
114 84 24 
115 24 25 
1 77 1 1
116 24 23 
1 78 1 1
117 24 9 
1 79 1 1
118 23 10 
1 80 1 1
119 15 21 
1 81 1 1
120 15 22 
1 82 1 1
121 21 22 
1 83 1 1
122 9 10 
1 84 1 4
123 26 86 
124 86 85 
125 85 87 
126 87 27 
1 85 1 1
127 11 13 
1 86 1 3
128 11 89 
129 89 88 
130 88 13 
1 87 1 1
131 26 27 
1 88 1 4
132 26 91 
133 91 92 
134 92 90 
135 90 27 
1 89 1 5
136 28 93 
137 93 29 
138 29 94 
139 94 95 
140 95 28 
1 90 1 3
141 28 96 
142 96 97 
143 97 28 
1 91 1 3
144 29 98 
145 98 99 
146 99 29 
1 92 1 4
147 30 100 
148 100 101 
149 101 102 
150 102 31 
1 93 1 3
151 32 103 
152 103 104 
153 104 33 
1 94 1 4
154 34 105 
155 105 107 
156 107 106 
157 106 34 
1 95 1 1
158 30 32 
1 96 1 2
159 30 108 
160 108 32 
1 97 1 5
161 35 109 
162 109 110 
163 110 112 
164 112 111 
165 111 36 
1 98 1 2
166 31 113 
167 113 33 
1 99 1 1
168 31 33 
1 100 1 5
169 35 114 
170 114 115 
171 115 117 
172 117 116 
173 116 37 
1 101 1 3
174 38 2 
175 2 42 
176 42 38 
1 102 1 1
177 35 37 
1 103 1 1
178 35 36 
1 104 1 2
179 39 118 
180 118 40 
1 105 1 7
181 39 119 
182 119 120 
183 120 123 
184 123 124 
185 124 122 
186 122 121 
187 121 40 
1 106 1 1
188 39 40 
1 107 1 1
189 37 36 
1 108 1 3
190 41 4 
191 4 43 
192 43 41 
2 2 2 1061
193 125 126 127 
194 132 126 125 
195 129 125 127 
196 136 125 129 
197 136 132 125 
198 126 128 127 
199 133 128 126 
200 132 135 126 
201 134 133 126 
202 135 134 126 
203 127 128 130 
204 127 131 129 
205 127 130 131 
206 128 137 130 
207 138 128 133 
208 138 137 128 
209 140 129 131 
210 139 136 129 
211 139 129 141 
212 141 129 140 
213 130 142 131 
214 130 137 143 
215 130 143 142 
216 131 147 140 
217 131 142 148 
218 149 147 131 
219 131 148 149 
220 135 132 150 
221 144 132 136 
222 151 132 144 
223 132 151 150 
224 133 134 146 
225 44 138 133 
226 146 154 133 
227 154 44 133 
228 135 146 134 
229 150 146 135 
230 145 136 139 
231 145 144 136 
232 138 1 137 
233 152 143 137 
234 137 1 152 
235 44 1 138 
236 157 139 141 
237 139 157 145 
238 141 140 153 
239 153 140 147 
240 158 141 153 
241 157 141 158 
242 142 143 161 
243 142 161 148 
244 152 162 143 
245 162 161 143 
246 159 144 145 
247 151 144 160 
248 159 160 144 
249 145 157 163 
250 159 145 163 
251 156 146 150 
252 156 154 146 
253 182 147 149 
254 147 179 153 
255 147 182 179 
256 175 149 148 
257 161 174 148 
258 175 148 174 
259 149 175 182 
260 151 166 150 
261 156 150 165 
262 165 150 166 
263 178 151 160 
264 178 166 151 
265 1 47 152 
266 45 1 44 
267 164 152 47 
268 152 164 162 
269 158 153 180 
270 153 179 180 
271 155 44 154 
272 44 155 46 
273 154 170 155 
274 169 154 156 
275 154 169 170 
276 48 46 155 
277 167 48 155 
278 155 170 167 
279 47 48 167 
280 47 168 164 
281 167 168 47 
282 165 177 156 
283 169 156 177 
284 157 158 187 
285 188 163 157 
286 188 157 187 
287 187 158 180 
288 159 181 160 
289 181 159 163 
290 183 178 160 
291 183 160 181 
292 162 172 161 
293 172 174 161 
294 164 171 162 
295 162 171 173 
296 172 162 173 
297 163 199 181 
298 163 188 198 
299 198 199 163 
300 164 168 176 
301 164 176 171 
302 165 166 186 
303 189 177 165 
304 189 165 186 
305 178 184 166 
306 186 166 184 
307 191 168 167 
308 190 167 170 
309 167 190 191 
310 168 210 176 
311 209 168 191 
312 209 210 168 
313 170 169 3 
314 169 177 192 
315 192 3 169 
316 190 170 193 
317 170 3 193 
318 171 201 173 
319 171 176 203 
320 201 171 203 
321 173 197 172 
322 197 174 172 
323 202 197 173 
324 201 202 173 
325 205 175 174 
326 174 197 206 
327 206 205 174 
328 182 175 194 
329 175 207 194 
330 205 207 175 
331 176 219 203 
332 210 219 176 
333 200 177 189 
334 177 200 192 
335 185 178 183 
336 184 178 185 
337 179 195 180 
338 194 179 182 
339 194 196 179 
340 195 179 196 
341 204 187 180 
342 204 180 195 
343 216 183 181 
344 223 181 199 
345 223 216 181 
346 185 183 217 
347 217 183 216 
348 208 184 185 
349 208 186 184 
350 217 208 185 
351 186 213 189 
352 208 213 186 
353 188 187 211 
354 204 212 187 
355 211 187 212 
356 211 198 188 
357 189 224 200 
358 224 189 213 
359 191 190 214 
360 193 218 190 
361 190 218 214 
362 209 191 215 
363 214 215 191 
364 49 3 192 
365 50 193 3 
366 200 228 192 
367 49 192 226 
368 227 226 192 
369 192 228 227 
370 250 218 193 
371 241 193 50 
372 250 193 241 
373 225 196 194 
374 207 225 194 
375 195 196 229 
376 204 195 230 
377 230 195 229 
378 20 196 225 
379 196 240 229 
380 196 20 240 
381 202 220 197 
382 197 220 206 
383 251 199 198 
384 252 198 211 
385 252 251 198 
386 247 223 199 
387 251 247 199 
388 200 224 228 
389 201 221 202 
390 203 221 201 
391 202 222 220 
392 222 202 221 
393 203 219 231 
394 203 231 221 
395 248 212 204 
396 204 230 248 
397 205 206 232 
398 205 52 207 
399 205 232 234 
400 52 205 234 
401 233 206 220 
402 232 206 233 
403 207 5 225 
404 207 52 5 
405 208 235 213 
406 217 245 208 
407 208 262 235 
408 262 208 245 
409 237 210 209 
410 209 215 276 
411 209 277 237 
412 276 277 209 
413 238 219 210 
414 237 238 210 
415 212 258 211 
416 252 211 258 
417 269 212 248 
418 258 212 291 
419 291 212 269 
420 236 224 213 
421 235 236 213 
422 214 253 215 
423 214 218 253 
424 253 276 215 
425 244 217 216 
426 246 216 223 
427 246 244 216 
428 244 245 217 
429 254 218 250 
430 255 253 218 
431 254 255 218 
432 231 219 261 
433 238 289 219 
434 261 219 289 
435 222 233 220 
436 221 257 222 
437 221 231 261 
438 221 261 257 
439 233 222 257 
440 247 246 223 
441 224 266 228 
442 236 266 224 
443 7 49 226 
444 51 49 7 
445 241 50 51 
446 20 225 5 
447 226 227 54 
448 7 226 54 
449 227 228 280 
450 227 263 54 
451 280 263 227 
452 228 266 280 
453 230 229 248 
454 229 240 249 
455 248 229 249 
456 233 270 232 
457 232 270 234 
458 257 285 233 
459 285 270 233 
460 52 234 288 
461 287 6 52 
462 52 288 287 
463 270 288 234 
464 243 241 51 
465 242 51 53 
466 51 242 243 
467 235 278 236 
468 262 279 235 
469 279 278 235 
470 236 278 266 
471 237 302 238 
472 302 237 277 
473 238 328 289 
474 328 238 302 
475 239 75 12 
476 239 78 75 
477 76 239 12 
478 76 80 239 
479 78 239 80 
480 12 75 64 
481 78 79 75 
482 75 14 64 
483 79 256 75 
484 256 15 75 
485 19 80 76 
486 292 76 77 
487 83 19 76 
488 292 83 76 
489 80 18 78 
490 18 16 78 
491 55 54 263 
492 20 61 240 
493 240 61 249 
494 14 65 64 
495 77 6 292 
496 295 241 243 
497 250 241 271 
498 271 241 295 
499 242 53 8 
500 243 242 290 
501 290 242 8 
502 243 290 306 
503 295 243 306 
504 244 275 245 
505 244 246 267 
506 275 244 267 
507 245 312 262 
508 347 245 275 
509 245 347 312 
510 268 246 247 
511 268 267 246 
512 281 247 251 
513 281 268 247 
514 248 249 264 
515 269 248 264 
516 249 265 264 
517 61 265 249 
518 14 259 65 
519 259 66 65 
520 22 259 14 
521 254 250 272 
522 271 272 250 
523 251 252 334 
524 281 251 334 
525 300 252 258 
526 334 252 300 
527 17 25 79 
528 25 84 79 
529 84 256 79 
530 18 23 16 
531 18 283 23 
532 85 18 83 
533 283 18 85 
534 255 313 253 
535 253 313 276 
536 255 254 310 
537 309 254 272 
538 309 310 254 
539 310 345 255 
540 345 313 255 
541 24 25 17 
542 84 260 256 
543 260 15 256 
544 56 84 24 
545 84 282 260 
546 56 273 84 
547 84 273 282 
548 297 257 261 
549 257 298 285 
550 297 298 257 
551 300 258 291 
552 287 296 6 
553 296 292 6 
554 315 66 259 
555 259 22 325 
556 259 325 315 
557 67 66 315 
558 9 56 24 
559 260 22 15 
560 22 260 332 
561 282 333 260 
562 333 332 260 
563 325 22 332 
564 261 289 297 
565 279 262 311 
566 311 262 312 
567 23 286 10 
568 23 283 294 
569 294 286 23 
570 263 274 55 
571 55 274 58 
572 308 274 263 
573 263 280 307 
574 263 307 308 
575 284 264 265 
576 269 264 284 
577 62 265 61 
578 62 284 265 
579 266 278 322 
580 280 266 316 
581 316 266 322 
582 267 268 303 
583 275 267 304 
584 305 267 303 
585 304 267 305 
586 303 268 281 
587 269 284 299 
588 291 269 299 
589 57 56 9 
590 58 273 56 
591 286 60 10 
592 293 8 59 
593 290 8 293 
594 285 362 270 
595 270 362 288 
596 60 286 59 
597 293 59 286 
598 323 272 271 
599 295 331 271 
600 271 344 323 
601 344 271 331 
602 272 323 309 
603 274 273 58 
604 273 274 301 
605 282 273 301 
606 274 324 301 
607 308 324 274 
608 347 275 304 
609 277 276 356 
610 356 276 313 
611 370 302 277 
612 277 356 370 
613 279 326 278 
614 326 322 278 
615 327 279 311 
616 326 279 327 
617 307 280 317 
618 280 316 317 
619 303 281 367 
620 281 334 367 
621 301 349 282 
622 282 349 333 
623 86 85 83 
624 86 83 292 
625 283 85 336 
626 294 283 336 
627 336 85 337 
628 337 85 87 
629 63 299 284 
630 63 284 62 
631 298 386 285 
632 362 285 387 
633 386 388 285 
634 285 388 387 
635 335 293 286 
636 286 294 335 
637 287 288 321 
638 319 296 287 
639 287 318 319 
640 318 287 320 
641 320 287 321 
642 363 321 288 
643 362 364 288 
644 364 363 288 
645 289 359 297 
646 328 359 289 
647 293 314 290 
648 290 314 306 
649 299 11 291 
650 341 300 291 
651 341 291 11 
652 86 292 296 
653 335 314 293 
654 336 335 294 
655 295 306 330 
656 331 295 330 
657 26 296 319 
658 26 86 296 
659 297 360 298 
660 359 360 297 
661 360 386 298 
662 63 11 299 
663 355 334 300 
664 355 300 341 
665 28 301 324 
666 354 349 301 
667 354 301 28 
668 302 410 328 
669 302 370 420 
670 420 410 302 
671 368 305 303 
672 368 303 367 
673 305 419 304 
674 304 382 347 
675 419 382 304 
676 305 368 443 
677 444 419 305 
678 444 305 443 
679 314 342 306 
680 330 306 343 
681 306 342 343 
682 308 307 317 
683 324 308 317 
684 361 310 309 
685 323 357 309 
686 361 309 357 
687 369 345 310 
688 361 369 310 
689 312 358 311 
690 358 327 311 
691 312 347 382 
692 312 383 358 
693 382 383 312 
694 345 375 313 
695 313 375 356 
696 335 342 314 
697 67 315 329 
698 340 315 325 
699 338 329 315 
700 340 338 315 
701 329 68 67 
702 317 316 93 
703 316 322 29 
704 316 29 93 
705 93 324 317 
706 318 320 319 
707 319 320 346 
708 26 319 346 
709 381 320 321 
710 320 381 346 
711 363 381 321 
712 322 326 378 
713 322 99 29 
714 322 378 99 
715 344 357 323 
716 324 93 28 
717 348 325 332 
718 340 325 348 
719 327 379 326 
720 380 378 326 
721 326 379 380 
722 358 379 327 
723 328 411 359 
724 410 412 328 
725 412 411 328 
726 69 68 329 
727 339 69 329 
728 329 338 339 
729 330 365 331 
730 330 343 372 
731 365 330 372 
732 365 344 331 
733 70 69 339 
734 333 352 332 
735 352 348 332 
736 349 352 333 
737 355 392 334 
738 393 367 334 
739 393 334 392 
740 335 336 376 
741 376 342 335 
742 395 341 11 
743 395 11 89 
744 336 337 90 
745 376 336 90 
746 337 87 27 
747 27 90 337 
748 338 353 339 
749 340 350 338 
750 350 366 338 
751 338 366 353 
752 70 339 353 
753 348 351 340 
754 350 340 351 
755 355 341 395 
756 343 342 400 
757 400 342 376 
758 343 414 372 
759 414 343 400 
760 357 344 403 
761 344 365 372 
762 408 344 372 
763 403 344 408 
764 72 88 13 
765 70 353 71 
766 353 371 71 
767 371 73 71 
768 409 72 73 
769 72 409 88 
770 369 407 345 
771 407 375 345 
772 91 26 346 
773 390 346 381 
774 391 91 346 
775 391 346 390 
776 351 348 352 
777 349 354 352 
778 350 351 366 
779 354 351 352 
780 374 351 354 
781 384 366 351 
782 374 389 351 
783 351 389 384 
784 366 373 353 
785 373 371 353 
786 28 374 354 
787 28 97 374 
788 96 28 95 
789 395 392 355 
790 398 370 356 
791 375 399 356 
792 399 398 356 
793 29 98 94 
794 397 361 357 
795 397 357 404 
796 403 404 357 
797 358 383 379 
798 411 360 359 
799 360 490 386 
800 411 490 360 
801 361 397 369 
802 362 387 364 
803 364 428 363 
804 363 390 381 
805 459 390 363 
806 363 428 460 
807 460 459 363 
808 387 428 364 
809 366 385 373 
810 384 385 366 
811 415 368 367 
812 367 393 415 
813 415 456 368 
814 443 368 456 
815 397 436 369 
816 436 407 369 
817 437 370 398 
818 370 437 420 
819 100 73 371 
820 373 385 371 
821 385 413 371 
822 100 371 413 
823 100 101 73 
824 73 101 409 
825 405 376 90 
826 405 90 92 
827 408 372 447 
828 414 447 372 
829 374 97 389 
830 399 375 458 
831 458 375 407 
832 400 376 406 
833 405 406 376 
834 95 94 377 
835 94 98 377 
836 377 96 95 
837 394 96 377 
838 377 98 394 
839 396 97 96 
840 394 396 96 
841 380 423 378 
842 423 99 378 
843 440 380 379 
844 379 383 440 
845 380 448 423 
846 380 440 448 
847 422 98 99 
848 98 422 394 
849 92 91 391 
850 99 423 422 
851 382 424 383 
852 419 424 382 
853 424 461 383 
854 383 461 440 
855 384 416 385 
856 389 416 384 
857 416 413 385 
858 386 491 388 
859 490 491 386 
860 484 387 388 
861 476 428 387 
862 484 476 387 
863 388 528 484 
864 388 491 528 
865 402 389 97 
866 389 402 416 
867 97 396 401 
868 402 97 401 
869 421 89 88 
870 88 409 421 
871 391 390 468 
872 390 459 468 
873 469 92 391 
874 468 502 391 
875 391 504 469 
876 504 391 502 
877 393 392 457 
878 430 392 395 
879 430 470 392 
880 470 457 392 
881 415 393 457 
882 396 394 418 
883 427 418 394 
884 427 394 422 
885 429 395 89 
886 430 395 429 
887 417 401 396 
888 396 418 417 
889 404 436 397 
890 493 398 399 
891 493 437 398 
892 458 499 399 
893 399 500 493 
894 399 499 500 
895 89 421 446 
896 446 429 89 
897 400 406 431 
898 439 414 400 
899 438 400 431 
900 438 439 400 
901 401 425 402 
902 401 417 426 
903 401 426 425 
904 425 416 402 
905 403 464 404 
906 408 464 403 
907 436 404 494 
908 404 464 494 
909 406 405 433 
910 405 92 465 
911 466 433 405 
912 466 405 465 
913 432 431 406 
914 406 434 432 
915 406 433 434 
916 458 407 436 
917 464 408 447 
918 413 30 100 
919 409 101 102 
920 409 102 421 
921 412 410 475 
922 420 437 410 
923 437 475 410 
924 412 539 411 
925 411 542 490 
926 539 542 411 
927 539 412 475 
928 416 435 413 
929 413 435 30 
930 109 414 439 
931 414 109 447 
932 456 415 511 
933 510 415 457 
934 511 415 510 
935 416 425 435 
936 418 442 417 
937 426 417 441 
938 417 442 441 
939 418 427 463 
940 418 462 442 
941 463 462 418 
942 39 424 419 
943 444 39 419 
944 465 92 469 
945 421 467 446 
946 102 31 421 
947 467 421 31 
948 422 423 450 
949 451 427 422 
950 422 450 451 
951 450 423 448 
952 118 461 424 
953 39 118 424 
954 425 426 105 
955 435 425 34 
956 34 425 105 
957 426 441 449 
958 105 426 449 
959 451 477 427 
960 477 463 427 
961 476 460 428 
962 430 429 488 
963 480 429 446 
964 429 480 492 
965 429 492 488 
966 489 470 430 
967 488 489 430 
968 431 432 438 
969 115 432 434 
970 114 438 432 
971 115 114 432 
972 478 434 433 
973 478 433 466 
974 478 115 434 
975 34 103 435 
976 103 32 435 
977 30 435 32 
978 436 513 458 
979 436 494 513 
980 530 475 437 
981 493 530 437 
982 35 439 438 
983 114 35 438 
984 35 109 439 
985 440 507 448 
986 440 461 507 
987 472 441 442 
988 441 472 449 
989 442 462 474 
990 442 473 472 
991 474 473 442 
992 103 34 445 
993 445 34 106 
994 449 107 105 
995 443 524 444 
996 524 443 456 
997 119 39 444 
998 119 444 120 
999 120 444 524 
1000 103 445 104 
1001 452 445 106 
1002 452 106 107 
1003 445 452 471 
1004 104 445 471 
1005 446 467 479 
1006 480 446 479 
1007 447 109 487 
1008 487 464 447 
1009 448 496 450 
1010 448 507 496 
1011 449 454 107 
1012 472 454 449 
1013 453 452 107 
1014 453 107 455 
1015 107 454 455 
1016 450 495 451 
1017 450 496 495 
1018 451 495 477 
1019 453 471 452 
1020 455 508 453 
1021 471 453 498 
1022 508 498 453 
1023 455 454 504 
1024 473 454 472 
1025 473 503 454 
1026 454 503 504 
1027 508 455 504 
1028 456 511 533 
1029 532 524 456 
1030 532 456 533 
1031 110 487 109 
1032 510 457 470 
1033 458 513 499 
1034 459 460 497 
1035 502 468 459 
1036 459 497 501 
1037 501 502 459 
1038 476 505 460 
1039 505 497 460 
1040 461 118 527 
1041 516 507 461 
1042 461 527 516 
1043 463 37 462 
1044 116 474 462 
1045 37 116 462 
1046 477 37 463 
1047 464 487 517 
1048 517 494 464 
1049 503 466 465 
1050 465 469 503 
1051 512 478 466 
1052 512 466 503 
1053 31 113 467 
1054 479 467 481 
1055 481 467 113 
1056 503 469 504 
1057 525 470 489 
1058 510 470 526 
1059 470 525 526 
1060 115 478 117 
1061 113 104 471 
1062 113 471 483 
1063 471 498 483 
1064 474 512 473 
1065 512 503 473 
1066 116 117 474 
1067 474 521 512 
1068 474 117 521 
1069 475 530 539 
1070 528 476 484 
1071 529 505 476 
1072 528 538 476 
1073 538 529 476 
1074 495 522 477 
1075 477 36 37 
1076 477 111 36 
1077 477 522 111 
1078 478 512 521 
1079 521 117 478 
1080 104 113 33 
1081 479 486 480 
1082 481 482 479 
1083 479 482 485 
1084 479 485 486 
1085 492 480 486 
1086 113 483 481 
1087 481 483 482 
1088 482 483 501 
1089 497 485 482 
1090 482 501 497 
1091 483 498 506 
1092 483 506 501 
1093 486 485 497 
1094 520 492 486 
1095 497 518 486 
1096 520 486 518 
1097 40 121 118 
1098 118 531 527 
1099 121 122 118 
1100 122 531 118 
1101 110 517 487 
1102 514 489 488 
1103 514 488 492 
1104 489 514 525 
1105 542 491 490 
1106 555 528 491 
1107 491 542 555 
1108 514 492 520 
1109 493 500 530 
1110 517 513 494 
1111 496 515 495 
1112 495 515 523 
1113 523 522 495 
1114 516 496 507 
1115 496 516 515 
1116 505 519 497 
1117 497 519 518 
1118 508 506 498 
1119 499 543 500 
1120 513 536 499 
1121 536 543 499 
1122 543 530 500 
1123 502 501 506 
1124 509 504 502 
1125 506 509 502 
1126 509 508 504 
1127 529 519 505 
1128 506 508 509 
1129 526 511 510 
1130 511 526 540 
1131 540 533 511 
1132 536 513 517 
1133 544 514 520 
1134 525 514 545 
1135 544 545 514 
1136 534 515 516 
1137 523 515 535 
1138 515 534 535 
1139 516 527 534 
1140 110 536 517 
1141 520 518 519 
1142 541 520 519 
1143 519 529 541 
1144 544 520 541 
1145 548 522 523 
1146 112 111 522 
1147 112 522 547 
1148 549 547 522 
1149 548 549 522 
1150 548 523 535 
1151 537 120 524 
1152 532 537 524 
1153 536 110 112 
1154 123 120 537 
1155 550 526 525 
1156 551 525 545 
1157 551 550 525 
1158 540 526 554 
1159 554 526 550 
1160 527 531 552 
1161 534 527 552 
1162 555 538 528 
1163 538 546 529 
1164 529 546 541 
1165 530 559 539 
1166 543 560 530 
1167 559 530 560 
1168 122 558 531 
1169 124 558 122 
1170 558 552 531 
1171 556 532 533 
1172 124 537 532 
1173 124 532 556 
1174 533 540 565 
1175 556 533 565 
1176 557 535 534 
1177 552 557 534 
1178 564 548 535 
1179 557 564 535 
1180 112 547 536 
1181 536 553 543 
1182 547 553 536 
1183 123 537 124 
1184 538 566 546 
1185 538 555 566 
1186 539 562 542 
1187 562 539 559 
1188 565 540 554 
1189 561 544 541 
1190 546 561 541 
1191 542 563 555 
1192 562 563 542 
1193 560 543 553 
1194 551 545 544 
1195 561 551 544 
1196 546 570 561 
1197 576 546 566 
1198 570 546 576 
1199 553 547 549 
1200 548 564 549 
1201 572 553 549 
1202 549 564 577 
1203 577 572 549 
1204 550 551 569 
1205 554 550 569 
1206 570 551 561 
1207 569 551 570 
1208 558 124 556 
1209 567 557 552 
1210 567 552 558 
1211 572 560 553 
1212 578 565 554 
1213 578 554 569 
1214 563 566 555 
1215 558 556 568 
1216 565 568 556 
1217 564 557 573 
1218 567 573 557 
1219 568 567 558 
1220 571 559 560 
1221 559 574 562 
1222 574 559 571 
1223 560 572 571 
1224 574 563 562 
1225 563 574 566 
1226 573 579 564 
1227 564 579 577 
1228 578 568 565 
1229 574 576 566 
1230 567 568 575 
1231 575 573 567 
1232 575 568 578 
1233 583 569 570 
1234 578 569 584 
1235 584 569 583 
1236 576 583 570 
1237 572 581 571 
1238 580 574 571 
1239 571 581 580 
1240 572 577 581 
1241 575 579 573 
1242 574 582 576 
1243 580 582 574 
1244 578 579 575 
1245 576 582 583 
1246 579 581 577 
1247 579 578 584 
1248 579 585 581 
1249 585 579 584 
1250 581 585 580 
1251 580 585 582 
1252 582 585 583 
1253 585 584 583 
2 3 2 4
1404 45 47 1 
1405 45 44 46 
1406 46 48 45 
1407 45 48 47 
2 4 2 2
1409 50 3 49 
1410 50 49 51 
2 5 2 28
1412 81 20 5 
1413 74 81 5 
1414 12 64 74 
1415 20 82 61 
1416 74 64 65 
1417 74 65 81 
1418 65 82 81 
1419 66 82 65 
1420 82 66 658 
1421 82 658 61 
1422 66 659 658 
1423 659 66 67 
1424 658 62 61 
1425 658 659 62 
1426 659 63 62 
1427 660 659 67 
1428 659 660 661 
1429 659 661 63 
1430 68 660 67 
1431 660 68 69 
1432 69 13 660 
1433 13 661 660 
1434 72 13 69 
1435 71 69 70 
1436 71 72 69 
1437 11 63 13 
1438 661 13 63 
1439 73 72 71 
2 6 2 4
1440 5 6 74 
1441 76 12 77 
1442 77 12 74 
1443 6 77 74 
2 7 2 2
1444 53 51 7 
1445 53 7 8 
2 8 2 2
1446 16 79 78 
1447 17 79 16 
2 9 2 2
1448 24 17 16 
1449 16 23 24 
2 10 2 2
1450 75 15 14 
1451 21 14 15 
2 11 2 1
1452 22 21 15 
2 12 2 1
1453 84 25 24 
2 13 2 13
1454 7 54 662 
1455 8 7 662 
1456 662 54 55 
1457 662 55 663 
1458 8 662 59 
1459 59 662 663 
1460 55 58 663 
1461 9 10 57 
1462 57 58 56 
1463 10 60 57 
1464 663 58 57 
1465 60 663 57 
1466 59 663 60 
2 14 2 1
1467 18 80 19 
2 15 2 2
1468 23 9 24 
1469 23 10 9 
2 16 2 1
1470 20 81 82 
2 17 2 1
1471 5 52 6 
2 18 2 1
1472 22 14 21 
2 19 2 1
1473 83 18 19 
2 20 2 3
1474 87 85 86 
1475 87 86 27 
1476 86 26 27 
2 21 2 3
1477 93 95 28 
1478 29 94 93 
1479 93 94 95 
2 22 2 3
1480 91 27 26 
1481 90 27 91 
1482 92 90 91 
2 23 2 1
1483 96 97 28 
2 24 2 2
1484 13 88 11 
1485 11 88 89 
2 25 2 1
1486 99 98 29 
2 27 2 2
1637 105 106 34 
1638 105 107 106 
2 28 2 10
1639 100 30 101 
1640 101 30 102 
1641 664 32 103 
1642 103 104 664 
1643 102 30 108 
1644 32 664 108 
1645 102 108 31 
1646 108 664 31 
1647 31 664 33 
1648 33 664 104 
2 29 2 1
1649 108 30 32 
2 30 2 1
1650 33 113 31 
2 32 2 4
1652 116 114 115 
1653 116 35 114 
1654 117 116 115 
1655 35 116 37 
2 33 2 1
1656 37 36 35 
2 34 2 4
1657 36 109 35 
1658 109 36 110 
1659 36 111 110 
1660 112 110 111 
2 35 2 1
1661 40 118 39 
2 36 2 6
1662 119 40 39 
1663 121 40 119 
1664 119 120 121 
1665 121 120 123 
1666 123 122 121 
1667 124 122 123 
3 1 4 2464
1669 584 573 564 666 
1670 221 231 203 675 
1671 573 584 557 666 
1672 115 432 678 699 
1673 137 128 133 138 
1674 135 156 146 150 
1675 423 448 612 601 
1676 566 666 672 690 
1677 441 670 472 696 
1678 669 692 154 694 
1679 449 472 441 691 
1680 557 666 584 689 
1681 557 564 573 666 
1682 184 178 160 183 
1683 441 598 691 696 
1684 410 398 674 678 
1685 674 678 432 699 
1686 115 117 478 490 
1687 335 431 432 674 
1688 564 585 584 666 
1689 674 678 398 685 
1690 10 257 60 286 
1691 542 117 521 672 
1692 465 469 484 503 
1693 528 512 503 690 
1694 585 583 584 666 
1695 51 190 214 53 
1696 472 670 441 691 
1697 117 521 478 490 
1698 534 666 602 681 
1699 236 213 224 668 
1700 484 512 503 528 
1701 156 154 692 694 
1702 480 446 429 492 
1703 115 434 432 699 
1704 441 472 442 696 
1705 142 669 154 694 
1706 331 344 365 680 
1707 667 668 158 673 
1708 117 672 542 678 
1709 21 22 15 673 
1710 592 588 394 586 
1711 331 365 330 680 
1712 236 668 278 683 
1713 640 647 371 676 
1714 465 484 466 503 
1715 366 384 95 686 
1716 117 490 115 678 
1717 190 214 53 682 
1718 667 673 15 687 
1719 114 115 432 678 
1720 53 669 190 682 
1721 286 257 60 675 
1722 266 236 224 668 
1723 202 60 675 682 
1724 180 667 158 673 
1725 666 670 570 689 
1726 326 327 279 683 
1727 22 15 673 687 
1728 59 8 293 675 
1729 528 521 512 690 
1730 236 266 278 668 
1731 372 330 365 680 
1732 79 75 175 78 
1733 165 139 136 694 
1734 15 22 260 687 
1735 197 663 60 682 
1736 441 691 670 696 
1737 116 37 474 672 
1738 15 667 179 673 
1739 36 666 37 672 
1740 308 668 307 684 
1741 15 260 667 687 
1742 564 549 580 666 
1743 668 684 667 694 
1744 224 668 213 684 
1745 668 673 667 687 
1746 308 307 263 684 
1747 607 611 602 534 
1748 534 666 557 689 
1749 512 466 484 503 
1750 180 179 667 673 
1751 564 582 585 666 
1752 33 104 664 514 
1753 149 148 174 175 
1754 671 683 676 686 
1755 165 684 139 694 
1756 539 678 672 693 
1757 549 580 666 672 
1758 587 418 586 696 
1759 8 674 293 675 
1760 37 462 474 666 
1761 37 666 474 672 
1762 301 667 282 687 
1763 404 464 447 685 
1764 327 683 326 697 
1765 580 582 666 672 
1766 156 165 136 694 
1767 494 464 404 685 
1768 557 584 569 689 
1769 314 685 674 688 
1770 38 616 415 624 
1771 490 117 521 542 
1772 441 598 449 691 
1773 598 623 691 696 
1774 431 406 335 432 
1775 585 582 583 666 
1776 257 286 10 699 
1777 404 447 680 685 
1778 317 308 95 687 
1779 561 570 670 689 
1780 308 667 668 684 
1781 377 95 384 686 
1782 95 671 366 686 
1783 602 611 597 681 
1784 280 307 668 684 
1785 403 404 408 680 
1786 674 675 8 688 
1787 624 616 443 605 
1788 157 668 667 694 
1789 104 103 664 514 
1790 454 670 472 691 
1791 282 667 260 687 
1792 195 21 15 673 
1793 314 680 685 688 
1794 474 670 666 696 
1795 308 263 667 684 
1796 586 592 600 422 
1797 474 672 666 690 
1798 474 666 462 696 
1799 576 666 566 690 
1800 678 685 35 693 
1801 356 674 398 685 
1802 129 125 136 694 
1803 136 125 156 694 
1804 276 675 674 688 
1805 676 686 683 697 
1806 58 55 663 669 
1807 474 666 670 690 
1808 472 454 473 670 
1809 560 571 572 553 
1810 490 117 542 678 
1811 587 394 588 586 
1812 408 404 447 680 
1813 408 447 372 680 
1814 414 680 447 685 
1815 335 674 432 699 
1816 414 372 447 680 
1817 564 548 549 666 
1818 521 563 542 672 
1819 584 666 569 689 
1820 663 59 60 682 
1821 659 284 62 63 
1822 454 455 670 691 
1823 69 70 339 698 
1824 314 306 680 688 
1825 129 136 139 694 
1826 539 500 678 693 
1827 576 566 666 672 
1828 662 663 55 669 
1829 564 580 582 666 
1830 56 9 17 679 
1831 474 521 672 690 
1832 260 256 15 667 
1833 157 139 684 694 
1834 276 674 356 688 
1835 587 623 418 696 
1836 417 599 626 598 
1837 373 366 353 671 
1838 672 678 117 693 
1839 397 680 407 685 
1840 665 674 685 688 
1841 548 549 666 672 
1842 157 684 668 694 
1843 290 242 243 688 
1844 473 454 503 670 
1845 104 498 453 691 
1846 213 668 236 683 
1847 657 101 489 645 
1848 584 583 569 666 
1849 474 521 117 672 
1850 190 49 3 669 
1851 436 494 404 685 
1852 345 665 407 680 
1853 343 372 414 680 
1854 635 670 545 691 
1855 616 443 605 589 
1856 179 15 182 667 
1857 308 668 667 687 
1858 316 278 668 683 
1859 473 670 474 696 
1860 607 602 590 534 
1861 487 513 109 685 
1862 293 286 59 675 
1863 647 676 646 697 
1864 340 671 350 687 
1865 372 343 330 680 
1866 418 681 586 696 
1867 286 257 675 699 
1868 369 345 407 680 
1869 276 356 674 675 
1870 663 197 669 682 
1871 407 680 665 685 
1872 95 671 94 687 
1873 158 667 157 668 
1874 261 231 221 675 
1875 542 672 539 678 
1876 655 101 657 645 
1877 407 397 369 680 
1878 290 293 8 674 
1879 407 345 375 665 
1880 317 95 668 687 
1881 586 394 592 422 
1882 606 604 603 532 
1883 114 678 35 693 
1884 662 669 53 682 
1885 356 674 665 688 
1886 37 36 477 666 
1887 404 680 397 685 
1888 301 273 282 667 
1889 582 576 666 672 
1890 407 665 375 685 
1891 165 145 139 684 
1892 145 157 139 684 
1893 266 316 278 668 
1894 629 638 103 691 
1895 301 282 349 687 
1896 290 674 8 688 
1897 367 379 617 631 
1898 662 663 669 682 
1899 408 447 404 464 
1900 623 635 691 696 
1901 596 515 602 681 
1902 276 356 665 688 
1903 349 282 260 687 
1904 335 286 293 674 
1905 58 663 197 669 
1906 95 94 668 687 
1907 676 683 252 697 
1908 176 168 164 171 
1909 406 335 432 699 
1910 671 673 668 687 
1911 622 551 635 689 
1912 436 397 407 685 
1913 449 445 453 691 
1914 327 247 683 697 
1915 293 674 286 675 
1916 534 602 515 681 
1917 519 33 104 498 
1918 379 327 378 697 
1919 161 154 142 669 
1920 294 286 335 699 
1921 473 474 442 696 
1922 399 685 678 693 
1923 504 484 469 503 
1924 156 130 154 694 
1925 476 528 503 690 
1926 84 282 273 667 
1927 70 353 339 698 
1928 651 514 103 638 
1929 449 453 455 691 
1930 503 476 484 528 
1931 317 307 308 668 
1932 570 666 576 670 
1933 116 672 117 693 
1934 596 586 427 681 
1935 545 670 544 691 
1936 449 426 445 598 
1937 569 583 570 666 
1938 156 684 165 694 
1939 474 117 116 672 
1940 37 666 477 681 
1941 343 680 414 685 
1942 256 79 175 667 
1943 629 103 104 691 
1944 335 286 674 699 
1945 554 557 569 689 
1946 56 79 84 667 
1947 399 398 678 685 
1948 70 353 671 676 
1949 143 155 154 669 
1950 373 366 671 686 
1951 277 209 237 276 
1952 542 521 555 563 
1953 406 294 335 699 
1954 585 564 580 582 
1955 418 394 587 586 
1956 116 37 672 693 
1957 384 615 613 686 
1958 436 404 397 685 
1959 33 664 31 514 
1960 201 202 675 682 
1961 665 685 680 688 
1962 503 473 670 690 
1963 399 678 493 693 
1964 125 127 156 694 
1965 115 678 360 699 
1966 112 536 543 693 
1967 622 611 609 689 
1968 317 668 308 687 
1969 197 60 202 682 
1970 247 279 327 683 
1971 70 671 353 698 
1972 379 380 631 378 
1973 308 263 274 667 
1974 165 145 136 139 
1975 629 445 426 598 
1976 373 671 353 676 
1977 98 588 634 394 
1978 273 301 274 667 
1979 546 561 570 670 
1980 55 667 263 692 
1981 156 692 684 694 
1982 161 679 669 692 
1983 611 607 609 550 
1984 201 675 203 682 
1985 116 114 35 693 
1986 203 201 221 675 
1987 626 425 417 598 
1988 188 668 671 673 
1989 569 666 570 689 
1990 398 493 399 678 
1991 441 418 417 598 
1992 222 257 60 10 
1993 588 98 592 394 
1994 161 679 692 694 
1995 551 670 635 689 
1996 350 374 340 687 
1997 326 378 327 697 
1998 379 378 631 697 
1999 445 452 449 453 
2000 58 55 669 679 
2001 175 182 15 667 
2002 214 53 682 688 
2003 125 129 127 694 
2004 509 508 506 691 
2005 449 598 445 691 
2006 94 671 668 687 
2007 142 154 130 694 
2008 357 403 344 680 
2009 112 543 672 693 
2010 504 503 454 670 
2011 254 680 241 688 
2012 316 668 94 683 
2013 474 462 442 696 
2014 616 379 443 589 
2015 562 539 542 672 
2016 542 563 562 672 
2017 366 338 353 698 
2018 349 260 22 687 
2019 596 602 515 595 
2020 616 368 415 624 
2021 350 351 340 374 
2022 635 620 622 689 
2023 115 478 434 360 
2024 331 330 295 680 
2025 221 201 202 675 
2026 69 329 68 698 
2027 340 374 348 687 
2028 147 153 667 694 
2029 427 586 600 422 
2030 156 169 177 692 
2031 163 668 157 684 
2032 474 670 473 690 
2033 37 116 474 462 
2034 466 484 465 695 
2035 646 640 355 647 
2036 190 191 214 682 
2037 59 675 60 682 
2038 546 576 566 690 
2039 427 586 418 681 
2040 36 672 37 693 
2041 191 190 669 682 
2042 667 684 263 692 
2043 351 348 340 374 
2044 357 404 403 680 
2045 665 674 356 685 
2046 484 469 465 695 
2047 519 498 104 691 
2048 222 60 257 675 
2049 539 672 500 693 
2050 366 353 671 698 
2051 580 574 582 672 
2052 425 441 417 598 
2053 152 155 48 46 
2054 56 84 273 667 
2055 614 613 384 615 
2056 263 55 274 667 
2057 59 8 675 682 
2058 156 177 684 692 
2059 158 668 187 673 
2060 617 415 639 2 
2061 73 430 409 392 
2062 109 517 110 693 
2063 109 414 447 685 
2064 218 242 53 688 
2065 596 602 597 681 
2066 195 15 21 65 
2067 213 668 186 684 
2068 426 449 441 598 
2069 379 443 368 616 
2070 115 360 434 699 
2071 629 651 103 638 
2072 104 445 629 598 
2073 606 590 604 532 
2074 640 371 355 676 
2075 425 426 441 598 
2076 545 638 644 635 
2077 338 339 353 698 
2078 55 662 669 692 
2079 330 343 306 680 
2080 426 441 417 425 
2081 247 327 281 697 
2082 109 35 685 693 
2083 571 572 553 672 
2084 286 675 674 699 
2085 157 145 163 684 
2086 599 417 418 598 
2087 368 379 616 617 
2088 590 604 516 507 
2089 513 517 109 693 
2090 373 385 366 686 
2091 162 167 155 669 
2092 280 228 227 684 
2093 570 583 576 666 
2094 562 559 539 672 
2095 58 56 273 679 
2096 675 682 8 688 
2097 544 551 561 670 
2098 506 498 519 691 
2099 638 635 545 691 
2100 37 116 35 693 
2101 314 674 290 688 
2102 543 539 559 672 
2103 60 59 286 675 
2104 611 550 609 689 
2105 197 202 173 669 
2106 549 547 553 672 
2107 445 598 104 691 
2108 597 611 620 689 
2109 646 647 355 676 
2110 200 228 224 684 
2111 357 361 397 680 
2112 635 689 670 696 
2113 398 437 493 678 
2114 197 173 172 669 
2115 544 670 541 691 
2116 436 407 458 685 
2117 586 418 394 427 
2118 325 340 348 687 
2119 145 165 186 684 
2120 561 670 551 689 
2121 219 203 231 675 
2122 225 20 5 81 
2123 8 662 53 682 
2124 56 17 79 679 
2125 565 578 575 568 
2126 263 227 54 684 
2127 549 553 572 672 
2128 192 169 3 669 
2129 56 79 667 679 
2130 668 671 94 683 
2131 647 648 371 686 
2132 635 620 689 696 
2133 79 175 174 78 
2134 379 281 327 697 
2135 455 504 454 670 
2136 290 314 293 674 
2137 254 272 241 680 
2138 55 669 679 692 
2139 242 51 218 53 
2140 99 621 94 613 
2141 261 219 231 675 
2142 613 621 94 686 
2143 561 541 544 670 
2144 640 393 639 646 
2145 316 322 278 683 
2146 378 99 621 697 
2147 278 326 279 683 
2148 276 277 356 675 
2149 647 371 676 686 
2150 236 278 235 683 
2151 15 256 175 667 
2152 56 667 273 679 
2153 406 677 294 699 
2154 354 348 374 687 
2155 198 676 671 683 
2156 529 509 506 691 
2157 521 491 478 490 
2158 100 371 355 640 
2159 366 385 384 686 
2160 258 671 70 698 
2161 667 679 149 694 
2162 631 646 367 697 
2163 576 574 566 672 
2164 563 566 574 672 
2165 500 539 543 672 
2166 584 578 573 557 
2167 503 670 504 690 
2168 226 192 669 692 
2169 10 60 222 220 
2170 313 665 680 688 
2171 357 397 404 680 
2172 272 254 309 680 
2173 18 23 283 19 
2174 453 445 104 691 
2175 202 669 197 682 
2176 68 329 67 698 
2177 570 576 546 670 
2178 463 681 442 696 
2179 174 667 79 679 
2180 235 213 236 683 
2181 373 671 676 686 
2182 640 355 647 676 
2183 195 66 21 673 
2184 458 685 399 693 
2185 261 221 257 675 
2186 340 687 673 698 
2187 58 669 197 679 
2188 670 691 635 696 
2189 377 384 613 686 
2190 509 529 670 691 
2191 500 672 543 693 
2192 394 586 427 422 
2193 163 668 213 683 
2194 161 143 154 669 
2195 431 438 432 674 
2196 256 84 79 667 
2197 188 671 668 683 
2198 673 687 671 698 
2199 521 538 555 690 
2200 384 385 615 686 
2201 94 683 671 686 
2202 59 663 662 682 
2203 445 34 103 629 
2204 263 684 54 692 
2205 674 675 328 699 
2206 18 16 23 19 
2207 179 195 15 673 
2208 169 669 192 692 
2209 598 629 104 691 
2210 340 671 687 698 
2211 463 442 462 696 
2212 597 586 681 696 
2213 218 53 214 688 
2214 582 574 576 672 
2215 471 104 498 453 
2216 504 670 509 690 
2217 257 10 285 699 
2218 224 189 200 684 
2219 623 620 635 696 
2220 295 330 306 680 
2221 235 278 279 683 
2222 69 339 329 698 
2223 109 513 487 517 
2224 175 79 174 667 
2225 78 75 175 239 
2226 17 197 9 206 
2227 309 323 272 680 
2228 79 75 256 175 
2229 198 252 676 683 
2230 311 279 327 268 
2231 254 310 309 680 
2232 361 310 369 680 
2233 509 670 529 690 
2234 325 348 354 687 
2235 175 149 182 667 
2236 328 674 356 675 
2237 250 254 241 688 
2238 94 322 316 683 
2239 109 439 414 685 
2240 254 255 680 688 
2241 163 186 668 684 
2242 367 646 393 697 
2243 635 551 545 670 
2244 445 103 104 629 
2245 8 59 662 682 
2246 596 597 586 681 
2247 450 600 596 595 
2248 157 141 139 694 
2249 458 499 513 693 
2250 400 335 406 376 
2251 516 602 590 595 
2252 548 666 522 672 
2253 241 242 250 688 
2254 308 324 95 687 
2255 130 156 127 694 
2256 503 504 476 690 
2257 325 673 340 687 
2258 400 439 438 674 
2259 112 672 111 693 
2260 55 54 662 692 
2261 241 680 243 688 
2262 477 666 523 681 
2263 434 677 432 699 
2264 646 676 355 697 
2265 70 671 258 676 
2266 561 551 570 689 
2267 66 259 21 673 
2268 597 689 620 696 
2269 19 85 87 233 
2270 186 163 145 684 
2271 538 521 528 690 
2272 51 214 218 53 
2273 19 87 85 83 
2274 325 315 340 673 
2275 621 99 94 697 
2276 331 295 271 680 
2277 310 345 369 680 
2278 617 38 415 2 
2279 197 17 9 679 
2280 19 283 85 233 
2281 226 669 54 692 
2282 576 583 582 666 
2283 442 681 418 696 
2284 409 430 101 392 
2285 94 683 686 697 
2286 241 243 242 688 
2287 211 188 671 698 
2288 147 667 149 694 
2289 371 373 676 686 
2290 15 75 175 256 
2291 177 169 192 692 
2292 340 673 315 698 
2293 329 340 315 698 
2294 432 677 406 699 
2295 180 158 187 673 
2296 394 98 592 422 
2297 379 380 617 631 
2298 533 611 607 534 
2299 10 57 60 220 
2300 478 512 388 521 
2301 546 529 670 690 
2302 156 177 165 684 
2303 54 669 662 692 
2304 359 674 328 699 
2305 310 361 309 680 
2306 188 187 668 673 
2307 22 673 325 687 
2308 542 521 491 555 
2309 161 172 669 679 
2310 283 85 18 19 
2311 56 58 9 679 
2312 313 680 255 688 
2313 429 421 446 89 
2314 478 115 490 360 
2315 322 326 683 697 
2316 564 585 580 581 
2317 3 170 190 669 
2318 346 91 27 26 
2319 251 199 247 683 
2320 589 379 443 440 
2321 519 33 498 483 
2322 604 516 507 532 
2323 431 400 438 674 
2324 639 393 415 617 
2325 361 369 397 680 
2326 55 263 54 692 
2327 361 357 309 680 
2328 394 599 418 587 
2329 351 389 374 384 
2330 327 303 281 379 
2331 22 325 349 687 
2332 17 9 16 206 
2333 503 512 473 690 
2334 384 389 377 613 
2335 545 551 544 670 
2336 213 163 186 668 
2337 609 608 622 551 
2338 356 375 313 665 
2339 104 33 520 514 
2340 388 466 512 478 
2341 167 191 190 669 
2342 442 463 418 681 
2343 2 38 415 624 
2344 323 309 357 680 
2345 598 638 629 691 
2346 355 371 100 73 
2347 154 155 170 669 
2348 129 139 141 694 
2349 202 222 60 220 
2350 580 549 564 581 
2351 94 686 621 697 
2352 8 682 53 688 
2353 598 623 635 691 
2354 36 35 109 693 
2355 608 649 650 610 
2356 37 35 36 693 
2357 516 515 602 595 
2358 554 565 557 552 
2359 98 588 625 634 
2360 60 197 202 220 
2361 155 167 152 48 
2362 73 409 101 392 
2363 622 609 550 689 
2364 170 3 169 669 
2365 490 521 491 542 
2366 652 413 648 642 
2367 328 359 410 674 
2368 188 668 163 683 
2369 297 675 257 699 
2370 393 646 334 697 
2371 9 57 197 58 
2372 115 490 360 678 
2373 174 149 667 679 
2374 306 243 295 680 
2375 379 368 367 617 
2376 535 523 548 666 
2377 639 415 457 2 
2378 313 665 345 680 
2379 436 397 369 407 
2380 561 546 541 670 
2381 500 493 678 693 
2382 313 253 665 688 
2383 433 677 434 695 
2384 33 467 31 113 
2385 666 670 689 696 
2386 262 311 275 268 
2387 410 437 398 678 
2388 170 167 190 669 
2389 418 462 463 442 
2390 524 604 507 532 
2391 426 425 629 598 
2392 261 289 219 675 
2393 109 35 439 685 
2394 458 407 375 685 
2395 460 468 505 476 
2396 325 354 349 687 
2397 154 170 169 669 
2398 111 672 36 693 
2399 218 254 250 688 
2400 554 611 533 534 
2401 102 651 514 32 
2402 238 277 276 675 
2403 199 213 235 683 
2404 192 684 177 692 
2405 67 204 68 698 
2406 243 680 306 688 
2407 364 27 390 91 
2408 315 340 329 338 
2409 268 247 327 281 
2410 65 259 21 66 
2411 155 167 170 669 
2412 368 367 303 379 
2413 504 476 484 503 
2414 312 275 311 268 
2415 251 683 247 697 
2416 148 679 161 694 
2417 684 692 667 694 
2418 148 149 679 694 
2419 297 289 675 699 
2420 519 541 506 691 
2421 571 574 572 672 
2422 458 399 499 693 
2423 303 327 358 379 
2424 95 374 389 384 
2425 453 508 455 691 
2426 215 214 191 682 
2427 146 156 134 154 
2428 327 303 268 281 
2429 427 451 596 681 
2430 449 426 452 445 
2431 613 384 389 614 
2432 385 614 384 615 
2433 378 380 631 618 
2434 142 161 143 154 
2435 204 673 187 698 
2436 541 670 529 691 
2437 440 379 443 383 
2438 521 538 528 555 
2439 460 428 468 476 
2440 276 215 675 688 
2441 134 125 156 146 
2442 451 600 596 450 
2443 607 611 533 554 
2444 657 489 656 645 
2445 177 192 200 684 
2446 110 109 487 517 
2447 510 2 415 636 
2448 514 520 104 691 
2449 545 514 638 691 
2450 604 590 516 532 
2451 651 514 654 102 
2452 8 53 242 688 
2453 647 686 676 697 
2454 191 669 173 682 
2455 172 197 669 679 
2456 285 362 387 695 
2457 629 425 435 626 
2458 94 322 683 697 
2459 289 328 675 699 
2460 221 222 257 675 
2461 71 73 371 676 
2462 237 675 215 682 
2463 218 250 242 688 
2464 162 155 143 669 
2465 251 252 683 697 
2466 322 378 326 697 
2467 389 377 95 384 
2468 615 648 647 686 
2469 255 345 310 680 
2470 271 272 323 680 
2471 529 506 541 691 
2472 655 101 645 392 
2473 505 506 519 529 
2474 329 338 340 698 
2475 313 255 253 688 
2476 302 356 328 674 
2477 638 598 635 691 
2478 259 315 325 673 
2479 285 677 362 695 
2480 214 218 190 51 
2481 590 533 606 607 
2482 532 603 456 604 
2483 457 393 415 639 
2484 592 98 588 625 
2485 520 33 104 519 
2486 17 206 174 679 
2487 529 541 546 670 
2488 428 468 90 91 
2489 476 538 528 690 
2490 65 21 195 66 
2491 131 129 140 694 
2492 656 489 525 470 
2493 19 23 283 233 
2494 198 671 188 683 
2495 498 506 519 483 
2496 577 564 549 581 
2497 129 131 127 694 
2498 667 692 679 694 
2499 311 262 279 268 
2500 241 295 243 680 
2501 468 390 391 91 
2502 278 322 326 683 
2503 546 538 529 690 
2504 239 76 205 80 
2505 523 522 548 666 
2506 626 629 425 598 
2507 19 87 83 270 
2508 622 620 611 689 
2509 99 593 621 613 
2510 17 197 206 679 
2511 336 283 294 677 
2512 435 34 425 629 
2513 200 189 177 684 
2514 55 679 667 692 
2515 367 415 393 617 
2516 484 388 466 512 
2517 610 607 540 609 
2518 434 386 478 695 
2519 86 292 87 27 
2520 534 602 590 516 
2521 163 188 157 668 
2522 215 682 675 688 
2523 548 522 549 672 
2524 20 240 61 82 
2525 276 665 253 688 
2526 173 167 162 669 
2527 174 149 175 667 
2528 297 289 261 675 
2529 148 161 142 694 
2530 337 283 336 677 
2531 112 111 110 693 
2532 389 634 377 613 
2533 415 367 368 617 
2534 211 212 187 698 
2535 313 345 255 680 
2536 310 254 255 680 
2537 165 177 189 684 
2538 658 284 62 659 
2539 57 10 9 220 
2540 385 648 615 686 
2541 322 94 316 29 
2542 174 79 17 679 
2543 179 65 15 195 
2544 33 31 467 492 
2545 195 179 180 673 
2546 610 526 525 550 
2547 129 141 140 694 
2548 608 650 525 610 
2549 427 600 451 422 
2550 37 477 463 681 
2551 549 522 547 672 
2552 98 377 634 613 
2553 613 94 377 686 
2554 204 230 195 66 
2555 10 233 285 677 
2556 399 356 398 685 
2557 601 612 591 448 
2558 611 607 550 554 
2559 257 297 261 675 
2560 28 374 95 687 
2561 24 84 56 25 
2562 354 374 28 687 
2563 290 243 306 688 
2564 186 166 165 144 
2565 551 569 570 689 
2566 79 56 25 17 
2567 440 507 461 524 
2568 202 173 669 682 
2569 9 220 16 206 
2570 379 616 380 589 
2571 404 403 408 464 
2572 423 448 380 612 
2573 563 574 562 672 
2574 353 371 373 676 
2575 167 173 191 669 
2576 519 518 33 483 
2577 258 211 671 698 
2578 252 198 251 683 
2579 247 281 251 697 
2580 427 418 463 681 
2581 339 338 329 698 
2582 168 164 167 47 
2583 529 538 476 690 
2584 622 550 551 689 
2585 306 314 290 688 
2586 131 140 147 694 
2587 211 187 188 698 
2588 599 418 417 394 
2589 519 104 520 691 
2590 489 656 645 470 
2591 10 257 285 233 
2592 198 211 671 676 
2593 235 279 199 683 
2594 590 533 607 534 
2595 197 9 58 679 
2596 238 219 289 675 
2597 478 386 434 360 
2598 545 544 514 691 
2599 251 198 199 683 
2600 501 518 506 483 
2601 566 555 538 690 
2602 602 534 515 516 
2603 367 281 303 379 
2604 492 514 31 488 
2605 214 682 215 688 
2606 595 590 496 507 
2607 131 147 149 694 
2608 634 625 98 613 
2609 412 539 475 678 
2610 371 73 355 676 
2611 229 82 195 230 
2612 235 199 181 213 
2613 212 204 187 698 
2614 90 337 336 677 
2615 608 525 545 551 
2616 435 103 34 629 
2617 552 554 533 534 
2618 70 71 353 676 
2619 259 22 21 673 
2620 514 31 488 102 
2621 646 355 334 697 
2622 172 173 162 669 
2623 611 554 550 689 
2624 658 82 229 230 
2625 386 434 360 699 
2626 380 617 631 618 
2627 358 311 327 303 
2628 627 633 628 540 
2629 144 165 186 145 
2630 433 478 466 695 
2631 597 620 623 696 
2632 258 70 212 698 
2633 628 606 603 540 
2634 17 79 174 206 
2635 240 265 658 264 
2636 536 112 110 693 
2637 173 201 171 682 
2638 191 210 209 682 
2639 638 514 545 644 
2640 315 673 66 698 
2641 595 591 590 507 
2642 574 559 562 672 
2643 399 665 356 685 
2644 588 592 600 586 
2645 180 204 195 673 
2646 389 634 613 614 
2647 277 328 356 675 
2648 445 426 452 105 
2649 174 148 149 679 
2650 253 218 214 688 
2651 644 545 635 551 
2652 528 491 521 555 
2653 188 163 198 683 
2654 165 189 186 684 
2655 523 477 522 666 
2656 199 198 163 683 
2657 191 173 171 682 
2658 540 628 606 607 
2659 144 186 166 159 
2660 29 378 322 697 
2661 259 325 22 673 
2662 2 457 639 619 
2663 388 491 478 521 
2664 400 335 431 406 
2665 391 90 468 91 
2666 461 507 516 532 
2667 512 474 473 690 
2668 29 322 94 697 
2669 406 433 405 677 
2670 520 514 544 691 
2671 98 99 94 613 
2672 33 520 492 518 
2673 348 351 354 374 
2674 449 452 107 453 
2675 191 171 176 682 
2676 533 590 606 532 
2677 589 604 590 507 
2678 181 160 184 159 
2679 87 337 270 677 
2680 71 371 353 676 
2681 604 605 456 524 
2682 90 364 428 91 
2683 514 489 654 102 
2684 258 671 211 676 
2685 512 521 474 690 
2686 87 19 233 270 
2687 147 140 153 694 
2688 399 375 665 685 
2689 654 489 514 525 
2690 191 209 215 682 
2691 204 66 195 673 
2692 367 393 334 697 
2693 550 609 622 551 
2694 376 294 406 677 
2695 334 676 252 697 
2696 71 70 69 212 
2697 186 159 145 163 
2698 28 95 324 687 
2699 265 240 249 264 
2700 297 359 289 699 
2701 634 394 402 389 
2702 242 218 193 250 
2703 377 98 634 394 
2704 32 651 103 629 
2705 327 279 247 268 
2706 346 91 390 27 
2707 131 149 148 694 
2708 132 165 145 136 
2709 163 213 199 683 
2710 168 209 191 210 
2711 64 175 182 15 
2712 608 545 644 551 
2713 16 24 9 17 
2714 57 197 60 220 
2715 83 76 19 270 
2716 240 658 82 229 
2717 595 448 591 507 
2718 175 64 12 15 
2719 558 552 556 531 
2720 595 496 448 507 
2721 74 81 225 5 
2722 394 634 377 389 
2723 187 204 180 673 
2724 159 144 186 145 
2725 496 516 590 595 
2726 399 458 375 685 
2727 9 197 57 220 
2728 461 440 443 383 
2729 645 640 655 392 
2730 394 599 634 402 
2731 507 461 524 532 
2732 237 238 276 675 
2733 540 633 628 610 
2734 434 478 433 695 
2735 141 153 140 694 
2736 589 590 591 507 
2737 461 443 440 524 
2738 362 337 27 90 
2739 376 294 335 406 
2740 252 258 211 676 
2741 492 480 467 481 
2742 2 42 456 636 
2743 466 478 388 695 
2744 461 537 524 532 
2745 513 499 536 693 
2746 617 380 612 618 
2747 289 359 328 699 
2748 98 94 377 613 
2749 290 8 242 688 
2750 259 21 14 65 
2751 234 6 296 292 
2752 198 252 211 676 
2753 355 676 334 697 
2754 619 2 457 510 
2755 524 456 604 532 
2756 392 640 355 646 
2757 435 642 629 626 
2758 70 300 71 676 
2759 230 658 82 66 
2760 443 456 624 605 
2761 522 111 112 672 
2762 546 566 538 690 
2763 167 152 162 155 
2764 76 205 80 232 
2765 33 520 518 519 
2766 10 9 220 233 
2767 653 470 525 526 
2768 376 336 294 677 
2769 452 426 449 105 
2770 134 133 146 154 
2771 574 571 559 672 
2772 539 500 543 530 
2773 24 56 9 17 
2774 631 632 646 697 
2775 518 519 506 483 
2776 380 616 379 617 
2777 90 362 337 677 
2778 241 193 250 242 
2779 238 328 277 675 
2780 237 276 215 675 
2781 2 415 457 510 
2782 9 10 23 233 
2783 544 541 520 691 
2784 199 163 181 213 
2785 593 98 625 613 
2786 265 61 240 658 
2787 522 112 547 672 
2788 176 203 210 682 
2789 199 262 279 235 
2790 67 66 204 698 
2791 313 253 276 665 
2792 534 590 533 516 
2793 540 526 610 550 
2794 16 9 23 233 
2795 456 603 605 604 
2796 515 516 496 595 
2797 481 482 518 479 
2798 427 463 477 681 
2799 427 477 451 681 
2800 23 286 294 10 
2801 399 375 356 665 
2802 589 380 379 440 
2803 516 590 533 532 
2804 428 476 387 468 
2805 392 393 640 646 
2806 352 348 351 354 
2807 550 569 551 689 
2808 371 413 385 648 
2809 495 477 523 681 
2810 461 118 537 527 
2811 496 590 516 507 
2812 592 594 601 422 
2813 515 495 523 681 
2814 103 435 642 629 
2815 66 315 259 673 
2816 176 210 191 682 
2817 453 107 449 455 
2818 565 554 533 552 
2819 16 220 9 233 
2820 490 542 411 678 
2821 73 100 355 392 
2822 596 495 515 681 
2823 649 43 526 643 
2824 334 393 392 646 
2825 69 212 70 698 
2826 240 61 265 249 
2827 279 247 199 683 
2828 152 143 155 46 
2829 107 454 449 455 
2830 201 173 202 682 
2831 68 212 204 67 
2832 22 21 14 259 
2833 489 654 656 525 
2834 289 328 238 675 
2835 429 467 31 492 
2836 258 212 211 698 
2837 482 518 483 481 
2838 270 232 19 233 
2839 461 537 532 527 
2840 488 489 514 102 
2841 617 380 616 612 
2842 27 296 292 288 
2843 214 215 253 688 
2844 405 677 433 695 
2845 448 612 591 440 
2846 85 18 19 83 
2847 19 16 23 233 
2848 325 332 22 349 
2849 652 30 413 642 
2850 480 492 518 481 
2851 186 184 160 159 
2852 174 172 161 679 
2853 600 451 422 450 
2854 98 592 593 625 
2855 284 658 66 659 
2856 593 99 98 613 
2857 212 68 204 698 
2858 380 612 448 440 
2859 466 388 484 695 
2860 150 165 166 144 
2861 66 673 204 698 
2862 540 610 609 550 
2863 83 76 234 292 
2864 131 148 142 694 
2865 480 467 481 479 
2866 600 601 591 450 
2867 311 327 303 268 
2868 121 120 537 123 
2869 616 380 589 612 
2870 614 389 634 626 
2871 565 567 557 552 
2872 443 456 605 524 
2873 144 150 165 145 
2874 229 658 230 248 
2875 186 181 184 159 
2876 483 501 518 482 
2877 313 276 356 665 
2878 212 68 69 660 
2879 601 600 592 422 
2880 529 506 519 541 
2881 32 435 30 642 
2882 90 405 92 695 
2883 456 415 368 624 
2884 556 575 567 568 
2885 609 607 540 550 
2886 270 87 292 27 
2887 125 156 146 135 
2888 90 677 405 695 
2889 51 241 243 242 
2890 654 489 656 657 
2891 376 405 90 677 
2892 565 575 567 556 
2893 30 652 651 642 
2894 183 160 184 181 
2895 270 337 87 27 
2896 9 57 58 56 
2897 642 32 103 629 
2898 594 592 98 422 
2899 451 477 495 681 
2900 450 591 600 595 
2901 233 270 285 677 
2902 43 619 457 510 
2903 78 174 79 206 
2904 443 461 383 444 
2905 379 305 443 383 
2906 101 30 100 652 
2907 413 371 100 648 
2908 172 174 197 679 
2909 198 211 188 671 
2910 386 388 478 695 
2911 32 435 642 103 
2912 651 32 642 629 
2913 247 279 262 268 
2914 127 131 130 694 
2915 488 31 421 102 
2916 589 591 612 440 
2917 424 383 461 444 
2918 191 171 173 167 
2919 90 428 364 387 
2920 270 337 362 677 
2921 588 593 592 625 
2922 334 281 367 697 
2923 364 288 27 362 
2924 593 621 618 99 
2925 27 270 337 362 
2926 425 416 435 626 
2927 291 71 69 212 
2928 56 24 25 17 
2929 596 451 495 681 
2930 25 84 56 79 
2931 23 24 9 16 
2932 305 368 303 379 
2933 174 161 148 679 
2934 532 516 461 527 
2935 130 131 142 694 
2936 519 520 541 691 
2937 93 28 95 324 
2938 220 9 197 206 
2939 16 79 17 206 
2940 64 75 12 15 
2941 416 425 402 626 
2942 305 303 358 379 
2943 651 32 30 642 
2944 300 258 252 676 
2945 525 654 656 650 
2946 540 606 533 607 
2947 530 560 543 559 
2948 443 368 305 379 
2949 206 78 174 205 
2950 262 275 267 268 
2951 341 291 300 71 
2952 556 565 575 568 
2953 640 393 392 639 
2954 288 27 296 319 
2955 594 593 618 99 
2956 375 345 313 665 
2957 573 578 567 557 
2958 554 569 550 689 
2959 160 178 184 166 
2960 78 79 16 206 
2961 376 90 336 677 
2962 612 380 589 440 
2963 292 270 27 288 
2964 62 284 658 264 
2965 533 534 516 527 
2966 276 209 237 215 
2967 633 630 643 526 
2968 515 495 596 595 
2969 389 402 634 626 
2970 607 540 628 610 
2971 402 599 634 626 
2972 270 362 285 677 
2973 32 652 651 30 
2974 151 150 166 144 
2975 467 480 446 479 
2976 392 641 640 639 
2977 655 413 100 648 
2978 491 388 528 521 
2979 98 99 594 422 
2980 174 206 197 679 
2981 132 165 150 145 
2982 292 83 87 270 
2983 601 600 422 450 
2984 102 489 654 657 
2985 492 31 429 488 
2986 284 62 265 264 
2987 469 92 465 695 
2988 234 83 292 270 
2989 645 641 640 392 
2990 493 530 475 437 
2991 44 155 137 46 
2992 652 413 655 648 
2993 4 2 619 510 
2994 7 662 53 8 
2995 552 565 567 556 
2996 304 419 383 382 
2997 104 471 445 453 
2998 355 334 392 646 
2999 646 637 647 697 
3000 159 186 181 163 
3001 450 596 495 595 
3002 333 260 349 282 
3003 205 232 78 80 
3004 379 358 305 383 
3005 532 533 516 527 
3006 248 284 658 66 
3007 296 234 292 288 
3008 193 3 190 49 
3009 356 277 302 328 
3010 78 206 232 205 
3011 567 578 565 557 
3012 164 152 162 167 
3013 476 387 468 391 
3014 154 143 137 155 
3015 199 262 235 208 
3016 134 125 146 135 
3017 194 175 182 64 
3018 416 389 614 626 
3019 658 230 248 66 
3020 510 4 2 636 
3021 3 193 50 49 
3022 253 215 276 688 
3023 537 118 461 524 
3024 456 415 2 636 
3025 467 421 429 31 
3026 658 61 240 82 
3027 163 186 181 213 
3028 94 29 99 98 
3029 171 168 164 167 
3030 133 128 137 154 
3031 383 424 419 444 
3032 248 269 284 66 
3033 362 677 90 695 
3034 206 220 16 233 
3035 300 70 258 676 
3036 387 92 469 695 
3037 144 132 150 145 
3038 394 396 401 402 
3039 533 540 607 554 
3040 270 27 288 362 
3041 83 234 76 270 
3042 6 74 207 5 
3043 234 296 6 288 
3044 364 362 90 387 
3045 658 265 62 264 
3046 543 539 530 559 
3047 294 335 336 376 
3048 550 607 540 554 
3049 207 74 225 5 
3050 216 181 183 217 
3051 421 88 430 409 
3052 49 190 193 51 
3053 376 406 405 677 
3054 336 337 85 283 
3055 264 284 658 248 
3056 235 181 199 208 
3057 476 387 391 484 
3058 269 248 67 66 
3059 279 262 199 247 
3060 456 42 2 624 
3061 262 223 199 247 
3062 511 630 603 540 
3063 413 30 652 100 
3064 642 435 416 626 
3065 262 267 246 268 
3066 642 416 614 626 
3067 64 75 15 14 
3068 419 424 383 382 
3069 401 417 396 394 
3070 199 223 262 208 
3071 218 193 190 51 
3072 68 212 69 698 
3073 621 378 618 99 
3074 195 196 82 229 
3075 402 389 416 626 
3076 467 429 446 492 
3077 556 532 124 531 
3078 450 601 591 448 
3079 502 506 505 509 
3080 143 162 152 155 
3081 511 630 540 526 
3082 275 245 347 312 
3083 484 387 469 695 
3084 465 92 405 695 
3085 248 204 67 66 
3086 426 417 401 425 
3087 101 30 652 102 
3088 386 298 285 699 
3089 584 578 579 573 
3090 106 34 445 105 
3091 614 648 416 642 
3092 567 575 578 573 
3093 471 452 445 453 
3094 411 360 490 678 
3095 270 292 234 288 
3096 288 296 6 287 
3097 392 393 457 639 
3098 72 341 395 73 
3099 296 292 86 27 
3100 380 378 423 618 
3101 277 237 238 276 
3102 332 352 333 349 
3103 506 505 509 529 
3104 450 596 451 495 
3105 186 160 184 166 
3106 457 470 43 510 
3107 648 385 614 416 
3108 413 385 648 416 
3109 241 250 272 254 
3110 49 193 50 51 
3111 614 384 389 416 
3112 416 648 413 642 
3113 649 43 653 526 
3114 4 42 2 636 
3115 90 92 387 695 
3116 334 252 251 697 
3117 383 358 305 304 
3118 81 20 82 65 
3119 440 589 591 507 
3120 223 199 181 208 
3121 652 413 100 655 
3122 396 97 401 402 
3123 524 461 443 444 
3124 72 71 341 73 
3125 155 143 137 46 
3126 204 248 230 66 
3127 288 346 27 319 
3128 205 175 12 239 
3129 281 334 251 697 
3130 430 102 421 409 
3131 106 445 452 105 
3132 484 387 391 469 
3133 166 186 160 159 
3134 108 102 32 30 
3135 64 194 175 12 
3136 633 540 526 610 
3137 518 492 480 486 
3138 358 303 305 304 
3139 552 533 565 556 
3140 380 423 612 618 
3141 31 421 429 488 
3142 505 459 468 460 
3143 196 195 82 65 
3144 69 291 212 660 
3145 381 321 390 363 
3146 83 87 85 86 
3147 496 450 495 595 
3148 194 74 81 225 
3149 302 277 238 328 
3150 363 390 428 364 
3151 168 171 191 167 
3152 87 83 292 86 
3153 419 383 305 304 
3154 32 102 652 30 
3155 205 74 12 207 
3156 82 20 240 229 
3157 284 264 269 248 
3158 652 101 102 657 
3159 495 515 496 595 
3160 319 287 296 288 
3161 133 134 126 154 
3162 217 181 183 208 
3163 299 284 659 63 
3164 77 6 234 292 
3165 143 152 137 46 
3166 526 650 649 610 
3167 86 26 296 27 
3168 118 424 461 444 
3169 381 321 346 390 
3170 509 505 476 529 
3171 421 488 102 430 
3172 415 456 2 624 
3173 5 207 6 52 
3174 652 651 102 32 
3175 446 421 429 467 
3176 489 102 101 657 
3177 39 424 118 444 
3178 61 265 62 658 
3179 627 606 603 628 
3180 4 619 43 510 
3181 650 656 525 653 
3182 556 552 533 531 
3183 387 484 388 695 
3184 435 416 413 642 
3185 346 288 321 319 
3186 615 385 614 648 
3187 527 532 533 531 
3188 449 452 105 107 
3189 649 650 525 653 
3190 46 45 48 1 
3191 643 4 43 636 
3192 527 124 532 531 
3193 15 14 21 65 
3194 145 144 132 136 
3195 126 128 133 154 
3196 90 391 92 91 
3197 362 90 387 695 
3198 591 448 440 507 
3199 601 612 423 594 
3200 194 12 74 207 
3201 639 470 641 619 
3202 470 41 641 619 
3203 556 533 532 531 
3204 81 74 194 65 
3205 378 29 322 99 
3206 526 525 650 610 
3207 320 346 321 319 
3208 468 459 390 428 
3209 641 645 470 392 
3210 101 652 655 657 
3211 442 418 417 441 
3212 2 42 38 624 
3213 74 64 194 65 
3214 618 423 612 594 
3215 384 614 385 416 
3216 505 497 501 459 
3217 502 506 501 505 
3218 418 396 417 394 
3219 14 15 64 65 
3220 482 501 518 497 
3221 579 578 575 573 
3222 510 43 4 636 
3223 101 102 489 430 
3224 524 118 461 444 
3225 239 205 78 80 
3226 39 118 119 444 
3227 19 232 76 80 
3228 191 176 168 210 
3229 413 30 435 642 
3230 575 578 565 567 
3231 457 470 639 619 
3232 304 312 347 382 
3233 76 77 234 292 
3234 428 468 459 460 
3235 95 96 374 28 
3236 39 419 424 444 
3237 82 20 196 65 
3238 101 102 430 409 
3239 166 160 178 151 
3240 299 659 661 63 
3241 101 652 100 655 
3242 138 44 137 46 
3243 183 185 217 208 
3244 446 480 467 492 
3245 526 649 633 610 
3246 502 505 459 468 
3247 20 196 240 229 
3248 102 488 489 430 
3249 356 277 370 302 
3250 577 549 572 581 
3251 12 64 194 74 
3252 532 124 527 122 
3253 196 20 82 229 
3254 649 633 643 526 
3255 459 505 497 460 
3256 505 501 502 459 
3257 649 525 650 526 
3258 119 40 118 39 
3259 225 194 74 207 
3260 641 645 41 470 
3261 594 618 423 99 
3262 363 428 390 460 
3263 525 649 653 526 
3264 428 459 390 460 
3265 124 556 531 558 
3266 488 421 429 430 
3267 452 106 105 107 
3268 171 176 168 191 
3269 531 527 124 122 
3270 28 96 374 97 
3271 118 40 119 121 
3272 341 11 291 13 
3273 618 378 423 99 
3274 363 390 459 460 
3275 122 124 531 558 
3276 47 48 45 1 
3277 44 137 133 138 
3278 88 13 11 72 
3279 381 346 321 320 
3280 89 88 11 395 
3281 395 88 11 72 
3282 13 341 11 72 
3283 395 11 341 72 
3284 134 126 125 135 
3285 193 3 170 190 
3286 178 184 185 183 
3287 151 132 150 144 
3288 132 125 126 135 
3289 219 176 203 210 
3290 271 250 272 241 
3291 305 303 267 304 
3292 520 492 518 486 
3293 391 346 91 390 
3294 43 4 41 619 
3295 423 422 450 601 
3296 526 554 550 540 
3297 533 540 554 565 
3298 423 450 448 601 
3299 118 531 122 527 
3300 238 237 277 302 
3301 322 266 316 278 
3302 495 522 523 477 
3303 400 335 376 342 
3304 291 69 341 13 
3305 291 341 69 71 
3306 72 341 69 13 
3307 72 69 341 71 
3308 564 584 579 573 
3309 564 579 584 585 
3310 486 497 482 518 
3311 482 497 486 485 
3312 482 479 486 518 
3313 486 479 482 485 
3314 23 233 677 283 
3315 677 233 23 10 
3316 677 294 23 283 
3317 23 294 677 10 
3318 691 103 514 638 
3319 691 514 103 104 
3320 32 103 514 664 
3321 32 514 103 651 
3322 554 578 557 565 
3323 234 205 76 232 
3324 234 76 205 77 
3325 681 611 666 602 
3326 534 666 611 602 
3327 534 611 666 689 
3328 154 692 169 156 
3329 169 692 154 669 
3330 26 319 27 346 
3331 26 27 319 296 
3332 696 587 597 586 
3333 696 597 587 623 
3334 691 454 449 472 
3335 691 449 454 455 
3336 274 324 667 301 
3337 274 667 324 308 
3338 687 667 324 301 
3339 687 324 667 308 
3340 208 186 185 184 
3341 181 186 183 213 
3342 181 183 186 184 
3343 186 183 185 184 
3344 332 348 349 325 
3345 332 349 348 352 
3346 354 349 348 325 
3347 354 348 349 352 
3348 305 444 383 419 
3349 383 444 305 443 
3350 689 554 534 611 
3351 518 497 506 519 
3352 518 506 497 501 
3353 505 506 497 519 
3354 505 497 506 501 
3355 528 512 388 484 
3356 388 512 528 521 
3357 73 355 341 395 
3358 508 498 691 453 
3359 508 691 498 506 
3360 694 669 161 142 
3361 694 161 669 692 
3362 350 671 698 366 
3363 698 671 350 340 
3364 698 338 350 366 
3365 350 338 698 340 
3366 675 222 202 221 
3367 675 202 222 60 
3368 228 192 684 200 
3369 228 684 192 227 
3370 530 493 539 500 
3371 530 539 493 475 
3372 678 539 493 500 
3373 678 493 539 475 
3374 439 438 685 35 
3375 685 438 439 674 
3376 557 534 554 552 
3377 557 554 534 689 
3378 696 472 473 670 
3379 696 473 472 442 
3380 685 513 693 458 
3381 685 693 513 109 
3382 84 260 667 256 
3383 667 260 84 282 
3384 108 664 514 31 
3385 514 664 108 32 
3386 514 102 108 31 
3387 108 102 514 32 
3388 147 182 667 179 
3389 147 667 182 149 
3390 685 436 513 458 
3391 494 513 685 436 
3392 674 335 400 293 
3393 674 400 335 431 
3394 425 401 626 417 
3395 425 626 401 402 
3396 626 401 599 417 
3397 626 599 401 402 
3398 599 401 394 417 
3399 599 394 401 402 
3400 95 94 686 377 
3401 95 686 94 671 
3402 640 100 647 655 
3403 640 647 100 371 
3404 648 647 100 655 
3405 648 100 647 371 
3406 423 422 594 99 
3407 594 422 423 601 
3408 670 576 690 666 
3409 670 690 576 546 
3410 666 535 534 557 
3411 312 383 304 358 
3412 304 383 312 382 
3413 440 589 524 443 
3414 605 589 524 604 
3415 605 524 589 443 
3416 631 367 393 617 
3417 393 367 631 646 
3418 393 639 631 617 
3419 631 639 393 646 
3420 2 617 619 639 
3421 2 619 617 38 
3422 73 395 392 355 
3423 73 392 395 430 
3424 44 154 137 155 
3425 44 137 154 133 
3426 596 427 600 451 
3427 600 427 596 586 
3428 699 10 294 286 
3429 666 696 37 462 
3430 666 37 696 681 
3431 463 37 696 462 
3432 463 696 37 681 
3433 15 179 64 65 
3434 15 64 179 182 
3435 194 64 179 65 
3436 194 179 64 182 
3437 693 517 536 513 
3438 693 536 517 110 
3439 536 553 112 543 
3440 536 112 553 547 
3441 672 112 553 543 
3442 672 553 112 547 
3443 492 113 467 33 
3444 492 467 113 481 
3445 518 483 492 33 
3446 518 492 483 481 
3447 483 113 492 33 
3448 483 492 113 481 
3449 10 677 699 294 
3450 699 677 10 285 
3451 692 226 684 54 
3452 692 684 226 192 
3453 227 684 226 54 
3454 227 226 684 192 
3455 690 672 563 521 
3456 563 672 690 566 
3457 563 555 690 521 
3458 690 555 563 566 
3459 525 610 551 608 
3460 525 551 610 550 
3461 609 551 610 608 
3462 609 610 551 550 
3463 49 669 7 226 
3464 54 7 669 226 
3465 288 52 6 234 
3466 6 52 288 287 
3467 372 344 680 365 
3468 207 175 12 205 
3469 207 12 175 194 
3470 466 405 695 465 
3471 466 695 405 433 
3472 632 637 697 621 
3473 697 637 632 646 
3474 515 681 666 534 
3475 666 681 515 523 
3476 666 535 515 534 
3477 515 535 666 523 
3478 415 617 616 38 
3479 616 617 415 368 
3480 43 653 470 41 
3481 379 378 326 380 
3482 326 378 379 327 
3483 677 87 233 270 
3484 589 507 524 604 
3485 524 507 589 440 
3486 667 274 679 55 
3487 667 679 274 273 
3488 58 679 274 55 
3489 58 274 679 273 
3490 410 674 302 328 
3491 280 263 684 227 
3492 280 684 263 307 
3493 673 188 698 671 
3494 673 698 188 187 
3495 150 156 132 135 
3496 150 132 156 165 
3497 136 156 132 165 
3498 232 270 76 234 
3499 232 76 270 19 
3500 100 640 392 655 
3501 392 640 100 355 
3502 675 237 203 682 
3503 192 49 669 3 
3504 192 669 49 226 
3505 559 560 672 571 
3506 559 672 560 543 
3507 553 672 560 571 
3508 553 560 672 543 
3509 233 85 677 283 
3510 233 677 85 87 
3511 337 677 85 283 
3512 337 85 677 87 
3513 558 567 556 552 
3514 558 556 567 568 
3515 587 394 634 588 
3516 634 394 587 599 
3517 634 625 587 588 
3518 587 625 634 599 
3519 12 205 77 74 
3520 687 301 354 349 
3521 280 266 317 316 
3522 668 317 266 316 
3523 367 697 379 631 
3524 379 697 367 281 
3525 242 51 193 218 
3526 51 190 669 49 
3527 669 190 51 53 
3528 669 7 51 49 
3529 51 7 669 53 
3530 504 484 391 469 
3531 504 391 484 476 
3532 275 304 312 347 
3533 509 690 476 504 
3534 476 690 509 529 
3535 392 100 101 73 
3536 392 101 100 655 
3537 695 285 434 386 
3538 695 434 285 677 
3539 699 434 285 386 
3540 699 285 434 677 
3541 234 6 205 52 
3542 234 205 6 77 
3543 207 205 6 52 
3544 564 581 579 585 
3545 579 581 564 577 
3546 535 564 666 548 
3547 666 564 535 557 
3548 587 598 418 623 
3549 587 418 598 599 
3550 659 660 299 661 
3551 659 299 660 67 
3552 291 299 660 661 
3553 291 660 299 67 
3554 33 514 492 520 
3555 492 514 33 31 
3556 428 91 390 468 
3557 390 91 428 364 
3558 12 76 205 239 
3559 12 205 76 77 
3560 73 430 72 409 
3561 73 72 430 395 
3562 88 72 430 409 
3563 88 430 72 395 
3564 66 195 82 230 
3565 66 82 195 65 
3566 95 324 317 93 
3567 317 324 95 308 
3568 13 660 291 69 
3569 291 660 13 661 
3570 111 672 666 36 
3571 666 672 111 522 
3572 666 477 111 36 
3573 111 477 666 522 
3574 504 508 670 455 
3575 504 670 508 509 
3576 691 670 508 455 
3577 691 508 670 509 
3578 43 526 470 653 
3579 470 526 43 510 
3580 615 637 686 647 
3581 697 686 637 647 
3582 697 637 686 621 
3583 603 627 540 630 
3584 603 540 627 628 
3585 12 75 175 15 
3586 12 175 75 239 
3587 635 608 551 622 
3588 635 551 608 644 
3589 569 578 557 554 
3590 569 557 578 584 
3591 218 255 688 253 
3592 688 255 218 254 
3593 275 312 262 245 
3594 275 262 312 311 
3595 266 228 684 224 
3596 684 228 266 280 
3597 684 668 266 224 
3598 266 668 684 280 
3599 697 29 99 94 
3600 697 99 29 378 
3601 385 371 686 373 
3602 686 371 385 648 
3603 697 632 378 631 
3604 697 378 632 621 
3605 618 378 632 631 
3606 618 632 378 621 
3607 16 232 233 19 
3608 233 232 16 206 
3609 624 443 368 456 
3610 624 368 443 616 
3611 437 678 475 493 
3612 233 222 10 257 
3613 233 10 222 220 
3614 351 366 374 350 
3615 351 374 366 384 
3616 95 366 374 384 
3617 344 357 271 323 
3618 680 271 357 323 
3619 571 574 581 572 
3620 581 574 571 580 
3621 574 549 581 572 
3622 581 549 574 580 
3623 574 672 549 572 
3624 549 672 574 580 
3625 543 499 693 536 
3626 543 693 499 500 
3627 487 447 685 109 
3628 685 447 487 464 
3629 675 203 238 219 
3630 675 238 203 237 
3631 210 238 203 219 
3632 210 203 238 237 
3633 115 116 678 114 
3634 115 678 116 117 
3635 693 678 116 114 
3636 693 116 678 117 
3637 498 104 483 33 
3638 498 483 104 471 
3639 113 483 104 33 
3640 113 104 483 471 
3641 175 78 205 174 
3642 205 78 175 239 
3643 314 674 400 293 
3644 400 335 314 293 
3645 314 335 400 342 
3646 232 78 16 206 
3647 181 216 208 217 
3648 181 208 216 223 
3649 633 630 540 627 
3650 540 630 633 526 
3651 122 532 537 527 
3652 537 118 122 527 
3653 27 90 364 362 
3654 364 90 27 91 
3655 662 7 669 54 
3656 662 669 7 53 
3657 19 80 78 232 
3658 78 80 19 18 
3659 78 16 19 232 
3660 19 16 78 18 
3661 387 92 391 469 
3662 391 92 387 90 
3663 518 479 480 481 
3664 480 479 518 486 
3665 216 223 262 246 
3666 262 223 216 208 
3667 248 658 240 229 
3668 240 658 248 264 
3669 240 249 248 229 
3670 248 249 240 264 
3671 300 70 212 258 
3672 212 70 300 71 
3673 212 291 300 258 
3674 300 291 212 71 
3675 153 667 179 147 
3676 448 595 450 496 
3677 450 595 448 591 
3678 304 312 268 275 
3679 304 267 268 303 
3680 268 267 304 275 
3681 624 636 456 42 
3682 624 456 636 511 
3683 162 161 669 143 
3684 162 669 161 172 
3685 660 212 67 291 
3686 660 67 212 68 
3687 653 645 470 41 
3688 271 241 680 295 
3689 271 680 241 272 
3690 213 208 181 235 
3691 98 594 593 592 
3692 98 593 594 99 
3693 269 291 67 212 
3694 67 291 269 299 
3695 43 470 619 41 
3696 43 619 470 457 
3697 387 468 90 428 
3698 387 90 468 391 
3699 65 20 194 81 
3700 65 194 20 196 
3701 225 194 20 81 
3702 225 20 194 196 
3703 478 490 386 360 
3704 402 389 396 97 
3705 402 396 389 394 
3706 125 132 156 135 
3707 125 156 132 136 
3708 360 699 298 386 
3709 342 306 680 314 
3710 680 306 342 343 
3711 680 685 342 314 
3712 342 685 680 343 
3713 183 213 208 181 
3714 410 411 328 412 
3715 410 328 411 359 
3716 299 284 66 659 
3717 66 284 299 269 
3718 66 67 299 659 
3719 299 67 66 269 
3720 162 171 167 173 
3721 167 171 162 164 
3722 121 537 524 118 
3723 524 537 121 120 
3724 121 524 444 118 
3725 444 524 121 120 
3726 121 444 119 118 
3727 119 444 121 120 
3728 298 257 699 297 
3729 298 699 257 285 
3730 47 167 152 164 
3731 152 167 47 48 
3732 639 470 392 641 
3733 639 392 470 457 
3734 411 539 678 542 
3735 678 539 411 412 
3736 395 429 88 430 
3737 395 88 429 89 
3738 421 88 429 430 
3739 421 429 88 89 
3740 171 203 682 201 
3741 682 203 171 176 
3742 1 44 46 45 
3743 1 46 44 138 
3744 189 213 684 224 
3745 189 684 213 186 
3746 141 158 694 157 
3747 141 694 158 153 
3748 667 694 158 157 
3749 667 158 694 153 
3750 144 160 166 151 
3751 166 160 144 159 
3752 157 187 668 188 
3753 668 187 157 158 
3754 196 179 65 194 
3755 65 179 196 195 
3756 415 511 636 456 
3757 636 511 415 510 
3758 399 500 693 493 
3759 399 693 500 499 
3760 247 246 262 223 
3761 247 262 246 268 
3762 217 275 245 244 
3763 267 275 217 244 
3764 300 334 676 252 
3765 300 676 334 355 
3766 644 651 514 654 
3767 644 514 651 638 
3768 332 260 349 333 
3769 332 349 260 22 
3770 212 248 67 269 
3771 212 67 248 204 
3772 315 67 698 66 
3773 315 698 67 329 
3774 299 11 13 291 
3775 13 11 299 63 
3776 13 661 299 291 
3777 299 661 13 63 
3778 425 105 629 34 
3779 425 629 105 426 
3780 445 629 105 34 
3781 445 105 629 426 
3782 346 288 390 321 
3783 363 390 288 321 
3784 363 288 390 364 
3785 28 301 687 324 
3786 28 687 301 354 
3787 434 406 677 433 
3788 434 677 406 432 
3789 652 654 102 651 
3790 652 102 654 657 
3791 470 430 101 489 
3792 101 430 470 392 
3793 101 645 470 489 
3794 470 645 101 392 
3795 316 94 93 29 
3796 527 552 533 534 
3797 527 533 552 531 
3798 606 533 603 540 
3799 606 603 533 532 
3800 456 533 603 532 
3801 437 370 410 398 
3802 437 410 370 420 
3803 302 370 410 420 
3804 36 110 693 109 
3805 36 693 110 111 
3806 475 410 678 437 
3807 678 410 475 412 
3808 360 297 699 359 
3809 360 699 297 298 
3810 285 388 695 387 
3811 285 695 388 386 
3812 386 491 478 388 
3813 478 491 386 490 
3814 663 57 197 60 
3815 663 197 57 58 
3816 241 51 193 242 
3817 241 193 51 50 
3818 517 464 513 487 
3819 517 513 464 494 
3820 685 513 464 487 
3821 685 464 513 494 
3822 624 630 511 636 
3823 624 511 630 603 
3824 121 122 537 118 
3825 121 537 122 123 
3826 408 344 680 372 
3827 680 344 408 403 
3828 668 95 316 94 
3829 668 316 95 317 
3830 93 316 95 94 
3831 93 95 316 317 
3832 216 208 246 262 
3833 208 245 275 262 
3834 208 275 245 217 
3835 267 208 275 262 
3836 267 275 208 217 
3837 246 208 267 262 
3838 410 370 674 398 
3839 410 674 370 302 
3840 356 674 370 398 
3841 356 370 674 302 
3842 637 613 686 621 
3843 637 686 613 615 
3844 209 682 237 215 
3845 244 216 267 246 
3846 244 267 216 217 
3847 208 267 216 246 
3848 208 216 267 217 
3849 1 152 138 137 
3850 1 138 152 47 
3851 46 138 152 137 
3852 124 537 122 532 
3853 122 537 124 123 
3854 153 180 667 158 
3855 153 667 180 179 
3856 603 456 624 511 
3857 603 624 456 605 
3858 511 533 603 456 
3859 511 603 533 540 
3860 418 598 696 623 
3861 441 418 696 442 
3862 441 696 418 598 
3863 611 666 597 681 
3864 611 597 666 689 
3865 696 597 666 681 
3866 696 666 597 689 
3867 208 186 183 185 
3868 183 186 208 213 
3869 432 114 674 438 
3870 674 114 432 678 
3871 114 685 674 438 
3872 674 685 114 678 
3873 114 35 685 438 
3874 685 35 114 678 
3875 656 653 470 525 
3876 656 470 653 645 
3877 676 355 71 73 
3878 676 71 355 300 
3879 341 71 355 73 
3880 341 355 71 300 
3881 127 126 154 128 
3882 127 130 154 156 
3883 154 130 127 128 
3884 317 280 668 266 
3885 668 280 317 307 
3886 608 650 545 525 
3887 545 650 608 644 
3888 650 514 545 525 
3889 545 514 650 644 
3890 650 654 514 525 
3891 514 654 650 644 
3892 205 6 74 207 
3893 205 74 6 77 
3894 134 125 154 156 
3895 134 154 125 126 
3896 127 154 125 156 
3897 127 125 154 126 
3898 366 374 671 95 
3899 366 671 374 350 
3900 687 671 374 95 
3901 687 374 671 350 
3902 271 344 680 357 
3903 680 344 271 331 
3904 511 43 510 636 
3905 511 510 43 526 
3906 630 643 511 636 
3907 630 511 643 526 
3908 643 43 511 636 
3909 643 511 43 526 
3910 400 314 685 674 
3911 685 314 400 342 
3912 685 439 400 674 
3913 210 237 682 203 
3914 210 682 237 209 
3915 304 358 311 312 
3916 311 358 304 303 
3917 311 268 304 312 
3918 304 268 311 303 
3919 396 377 394 96 
3920 394 377 396 389 
3921 97 374 95 96 
3922 95 374 97 389 
3923 97 95 377 96 
3924 377 95 97 389 
3925 396 97 377 96 
3926 377 97 396 389 
3927 699 360 674 678 
3928 699 674 360 359 
3929 410 678 411 412 
3930 359 674 678 410 
3931 678 674 359 360 
3932 678 411 359 410 
3933 359 411 678 360 
3934 685 400 343 342 
3935 414 400 685 439 
3936 414 685 400 343 
3937 48 1 138 46 
3938 138 1 48 47 
3939 138 152 48 46 
3940 48 152 138 47 
3941 130 154 137 128 
3942 130 143 154 142 
3943 154 143 130 137 
3944 320 319 287 318 
3945 319 321 287 288 
3946 287 321 319 320 
3947 288 390 27 346 
3948 288 27 390 364 
3949 476 504 502 509 
3950 476 505 502 468 
3951 502 505 476 509 
3952 391 476 502 468 
3953 391 502 476 504 
3954 620 700 587 701 
3955 608 700 620 701 
3956 643 4 700 701 
3957 643 627 633 700 
3958 588 597 586 700 
3959 587 620 597 700 
3960 586 597 596 700 
3961 600 586 596 700 
3962 632 593 700 701 
3963 600 588 586 700 
3964 587 700 588 701 
3965 592 601 594 700 
3966 608 611 620 700 
3967 597 620 611 700 
3968 600 596 595 700 
3969 638 623 629 701 
3970 643 700 649 701 
3971 626 599 614 701 
3972 588 587 597 700 
3973 614 642 626 701 
3974 610 649 633 700 
3975 637 632 646 701 
3976 629 623 587 701 
3977 626 629 599 701 
3978 618 632 593 700 
3979 41 619 4 701 
3980 588 587 586 597 
3981 588 700 593 701 
3982 602 596 597 700 
3983 635 608 620 701 
3984 649 700 608 701 
3985 4 627 643 700 
3986 632 637 593 701 
3987 588 600 592 700 
3988 595 596 602 700 
3989 635 623 638 701 
3990 594 618 593 700 
3991 639 646 632 701 
3992 608 607 611 700 
3993 599 629 587 701 
3994 599 625 614 701 
3995 38 632 618 700 
3996 649 643 633 700 
3997 642 629 626 701 
3998 610 608 649 700 
3999 607 608 610 700 
4000 613 614 625 701 
4001 616 618 612 700 
4002 38 618 616 700 
4003 641 640 639 701 
4004 602 597 611 700 
4005 637 646 640 701 
4006 612 601 591 700 
4007 639 632 619 701 
4008 614 613 615 701 
4009 635 644 608 701 
4010 627 606 628 700 
4011 591 600 595 700 
4012 639 640 646 701 
4013 603 605 604 700 
4014 650 649 608 701 
4015 588 625 587 701 
4016 627 603 606 700 
4017 593 625 588 701 
4018 605 624 616 700 
4019 644 635 638 701 
4020 637 615 613 701 
4021 622 635 608 620 
4022 637 593 621 632 
4023 38 42 4 700 
4024 616 612 589 700 
4025 602 611 607 700 
4026 41 641 619 701 
4027 615 648 614 701 
4028 607 609 608 611 
4029 651 638 629 701 
4030 4 636 630 42 
4031 639 619 641 701 
4032 595 602 590 700 
4033 598 587 629 623 
4034 599 587 625 701 
4035 642 614 648 701 
4036 637 613 593 701 
4037 605 616 589 700 
4038 38 624 42 700 
4039 603 604 606 700 
4040 621 593 618 632 
4041 590 607 606 700 
4042 644 654 650 701 
4043 641 41 645 701 
4044 644 651 654 701 
4045 630 624 42 636 
4046 598 587 599 629 
4047 644 650 608 701 
4048 590 602 607 700 
4049 591 595 590 700 
4050 644 638 651 701 
4051 593 613 625 701 
4052 656 653 650 701 
4053 642 651 629 701 
4054 628 606 607 700 
4055 38 616 624 700 
4056 654 656 650 701 
4057 606 604 590 700 
4058 645 41 653 701 
4059 645 653 656 701 
4060 654 652 657 701 
4061 598 599 626 629 
4062 654 657 656 701 
4063 648 652 642 701 
4064 590 604 589 700 
4065 591 589 612 700 
4066 589 604 605 700 
4067 610 609 608 607 
4068 638 598 629 623 
4069 625 634 599 614 
4070 643 4 630 627 
4071 641 645 640 701 
4072 651 642 652 701 
4073 653 649 650 701 
4074 647 637 640 701 
4075 590 589 591 700 
4076 654 651 652 701 
4077 657 645 656 701 
4078 615 637 647 701 
4079 646 647 637 640 
4080 4 630 636 643 
4081 618 38 617 632 
4082 647 640 655 701 
4083 647 655 648 701 
4084 615 647 648 701 
4085 616 38 617 618 
4086 655 652 648 701 
4087 613 634 625 614 
4088 645 657 655 701 
4089 645 655 640 701 
4090 657 652 655 701 
4091 623 597 587 620 
4092 632 631 646 639 
4093 634 626 599 614 
4094 598 638 635 623 
4095 632 617 618 631 
4096 38 2 4 42 
4097 2 619 38 4 
4098 621 613 593 637 
4099 617 612 616 618 
4100 630 633 643 627 
4101 610 700 628 607 
4102 622 611 608 609 
4103 608 611 622 620 
4104 593 592 700 588 
4105 593 700 592 594 
4106 601 600 700 592 
4107 601 700 600 591 
4108 628 633 700 610 
4109 628 700 633 627 
4110 617 619 632 38 
4111 617 639 632 619 
4112 617 632 639 631 
4113 594 612 700 601 
4114 700 612 594 618 
4115 632 701 38 619 
4116 632 38 701 700 
4117 4 38 701 619 
4118 4 701 38 700 
4119 701 623 620 635 
4120 701 620 623 587 
4121 43 4 701 41 
4122 701 4 43 643 
4123 43 649 701 643 
4124 4 627 42 630 
4125 42 627 4 700 
4126 653 43 701 41 
4127 653 701 43 649 
4128 627 630 624 42 
4129 624 700 627 42 
4130 603 624 627 630 
4131 603 624 700 627 
4132 700 624 603 605 
$EndElements
