$MeshFormat
4.1 0 8
$EndMeshFormat
$Entities
0 0 1 1
1 -23.9915257 -49.0392189 0 41.8018723 18.3963566 115.823997 0 0 
1 -23.9915257 -49.0392189 0 41.8018723 18.3963566 115.823997 0 1 1 
$EndEntities
$Nodes
2 1153 1 1153
2 1 0 978
1
2
3
4
5
6
7
8
9
10
11
12
13
14
15
16
17
18
19
20
21
22
23
24
25
26
27
28
29
30
31
32
33
34
35
36
37
38
39
40
41
42
43
44
45
46
47
48
49
50
51
52
53
54
55
56
57
58
59
60
61
62
63
64
65
66
67
68
69
70
71
72
73
74
75
76
77
78
79
80
81
82
83
84
85
86
87
88
89
90
91
92
93
94
95
96
97
98
99
100
101
102
103
104
105
106
107
108
109
110
111
112
113
114
115
116
117
118
119
120
121
122
123
124
125
126
127
128
129
130
131
132
133
134
135
136
137
138
139
140
141
142
143
144
145
146
147
148
149
150
151
152
153
154
155
156
157
158
159
160
161
162
163
164
165
166
167
168
169
170
171
172
173
174
175
176
177
178
179
180
181
182
183
184
185
186
187
188
189
190
191
192
193
194
195
196
197
198
199
200
201
202
203
204
205
206
207
208
209
210
211
212
213
214
215
216
217
218
219
220
221
222
223
224
225
226
227
228
229
230
231
232
233
234
235
236
237
238
239
240
241
242
243
244
245
246
247
248
249
250
251
252
253
254
255
256
257
258
259
260
261
262
263
264
265
266
267
268
269
270
271
272
273
274
275
276
277
278
279
280
281
282
283
284
285
286
287
288
289
290
291
292
293
294
295
296
297
298
299
300
301
302
303
304
305
306
307
308
309
310
311
312
313
314
315
316
317
318
319
320
321
322
323
324
325
326
327
328
329
330
331
332
333
334
335
336
337
338
339
340
341
342
343
344
345
346
347
348
349
350
351
352
353
354
355
356
357
358
359
360
361
362
363
364
365
366
367
368
369
370
371
372
373
374
375
376
377
378
379
380
381
382
383
384
385
386
387
388
389
390
391
392
393
394
395
396
397
398
399
400
401
402
403
404
405
406
407
408
409
410
411
412
413
414
415
416
417
418
419
420
421
422
423
424
425
426
427
428
429
430
431
432
433
434
435
436
437
438
439
440
441
442
443
444
445
446
447
448
449
450
451
452
453
454
455
456
457
458
459
460
461
462
463
464
465
466
467
468
469
470
471
472
473
474
475
476
477
478
479
480
481
482
483
484
485
486
487
488
489
490
491
492
493
494
495
496
497
498
499
500
501
502
503
504
505
506
507
508
509
510
511
512
513
514
515
516
517
518
519
520
521
522
523
524
525
526
527
528
529
530
531
532
533
534
535
536
537
538
539
540
541
542
543
544
545
546
547
548
549
550
551
552
553
554
555
556
557
558
559
560
561
562
563
564
565
566
567
568
569
570
571
572
573
574
575
576
577
578
579
580
581
582
583
584
585
586
587
588
589
590
591
592
593
594
595
596
597
598
599
600
601
602
603
604
605
606
607
608
609
610
611
612
613
614
615
616
617
618
619
620
621
622
623
624
625
626
627
628
629
630
631
632
633
634
635
636
637
638
639
640
641
642
643
644
645
646
647
648
649
650
651
652
653
654
655
656
657
658
659
660
661
662
663
664
665
666
667
668
669
670
671
672
673
674
675
676
677
678
679
680
681
682
683
684
685
686
687
688
689
690
691
692
693
694
695
696
697
698
699
700
701
702
703
704
705
706
707
708
709
710
711
712
713
714
715
716
717
718
719
720
721
722
723
724
725
726
727
728
729
730
731
732
733
734
735
736
737
738
739
740
741
742
743
744
745
746
747
748
749
750
751
752
753
754
755
756
757
758
759
760
761
762
763
764
765
766
767
768
769
770
771
772
773
774
775
776
777
778
779
780
781
782
783
784
785
786
787
788
789
790
791
792
793
794
795
796
797
798
799
800
801
802
803
804
805
806
807
808
809
810
811
812
813
814
815
816
817
818
819
820
821
822
823
824
825
826
827
828
829
830
831
832
833
834
835
836
837
838
839
840
841
842
843
844
845
846
847
848
849
850
851
852
853
854
855
856
857
858
859
860
861
862
863
864
865
866
867
868
869
870
871
872
873
874
875
876
877
878
879
880
881
882
883
884
885
886
887
888
889
890
891
892
893
894
895
896
897
898
899
900
901
902
903
904
905
906
907
908
909
910
911
912
913
914
915
916
917
918
919
920
921
922
923
924
925
926
927
928
929
930
931
932
933
934
935
936
937
938
939
940
941
942
943
944
945
946
947
948
949
950
951
952
953
954
955
956
957
958
959
960
961
962
963
964
965
966
967
968
969
970
971
972
973
974
975
976
977
978
16.6165504 1.79755914 75.6736908
19.839262 0.779995799 73.6496506
20.0924873 4.39895916 73.35572809999999
-18.2201595 -5.98978853 61.5992088
-21.3772793 -10.3267422 58.7922668
-19.4725895 -9.5919857 66.06589510000001
16.7892246 5.88812017 75.31726070000001
25.2240124 -13.6478119 103.375725
29.1720009 -14.9119997 106.028
29.5100002 -13.842 103.164001
21.6873455 -12.2228231 95.53956599999999
25.3710003 -12.6680002 99.4059982
29.5251865 -12.6613216 97.6989288
29.1100006 -17.6259995 110.656998
24.5318298 -15.9007378 108.116524
20.9713726 6.82994223 71.177002
13.6055355 0.65850842 79.3128281
19.1672134 -12.9647703 99.80057530000001
29.5008965 -39.9792023 82.6478043
32.6145401 -39.0369148 91.43482210000001
25.9729996 -43.6839981 88.8150024
25.5694027 -42.9229431 83.0015106
15.2978907 -12.1312075 99.3701477
15.0600004 -14.5299997 102.762001
-14.4490538 -2.48178887 65.93908690000001
-15.3176746 -1.86923409 59.1557159
18.5680008 -14.2110004 102.962997
-22.4793854 -13.4936571 61.5012131
14.6421556 12.0203953 72.4884186
16.4796886 13.0277348 68.051857
-19.3606186 -5.97075844 52.7056084
-15.428997 -1.37190807 54.6514359
25.2469997 -12.382 92.08799740000001
-23.5657425 -17.2753582 61.8444977
-23.9789658 -16.3724556 54.79842
28.9860001 -12.3529997 92.0250015
33.0400009 -13.1949997 92.2409973
33.0108528 -13.551095 98.07726289999999
-21.7676144 -9.840563769999999 50.6736565
16.4779301 -10.8288698 95.99004360000001
21.632 -12.125 92.4049988
18.5716171 -9.301235200000001 89.1241455
11.4138393 -10.5271912 98.35533909999999
10.927 -13.6409998 100.597
7.8039999 -13.257 100.523003
-23.8857422 -21.199379 60.0913925
7.10300016 -10.5150003 99.137001
3.44700003 -13.1780005 100.427002
6.78800011 -15.6789999 101.103996
-23.4729996 -21.0849991 63.8100014
0.0199999996 -13.79 99.3519974
-0.131999999 -17.2360001 100.765999
29.0830002 -12.5959997 88.4589996
33.2999992 -13.3760004 88.6719971
-21.2770004 -28.4290009 59.9799995
-21.2526226 -28.2534618 54.4576035
-18.8404236 -32.0390549 54.7137146
25.132 -13.3219995 88.2389984
-22.9662628 -24.6583595 61.1989174
-23.0954723 -24.5666618 54.2709694
20.907177 -11.2425947 85.6640472
22.3929996 -13.5500002 88.1610031
-20.2505379 -29.9375038 65.0782852
-18.9263706 -32.3105736 61.4350967
19.7350006 -8.75399971 85.26499939999999
17.6660004 -6.7249999 85.0019989
-23.9799271 -21.4721527 52.1860962
-2.99474645 16.1675453 60.9872475
-6.37879658 13.7430067 63.3676987
-4.35919523 14.2340956 67.4949951
18.8519993 -17.7339993 88.94300079999999
21.3322811 -13.8662605 85.0834656
-23.9915257 -17.4824657 51.6694984
25.7730007 -16.8969994 88.8690033
3.33008814 -11.3274651 98.8860703
4.296 -13.4680004 38.0880013
0.569999993 -12.559 37.8639984
0.806999981 -12.6820002 41.0750008
1.12399995 -12.9209995 34.3479996
3.4519999 -12.8240004 42.1899986
4.95699978 -9.90400028 38.3149986
7.52299976 -10.5900002 37.8359985
-5.02270889 13.7573595 56.1234131
-1.75809336 15.2101755 55.2301102
21.1096649 -38.1935234 83.5330429
18.3902588 -38.7386665 83.4070129
18.0323353 -39.7430153 88.509491
-6.52822208 11.8048048 57.0297165
22.3040009 -36.3540001 81.44599909999999
21.4699993 -38.6279984 88.6490021
23.0030003 -36.8540001 84.8190002
-8.268948549999999 9.854107859999999 62.5211296
23.3269997 -35.9480019 89.1600037
24.2730007 -35.0460014 84.93699650000001
-8.02568913 3.32324958 63.2585144
-7.88751173 7.48325205 66.24203489999999
22.1947365 -45.1803398 85.0869904
21.6561337 -46.1795959 93.674881
-7.82958412 7.03781986 59.582695
-6.5744009 5.66095448 57.0812874
19.2133045 -46.8316269 93.1112976
18.4990005 -45.7540016 81.63200380000001
10.7032576 -6.25701237 89.8976974
7.57799482 -6.72661686 92.1722031
21.0704365 -44.0950699 77.946991
11.9564877 -38.4828644 91.6944962
10.7220001 -36.3639984 92.59899900000001
11.8640003 -35.6220016 95.3470001
-0.216839865 -48.0130119 75.00862119999999
-3.11306882 -45.9308052 67.0608826
0.490221888 -47.1806602 65.062912
-13.5490808 -39.4173927 69.87947080000001
-11.0736198 -40.9361916 63.706028
-10.6292686 -41.654335 71.642189
22.4338284 4.06067181 70.2757568
1.83254623 18.3963566 61.4415894
-2.71389437 13.381115 53.9288139
-18.6316891 -31.5040016 72.1556015
-16.7739315 -35.6141663 64.9576874
-15.2463446 -37.0486565 75.0592194
23.1849174 -1.68003166 67.6252136
-10.2710209 0.353788346 68.7040482
-7.23609591 3.21580553 68.04985050000001
22.1184063 7.20281982 67.31972500000001
-4.75371027 11.296566 54.2677689
16.8071175 12.6798954 64.2133865
21.0983677 7.31732941 63.5981789
-1.7631247 10.1963062 53.7550621
-4.90283012 5.74255562 54.9669647
22.9426136 3.77125406 64.8782425
14.0457954 13.8628607 60.1949997
-0.519936562 9.476772309999999 52.6627312
16.4377594 -0.659201682 74.14546199999999
17.8019123 7.00344658 57.7938156
7.21323252 17.6699944 65.4173279
2.60284519 17.9378185 65.2050476
6.17027044 15.940856 69.85302729999999
2.65660214 16.144577 69.9496918
-6.83719444 4.6323719 53.5955544
0.12755546 8.076426509999999 50.5452194
-3.65677547 6.23487091 49.0123787
14.4301958 -7.26981211 89.771019
-16.8662872 -35.0881729 58.1283264
-22.920433 -22.4117756 46.7578735
-11.5916719 1.99407399 47.5450859
-10.9139996 2.00500011 55.9519997
-13.5210886 0.558934033 51.299469
-15.4733477 -0.907185495 40.6094322
29.2192345 -32.286171 115.668236
29.3759995 -24.9009991 115.823997
24.7005768 -24.939249 115.664803
-0.0804252625 -9.677677149999999 37.6381149
-0.238000005 -10.1949997 41.8619995
-7.47800016 4.3039999 43.3100014
-6.66436958 4.16175079 32.7487755
-3.80249381 5.69004345 37.3306503
18.2199993 -32.3829994 115.675003
22.0123463 -32.3725433 115.698204
18.1970005 -28.1060009 115.609001
-16.1590004 -1.62899995 45.6300011
-10.9130001 2.0940001 37.9480019
21.7498512 -24.2704926 115.061462
-0.356999993 6.28800011 38.3289986
-0.11394719 5.64252806 33.4383049
18.3419991 -25 114.080002
-11.5733309 1.0289464 31.6622753
-15.4631672 -1.85203981 33.1434937
-19.1329994 -5.1500001 45.3409996
29.3419991 -20.3439999 114.554001
32.6240005 -20.941 113.834999
-22.3063641 -10.6974277 45.1052284
32.5979996 -18.4120007 110.459
-19.1098309 -5.1490407 38.7326584
-21.2812595 -8.52306175 39.3888397
25.6709995 -20.6289997 114.236
-3.43774152 4.8288765 29.9448738
32.9910011 -16.3920002 106.787003
25.1521778 -17.9074478 110.715363
-7.13895464 2.97858286 26.0856705
-22.9360008 -13.1890001 48.7019997
17.5098152 -16.872263 106.702888
-10.6905594 0.781495988 26.374279
-23.4179993 -17.3460007 45.6080017
-22.5253487 -13.5777225 40.0681076
18.3349991 -20.8460007 110.725998
2.03014016 4.15145016 26.5653667
-3.8375957 2.88638616 20.4044437
-7.25928307 0.834715247 17.3869076
-0.108000003 -10.5810003 95.6449966
3.51699996 -7.05700016 92.4560013
-21.5130005 -13.6470003 34.0130005
-22.4175682 -17.5387344 39.7149124
3.21000004 -5.31899977 88.4820023
3.7249999 -1.72599995 81.62400049999999
-0.0905489028 -1.34593022 82.6072083
3.56399989 -3.3599999 84.5810013
14.796442 -5.18705559 83.8147812
18.4920006 -18.5219994 109.371002
9.04069996 -4.32557726 86.0695419
0.6775555009999999 1.95760715 17.3684959
-3.6726172 1.34650481 15.6129217
-0.349999994 -8.68900013 93.03199770000001
15.3290005 -31.9799995 114.049004
-0.143999994 -4.81799984 86.4830017
18.3905048 3.25230432 55.6362076
16.3840008 0 57.3440018
16.3854332 -0.000529067358 54.0566368
16.280695 -0.0142957997 49.1372643
11.4466839 -2.92678778e-05 54.1464958
15.5299997 -28.6100006 113.833
8.173580169999999 2.3379035 49.1570892
8.19200039 0 49.1520004
16.366663 -5.0355916 57.4252281
18.9695301 -0.945167899 57.3436127
16.3840008 -5.92251062 59.0761337
29.4130001 -21.2880001 99.2020035
25.7579994 -20.8470001 96.1610031
28.7469997 -19.9820004 96.0080032
-20.8243103 -9.99508762 32.8282547
3.99399996 -8.303000450000001 34.144001
7.05600023 -9.61200047 34.6290016
32.7179985 -21.0310001 96.3499985
25.0209999 -18.6499996 94.83000180000001
-19.0897484 -6.13086414 32.6803513
15.1389999 -38.0750008 95.02700040000001
14.330409 -36.0639267 97.00022130000001
7.32105303 -48.3630295 91.20916750000001
13.5648727 -47.5545502 91.8446579
10.9399996 -47.7330017 96.13200380000001
13.6035109 6.07458878 78.7528763
21.8040009 -31.9239998 99.42900090000001
20.7530003 -31.3829994 103.064003
21.1399994 -28.6219997 102.591003
15.5509996 -31.3139992 105.567001
11.4184361 7.50719738 79.0869446
25.4820004 -28.5739994 100.037003
7.30900002 -46.9679985 99.4909973
6.93300009 -47.7809982 96.25099950000001
29.5359993 -29.2469997 100.708
32.5740013 -28.2929993 99.3249969
31.2390003 -30.6630001 95.71800229999999
-0.605000019 -43.3829994 92.62899779999999
0.897000015 -46.262001 91.98400119999999
3.51699996 -46.4840012 96.00099950000001
33.3120003 -24.6389999 99.8499985
0.569375873 -42.4836235 95.5972137
3.5150001 -43.4199982 99.92900090000001
14.5740004 -20.6539993 109.925003
3.22799993 -47.7340012 92.6660004
1.09000003 -10.3529997 31.3640003
0.0540000014 -46.8260002 89.15899659999999
3.7579999 -48.5159988 89.1190033
-21.7009125 -21.0772572 40.7347183
-20.0504055 -28.3196259 45.9693527
22.7080803 0.83093375 64.1473618
-18.0299454 -31.6358471 45.7028122
-18.9379997 -28.6369991 41.8170013
18.3330002 -20.1140003 41.4029999
22.1970005 -20.8239994 41.5779991
22.2520008 -20.8859997 38
-14.1049595 -35.2384529 42.2013664
18.309 -21.4370003 95.4700012
29.3269997 -19.573 92.3030014
22.2590008 -21.0559998 45.5320015
19.8849487 -20.3679218 45.5054626
22.2910004 -21.2169991 49.0670013
28.1690006 -19.1550007 88.4280014
14.6879997 -20.1650009 89.00099950000001
10.8760004 -24.8799992 95.3779984
11.0500002 -20.7450008 92.2450027
9.98499966 -35.5699997 88.9219971
11.5550003 -38.3919983 88.4029999
14.3870001 -38.5649986 84.927002
10.3669996 -36.4319992 85.33000180000001
25.6289997 -31.1170006 95.875
25.5219135 -31.9157753 88.53614810000001
23.0696144 -32.8602715 93.6011353
10.7209997 -19.8899994 107.640999
9.70365715 -21.9985676 109.633606
11.1825771 -47.8297081 82.439888
10.5970001 -24.5540009 110.708
14.9750547 -46.7469215 82.5016174
33.1660004 -28.6259995 95.8440018
14.7749996 -20.0720005 45.4599991
7.25199986 -21.1310005 106.677002
31.0392704 -30.902895 90.1104126
24.1970005 -24.7150002 42.0239983
24.8689995 -28.5849991 48.7999992
22.9333706 -28.5132294 40.8604164
21.3603649 -3.86066246 64.4217606
14.8979998 -24.6949997 111.014999
13.8690004 -28.3220005 111.509003
21.4297066 -35.8595161 95.1295166
26.9199276 -16.9784775 84.85694119999999
6.55100012 -28.4370003 110.525002
10.8508501 -28.8848839 110.630585
13.4779997 -32.144001 111.766998
29.1321754 -20.5572052 81.7833862
16.3947201 -7.03709459 65.0385742
10.7329998 -35.6980019 110.639
21.7108135 -4.6468482 67.0940475
32.9439697 -21.2994518 86.9591827
7.12799978 -24.8080006 109.919998
6.81556129 -35.465229 110.349457
4.82600021 -28.5429993 109.417
16.1177673 4.5131979 54.4341316
18.1352234 -10.1352644 65.0253372
17.4080009 -13.4619999 63.5480003
15.8304405 -11.3760691 62.7735596
24.8705635 -24.8065205 51.9345894
-21.0970001 -17.3959999 34.6629982
-19.1049995 -24.6739998 38.2099991
22.75 -32.4029999 48.4920006
20.7546711 -31.3316574 39.5384331
-19.4650002 -21.0820007 34.4609985
-17.8710003 -24.8330002 34.5810013
20.625 -18.9720001 34.0340004
22.04249 -21.1257343 32.7776604
-17.0799999 -28.3029995 34.8499985
18.2019997 -17.8180008 37.9169998
14.8856077 -19.866106 41.5752602
7.23558617 -48.6313705 83.9455643
-6.76042318 -43.7440567 65.7823563
-3.36650538 -44.5257721 59.208786
17.9645023 -17.2759056 82.4558258
-14.057477 -38.003994 58.343483
-11.9255257 -39.2558174 55.4331589
10.3075762 16.7584648 64.0413361
6.63546038 18.1120892 61.6671257
28.9969997 -30.6639996 84.8160019
32.8482971 -28.6500683 81.485321
25.5610008 -31.7630005 85.0080032
-7.73918819 -41.4315643 53.4124832
-0.481387943 -44.9996529 56.5934219
-4.04857635 -42.7003021 51.053688
24.7749996 -32.1580009 81.64099880000001
-7.97246981 -39.8936615 45.2824669
6.8670001 -20.6119995 92.2590027
3.67035151 -24.6341057 105.999115
19.066 -16.9500008 34.2970009
13.9510002 -16.9179993 34.6619987
3.87945104 17.0574951 57.8218498
23.5130005 -25.1429996 37.8829994
22.9120007 -24.8110008 34.6450005
21.4786625 -24.5349083 29.3793659
5.21114922 -35.737915 109.023911
4.19412804 -34.3550377 107.836937
8.3555975 15.6239643 57.3703461
20.7918644 -27.6136532 31.6418819
-0.566999972 -20.9909992 101.089996
2.68000007 -20.7560005 104.427002
10.9940004 -16.6410007 103.589996
7.40399981 -17.6550007 103.478996
18.6926689 -32.8421059 37.189167
4.75699997 -21.3700008 105.700996
3.73300004 -17.8449993 102.973999
14.9630003 -19.5170002 48.4760017
10.9659996 -21.3099995 41.8670006
11.0019999 -20.9909992 45.2700005
10.8470001 -19.9740009 48.5779991
13.4372206 -32.5882416 99.9791565
13.691 -28.0499992 99.56800079999999
5.14799976 -19.8710003 42.0890007
5.96500015 -17.3460007 45.7130013
7.46099997 -20.3910007 45.1570015
6.86362076 -21.1211662 40.2237816
7.55900002 -16.9710007 49.0530014
8.12699986 -19.3619995 48.0979996
3.92706418 -16.9622002 38.1393585
11.4857121 13.6002445 72.5617371
6.10099983 -13.5299997 45.5139999
6.27299976 -14.1400003 49.4300003
15.2959995 -18.0699997 37.8510017
10.9110003 -21.0629997 38.2949982
10.8940001 -20.4029999 34.7099991
5.06305075 8.63448906 78.8504791
11.2370005 -17.5300007 30.7660007
4.52299976 -19.7830009 38.0880013
12.5215902 13.5550404 57.8727074
4.05484056 -49.0392189 84.1824036
1.20508814 -48.3959122 83.9245911
-11.7831945 -37.4410477 44.1618729
16.3850994 -9.859510419999999 63.662941
16.4066162 -8.44914436 67.58964539999999
16.3840008 -5.07878447 51.892952
16.3840008 -3.15980768 49.9969444
14.2447062 -9.711709020000001 60.3026848
15.5799999 -13.04 59.6949997
14.1520004 -13.9040003 56.4710007
9.52431011 -29.7358952 91.2914047
11.9569998 -28.4699993 95.95400239999999
11.0319996 -32.1230011 92.3150024
12.1610003 -32.2970009 96.2330017
-15.8348341 -35.3190041 50.8150787
31.5885849 -35.8413696 78.18170929999999
26.2450008 -40.4389992 77.6190033
25.8490009 -39.2779999 74.177002
28.948 -35.9599991 74.2450027
-3.64905357 -41.3938103 43.5163956
7.15899992 -27.8169994 95.0960007
0.0603666306 -43.4591599 49.6756935
-0.680015028 -41.2024994 40.6456223
3.15893984 -41.3061256 41.5687561
7.60400009 -29.3180008 92.59300229999999
0.440602839 -28.2780876 103.610565
1.5920794 -32.3954086 104.271111
23.2889996 -32.6920013 77.30699920000001
18.2639999 -35.4570007 77.7809982
18.2189999 -37.3300018 80.41200259999999
-3.78303623 -38.7109985 34.3360748
-7.02699995 -38.7389984 38.3810005
18.7991962 -44.578743 75.0879135
33.3349991 -36.0489998 110.843002
33.5589828 -37.9540596 106.933189
35.3905678 -36.1103745 106.401283
30.3626537 -38.8562202 110.690132
39.475647 -29.9067974 103.472191
36.2280006 -35.5009995 99.7060013
38.6405487 -31.8347149 96.0342484
32.9792938 -38.8983231 102.165657
29.8415337 -36.0303421 114.005829
25.535387 -36.3489571 115.059494
21.8473835 -36.7249069 115.166206
3.80800009 -12.3699999 59.6230011
6.954 -10.323 59.4720001
6.61499977 -12.5380001 59.0810013
-11.0340004 -36.2719994 37.743
1.72899997 -10.8339996 58.6980019
3.6329999 -9.80200005 60.1669998
33.48629 -28.6743221 114.729538
18.1639996 -36.3040009 114.640999
26.3260002 -36.1619987 66.9309998
1.27151012 5.26581383 79.27033230000001
1.99642611 10.9040041 74.7891159
-1.4674089 6.47349787 75.3020782
22.1270008 -40.1629982 67.0899963
-1.05655098 12.1905499 74.52352140000001
1.29381967 13.9975119 73.6333542
18.4761105 -43.7247467 70.8353271
14.467 -37.1959991 80.76499939999999
11.3120003 -36.1360016 81.83799740000001
7.65284157 7.97409344 50.0108528
5.68942213 12.5726538 74.0688629
14.0059996 -33.6010017 76.4499969
14.8529997 -35.6500015 78.15699770000001
11.0489998 -32.269001 77.76599880000001
14.510869 -46.1456985 75.39811709999999
10.7535324 -47.4493637 71.93283839999999
-7.4243331 -36.7715416 32.8533936
7.29431772 -48.3254623 72.34412380000001
4.35481977 6.74227333 79.6141434
4.62200022 -24.5669994 92.3460007
4.73799992 -28.75 92.1559982
-11.783 -32.6629982 30.5629997
3.76822686 -48.9247169 73.97580720000001
6.98799992 -24.6380005 95.88200380000001
13.8893251 -44.9249649 64.75597380000001
14.7700005 -19.5270004 85.0719986
11.1009998 -19.6200008 88.3499985
7.03393221 -47.6178093 64.8504868
6.66800022 -20.8419991 88.6900024
10.993 -19.7670002 85.12100220000001
-13.7846508 -3.0476079 21.6891155
-14.9086618 -6.07255268 17.6717186
-16.9973183 -6.11447811 23.9649429
3.80250645 -47.6615639 63.8197975
7.55100012 -21.5340004 85.48500060000001
10.3301096 -21.1694546 82.5584564
-11.1309996 -2.61299992 16.566
4.6500001 -24.6590004 88.7860031
-12.7063894 -6.68477917 12.2765303
14.1040001 -3.77800012 51.355999
14.6057825 -5.54461241 53.3378143
14.7709999 -8.11200047 53.0400009
18.4869995 -6.58199978 48.8390007
25.9090004 -40.2000008 111.138
29.5380001 -40.7550011 106.959999
4.45173502 -19.6878681 31.5416374
3.02900004 -17.5149994 30.9349995
3.30100012 -17.1669998 34.4830017
25.6714249 -43.280899 106.667351
26.4021873 -43.8317986 100.707008
7.53800011 -20.9500008 34.7350006
6.95800018 -6.93499994 52.9790001
3.40700769 -8.189386369999999 56.4469833
3.3829999 -7.62099981 52.4059982
7.24800014 -19.9440002 30.5170002
3.54699993 -7.52099991 48.6839981
8.355999949999999 -8.7670002 52.5779991
10.9849358 -8.68149281 51.8167725
11.0290003 -9.89000034 56.0439987
21.8710003 -42.8740005 109.776001
25.6280003 -35.848999 63.6150017
22.4036236 -37.3841629 58.7914467
26.7600002 -32.4109993 60.0789986
-19.5401726 -13.6004124 26.0599442
-18.0483418 -9.88959026 21.9699554
22.0130005 -44.526001 107.227997
21.9139996 -39.387001 63.4780006
17.9130268 -41.5303459 59.6848412
-17.321928 -13.5199919 15.8527679
17.2075539 -38.081852 49.0936737
21.7099857 -35.1237602 51.7228432
14.9271269 -42.0303802 55.7882576
11.191 -13.2130003 55.3730011
11.5412617 1.07332575 79.7608032
10.519803 -45.9068489 60.8708496
4.52393341 1.04265463 79.5207977
7.73999977 -9.29699993 56.3829994
12.6533766 8.420206070000001 54.4937286
7.63821173 -46.1331635 58.7112083
3.58866405 -44.8093033 53.8982086
-15.8739614 -10.0001812 14.0794678
11.0422678 -44.1084404 56.065834
11.7633724 -40.731163 47.8323135
6.96611881 -42.525425 48.2626572
1.17119145 -9.89952278 55.7915459
17.9899998 -34.9679985 41.7540016
14.5533791 -35.5473671 36.4790192
5.14109516 -0.651254416 79.1055679
7.34600019 -13.2019997 55.9500008
4.28171873 0.249966502 79.22808070000001
3.21099997 -12.9490004 56.5979996
-0.0309564136 3.29698658 77.8590851
14.1000004 -38.7659988 45.6689987
7.08803892 -39.0348244 36.3028946
14.3369999 -19.9780006 81.2220001
10.4761639 -38.6484337 39.0596542
5.16800022 -25.5319996 85.5500031
7.75199986 -24.7830009 81.7639999
-15.1079206 -28.0068836 30.7476921
6.75899982 -30.0650005 89.0299988
9.902000429999999 -31.9220009 88.4110031
6.87200022 -29.809 84.91300200000001
6.21431923 12.1409254 53.3577614
4.73400021 -28.7740002 88.99600220000001
11.1929998 -36.5019989 34.2529984
9.88300037 -32.6150017 85.0500031
14.6739998 -33.0309982 30.5529995
-0.348842561 -38.7711411 33.2541542
3.64700007 -39.0579987 34.3660011
-14.7240705 -26.6568031 27.8155174
-11.5539999 -28.8869991 23.3780003
-10.6700001 -31.7900009 27.1439991
18.4890003 -42.8989983 109.776001
18.7767162 -44.9924469 107.54026
-3.52600002 -32.1389999 99.48500060000001
-3.65499997 -28.4009991 99.7320023
17.9220009 -39.6790009 111.633003
-5.3119998 -32.3400002 97.16799930000001
5.12300014 -28.0760002 85.19300079999999
-4.47700024 -36.3670006 95.9400024
-5.59592056 -13.7376213 93.9096527
9.99800014 -32.1119995 81.22399900000001
-7.26296329 -17.0959873 94.6040802
-6.10545874 -21.0924435 96.9784317
-0.818000019 -24.5540009 101.049004
1.45061076 -12.4626694 54.9921227
7.6789999 -8.675999640000001 48.4900017
-2.77858567 -35.7959137 98.8011551
22.3339996 -40.0579987 111.720001
-3.75900006 -10.474 92.39600369999999
18.4979992 -5.8499999 77.9720001
16.3630505 -4.89989567 81.3386993
18.4260006 -6.24399996 81.71299740000001
20.3845787 -7.22872972 78.85947419999999
18.3439999 -7.32700014 74.5500031
16.3834267 -7.49043465 73.7718582
20.5270004 -7.34299994 74.8880005
18.7793121 -8.037039760000001 73.759491
29.0240002 -14.2799997 81.7480011
30.7080002 -14.9840002 79.31300349999999
32.7140007 -14.3780003 81.62899779999999
3.80390024 14.1539307 54.8914337
20.7999992 -9.83699989 81.5
-14.5456171 -25.1130886 23.3919792
-16.0819302 -21.8919239 19.7930031
-12.4548082 -24.6890354 12.9160147
19.5189991 -14.9399996 78.0960007
19.0219994 -2.4059999 30.8920002
20.6313686 -6.19996452 32.4114799
20.7549992 -5.51599979 27.2700005
-4.2420001 -8.852000240000001 89.2979965
-3.84313393 -4.42689896 84.25833129999999
20.7929993 -13.6009998 81.11799619999999
-6.90957594 -4.94654036 82.13591
21.0900002 -10.1730003 77.7610016
20.2595119 -12.7810822 72.122345
-11.1618452 -10.5328321 83.5828934
-7.31400013 -10.5559998 88.71800229999999
-7.42386532 -34.1104202 26.8313503
-7.31500006 -32.5530014 23.8530006
-3.86430931 -33.3974037 21.8108063
-7.19287491 -30.7916298 18.8337154
-10.335 -13.7030001 88.6070023
20.8360004 -9.68599987 74.1190033
-12.0028954 -13.4446278 85.2984009
-11.5719995 -17.0760002 89.2259979
18.8379993 -9.411000250000001 69.9469986
19.4810009 -14.4849997 74.2149963
-10.8669996 -20.9130001 92.1230011
16.3937531 -3.45771742 73.8013687
16.3840008 -5.8870039 73.7279968
-10.2669516 -27.075182 13.1191149
22.1555099 -2.67995429 68.93601990000001
16.4620914 -5.27017975 70.1299133
-7.421 -24.698 95.9759979
-10.9989996 -28.4309998 92.2679977
-10.368 -31.7700005 91.8720016
-11.1280003 -24.7080002 92.4530029
0.460999995 -9.81700039 49.401001
20.4449406 -8.529875759999999 30.8268566
19.5508175 -10.8594275 29.2908669
18.7008457 -13.5253716 30.7063046
19.0809994 -13.618 23.9120007
20.375 -8.885000229999999 24.1450005
21.3349991 -45.7750015 103.285004
1.82289243 12.6182289 53.9181175
19.5370007 -17.5440006 27.0189991
18.882 -13.5679998 19.8689995
19.0165443 -10.1315956 16.6854897
26.3443642 -44.045105 96.4662323
18.5279999 -2.25999999 23.6159992
17.9629993 -2.51999998 20
18.3780003 -33.3889999 103.805
18.9120007 -35.1170006 99.42099760000001
-14.0410004 -17.5580006 85.1269989
-13.9494915 -21.026535 87.6329346
-15.2889996 -17.2019997 81.762001
-17.4368839 -21.3863678 79.18375399999999
18.4160519 -46.8959236 100.035728
21.7140007 -46.0940018 99.6480026
17.7612991 -46.3207321 104.124924
-12.6655407 -28.8655205 89.2100983
-13.3286848 -26.7321453 88.4243469
-14.092 -32.1749992 85.1269989
3.94300008 -13.2910004 52.9290009
14.3850002 -36.1279984 111.583
1.17600238 -12.74683 48.4142952
3.5480001 -13.2159996 49.1619987
-12.0190001 -32.4230003 89.07599639999999
7.01999998 -14.0869999 52.6749992
13.8194342 -39.260128 110.841423
11.2292814 -44.4558258 106.784607
11.8123713 -46.1482849 104.510269
11.558506 -42.3574333 109.198265
-3.75500011 0.91900003 78.13999939999999
-7.68300009 -2.41499996 78.1470032
-11.4525681 -7.12241173 79.01090240000001
7.74499989 -42.5489998 106.652
-0.340999991 0.453999996 80.79299930000001
-10.9910002 -2.7579999 73.90200040000001
-13.1164808 -10.4171448 79.7368393
7.80100012 -39.1749992 109.827003
6.30999994 -40.4939995 107.486
3.31900001 -39.651001 103.519997
6.97200012 -44.2459984 103.698997
11.1129999 -47.3899994 99.28700259999999
-13.2587252 -3.17634416 70.5982132
-17.9909992 -10.0810003 70.25700380000001
2.52902269 0.210914314 78.06150049999999
-15.8343506 -13.6244364 77.38969419999999
18.1229992 -36.7859993 96.9169998
-15.3954821 -5.91440725 70.3864212
-19.3759995 -13.4639997 70.875
-17.7360001 -21.1439991 27.1529999
12.3646898 14.8201694 68.9601364
-21.2220001 -13.4160004 66.7519989
-22.3920002 -17.3029995 67.21199799999999
-19.3230152 -17.1631298 27.310564
-17.4147606 -17.2388763 17.2786789
-15.7329998 -21.3630009 16.3190002
-17.4309998 -6.85599995 66.9049988
18.2600002 -13.6859999 16.5039997
17.1130009 -0.474000007 30.3939991
-7.65999985 -1.76900005 12.5600004
11.6540003 -13.4729996 31.0209999
9.864999770000001 -13.4659996 27.618
10.2790003 -10.9200001 30.7709999
3.62400007 -10.3070002 27.4069996
3.03999996 -9.036999700000001 30.302
2.39299989 -13.948 30.6499996
4.78100014 -13.7349997 24.9640007
6.71000004 -16.3490009 24.8190002
3.18600011 -13.6140003 27.1459999
4.0619998 -17.2999992 27.0090008
-6.76230621 -4.07297659 9.054459570000001
-3.63957238 -2.5065701 9.04329205
19.5413284 -17.0306187 29.8056774
20.5109997 -20.6760006 27.6849995
-11.875 -8.96700001 8.31000042
-16.0119991 -13.323 12.3039999
-14.5030003 -13.6330004 9.04599953
19.0279999 -17.2180004 23.4869995
19.6000004 -25.0219994 26.1410007
-7.21999979 -13.5819998 1.78499997
-7.69899988 -9.583000180000001 4.71000004
-3.898 -9.885000229999999 1.66100001
-11.1350002 -13.6350002 5.28999996
18.0699997 -28.4869995 27.2830009
-3.34699988 -13.625 -5.29501802e-17
17.3540001 -31.2870007 31.0419998
-3.77699995 -6.19999981 5.16900015
-14.7309999 -17.1989994 9.184000019999999
0.503177047 -7.17869949 3.23419309
0.0149999997 -9.588999749999999 0.848999977
-6.8920002 -17.1730003 2.21700001
14.7720003 -31.5130005 27.6100006
18.5029774 -19.4448166 21.6924438
-0.0829999968 -2.35500002 8.70100021
17.5463066 -20.7399368 19.6737785
16.7199688 -13.7332973 12.3356018
-15.8961334 -30.2391758 81.9957962
-17.8523159 -17.5617123 76.29979710000001
18.4650002 -13.7030001 67.1380005
19.2420006 -13.8100004 70.5780029
18.4459991 -17.2619991 70.47399900000001
0.318889618 -39.5058174 99.4653015
18.0709991 -17.5240002 74.62400049999999
17.9909992 -24.8069992 23.6329994
-19.4629993 -20.8190002 74.637001
-19.5499992 -24.7259998 74.314003
-18.8691673 -28.4523067 74.9746933
36.6366196 -14.7479649 90.9412155
36.7650871 -15.1703386 85.2250748
-21.0440006 -24.6329994 70.762001
-19.798563 -29.4891624 70.5793686
36.1970825 -14.7983837 97.9290771
11.298214 -2.0025456 78.7785339
-15.4078255 -35.0044403 79.7465668
-21.0510006 -17.6000004 70.5920029
0.264379084 0 80.09997559999999
2.64932799 -1.18950379 81.1502838
-21.4090004 -20.9300003 70.82599639999999
-22.7259998 -21.3509998 67.2310028
-22.1100006 -24.5450001 67.112999
41.5719986 -20.7140007 92.7080002
41.3859558 -20.5191746 98.8070831
41.8018723 -24.601387 97.1605988
7.03643894 -2.84568238 80.7475357
10.9364672 -3.56455159 81.6901855
-16.0839996 -17.7110004 12.5500002
-14.1542969 -20.8264828 9.823582650000001
33.3320007 -21.3099995 92.1600037
-7.08599997 -35.887001 92.3880005
29.1019993 -17.184 77.7080002
29.5300007 -20.757 78.1579971
30.4699993 -18.8139992 75.41200259999999
35.16782 -24.3930721 89.2807541
34.6539993 -24.5830002 95.68800349999999
39.7272797 -17.1023102 94.54306029999999
39.365036 -17.4126949 85.993103
41.5705757 -24.7761326 90.182045
-3.72199988 -40.0620003 92.560997
-7.52099991 -39.6259995 88.6539993
34.6889992 -26.2919998 92.31199650000001
-3.90300012 -43.7739983 89.19599909999999
-6.83699989 -43.0480003 85.1449966
-3.03632379 -46.3422813 85.0197067
40.2962303 -28.6547794 94.4835052
-12.711051 -36.1490593 85.4785385
33.2862511 -28.5978279 87.1504822
7.93900013 -17.7989998 26.5340004
41.0115852 -20.8103504 86.1088257
2.7163384 9.080877299999999 49.5034256
-10.9519997 -24.566 9.130000109999999
14.5139389 -24.9783192 18.4768372
14.4525394 -20.7421951 13.434268
10.8809996 -32.098999 23.7089996
7.67130661 -32.5783157 20.8015823
11.3629818 -28.7771416 18.193531
14.5938969 -28.5738335 22.4005985
-7.34000015 -28.6620007 12.3210001
-3.78299999 -29.8929996 12.2510004
12.1634798 5.73196173 53.2280159
-4.15114212 -31.648489 16.6931858
10.7768974 -25.7450008 13.5221691
12.5633163 3.59491134 53.5916786
33.1829987 -21.7299995 81.7109985
7.82499981 -1.60099995 11.8290005
11.0979996 -5.72100019 8.78100014
6.92700005 -3.09500003 9.25
3.65100002 -2.44799995 9.01500034
1.76078463 -0.252925843 12.1746302
40.9609985 -24.7320004 84.78800200000001
39.8139992 -20.9519997 81.71199799999999
4.17257643 -6.97916508 3.40041661
16.1630001 -9.63099957 11.6379995
10.4790001 0.0930000022 16.6639996
18.4570007 -17.3980007 60.1279984
-8.699000359999999 -26.1340008 8.25800037
-3.49000001 -28.1639996 8.899000170000001
-0.158999994 -31.1490002 13.2930002
-10.5550003 -39.3930016 85.0329971
-10.7040005 -35.7980003 88.7890015
-0.187518224 -32.7601929 17.5337563
-11.493 -39.8330002 81.7829971
-7.14799976 -24.5820007 5.98899984
-7.53000021 -43.2840004 81.7409973
18.6989994 -17.4230003 63.8040009
-3.79065037 -46.3746948 80.7961655
20.0209999 -20.257 63.8520012
22.6989994 -23.5419998 59.8180008
22.3700008 -24.0760002 63.3969994
27.7970009 -31.6259995 63.4830017
-7.32700014 -43.8689995 77.58699799999999
-3.92600012 -17.4839993 0.460999995
-0.347000003 -13.6309996 0.237000003
-0.414000005 -17.4020004 0.116999999
-3.52347755 -20.9326897 2.05236149
27.3542862 -27.2391129 67.33939359999999
26.9691906 -28.3320045 59.349472
-0.0480000004 -21.3190002 1.41299999
7.06899977 -6.39400005 5.65899992
10.6859999 -9.977000240000001 5.6500001
-7.02801514 -20.5985584 4.05605936
6.86199999 -10.1750002 2.14599991
26.0220909 -25.7707691 67.0848541
25.3390007 -25.3859997 59.8779984
25.2070007 -25.2339993 55.9379997
-11.0369997 -17.5450001 5.38500023
12.9849997 -13.717 7.046
7.13737679 -13.6956024 1.67930412
21.4659996 -21.0270004 55.9669991
21.7709999 -20.9909992 52.7190018
17.7619991 -17.6229992 55.9770012
-10.8540001 -21.0470009 6.15799999
14.5240002 -17.9029999 52.9080009
17.7989998 -18.5919991 52.5680008
3.26200008 -13.6499996 0.0939999968
3.77200007 -9.586000439999999 1.023
-3.65899992 -24.7409992 5.10300016
-1.53786087 -26.5040588 7.57188177
25.4988747 -32.116436 55.059906
14.8877211 -17.2744656 11.146842
25.8959999 -28.4829998 53.0410004
0.0489999987 -36.2960014 27.0869999
10.6590004 -21.1700001 8.85999966
11.3540001 -17.0990009 52.2109985
-3.9059999 -35.6010017 27.0890007
7.60196686 -28.7391186 13.5586061
40.1209984 -28.4419994 88.8359985
3.59100008 -31.8840008 16.3349991
3.348629 -30.03578 12.0618057
-3.65499997 -46.3370018 73.9690018
37.2118721 -32.819561 86.37034610000001
39.4131279 -28.2594204 82.47537989999999
34.6969986 -26.4309998 85.64099880000001
35.1940002 -24.8360004 81.4420013
33.4184685 -17.1100349 76.5506821
-11.871768 -40.4319992 77.3146667
40.1790009 -24.7259998 81.34100340000001
17.8770008 -17.3570004 78.13200380000001
37.1829987 -17.0130005 81.05699920000001
-2.07706928 14.0072565 71.4622116
37.3740005 -21.1690006 77.6009979
0.101000004 -28.1760006 9.86600018
39.1609993 -24.8589993 78.5970001
33.1160011 -21.2880001 77.8550034
3.29018879 -33.6785736 20.6231518
36.2319984 -18.1399994 78.1340027
35.6489983 -21.0809994 75.9869995
33.0159988 -20.0230007 75.49900049999999
3.22318316 -25.4448166 8.373687739999999
7.421 -24.5769997 9.40999985
3.38499999 -20.9220009 2.22300005
7.03499985 -21.0189991 5.3130002
6.7420001 -17.1940002 2.10400009
10.7119999 -17.1030006 5.84600019
3.2980001 -17.4330006 0.186000004
-2.43687272 8.17518997 74.29275509999999
36.3810005 -24.5499992 77.27100369999999
7.36199999 -35.2799988 26.9780006
7.30100012 -36.762001 30.7059994
36.507 -32.2060013 81.7610016
35.8300018 -31.3339996 78.0510025
28.9462032 -28.5348721 77.627449
26.5389996 -29.1210003 80.7389984
36.0419998 -28.2649994 75.435997
33.3089981 -28.3920002 77.8059998
37.4980011 -28.8770008 77.6110001
32.5569992 -31.4650002 75.03199770000001
25.4960003 -28.0380001 77.85399630000001
25.6350002 -26.2490005 74.4690018
-3.57920432 3.84315944 73.8037033
30.5470009 -32.4840012 73.6330032
29.2259998 -28.6399994 74.19599909999999
23.2870007 -28.6140003 73.5530014
-7.0690093 0.663999081 74.26998140000001
-4.7437582 3.96783042 73.7349167
21.7649994 -31.9060001 74.6279984
18.6809998 -28.5240002 71.2900009
19.4899998 -21.2390003 67.26499939999999
21.6499996 -24.7719994 66.8939972
-4.35205841 10.8834858 72.9629898
18.0440006 -21.2959995 70.7149963
18.6809998 -17.6410007 66.9589996
28.448 -32.1310005 67.3769989
17.8770008 -2.75500011 49.1069984
17.3099995 -5.54500008 45.2420006
18.0310001 -2.55599999 45.3409996
16.3840008 -0.795666337 47.6610985
13.9394703 2.11763787 46.8258171
18.8579998 -2.49499989 34.3219986
14.6719999 -5.35599995 41.6419983
18.5349998 -2.82399988 38.0639992
18.0860004 -2.36100006 41.4249992
17.9260006 -6.22800016 37.5489998
20.0139999 -6.28599977 35.2369995
14.6400003 -4.70599985 38.0419998
14.7600002 -6.40799999 35.612999
14.5719995 -13.6110001 34.5309982
18.7800007 -10.1809998 34.2739983
9.38017559 3.72811389 49.8069649
17.9330521 -9.182695389999999 37.7363472
-6.93630648 12.1942577 66.43243409999999
15.1309996 -7.8499999 48.7389984
11.463624 -7.01029968 41.3264809
-7.14120436 8.783938409999999 68.5677185
1.38100004 -7.96700001 41.7869987
3.46099997 -7.671 45.3610001
1.37496734 -7.96129084 47.8378754
10.0959997 -8.550999640000001 38.1489983
9.84599972 -8.56999969 41.6640015
10.217 -8.54300022 45.7459984
14.4310102 1.4208225 49.1520004
18.1569996 -24.5879993 70.23400119999999
15.6956053 -21.7110729 75.1981735
14.9359999 -25.4330006 71.1940002
21.8279991 -28.2320004 71.1169968
6.9000001 -9.744999890000001 45.1790009
5.00899982 -9.911999700000001 41.7389984
0.104000002 -10.0620003 45.6930008
16.1949711 0.635814488 42.0886154
10.7637157 4.07835293 41.2978935
14.8369999 -21.1000004 77.7919998
11.0830002 -24.8810005 77.8239975
3.93400002 -12.8339996 45.3339996
6.3130002 -13.5089998 41.3989983
9.91899967 -28.6739998 77.67900090000001
7.46000004 -28.4640007 81.4309998
3.32800007 -7.89699984 38.5760002
11.2449999 -28.3670006 73.8669968
11.9969997 -25.8209991 74.2580032
14.599 -28.75 71.1340027
11.4849997 -5.90399981 38.1380005
34.4717255 -36.2112541 85.6741257
33.262001 -35.9620018 81.6169968
11.7279997 -6.63000011 35.7630005
35.9049988 -35.6500015 92.3499985
3.45016932 5.29915476 32.9119148
7.17799997 5.44999981 38.1660004
8.301270479999999 4.51748753 33.4701042
14.0500002 -10.2679996 35.2830009
11.0609999 -9.805999760000001 33.9239998
14.3133698 1.59246945 35.5430374
12.0697279 2.85180902 32.1321259
0 0 77.8239975
35.8986626 -15.7515068 103.112328
39.5520172 -18.024889 102.292908
36.8160019 -17.8199997 106.782997
6.7154212 3.54181814 25.4823227
21.2259998 -38.4949989 92.2330017
33.3650017 -24.5540009 114.970001
10.9399996 2.09200001 23.5790005
18.3190002 -39.5839996 92.3580017
36.4869995 -21.0559998 110.447998
38.8242073 -24.7608986 109.750107
18.6350002 -38.6419983 94.96800229999999
39.5349998 -21.1009998 106.938004
39.1843452 -29.4445095 106.442886
36.2519989 -31.8649998 110.305
40.7631302 -24.9595814 105.129074
7.38199997 2.12100005 19.9960003
10.8839998 1.26499999 20.1270008
6.93499994 1.03900003 16.5839996
37.1669998 -28.7549992 110.974998
40.7550011 -20.9220009 103.314003
3 1 0 175
979
980
981
982
983
984
985
986
987
988
989
990
991
992
993
994
995
996
997
998
999
1000
1001
1002
1003
1004
1005
1006
1007
1008
1009
1010
1011
1012
1013
1014
1015
1016
1017
1018
1019
1020
1021
1022
1023
1024
1025
1026
1027
1028
1029
1030
1031
1032
1033
1034
1035
1036
1037
1038
1039
1040
1041
1042
1043
1044
1045
1046
1047
1048
1049
1050
1051
1052
1053
1054
1055
1056
1057
1058
1059
1060
1061
1062
1063
1064
1065
1066
1067
1068
1069
1070
1071
1072
1073
1074
1075
1076
1077
1078
1079
1080
1081
1082
1083
1084
1085
1086
1087
1088
1089
1090
1091
1092
1093
1094
1095
1096
1097
1098
1099
1100
1101
1102
1103
1104
1105
1106
1107
1108
1109
1110
1111
1112
1113
1114
1115
1116
1117
1118
1119
1120
1121
1122
1123
1124
1125
1126
1127
1128
1129
1130
1131
1132
1133
1134
1135
1136
1137
1138
1139
1140
1141
1142
1143
1144
1145
1146
1147
1148
1149
1150
1151
1152
1153
4.592932266358996 -26.86786071241798 60.6162309073905
-6.676737536000211 -19.74561428568244 66.86651428709253
3.851208388199934 -13.87766001596255 73.11535660174718
6.562174866623131 2.594224979559275 66.24908258102201
-3.088967165438341 -24.6573562022939 50.7647223811645
6.810688479943872 -29.96198894671829 50.3789023048814
-1.222449519548004 -30.41377836480257 71.51436298577681
-0.9289800592610861 -19.53529384370637 17.10120438015241
-7.104573611379569 -21.45579988379665 37.85678435243855
-3.647573690175982 -19.92840055364055 79.98695948508558
1.158959754248157 -37.32477874175657 80.87604621006282
9.306384430708453 -19.65405249706166 65.18133867662711
-10.84740065610013 -15.24640906154142 47.78838024220332
-8.905678724128707 -13.28373719934008 58.3522243551997
-0.3052693614129973 -29.32097062530923 41.26637958877587
-2.288019989711144 -17.79716597445887 60.2380468086264
-4.386709626063624 -9.004765466940384 67.67053934070405
-7.356685613104435 -17.78341878497113 27.57795594099061
-4.550199532145092 -29.02083611989926 83.64417739258357
9.029129126952018 -11.79583432434558 67.17425906705283
3.843547027381958 -5.027164045725088 70.61830440054135
4.31783676458955 -11.62718025054037 82.69384835107982
-2.397107331090152 -3.345295202176588 61.11588504417173
3.464068317911374 -9.500975012761403 16.04529945594647
13.82730763422535 -26.34705862541156 60.67431971594593
-10.76101362330832 -23.67236319808703 57.95453901905504
4.75209815545493 -19.65009978929717 59.20330293421178
6.994763987446794 -37.06459977602876 68.8559805837001
3.124180311411909 -36.18937698311273 92.16148832774499
-10.56297883942175 -11.40721829792075 37.88308021683483
3.808744768448387 -22.84885534246641 71.67250009549885
8.551494972436977 -2.538040343289615 59.51918473590488
-5.17278931972765 -9.317096168851835 21.8904863890363
8.086118121565605 -29.11476635772105 37.3362184459446
-0.625627260445315 8.868347662428302 61.79703951494454
1.795658988285529 -14.21617771148008 8.776363696221289
-3.251485635385932 -26.00988800945283 28.49344353245516
2.65161428574786 -16.57383017234858 65.52939252328933
-0.8183005067348779 -16.84531107523154 87.47002853991319
-4.896328265289177 -32.22813623568838 61.38608500148879
-15.23147477580855 -19.94718011083758 63.90127615902982
4.562335645642981 -23.99506170559442 21.80429608225131
-2.414254966615458 -26.77887625565899 90.56998866633462
4.512925152165773 -41.19196454021287 86.55200852791437
14.48546167719245 -27.72602482815626 48.45145533090712
-9.288205873744174 -26.51764649118688 75.45551111902402
1.62640103979283 0.3563966112728441 54.64648525861766
14.423203356285 0.8428007233329086 65.18271114557368
10.64558855889627 -14.1485201078018 77.25332456759335
-7.943145903991496 -15.64815867482702 14.14221473832278
-2.024260299776091 -8.340631902213376 75.82541425875614
-6.693059055290262 -5.893775318119633 53.48197201372095
2.741945786151582 -20.94168791541536 52.48970547135767
9.297559848035128 -23.87898343736179 54.87391820278364
12.40922720763285 -12.3561881558099 84.40303990497445
11.88850042495061 -10.21393008929289 19.20417340286881
6.507422656856265 5.230031617548604 58.76733688032038
-1.025675796046751 -2.137132908832498 35.10949195598766
9.689424329718829 -35.01486514656969 59.82786766987194
6.337288757744816 -33.64871045903239 96.52606980837321
-11.40313894919816 -25.39765023728391 46.32430251190191
-9.737329994717905 -32.1532610085482 52.45306181859188
-5.924511283495701 -34.42215997362516 77.28604740964592
-11.15827239569851 -27.80122272656517 66.5136559240829
-2.718377953455801 -19.30409192609692 44.50157452193351
-8.702545835009412 -14.52275814281187 74.5007860964795
19.73222095159466 -31.60923331036472 63.38360033639209
-7.719219462227162 -5.59453256309752 44.30322280125743
8.487714064081363 -28.5328837621737 66.88076289163209
-8.493401565381641 -3.13033262424458 30.62110688916441
-0.4354957445998764 -23.35123903122584 64.88547373038504
-2.034430825474358 -35.00916896146503 87.07011331529532
1.004643113966127 -25.79297913709099 78.20544360981853
12.96151515188018 -15.95300780085681 71.00760863478651
23.26813078449945 -30.34103252305882 107.6235441720486
3.961925184659217 -32.55970336333957 76.14605870263321
3.498912617206354 -19.27547614727719 80.00971524522495
5.681597262619351 -28.62040392745014 29.5903306283869
30.83218957996097 -25.17768905719805 107.155299078254
7.399727809257802 -39.80825998034347 96.62111659240767
12.67587232930449 -24.24456869628168 29.03324991078543
7.516445014449616 -18.17134199217809 16.89788556280537
-11.39228007633606 -13.04461709531657 66.18567107814548
6.030062599063595 -1.755356446886321 36.1347898663705
-4.709137765887609 -17.02256057253132 52.63280865669178
8.160135692378043 -27.21103527709987 44.16649431783385
2.696550331823854 2.547700162192243 71.75501007161743
9.811251581125994 -4.682899961736112 66.64986307760908
10.27400165179304 -17.28647651695133 59.72190783358454
4.569703316196213 -35.18131962837019 86.33307846485833
14.90870338424319 -26.457660171631 35.40262024284664
7.080433342217788 -39.82831319314862 76.26725712379309
-6.300352412563234 -29.27210186897523 35.77844383742654
-15.47930151329661 -17.33640507845028 54.67076346839287
15.11326261783069 -10.28521900270707 79.26855473546783
-3.399155015668577 -17.95753091244217 33.27269905578777
17.54816625091109 -30.03028252159944 55.26574001136743
6.888414666649893 -8.240412677750271 76.15328350517579
-0.4278107159870035 -38.78168504605068 72.87230386040298
-0.3428030531820181 -23.58038411217934 57.70294259530044
9.993576104888261 3.526065381544741 72.77624628749379
-3.938593912534016 -12.52483963753459 81.95818410142141
-12.84441903586361 -21.52258579804513 70.95140501968375
2.030186896398134 -24.60070042212284 46.08787693921034
2.716595527602948 -10.11727756428817 66.64800152471427
-1.324283762854379 -18.12707626830082 71.07712310129618
1.895254759969903 -33.84487313495246 56.31408274267399
-6.584662577032584 -22.42718167190264 86.29232118949587
-2.430101414975637 -1.84669257726984 69.4796111831286
-6.50283553940104 -11.22598086938743 31.41023117045308
7.276681563231035 9.899511682351308 64.61212581845726
-11.79528779136349 -20.15404359467645 30.85993774807382
1.682126172605533 -1.040932600595422 46.77375395446101
1.844666276649012 -29.6432393653464 97.43688708501551
-4.018403240812064 -9.021792904649155 14.28051632444042
-1.378132965020888 -12.82712377360803 63.33232557110104
6.549577596804388 -13.09773627504667 90.02215961176992
13.33157882365935 -14.83004095438204 64.80142327473273
-14.01885397998284 -18.22382847459961 40.84254957673726
-0.7596092073976672 -24.02519455240243 35.90031771656746
24.55446328458074 -37.33042440211617 103.0385937168209
5.093866483104901 -42.22976981526864 92.2556786163625
6.156077149004007 -4.652316872526302 41.81005514403035
13.72567431884708 -19.38173723515313 25.53466164226549
-1.880628085438634 -16.62807189300259 23.38782774586349
-5.50171212329272 -23.70633458471121 22.22543582713266
6.078232551753469 -5.270111101946855 22.01921503325915
9.817195191155847 -42.16235637444817 84.27884685358967
-0.4079283918387793 -22.78827594370719 85.6944634265611
8.356461111526581 -22.375887983428 100.5840194665567
7.011791155434675 -29.38659805193227 101.4524567813912
-4.61824656929857 -15.02678801996889 40.07883691560805
-0.7302956759622337 -4.120635268240244 25.59971024905842
16.16138588692801 -26.5445896649952 41.95750767363294
8.249099774753335 -4.505594213053382 30.3974839263011
-3.89911274039184 -20.36941846850539 10.69992040818288
3.09122512448212 -31.73637545818209 65.80834886945266
7.992227523245796 -19.77847018604719 75.4521341939616
14.05821633197738 -19.96568177391361 62.55956469656152
-4.303424896798147 -9.050924927486044 59.20772691858656
10.83462564883903 -38.16614403536612 102.7675987145654
6.062261524901407 -12.09121359641957 63.64561779595763
5.336078696420579 -15.80673659538243 96.25627362672523
-0.1151053120712735 -19.69396378247245 93.76133227535665
0.9458390364285352 -31.7619128499078 83.03958836915857
15.04956124865054 -36.25702669233327 68.02541506438681
-3.654900877689473 -24.31492537767193 70.59998610375833
10.29778513192527 -22.32529685234672 70.1046605222402
18.23276227386904 -40.82096160461597 101.5043784774214
-1.139366639183113 -40.48662634185668 85.22622204632276
0.9894931968701429 8.104015195931661 68.9852625127248
-11.1254312888053 -14.5677487034088 21.35316390767045
-2.057078411414066 -32.89887882490478 48.81168230325945
5.473615557183332 -34.07163504371942 42.42694776390177
0.4578078348752213 -31.71737891462693 90.60386137794819
9.290098435081887 -22.8403867648914 60.46780901651783
6.304137020930612 -38.3549020311355 82.28020535377732
2.121114542762841 1.337205527669202 61.63336850651786
-3.056794299534837 -13.84750822019766 5.729767710569341
5.607067409574705 -5.73293711422173 63.16428406552435
12.57282241883547 4.275047833326476 59.77696242785547
-7.589626216975703 -34.59908778394528 83.81305135773583
-6.32994510159866 -35.73173077158548 68.42670494519564
0.5698387758052355 -32.98443754608537 34.80931173239607
6.216728234343673 -18.09057753767281 69.69396249420559
15.96097090212811 -21.79008671260503 32.82127439607709
9.571377609248621 -3.527581412782412 72.87560932005256
10.10269702767924 -12.38844663636262 61.82633509855634
0.9888633664738498 -17.6623323624905 56.16568364652567
-6.016937606004603 -10.69990260186081 48.20374241398557
0.08321368118071622 -39.40435631264344 62.65767046199954
-1.537705853865564 -14.67733824367666 76.44648739303815
2.394428008138802 -4.957092492284044 75.99386627136631
19.57792625704646 -27.68386036323105 110.5215402966655
0.8827242552473757 -25.31945346859404 15.4163618813787
$EndNodes
$Elements
2 5902 1 5902
2 1 2 1956
1 1 2 3 
2 2 1 133 
3 7 1 3 
4 1 7 17 
5 133 1 17 
6 2 115 3 
7 115 2 121 
8 605 121 2 
9 2 133 602 
10 602 605 2 
11 7 3 16 
12 16 3 115 
13 4 5 6 
14 4 31 5 
15 673 4 6 
16 4 25 26 
17 4 673 25 
18 4 26 32 
19 31 4 32 
20 28 6 5 
21 28 5 35 
22 31 39 5 
23 39 35 5 
24 668 6 28 
25 665 660 6 
26 660 673 6 
27 6 668 665 
28 16 29 7 
29 230 17 7 
30 230 7 29 
31 8 9 10 
32 9 8 15 
33 8 10 12 
34 12 18 8 
35 8 27 15 
36 18 27 8 
37 9 177 10 
38 14 9 15 
39 9 14 177 
40 10 13 12 
41 38 13 10 
42 38 10 959 
43 959 10 177 
44 11 12 13 
45 11 18 12 
46 11 13 33 
47 11 40 18 
48 41 11 33 
49 11 41 40 
50 13 36 33 
51 13 37 36 
52 13 38 37 
53 178 14 15 
54 169 172 14 
55 175 169 14 
56 172 177 14 
57 178 175 14 
58 181 15 27 
59 181 178 15 
60 29 16 30 
61 124 30 16 
62 124 16 115 
63 729 133 17 
64 506 17 230 
65 729 17 506 
66 18 23 24 
67 23 18 40 
68 27 18 24 
69 19 20 21 
70 20 19 947 
71 22 19 21 
72 396 19 22 
73 395 19 396 
74 19 395 948 
75 19 948 947 
76 21 20 622 
77 20 418 420 
78 20 950 418 
79 20 420 622 
80 947 950 20 
81 21 97 22 
82 97 21 98 
83 622 98 21 
84 105 22 97 
85 396 22 105 
86 24 23 44 
87 23 40 43 
88 23 43 44 
89 181 27 24 
90 352 24 44 
91 352 181 24 
92 26 25 95 
93 122 95 25 
94 25 659 122 
95 659 25 664 
96 664 25 673 
97 32 26 146 
98 146 26 95 
99 34 28 35 
100 28 34 669 
101 28 669 668 
102 30 667 29 
103 230 29 235 
104 235 29 370 
105 29 667 370 
106 124 126 30 
107 328 30 126 
108 328 667 30 
109 31 32 168 
110 39 31 171 
111 171 31 168 
112 146 147 32 
113 147 160 32 
114 160 168 32 
115 36 58 33 
116 62 41 33 
117 58 62 33 
118 46 34 35 
119 50 34 46 
120 34 50 669 
121 39 180 35 
122 35 73 46 
123 73 35 180 
124 36 37 53 
125 58 36 53 
126 728 37 38 
127 53 37 54 
128 37 724 54 
129 724 37 728 
130 959 728 38 
131 171 180 39 
132 42 40 41 
133 42 142 40 
134 40 142 43 
135 41 61 42 
136 61 41 62 
137 42 61 65 
138 42 65 66 
139 142 42 66 
140 45 44 43 
141 43 47 45 
142 43 104 47 
143 103 104 43 
144 103 43 142 
145 352 44 45 
146 47 48 45 
147 48 49 45 
148 49 352 45 
149 59 50 46 
150 59 46 60 
151 60 46 67 
152 73 67 46 
153 75 48 47 
154 47 189 75 
155 190 47 104 
156 190 189 47 
157 356 49 48 
158 48 51 52 
159 48 75 51 
160 52 356 48 
161 352 49 353 
162 356 353 49 
163 50 59 736 
164 669 50 735 
165 50 736 735 
166 553 52 51 
167 51 75 189 
168 189 553 51 
169 52 350 351 
170 556 350 52 
171 52 351 356 
172 553 555 52 
173 52 555 556 
174 53 54 571 
175 53 571 58 
176 54 573 571 
177 573 54 725 
178 725 54 724 
179 55 56 57 
180 55 59 56 
181 55 57 64 
182 59 55 63 
183 63 55 64 
184 57 56 256 
185 56 59 60 
186 56 60 144 
187 254 56 144 
188 56 254 256 
189 64 57 143 
190 394 143 57 
191 256 394 57 
192 58 74 62 
193 74 58 294 
194 294 58 571 
195 59 63 727 
196 59 727 736 
197 144 60 67 
198 72 61 62 
199 61 575 65 
200 72 575 61 
201 71 72 62 
202 71 62 74 
203 63 64 119 
204 63 119 118 
205 118 727 63 
206 143 119 64 
207 565 66 65 
208 575 565 65 
209 197 142 66 
210 565 197 66 
211 183 67 73 
212 67 183 144 
213 68 69 70 
214 83 69 68 
215 70 116 68 
216 83 68 84 
217 116 84 68 
218 70 69 916 
219 83 88 69 
220 88 92 69 
221 92 916 69 
222 116 70 136 
223 70 855 136 
224 70 895 855 
225 916 895 70 
226 71 325 72 
227 71 74 223 
228 223 262 71 
229 268 71 262 
230 325 71 268 
231 325 579 72 
232 585 575 72 
233 72 579 585 
234 73 180 183 
235 74 267 223 
236 74 294 267 
237 76 77 78 
238 76 79 77 
239 76 78 80 
240 76 369 79 
241 76 80 81 
242 82 76 81 
243 939 76 82 
244 939 369 76 
245 153 78 77 
246 77 79 152 
247 152 153 77 
248 639 80 78 
249 78 153 933 
250 78 933 639 
251 152 79 250 
252 682 250 79 
253 79 369 480 
254 682 79 480 
255 81 80 932 
256 938 80 639 
257 938 932 80 
258 81 220 82 
259 942 220 81 
260 932 942 81 
261 220 221 82 
262 82 221 923 
263 923 924 82 
264 931 82 924 
265 939 82 931 
266 83 84 117 
267 88 83 125 
268 117 125 83 
269 116 342 84 
270 117 84 574 
271 84 342 574 
272 85 86 87 
273 89 86 85 
274 87 90 85 
275 91 89 85 
276 85 90 91 
277 273 87 86 
278 409 86 89 
279 86 440 273 
280 86 409 440 
281 90 87 966 
282 106 87 272 
283 106 966 87 
284 272 87 273 
285 88 99 92 
286 88 100 99 
287 125 100 88 
288 89 91 94 
289 89 94 336 
290 336 407 89 
291 89 407 408 
292 408 409 89 
293 93 91 90 
294 963 93 90 
295 90 966 963 
296 93 94 91 
297 95 96 92 
298 99 95 92 
299 92 96 919 
300 919 916 92 
301 332 94 93 
302 276 93 277 
303 93 276 332 
304 293 277 93 
305 293 93 963 
306 332 336 94 
307 95 123 96 
308 99 100 95 
309 146 95 100 
310 95 122 123 
311 123 919 96 
312 98 101 97 
313 101 102 97 
314 102 105 97 
315 101 98 632 
316 98 622 482 
317 632 98 482 
318 129 100 125 
319 129 139 100 
320 139 146 100 
321 282 102 101 
322 228 282 101 
323 631 228 101 
324 631 101 632 
325 102 412 105 
326 282 412 102 
327 103 199 104 
328 142 199 103 
329 193 190 104 
330 193 104 196 
331 199 196 104 
332 105 397 396 
333 412 397 105 
334 106 107 108 
335 106 271 107 
336 108 225 106 
337 966 106 225 
338 106 272 271 
339 108 107 392 
340 107 271 392 
341 226 225 108 
342 393 226 108 
343 393 108 392 
344 109 110 111 
345 110 109 845 
346 111 455 109 
347 381 109 380 
348 380 109 455 
349 801 109 381 
350 801 845 109 
351 111 110 324 
352 323 324 110 
353 323 110 845 
354 324 334 111 
355 466 111 334 
356 111 466 455 
357 112 113 114 
358 113 112 326 
359 851 112 114 
360 112 120 119 
361 119 326 112 
362 112 851 120 
363 113 323 114 
364 333 323 113 
365 113 326 327 
366 333 113 327 
367 323 845 114 
368 114 845 806 
369 851 114 806 
370 121 130 115 
371 115 130 124 
372 135 116 136 
373 135 329 116 
374 116 329 342 
375 128 125 117 
376 618 128 117 
377 574 618 117 
378 118 119 120 
379 120 730 118 
380 727 118 723 
381 723 118 730 
382 326 119 143 
383 797 730 120 
384 851 797 120 
385 130 121 255 
386 121 290 255 
387 301 290 121 
388 301 121 605 
389 123 122 889 
390 122 659 652 
391 122 652 889 
392 890 123 889 
393 919 123 890 
394 127 126 124 
395 127 124 130 
396 125 128 129 
397 131 126 127 
398 328 126 131 
399 127 130 205 
400 131 127 134 
401 205 134 127 
402 128 132 129 
403 132 128 618 
404 129 132 139 
405 255 205 130 
406 131 134 379 
407 131 329 328 
408 329 131 348 
409 379 348 131 
410 140 139 132 
411 132 765 140 
412 132 618 765 
413 602 133 564 
414 564 133 741 
415 741 133 729 
416 134 205 306 
417 134 306 510 
418 134 510 379 
419 135 136 137 
420 137 370 135 
421 135 328 329 
422 328 135 667 
423 135 370 667 
424 137 136 138 
425 136 855 138 
426 137 138 438 
427 137 443 370 
428 438 443 137 
429 855 438 138 
430 140 141 139 
431 154 139 141 
432 145 146 139 
433 154 145 139 
434 211 141 140 
435 211 140 765 
436 141 156 154 
437 141 163 156 
438 952 163 141 
439 211 952 141 
440 199 142 197 
441 394 326 143 
442 192 144 183 
443 192 253 144 
444 144 253 254 
445 145 147 146 
446 145 148 147 
447 161 148 145 
448 154 161 145 
449 160 147 148 
450 160 148 168 
451 166 148 161 
452 166 167 148 
453 148 167 173 
454 148 173 168 
455 149 150 151 
456 150 149 964 
457 158 149 151 
458 422 149 158 
459 149 422 421 
460 430 149 421 
461 964 149 430 
462 151 150 169 
463 169 150 170 
464 964 170 150 
465 157 158 151 
466 151 159 157 
467 162 159 151 
468 175 162 151 
469 175 151 169 
470 153 152 942 
471 152 250 220 
472 220 942 152 
473 922 153 920 
474 920 153 942 
475 922 933 153 
476 155 154 156 
477 155 161 154 
478 176 155 156 
479 155 166 161 
480 179 166 155 
481 176 179 155 
482 163 164 156 
483 156 164 176 
484 158 157 431 
485 157 159 203 
486 157 203 638 
487 638 431 157 
488 423 422 158 
489 431 423 158 
490 165 159 162 
491 210 159 165 
492 210 203 159 
493 162 185 165 
494 175 178 162 
495 185 162 178 
496 951 164 163 
497 952 951 163 
498 164 186 176 
499 951 186 164 
500 291 165 185 
501 291 210 165 
502 167 166 182 
503 166 179 182 
504 167 224 173 
505 463 167 182 
506 167 463 224 
507 168 174 171 
508 173 174 168 
509 172 169 170 
510 172 170 967 
511 964 968 170 
512 967 170 968 
513 171 174 184 
514 180 171 183 
515 171 184 183 
516 177 172 961 
517 172 967 961 
518 173 224 174 
519 174 219 184 
520 219 174 224 
521 179 176 187 
522 186 187 176 
523 961 959 177 
524 181 198 178 
525 185 178 198 
526 182 179 188 
527 187 188 179 
528 248 198 181 
529 181 278 248 
530 181 352 278 
531 182 188 463 
532 183 184 192 
533 191 192 184 
534 184 219 191 
535 248 185 198 
536 185 248 291 
537 200 187 186 
538 186 962 200 
539 962 186 951 
540 201 188 187 
541 201 187 200 
542 676 188 201 
543 469 463 188 
544 469 188 676 
545 189 190 202 
546 189 202 562 
547 553 189 562 
548 202 190 193 
549 192 191 311 
550 219 496 191 
551 311 191 670 
552 191 496 670 
553 192 311 253 
554 196 204 193 
555 204 202 193 
556 194 195 196 
557 194 651 195 
558 199 194 196 
559 199 740 194 
560 194 733 651 
561 194 740 733 
562 204 196 195 
563 204 195 584 
564 584 195 651 
565 741 199 197 
566 197 565 564 
567 564 741 197 
568 741 740 199 
569 784 201 200 
570 200 976 784 
571 974 200 962 
572 974 976 200 
573 676 201 688 
574 688 201 784 
575 583 202 204 
576 583 562 202 
577 203 210 292 
578 297 203 292 
579 203 297 638 
580 584 583 204 
581 205 206 207 
582 205 214 206 
583 207 306 205 
584 255 214 205 
585 206 213 207 
586 213 206 214 
587 207 208 209 
588 386 208 207 
589 306 207 209 
590 213 385 207 
591 385 386 207 
592 208 212 209 
593 208 926 212 
594 386 902 208 
595 208 902 903 
596 926 208 903 
597 211 209 212 
598 209 211 914 
599 778 306 209 
600 209 914 778 
601 291 292 210 
602 211 212 926 
603 211 765 914 
604 926 903 211 
605 903 935 211 
606 211 935 952 
607 213 214 215 
608 213 215 473 
609 385 213 473 
610 290 215 214 
611 214 255 290 
612 299 215 290 
613 215 299 383 
614 215 383 387 
615 215 387 474 
616 215 474 473 
617 216 217 218 
618 217 216 236 
619 218 222 216 
620 245 216 222 
621 236 216 239 
622 245 239 216 
623 223 218 217 
624 262 223 217 
625 262 217 236 
626 744 222 218 
627 223 263 218 
628 744 218 263 
629 219 224 497 
630 496 219 497 
631 681 221 220 
632 220 250 681 
633 679 221 681 
634 679 955 221 
635 221 955 923 
636 222 750 245 
637 222 744 750 
638 263 223 267 
639 463 465 224 
640 497 224 465 
641 663 225 226 
642 969 225 663 
643 966 225 969 
644 226 393 361 
645 625 226 361 
646 226 625 626 
647 663 226 626 
648 227 228 229 
649 228 227 280 
650 238 227 229 
651 227 238 249 
652 249 252 227 
653 322 227 252 
654 322 280 227 
655 229 228 631 
656 228 280 282 
657 229 237 238 
658 237 229 658 
659 631 658 229 
660 230 235 506 
661 231 232 233 
662 231 625 232 
663 231 233 236 
664 275 231 236 
665 275 277 231 
666 293 231 277 
667 626 231 293 
668 231 626 625 
669 233 232 234 
670 625 234 232 
671 361 233 234 
672 233 262 236 
673 233 362 262 
674 233 361 362 
675 234 625 361 
676 376 235 370 
677 376 451 235 
678 506 235 451 
679 236 239 241 
680 236 241 275 
681 244 238 237 
682 244 237 247 
683 657 247 237 
684 657 237 645 
685 658 645 237 
686 238 244 249 
687 240 241 239 
688 240 239 245 
689 240 283 241 
690 245 283 240 
691 241 276 275 
692 241 286 276 
693 283 286 241 
694 242 243 244 
695 242 251 243 
696 246 242 244 
697 246 754 242 
698 757 251 242 
699 242 754 757 
700 244 243 249 
701 243 251 249 
702 244 247 246 
703 283 245 750 
704 718 246 247 
705 718 754 246 
706 656 247 657 
707 718 247 656 
708 248 278 279 
709 279 281 248 
710 291 248 281 
711 251 252 249 
712 680 681 250 
713 682 680 250 
714 251 759 252 
715 757 759 251 
716 322 252 380 
717 252 381 380 
718 759 381 252 
719 312 254 253 
720 253 311 315 
721 253 315 312 
722 256 254 257 
723 312 257 254 
724 261 256 257 
725 394 256 261 
726 261 257 319 
727 257 312 319 
728 258 259 260 
729 258 264 259 
730 260 320 258 
731 258 265 264 
732 258 284 265 
733 321 284 258 
734 320 321 258 
735 259 343 260 
736 259 264 287 
737 259 287 343 
738 317 260 318 
739 317 320 260 
740 318 260 344 
741 260 343 344 
742 319 427 261 
743 394 261 382 
744 382 261 427 
745 262 270 268 
746 262 269 270 
747 269 262 391 
748 262 362 391 
749 267 302 263 
750 744 263 302 
751 264 265 266 
752 266 310 264 
753 310 287 264 
754 266 265 829 
755 265 284 357 
756 829 265 357 
757 310 266 825 
758 829 825 266 
759 298 267 294 
760 302 267 298 
761 270 459 268 
762 268 458 325 
763 268 459 458 
764 270 269 338 
765 456 338 269 
766 269 391 400 
767 456 269 400 
768 270 338 459 
769 272 274 271 
770 538 271 274 
771 392 271 533 
772 533 271 538 
773 272 273 274 
774 274 273 441 
775 440 441 273 
776 441 538 274 
777 275 276 277 
778 286 332 276 
779 278 285 279 
780 285 278 353 
781 352 353 278 
782 279 303 281 
783 279 285 303 
784 447 282 280 
785 280 322 450 
786 280 448 447 
787 280 450 448 
788 291 281 296 
789 281 295 296 
790 281 303 295 
791 282 447 412 
792 762 286 283 
793 283 750 756 
794 283 756 762 
795 321 358 284 
796 357 284 360 
797 358 359 284 
798 284 359 360 
799 285 339 303 
800 285 355 339 
801 285 353 355 
802 330 286 331 
803 330 332 286 
804 331 286 762 
805 287 288 289 
806 310 288 287 
807 343 287 289 
808 288 313 289 
809 288 310 836 
810 288 834 313 
811 834 288 836 
812 313 314 289 
813 289 314 349 
814 289 344 343 
815 344 289 349 
816 290 301 299 
817 296 292 291 
818 292 296 297 
819 293 663 626 
820 293 969 663 
821 293 963 969 
822 298 294 746 
823 571 746 294 
824 295 304 296 
825 295 303 305 
826 304 295 305 
827 296 300 297 
828 300 296 304 
829 297 300 638 
830 298 779 302 
831 746 747 298 
832 298 747 779 
833 606 299 301 
834 384 383 299 
835 606 384 299 
836 654 300 304 
837 300 643 638 
838 300 654 643 
839 605 606 301 
840 749 744 302 
841 302 779 749 
842 303 339 305 
843 305 346 304 
844 654 304 346 
845 405 305 339 
846 347 346 305 
847 405 347 305 
848 775 510 306 
849 775 306 778 
850 307 308 309 
851 308 307 715 
852 383 307 309 
853 384 307 383 
854 599 307 384 
855 307 599 716 
856 307 716 715 
857 308 388 309 
858 308 790 388 
859 308 715 800 
860 800 790 308 
861 387 383 309 
862 388 387 309 
863 820 310 824 
864 820 836 310 
865 824 310 825 
866 311 670 315 
867 312 315 316 
868 316 319 312 
869 314 313 518 
870 503 518 313 
871 834 503 313 
872 314 354 349 
873 518 354 314 
874 315 531 316 
875 531 315 666 
876 666 315 670 
877 531 319 316 
878 317 318 689 
879 340 320 317 
880 317 689 340 
881 318 344 345 
882 690 318 345 
883 689 318 690 
884 454 427 319 
885 454 319 531 
886 320 373 321 
887 340 341 320 
888 320 341 373 
889 374 358 321 
890 373 374 321 
891 450 322 380 
892 323 333 324 
893 324 333 335 
894 334 324 335 
895 527 325 458 
896 527 853 325 
897 325 853 579 
898 382 327 326 
899 382 326 394 
900 337 333 327 
901 337 327 382 
902 348 342 329 
903 331 877 330 
904 332 330 878 
905 877 878 330 
906 849 331 762 
907 872 331 849 
908 872 880 331 
909 877 331 880 
910 332 878 336 
911 335 333 337 
912 401 334 335 
913 401 512 334 
914 466 334 512 
915 399 335 337 
916 335 399 401 
917 336 883 407 
918 336 878 883 
919 382 411 337 
920 411 399 337 
921 338 456 452 
922 452 461 338 
923 338 461 459 
924 350 339 351 
925 557 339 350 
926 351 339 355 
927 557 405 339 
928 912 341 340 
929 689 614 340 
930 614 912 340 
931 341 375 373 
932 341 377 375 
933 677 377 341 
934 341 912 677 
935 348 535 342 
936 535 574 342 
937 349 345 344 
938 345 349 700 
939 690 345 695 
940 695 345 700 
941 347 655 346 
942 346 655 654 
943 347 405 406 
944 656 347 406 
945 347 656 655 
946 442 348 379 
947 535 348 442 
948 349 354 702 
949 349 702 700 
950 350 556 557 
951 356 351 355 
952 353 356 355 
953 354 518 519 
954 519 702 354 
955 357 360 839 
956 357 828 829 
957 357 839 828 
958 365 359 358 
959 366 365 358 
960 374 366 358 
961 365 360 359 
962 365 368 360 
963 367 360 368 
964 360 367 839 
965 361 391 362 
966 391 361 393 
967 363 364 365 
968 369 364 363 
969 365 366 363 
970 363 366 378 
971 363 378 369 
972 368 365 364 
973 367 368 364 
974 371 367 364 
975 364 369 939 
976 371 364 939 
977 483 366 374 
978 378 366 483 
979 372 367 371 
980 367 372 642 
981 839 367 642 
982 369 378 480 
983 376 370 443 
984 371 938 372 
985 371 931 938 
986 939 931 371 
987 372 640 642 
988 938 640 372 
989 374 373 375 
990 483 374 375 
991 377 487 375 
992 487 483 375 
993 433 376 434 
994 451 376 433 
995 376 443 434 
996 487 377 763 
997 677 678 377 
998 377 678 763 
999 378 478 480 
1000 478 378 483 
1001 442 379 510 
1002 450 380 455 
1003 801 381 759 
1004 411 382 427 
1005 599 384 570 
1006 603 570 384 
1007 384 606 603 
1008 385 472 386 
1009 385 473 472 
1010 472 475 386 
1011 899 386 475 
1012 902 386 899 
1013 387 388 389 
1014 491 387 389 
1015 387 491 474 
1016 388 826 389 
1017 790 826 388 
1018 491 389 505 
1019 839 505 389 
1020 828 389 826 
1021 839 389 828 
1022 390 391 392 
1023 390 400 391 
1024 390 392 533 
1025 400 390 404 
1026 390 532 404 
1027 532 390 533 
1028 392 391 393 
1029 395 396 397 
1030 395 397 398 
1031 395 398 886 
1032 875 395 876 
1033 875 948 395 
1034 395 882 876 
1035 886 882 395 
1036 397 432 398 
1037 397 412 439 
1038 397 436 432 
1039 436 397 439 
1040 398 432 898 
1041 898 886 398 
1042 402 401 399 
1043 402 399 410 
1044 399 411 410 
1045 453 400 404 
1046 452 400 453 
1047 452 456 400 
1048 401 402 403 
1049 401 403 512 
1050 540 403 402 
1051 402 410 540 
1052 516 512 403 
1053 403 526 516 
1054 541 526 403 
1055 540 541 403 
1056 404 532 453 
1057 405 547 406 
1058 547 405 548 
1059 548 405 557 
1060 406 547 560 
1061 406 560 718 
1062 718 656 406 
1063 408 407 891 
1064 407 883 888 
1065 888 891 407 
1066 409 408 440 
1067 445 440 408 
1068 408 444 445 
1069 408 892 444 
1070 408 891 892 
1071 410 411 449 
1072 840 410 449 
1073 837 540 410 
1074 837 410 840 
1075 449 411 427 
1076 447 439 412 
1077 413 414 415 
1078 413 416 414 
1079 415 972 413 
1080 421 416 413 
1081 430 421 413 
1082 972 430 413 
1083 415 414 420 
1084 414 416 477 
1085 414 482 420 
1086 482 414 477 
1087 415 418 417 
1088 971 415 417 
1089 418 415 420 
1090 971 972 415 
1091 421 422 416 
1092 422 476 416 
1093 476 477 416 
1094 417 418 419 
1095 419 760 417 
1096 417 760 739 
1097 973 417 739 
1098 971 417 973 
1099 950 419 418 
1100 842 760 419 
1101 842 419 846 
1102 846 419 950 
1103 420 482 622 
1104 422 423 561 
1105 561 476 422 
1106 549 423 431 
1107 561 423 549 
1108 424 425 426 
1109 425 424 429 
1110 424 426 523 
1111 424 428 429 
1112 424 523 428 
1113 426 425 509 
1114 509 425 429 
1115 426 509 521 
1116 426 521 523 
1117 454 449 427 
1118 485 429 428 
1119 485 428 517 
1120 428 523 517 
1121 509 429 485 
1122 430 968 964 
1123 968 430 977 
1124 977 430 972 
1125 431 638 549 
1126 432 436 499 
1127 499 493 432 
1128 805 432 493 
1129 898 432 805 
1130 433 434 435 
1131 433 435 524 
1132 451 433 508 
1133 433 524 508 
1134 435 434 871 
1135 437 434 438 
1136 871 434 437 
1137 438 434 443 
1138 524 435 885 
1139 885 435 871 
1140 436 439 499 
1141 855 437 438 
1142 437 855 895 
1143 437 895 871 
1144 457 439 447 
1145 439 457 500 
1146 500 499 439 
1147 445 441 440 
1148 445 446 441 
1149 446 554 441 
1150 538 441 554 
1151 442 510 775 
1152 765 535 442 
1153 765 442 914 
1154 442 775 914 
1155 445 444 446 
1156 444 943 446 
1157 444 892 945 
1158 444 945 943 
1159 554 446 940 
1160 940 446 943 
1161 457 447 448 
1162 448 450 460 
1163 457 448 507 
1164 448 460 507 
1165 449 454 591 
1166 840 449 591 
1167 455 466 450 
1168 450 466 460 
1169 506 451 508 
1170 452 453 536 
1171 452 470 461 
1172 536 470 452 
1173 532 536 453 
1174 454 531 542 
1175 454 542 544 
1176 544 591 454 
1177 457 507 500 
1178 459 462 458 
1179 458 462 527 
1180 467 459 461 
1181 467 462 459 
1182 511 460 466 
1183 507 460 511 
1184 467 461 529 
1185 470 529 461 
1186 467 468 462 
1187 527 462 468 
1188 463 464 465 
1189 464 463 469 
1190 465 464 497 
1191 471 464 469 
1192 464 471 513 
1193 513 497 464 
1194 512 511 466 
1195 468 467 530 
1196 530 467 529 
1197 468 936 527 
1198 530 937 468 
1199 468 937 936 
1200 471 469 676 
1201 536 529 470 
1202 691 513 471 
1203 676 687 471 
1204 471 687 691 
1205 472 473 474 
1206 472 474 917 
1207 475 472 917 
1208 474 491 490 
1209 917 474 490 
1210 899 475 900 
1211 900 475 918 
1212 917 918 475 
1213 477 476 481 
1214 492 481 476 
1215 492 476 561 
1216 481 482 477 
1217 478 479 480 
1218 478 686 479 
1219 483 487 478 
1220 487 686 478 
1221 682 480 479 
1222 685 682 479 
1223 686 685 479 
1224 632 482 481 
1225 481 492 498 
1226 617 481 498 
1227 632 481 617 
1228 484 485 486 
1229 485 484 509 
1230 484 486 488 
1231 559 484 488 
1232 509 484 489 
1233 484 559 489 
1234 517 486 485 
1235 488 486 611 
1236 517 611 486 
1237 686 487 763 
1238 559 488 931 
1239 922 488 611 
1240 488 922 921 
1241 488 921 931 
1242 489 490 491 
1243 490 489 559 
1244 509 489 491 
1245 559 925 490 
1246 917 490 925 
1247 491 505 509 
1248 545 498 492 
1249 545 492 561 
1250 493 494 495 
1251 499 494 493 
1252 805 493 495 
1253 495 494 834 
1254 494 499 500 
1255 500 502 494 
1256 503 494 502 
1257 494 503 834 
1258 805 495 812 
1259 495 834 812 
1260 497 501 496 
1261 496 501 671 
1262 496 671 670 
1263 497 513 501 
1264 498 545 546 
1265 498 546 617 
1266 504 502 500 
1267 504 500 507 
1268 692 501 513 
1269 501 742 671 
1270 692 742 501 
1271 502 518 503 
1272 515 502 504 
1273 515 525 502 
1274 502 525 518 
1275 504 507 514 
1276 514 515 504 
1277 505 521 509 
1278 505 642 521 
1279 642 505 839 
1280 520 506 508 
1281 729 506 520 
1282 514 507 511 
1283 508 522 520 
1284 522 508 524 
1285 512 516 511 
1286 511 516 514 
1287 692 513 691 
1288 514 516 515 
1289 516 526 515 
1290 528 525 515 
1291 526 528 515 
1292 517 523 558 
1293 611 517 558 
1294 525 519 518 
1295 519 525 528 
1296 519 528 537 
1297 519 537 539 
1298 702 519 539 
1299 522 661 520 
1300 661 733 520 
1301 729 520 741 
1302 733 741 520 
1303 521 637 523 
1304 642 637 521 
1305 522 524 661 
1306 637 558 523 
1307 958 661 524 
1308 958 524 885 
1309 526 537 528 
1310 526 874 537 
1311 526 541 860 
1312 526 860 874 
1313 527 936 853 
1314 529 551 530 
1315 551 529 536 
1316 530 551 941 
1317 941 937 530 
1318 531 666 542 
1319 532 533 534 
1320 534 536 532 
1321 533 538 534 
1322 536 534 551 
1323 538 554 534 
1324 551 534 941 
1325 941 534 554 
1326 535 618 574 
1327 618 535 765 
1328 539 537 874 
1329 539 708 702 
1330 708 539 873 
1331 873 539 874 
1332 860 541 540 
1333 860 540 837 
1334 542 543 544 
1335 576 543 542 
1336 576 542 666 
1337 592 544 543 
1338 543 576 604 
1339 594 592 543 
1340 543 604 594 
1341 591 544 592 
1342 644 546 545 
1343 561 549 545 
1344 545 549 646 
1345 644 545 646 
1346 633 617 546 
1347 633 546 645 
1348 644 645 546 
1349 547 548 550 
1350 547 550 552 
1351 552 560 547 
1352 550 548 607 
1353 607 548 557 
1354 643 549 638 
1355 549 643 646 
1356 552 550 745 
1357 607 608 550 
1358 608 609 550 
1359 550 609 745 
1360 718 560 552 
1361 718 552 754 
1362 754 552 745 
1363 598 555 553 
1364 553 562 590 
1365 553 590 595 
1366 598 553 595 
1367 940 941 554 
1368 601 556 555 
1369 601 555 598 
1370 557 556 607 
1371 601 607 556 
1372 611 558 639 
1373 639 558 637 
1374 559 931 925 
1375 562 583 590 
1376 563 564 565 
1377 567 564 563 
1378 565 566 563 
1379 563 566 567 
1380 568 564 567 
1381 564 568 603 
1382 603 602 564 
1383 575 566 565 
1384 569 567 566 
1385 587 569 566 
1386 566 575 587 
1387 567 570 568 
1388 596 567 569 
1389 596 570 567 
1390 568 570 603 
1391 569 587 596 
1392 596 599 570 
1393 572 571 573 
1394 572 746 571 
1395 850 572 573 
1396 746 572 850 
1397 725 854 573 
1398 850 573 854 
1399 575 585 587 
1400 576 577 578 
1401 666 577 576 
1402 578 604 576 
1403 672 578 577 
1404 666 670 577 
1405 577 670 671 
1406 577 671 672 
1407 766 604 578 
1408 578 672 743 
1409 743 766 578 
1410 579 588 585 
1411 579 600 588 
1412 600 579 719 
1413 579 853 719 
1414 580 581 582 
1415 581 580 904 
1416 580 582 623 
1417 675 580 623 
1418 675 904 580 
1419 582 581 612 
1420 913 612 581 
1421 904 909 581 
1422 909 913 581 
1423 582 612 616 
1424 616 623 582 
1425 586 583 584 
1426 583 586 590 
1427 586 584 647 
1428 651 647 584 
1429 588 587 585 
1430 586 589 590 
1431 589 586 649 
1432 647 648 586 
1433 586 648 649 
1434 587 588 596 
1435 599 596 588 
1436 716 599 588 
1437 716 588 600 
1438 597 590 589 
1439 653 597 589 
1440 653 589 649 
1441 597 595 590 
1442 591 592 840 
1443 593 592 594 
1444 592 593 840 
1445 594 776 593 
1446 593 776 796 
1447 796 837 593 
1448 840 593 837 
1449 773 594 604 
1450 773 774 594 
1451 774 776 594 
1452 595 597 598 
1453 598 597 627 
1454 627 597 629 
1455 629 597 653 
1456 628 601 598 
1457 598 627 628 
1458 600 717 716 
1459 719 717 600 
1460 601 610 607 
1461 628 610 601 
1462 603 606 602 
1463 602 606 605 
1464 604 766 773 
1465 610 608 607 
1466 609 608 641 
1467 610 634 608 
1468 608 634 641 
1469 641 795 609 
1470 795 745 609 
1471 610 628 635 
1472 610 635 634 
1473 639 933 611 
1474 922 611 933 
1475 613 616 612 
1476 612 913 613 
1477 613 614 615 
1478 614 613 913 
1479 616 613 615 
1480 615 614 619 
1481 619 614 689 
1482 913 912 614 
1483 620 616 615 
1484 615 619 694 
1485 620 615 694 
1486 620 621 616 
1487 624 616 621 
1488 616 624 623 
1489 617 633 632 
1490 689 690 619 
1491 694 619 690 
1492 674 621 620 
1493 674 620 709 
1494 620 694 709 
1495 624 621 788 
1496 788 621 674 
1497 623 624 965 
1498 965 675 623 
1499 624 788 789 
1500 624 789 975 
1501 965 624 975 
1502 629 628 627 
1503 629 630 628 
1504 628 630 635 
1505 630 629 714 
1506 653 662 629 
1507 629 662 714 
1508 635 630 713 
1509 713 630 722 
1510 630 714 721 
1511 630 721 722 
1512 631 632 633 
1513 631 633 658 
1514 633 645 658 
1515 634 635 636 
1516 641 634 636 
1517 636 635 713 
1518 641 636 761 
1519 713 730 636 
1520 730 761 636 
1521 637 640 639 
1522 642 640 637 
1523 639 640 938 
1524 795 641 761 
1525 646 643 654 
1526 644 657 645 
1527 650 644 646 
1528 644 650 657 
1529 646 654 650 
1530 648 647 889 
1531 890 647 651 
1532 890 889 647 
1533 652 649 648 
1534 652 648 889 
1535 652 659 649 
1536 653 649 660 
1537 664 649 659 
1538 664 660 649 
1539 654 655 650 
1540 650 655 656 
1541 657 650 656 
1542 732 651 733 
1543 651 732 958 
1544 890 651 958 
1545 660 662 653 
1546 662 660 665 
1547 664 673 660 
1548 732 733 661 
1549 958 732 661 
1550 665 714 662 
1551 669 665 668 
1552 665 669 731 
1553 665 731 714 
1554 734 731 669 
1555 669 735 734 
1556 672 671 742 
1557 742 743 672 
1558 711 674 709 
1559 711 712 674 
1560 712 788 674 
1561 956 904 675 
1562 956 675 957 
1563 965 957 675 
1564 688 687 676 
1565 679 678 677 
1566 679 677 955 
1567 955 677 912 
1568 678 679 680 
1569 678 680 683 
1570 684 678 683 
1571 763 678 684 
1572 681 680 679 
1573 682 685 680 
1574 683 680 685 
1575 684 683 686 
1576 685 686 683 
1577 684 686 763 
1578 688 703 687 
1579 691 687 697 
1580 697 687 703 
1581 710 703 688 
1582 710 688 784 
1583 709 694 690 
1584 695 709 690 
1585 691 693 692 
1586 693 691 699 
1587 699 691 697 
1588 692 693 704 
1589 704 742 692 
1590 693 699 704 
1591 695 700 720 
1592 709 695 720 
1593 696 697 698 
1594 696 699 697 
1595 701 696 698 
1596 707 699 696 
1597 696 701 807 
1598 807 707 696 
1599 703 698 697 
1600 706 701 698 
1601 698 703 705 
1602 698 705 706 
1603 821 704 699 
1604 821 699 707 
1605 700 702 708 
1606 700 708 772 
1607 700 772 720 
1608 701 706 808 
1609 807 701 808 
1610 703 710 705 
1611 742 704 743 
1612 821 743 704 
1613 705 831 706 
1614 787 705 710 
1615 705 787 831 
1616 808 706 831 
1617 810 707 807 
1618 816 707 810 
1619 707 816 827 
1620 707 827 821 
1621 708 769 772 
1622 769 708 873 
1623 709 720 711 
1624 710 784 783 
1625 787 710 783 
1626 712 711 835 
1627 767 711 720 
1628 767 768 711 
1629 835 711 768 
1630 788 712 822 
1631 822 712 835 
1632 722 723 713 
1633 723 730 713 
1634 734 721 714 
1635 734 714 731 
1636 715 716 717 
1637 717 897 715 
1638 800 715 897 
1639 896 717 719 
1640 896 897 717 
1641 928 719 853 
1642 896 719 928 
1643 767 720 772 
1644 726 722 721 
1645 726 721 734 
1646 722 727 723 
1647 726 727 722 
1648 752 725 724 
1649 724 728 751 
1650 752 724 751 
1651 725 752 854 
1652 726 736 727 
1653 726 734 736 
1654 728 960 751 
1655 960 728 959 
1656 730 797 761 
1657 733 740 741 
1658 734 735 736 
1659 737 738 739 
1660 751 738 737 
1661 739 753 737 
1662 751 737 752 
1663 737 764 752 
1664 737 753 764 
1665 739 738 973 
1666 751 960 738 
1667 960 978 738 
1668 738 978 973 
1669 753 739 760 
1670 827 766 743 
1671 743 821 827 
1672 749 750 744 
1673 755 754 745 
1674 795 755 745 
1675 746 748 747 
1676 748 746 850 
1677 863 747 748 
1678 859 779 747 
1679 859 747 863 
1680 863 748 850 
1681 756 750 749 
1682 848 756 749 
1683 849 749 779 
1684 749 849 848 
1685 752 764 786 
1686 786 854 752 
1687 760 842 753 
1688 764 753 785 
1689 785 753 842 
1690 757 754 755 
1691 758 757 755 
1692 794 758 755 
1693 794 755 795 
1694 848 762 756 
1695 757 758 759 
1696 758 801 759 
1697 758 794 799 
1698 758 799 801 
1699 794 795 761 
1700 761 797 794 
1701 849 762 848 
1702 764 785 786 
1703 773 766 791 
1704 798 791 766 
1705 766 816 798 
1706 816 766 827 
1707 777 768 767 
1708 771 767 772 
1709 771 777 767 
1710 838 768 777 
1711 768 838 835 
1712 769 770 771 
1713 873 770 769 
1714 772 769 771 
1715 771 770 841 
1716 841 770 843 
1717 860 843 770 
1718 770 873 860 
1719 841 777 771 
1720 774 773 792 
1721 773 791 792 
1722 774 793 776 
1723 792 857 774 
1724 857 793 774 
1725 914 775 778 
1726 776 793 796 
1727 777 865 838 
1728 865 777 841 
1729 859 849 779 
1730 780 781 782 
1731 780 789 781 
1732 780 782 783 
1733 783 784 780 
1734 780 784 976 
1735 976 789 780 
1736 781 814 782 
1737 788 781 789 
1738 815 781 788 
1739 781 815 814 
1740 783 782 814 
1741 783 814 787 
1742 785 852 786 
1743 785 842 847 
1744 785 847 852 
1745 852 856 786 
1746 854 786 856 
1747 814 817 787 
1748 787 817 831 
1749 815 788 822 
1750 974 975 789 
1751 974 789 976 
1752 800 802 790 
1753 790 802 803 
1754 824 790 803 
1755 824 826 790 
1756 791 798 792 
1757 798 832 792 
1758 832 833 792 
1759 792 833 857 
1760 843 796 793 
1761 793 844 843 
1762 844 793 857 
1763 799 794 797 
1764 837 796 860 
1765 843 860 796 
1766 797 851 799 
1767 798 816 832 
1768 806 801 799 
1769 806 799 851 
1770 802 800 897 
1771 845 801 806 
1772 802 804 803 
1773 804 802 893 
1774 802 897 893 
1775 804 819 803 
1776 820 803 819 
1777 824 803 820 
1778 804 818 819 
1779 818 804 894 
1780 804 893 894 
1781 811 805 812 
1782 898 805 811 
1783 809 807 808 
1784 809 810 807 
1785 809 808 830 
1786 808 831 830 
1787 810 809 813 
1788 813 809 870 
1789 809 830 870 
1790 813 832 810 
1791 810 832 816 
1792 819 811 812 
1793 819 818 811 
1794 818 894 811 
1795 811 884 887 
1796 811 888 884 
1797 811 887 898 
1798 930 888 811 
1799 811 894 930 
1800 819 812 820 
1801 812 836 820 
1802 812 834 836 
1803 832 813 833 
1804 866 833 813 
1805 870 866 813 
1806 817 814 815 
1807 815 823 817 
1808 815 822 823 
1809 817 823 830 
1810 817 830 831 
1811 823 822 869 
1812 835 869 822 
1813 830 823 870 
1814 869 868 823 
1815 870 823 868 
1816 824 825 826 
1817 829 826 825 
1818 826 829 828 
1819 833 864 857 
1820 866 864 833 
1821 835 838 869 
1822 867 838 865 
1823 838 867 869 
1824 843 844 841 
1825 844 865 841 
1826 842 846 847 
1827 857 864 844 
1828 864 865 844 
1829 846 875 847 
1830 875 846 947 
1831 947 846 950 
1832 852 847 858 
1833 847 881 858 
1834 847 875 876 
1835 881 847 876 
1836 849 859 872 
1837 850 854 861 
1838 861 863 850 
1839 852 858 856 
1840 853 936 928 
1841 856 861 854 
1842 872 856 858 
1843 859 861 856 
1844 856 872 859 
1845 858 881 872 
1846 861 859 862 
1847 859 863 862 
1848 874 860 873 
1849 861 862 863 
1850 864 867 865 
1851 866 867 864 
1852 867 866 868 
1853 868 866 870 
1854 867 868 869 
1855 871 890 885 
1856 890 871 895 
1857 879 880 872 
1858 881 879 872 
1859 947 948 875 
1860 881 876 879 
1861 876 882 879 
1862 878 877 883 
1863 882 877 880 
1864 887 877 882 
1865 877 884 883 
1866 884 877 887 
1867 880 879 882 
1868 886 887 882 
1869 884 888 883 
1870 885 890 958 
1871 886 898 887 
1872 888 930 891 
1873 919 890 895 
1874 892 891 930 
1875 930 927 892 
1876 892 927 945 
1877 927 894 893 
1878 896 893 897 
1879 896 927 893 
1880 930 894 927 
1881 916 919 895 
1882 928 927 896 
1883 899 900 901 
1884 899 901 902 
1885 901 900 905 
1886 905 900 918 
1887 902 901 903 
1888 934 903 901 
1889 901 905 907 
1890 934 901 907 
1891 935 903 934 
1892 908 904 906 
1893 906 904 956 
1894 908 909 904 
1895 905 906 907 
1896 906 905 910 
1897 910 905 946 
1898 946 905 918 
1899 907 906 956 
1900 908 906 910 
1901 956 934 907 
1902 913 909 908 
1903 910 911 908 
1904 911 915 908 
1905 913 908 915 
1906 910 946 911 
1907 911 954 915 
1908 946 949 911 
1909 955 911 949 
1910 911 955 954 
1911 913 954 912 
1912 955 912 954 
1913 915 954 913 
1914 925 918 917 
1915 923 918 924 
1916 918 923 946 
1917 925 924 918 
1918 920 921 922 
1919 932 921 920 
1920 932 920 942 
1921 932 931 921 
1922 923 949 946 
1923 923 955 949 
1924 924 925 931 
1925 927 928 929 
1926 945 927 929 
1927 928 944 929 
1928 937 928 936 
1929 928 937 944 
1930 944 945 929 
1931 931 932 938 
1932 956 935 934 
1933 957 952 935 
1934 957 935 956 
1935 941 940 937 
1936 940 943 937 
1937 944 937 943 
1938 945 944 943 
1939 951 952 953 
1940 962 951 953 
1941 953 952 957 
1942 953 957 965 
1943 962 953 965 
1944 960 959 961 
1945 961 970 960 
1946 960 970 978 
1947 967 970 961 
1948 974 962 965 
1949 966 969 963 
1950 965 975 974 
1951 968 970 967 
1952 970 968 973 
1953 971 973 968 
1954 971 968 977 
1955 973 978 970 
1956 972 971 977 
3 1 4 3946
1957 980 1004 994 1049 
1958 994 1049 1004 1078 
1959 822 1002 1014 1060 
1960 268 459 40 1033 
1961 486 517 485 1025 
1962 629 1024 988 1086 
1963 991 992 31 1072 
1964 426 424 1005 1120 
1965 425 491 509 1010 
1966 1020 1059 772 1102 
1967 822 1034 1002 1060 
1968 129 1013 1025 1035 
1969 31 992 991 1030 
1970 1004 1063 991 1072 
1971 1004 980 1042 1049 
1972 1000 1029 204 1151 
1973 686 1015 479 1103 
1974 979 990 1005 1049 
1975 988 1024 629 1044 
1976 1004 1039 991 1063 
1977 597 988 1044 1080 
1978 31 991 1046 1148 
1979 629 1044 1024 1081 
1980 715 1052 998 1096 
1981 143 1004 64 1042 
1982 1003 1037 1032 1075 
1983 990 979 1005 1134 
1984 1002 1093 1011 1111 
1985 152 1036 1008 1046 
1986 992 994 980 1004 
1987 486 1025 922 1030 
1988 828 1067 1032 1117 
1989 1019 1061 992 1072 
1990 293 663 969 1127 
1991 356 1108 456 1121 
1992 1008 1036 152 1088 
1993 40 459 270 1095 
1994 682 250 685 1103 
1995 652 995 1029 1044 
1996 828 1032 826 1117 
1997 992 25 1061 1118 
1998 404 532 392 1007 
1999 424 428 523 1147 
2000 990 1016 1005 1049 
2001 1004 1049 1018 1078 
2002 943 1009 1047 1054 
2003 943 940 1009 1054 
2004 1004 1018 983 1078 
2005 368 365 1064 1082 
2006 767 1020 772 1102 
2007 629 627 628 1086 
2008 31 1030 991 1148 
2009 1015 1074 479 1103 
2010 143 1018 1004 1042 
2011 679 623 582 616 
2012 940 1051 1009 1054 
2013 946 905 910 934 
2014 991 1039 1004 1072 
2015 642 839 521 1005 
2016 683 1011 1002 1103 
2017 679 582 623 1113 
2018 679 616 678 1034 
2019 31 1046 1030 1148 
2020 49 44 270 1121 
2021 686 1020 1015 1103 
2022 815 822 1002 1014 
2023 922 153 933 1046 
2024 28 1061 1019 1072 
2025 983 1039 1004 1063 
2026 685 250 1011 1103 
2027 1026 1079 30 1089 
2028 993 1039 987 1071 
2029 597 988 629 1044 
2030 979 1047 990 1049 
2031 679 623 1034 1113 
2032 368 365 360 1064 
2033 982 1079 1026 1089 
2034 772 1020 769 1059 
2035 1032 1117 1067 1134 
2036 642 839 1005 1031 
2037 623 1105 1034 1113 
2038 368 984 360 1032 
2039 521 1005 839 1067 
2040 679 580 582 1113 
2041 1025 1035 1013 1136 
2042 1087 1129 1065 1136 
2043 325 458 268 1033 
2044 1004 1039 56 1072 
2045 992 1004 980 1019 
2046 568 1027 998 1052 
2047 987 1039 993 1043 
2048 359 360 365 1064 
2049 982 999 1136 1138 
2050 1016 1049 990 1143 
2051 680 1002 683 1011 
2052 1004 1019 55 1042 
2053 822 1014 869 1060 
2054 980 994 992 1094 
2055 204 1029 1000 1080 
2056 763 1059 1020 1102 
2057 686 478 479 1015 
2058 568 998 1027 1076 
2059 1004 1042 1018 1049 
2060 623 616 679 1034 
2061 1001 999 1083 1138 
2062 532 404 453 1007 
2063 1009 990 1049 1143 
2064 129 1025 1013 1136 
2065 25 1001 995 1118 
2066 1009 990 1047 1049 
2067 1013 1129 1087 1136 
2068 679 955 954 911 
2069 82 931 924 932 
2070 782 783 814 1002 
2071 123 1087 1013 1129 
2072 897 896 1052 1126 
2073 368 1031 984 1032 
2074 487 1020 763 1059 
2075 1005 990 1067 1120 
2076 683 1060 684 1103 
2077 679 954 613 911 
2078 815 1002 814 1014 
2079 1020 1056 769 1059 
2080 171 1008 991 1097 
2081 5 992 1061 1072 
2082 478 1015 686 1020 
2083 469 1011 464 1093 
2084 467 1017 1000 1055 
2085 897 1052 1117 1126 
2086 1032 1037 984 1075 
2087 64 1004 55 1042 
2088 424 1016 1005 1120 
2089 1005 1016 990 1120 
2090 1011 1093 1002 1103 
2091 995 1061 25 1118 
2092 989 1022 381 1135 
2093 574 1013 618 1035 
2094 979 1032 1003 1037 
2095 1037 1003 1047 1124 
2096 1024 1041 997 1140 
2097 486 517 1025 1030 
2098 1033 1073 1027 1076 
2099 828 826 1067 1117 
2100 123 1013 1087 1136 
2101 999 1001 1136 1138 
2102 219 1088 1008 1090 
2103 381 1022 989 1128 
2104 864 865 1014 1060 
2105 368 360 984 1064 
2106 865 838 867 1014 
2107 368 984 1031 1082 
2108 1000 1076 1029 1151 
2109 597 988 1080 1086 
2110 426 1005 1067 1120 
2111 1008 1046 1036 1048 
2112 905 212 902 903 
2113 826 1032 1003 1117 
2114 897 1052 1096 1117 
2115 685 1011 683 1103 
2116 1015 1020 593 1104 
2117 945 1047 1003 1124 
2118 1004 1063 994 1078 
2119 838 869 1014 1060 
2120 24 44 23 262 
2121 366 363 378 1098 
2122 991 1030 992 1148 
2123 368 367 1031 1032 
2124 814 1002 783 1014 
2125 472 925 212 902 
2126 183 991 180 1072 
2127 989 1041 1128 1140 
2128 719 1027 600 1052 
2129 462 1027 1000 1033 
2130 937 1009 940 1051 
2131 987 1074 1008 1110 
2132 350 356 456 1121 
2133 864 1014 986 1060 
2134 129 132 1013 1035 
2135 1028 1093 1011 1103 
2136 1013 1035 574 1089 
2137 984 1032 1031 1078 
2138 49 1108 356 1121 
2139 465 1011 1088 1130 
2140 955 949 911 1113 
2141 366 363 993 1082 
2142 993 1039 983 1043 
2143 998 981 1027 1076 
2144 129 1025 132 1035 
2145 998 1027 981 1052 
2146 1041 1054 1051 1123 
2147 982 999 1087 1136 
2148 715 998 384 1096 
2149 424 994 1005 1016 
2150 107 1007 271 1100 
2151 995 1001 122 1087 
2152 990 1096 1052 1117 
2153 357 1023 828 1032 
2154 982 999 1065 1087 
2155 979 1032 984 1078 
2156 865 838 1014 1060 
2157 1015 1071 987 1090 
2158 893 1003 927 1117 
2159 356 350 456 1108 
2160 568 600 1027 1052 
2161 366 993 363 1098 
2162 443 1089 1079 1129 
2163 736 726 1042 1081 
2164 5 1061 28 1072 
2165 994 1004 992 1063 
2166 990 1117 1052 1126 
2167 517 1001 485 1025 
2168 1032 1003 1117 1134 
2169 767 1060 1020 1102 
2170 387 491 425 1010 
2171 1005 1031 839 1032 
2172 986 1002 1093 1103 
2173 384 998 715 1052 
2174 1001 1083 999 1087 
2175 60 1039 144 1072 
2176 31 39 171 991 
2177 491 484 509 209 
2178 684 1060 1034 1102 
2179 60 56 1039 1072 
2180 25 992 26 1118 
2181 999 982 1066 1138 
2182 679 911 580 1113 
2183 959 177 245 961 
2184 984 1031 983 1078 
2185 979 990 1047 1134 
2186 49 270 1108 1121 
2187 532 271 392 1007 
2188 652 1029 995 1087 
2189 713 997 1024 1086 
2190 360 357 828 1032 
2191 384 1066 998 1145 
2192 998 1076 568 1145 
2193 144 1039 991 1072 
2194 1000 1033 1027 1076 
2195 799 1128 1041 1140 
2196 462 1000 467 1095 
2197 1011 464 1093 1130 
2198 981 1000 1076 1150 
2199 352 362 278 1108 
2200 988 1024 997 1086 
2201 411 427 993 1071 
2202 983 993 1043 1082 
2203 366 1012 993 1098 
2204 44 43 23 270 
2205 178 181 233 198 
2206 1029 1076 1000 1150 
2207 1007 1022 271 1100 
2208 1041 1051 997 1123 
2209 1008 1074 987 1090 
2210 122 995 25 1001 
2211 1001 1087 999 1136 
2212 979 984 1032 1037 
2213 487 1056 1020 1059 
2214 685 250 680 1011 
2215 471 469 464 1093 
2216 678 679 613 616 
2217 987 1039 319 1071 
2218 28 668 1019 1061 
2219 981 995 1083 1084 
2220 281 234 362 291 
2221 63 55 1019 1042 
2222 31 992 5 1072 
2223 1024 1044 988 1125 
2224 1018 985 1049 1125 
2225 128 129 132 1013 
2226 745 1050 1021 1133 
2227 685 680 683 1011 
2228 989 1041 799 1128 
2229 260 1069 258 1144 
2230 902 472 925 900 
2231 997 1041 1024 1051 
2232 491 209 509 1010 
2233 452 1021 1092 1122 
2234 990 1120 1096 1146 
2235 943 1047 1006 1054 
2236 485 1010 484 1025 
2237 998 999 981 1076 
2238 1008 1048 1036 1088 
2239 682 1088 250 1103 
2240 981 995 1084 1150 
2241 531 316 987 1090 
2242 1051 1055 1009 1084 
2243 268 40 71 1033 
2244 980 995 1084 1094 
2245 922 1025 486 1091 
2246 987 1074 1015 1090 
2247 1044 1084 988 1125 
2248 920 1036 152 1046 
2249 248 278 181 362 
2250 143 1004 1018 1040 
2251 126 1026 1089 1139 
2252 989 381 1070 1135 
2253 828 1023 829 1032 
2254 1036 1046 920 1091 
2255 40 270 459 268 
2256 424 1005 994 1147 
2257 462 468 467 1000 
2258 991 1008 168 1046 
2259 996 1074 1015 1103 
2260 1024 1081 1044 1125 
2261 424 994 428 1147 
2262 392 271 107 1007 
2263 468 1000 462 1027 
2264 260 258 320 1144 
2265 672 1104 1028 1130 
2266 471 1093 464 1130 
2267 30 1079 29 1089 
2268 250 1088 1011 1103 
2269 986 1002 1014 1093 
2270 684 1020 686 1103 
2271 316 312 987 1097 
2272 384 568 998 1052 
2273 998 999 1076 1145 
2274 982 1136 1010 1138 
2275 979 1037 1003 1047 
2276 710 1014 1002 1093 
2277 864 865 1060 1153 
2278 981 1029 995 1150 
2279 4 992 25 1061 
2280 981 995 1029 1083 
2281 987 1090 316 1097 
2282 183 144 991 1072 
2283 144 991 1039 1097 
2284 558 1118 517 1148 
2285 486 485 484 1025 
2286 478 1015 1020 1056 
2287 542 1090 1015 1104 
2288 985 1051 1041 1054 
2289 682 1074 996 1103 
2290 484 491 473 209 
2291 509 209 484 1010 
2292 986 1093 1028 1103 
2293 1016 1084 1083 1094 
2294 980 1042 1049 1125 
2295 204 1000 193 1095 
2296 981 999 998 1083 
2297 363 1082 1043 1098 
2298 196 1000 204 1151 
2299 483 366 378 1012 
2300 682 479 1074 1103 
2301 384 599 568 1052 
2302 616 613 678 615 
2303 366 378 1012 1098 
2304 387 1010 425 1138 
2305 216 15 8 217 
2306 473 209 491 1010 
2307 554 1068 534 1123 
2308 864 1060 986 1153 
2309 471 1028 1093 1130 
2310 945 1003 1045 1124 
2311 986 1014 864 1114 
2312 128 132 618 1013 
2313 981 1029 999 1083 
2314 1079 1089 982 1129 
2315 642 1005 521 1147 
2316 988 1055 1051 1084 
2317 983 1078 1018 1085 
2318 366 993 1012 1064 
2319 523 426 424 1005 
2320 26 992 1030 1118 
2321 583 1000 1017 1080 
2322 1044 1081 980 1125 
2323 568 716 600 1052 
2324 483 1056 1059 1069 
2325 981 1076 1029 1150 
2326 531 1071 1015 1090 
2327 963 20 93 293 
2328 997 1024 988 1051 
2329 1065 1129 982 1136 
2330 484 1010 209 1025 
2331 478 686 487 1020 
2332 384 570 568 599 
2333 342 1013 574 1089 
2334 983 1063 1004 1078 
2335 829 1003 1032 1075 
2336 483 1012 378 1098 
2337 663 293 626 1099 
2338 703 1014 710 1093 
2339 1005 1032 839 1067 
2340 658 225 1058 1119 
2341 937 1051 530 1116 
2342 203 638 297 1152 
2343 620 694 615 1102 
2344 568 599 716 1052 
2345 636 997 634 1140 
2346 462 1033 1000 1095 
2347 64 55 63 1042 
2348 986 1104 1028 1114 
2349 983 1039 993 1131 
2350 558 1063 1118 1148 
2351 682 996 1074 1088 
2352 342 574 535 1089 
2353 986 1014 1028 1093 
2354 1002 200 1093 1111 
2355 527 1027 462 1033 
2356 987 1097 1043 1110 
2357 961 177 245 1057 
2358 767 771 772 1020 
2359 652 889 648 1029 
2360 642 367 839 1031 
2361 678 616 615 1034 
2362 1018 1049 1042 1125 
2363 636 634 641 1140 
2364 392 404 1007 1038 
2365 1024 1041 985 1051 
2366 483 1056 1012 1098 
2367 278 279 285 1108 
2368 930 432 891 1124 
2369 1065 1087 885 1129 
2370 652 889 1029 1087 
2371 736 1042 1019 1081 
2372 383 998 1066 1146 
2373 583 1017 1000 1095 
2374 709 620 1034 1102 
2375 943 940 937 1009 
2376 1083 1084 995 1094 
2377 486 922 611 1030 
2378 14 15 9 1057 
2379 363 993 1082 1098 
2380 783 1002 710 1014 
2381 551 536 1021 1123 
2382 622 275 293 1099 
2383 183 991 144 1097 
2384 937 1009 1051 1116 
2385 828 357 829 1023 
2386 189 47 75 1121 
2387 1065 1079 982 1129 
2388 31 991 168 1046 
2389 483 1012 1056 1069 
2390 30 126 1026 1089 
2391 642 1031 1005 1147 
2392 982 1087 1065 1136 
2393 979 1018 1049 1078 
2394 1023 1032 984 1075 
2395 606 1066 384 1145 
2396 28 6 668 1061 
2397 929 927 945 1003 
2398 1037 1045 1003 1124 
2399 132 618 1013 1035 
2400 680 683 1002 1105 
2401 56 1039 1004 1040 
2402 984 1037 502 1075 
2403 994 980 1016 1094 
2404 980 992 1061 1094 
2405 781 780 1002 1034 
2406 362 233 248 291 
2407 1017 1055 467 1107 
2408 359 1023 360 1064 
2409 32 147 1030 1046 
2410 867 864 865 1014 
2411 1001 1010 485 1025 
2412 428 558 994 1118 
2413 129 1001 1025 1136 
2414 424 428 994 1094 
2415 1014 1093 703 1137 
2416 990 1067 1120 1146 
2417 970 961 245 1057 
2418 271 1022 1007 1068 
2419 1007 1022 242 1128 
2420 368 1064 984 1082 
2421 682 996 1088 1103 
2422 920 152 153 1046 
2423 1003 990 1117 1134 
2424 1006 1054 1047 1115 
2425 1039 1043 991 1063 
2426 980 995 1044 1084 
2427 893 802 804 1003 
2428 893 894 927 1003 
2429 921 559 212 488 
2430 122 652 995 1087 
2431 229 225 106 1058 
2432 801 381 989 1128 
2433 838 869 867 1014 
2434 64 143 57 1004 
2435 943 937 944 1009 
2436 983 1018 1004 1040 
2437 352 44 24 262 
2438 1017 1080 988 1086 
2439 603 606 384 1145 
2440 107 1058 1007 1100 
2441 57 55 64 1004 
2442 39 991 31 1072 
2443 980 992 1019 1061 
2444 554 1068 1123 1135 
2445 1015 1103 1020 1104 
2446 180 991 39 1072 
2447 1018 1042 985 1125 
2448 626 663 1099 1127 
2449 574 1035 535 1089 
2450 257 1039 261 1071 
2451 312 1039 987 1097 
2452 1009 981 1055 1116 
2453 902 386 472 900 
2454 523 521 1005 1147 
2455 981 1009 1055 1084 
2456 983 1043 1039 1063 
2457 772 771 769 1020 
2458 96 123 1013 1129 
2459 153 1008 152 1110 
2460 773 1114 986 1153 
2461 554 1123 1054 1135 
2462 992 1063 1004 1072 
2463 531 1015 542 1090 
2464 897 1052 715 1096 
2465 994 1094 428 1118 
2466 523 521 426 1005 
2467 257 319 1039 1071 
2468 1008 1088 1074 1090 
2469 456 350 1121 1122 
2470 1000 1033 199 1095 
2471 461 1017 467 1107 
2472 568 1027 600 1073 
2473 29 16 7 1079 
2474 1000 1055 1017 1080 
2475 986 1014 1002 1060 
2476 152 1008 153 1046 
2477 987 1043 993 1098 
2478 1009 1051 985 1054 
2479 382 1039 993 1071 
2480 1031 1032 1005 1078 
2481 988 1084 1051 1125 
2482 270 23 44 262 
2483 539 1059 1056 1069 
2484 191 219 1008 1090 
2485 609 1021 745 1050 
2486 518 1012 1064 1112 
2487 551 1021 1107 1123 
2488 984 502 1023 1075 
2489 998 1066 999 1145 
2490 999 1145 1065 1151 
2491 1009 1049 1047 1115 
2492 799 989 806 1041 
2493 363 1043 378 1098 
2494 26 1030 1001 1118 
2495 206 213 215 1010 
2496 600 1027 719 1073 
2497 986 1104 773 1153 
2498 242 1022 1007 1100 
2499 531 987 1071 1090 
2500 206 209 213 1010 
2501 25 26 1001 1118 
2502 773 1104 986 1114 
2503 177 14 9 1057 
2504 1028 1093 1014 1137 
2505 985 1049 1009 1115 
2506 1043 1097 991 1110 
2507 1018 1049 985 1115 
2508 893 804 894 1003 
2509 979 1005 1032 1078 
2510 490 559 484 472 
2511 814 781 782 1002 
2512 168 991 171 1008 
2513 215 206 1010 1026 
2514 1000 1080 1029 1150 
2515 801 989 799 1128 
2516 183 171 180 991 
2517 763 487 686 1020 
2518 233 291 234 1152 
2519 539 1056 1012 1069 
2520 462 459 1033 1095 
2521 697 1093 1028 1137 
2522 168 160 32 1046 
2523 309 308 715 1096 
2524 999 1029 995 1083 
2525 213 209 473 1010 
2526 181 278 352 362 
2527 360 1023 357 1032 
2528 989 1054 1041 1123 
2529 536 1021 1123 1133 
2530 1026 982 1089 1139 
2531 374 358 366 1012 
2532 1022 1007 1068 1128 
2533 717 897 896 1052 
2534 4 5 31 992 
2535 981 1027 1000 1055 
2536 986 1103 1028 1104 
2537 5 992 4 1061 
2538 467 1000 468 1055 
2539 1003 1047 990 1134 
2540 893 802 1003 1117 
2541 1010 1066 982 1138 
2542 710 703 705 1014 
2543 446 943 1006 1054 
2544 1004 1019 992 1072 
2545 980 994 1016 1049 
2546 980 1084 1016 1094 
2547 185 198 178 233 
2548 43 1095 270 1121 
2549 990 1096 1067 1146 
2550 999 1029 981 1151 
2551 1015 1090 996 1104 
2552 709 694 620 1102 
2553 637 521 523 1147 
2554 972 415 413 1057 
2555 483 1059 375 1069 
2556 990 998 1096 1120 
2557 982 1065 999 1145 
2558 129 100 1001 1136 
2559 985 1042 1024 1125 
2560 1008 161 1046 1048 
2561 780 976 784 1002 
2562 1039 1043 987 1097 
2563 1027 1033 527 1073 
2564 429 1083 1001 1094 
2565 955 911 679 1113 
2566 1030 517 1118 1148 
2567 129 1013 100 1136 
2568 620 615 1034 1102 
2569 67 60 144 1072 
2570 392 1007 107 1038 
2571 216 233 15 217 
2572 787 814 783 1014 
2573 258 373 320 1144 
2574 15 233 216 1057 
2575 468 1000 1027 1055 
2576 1009 1051 1084 1125 
2577 453 1007 404 1038 
2578 424 994 1016 1094 
2579 429 1001 1083 1138 
2580 262 24 352 181 
2581 319 316 312 987 
2582 1003 1045 1037 1075 
2583 987 1098 1074 1110 
2584 979 1003 1032 1134 
2585 478 1020 487 1056 
2586 651 890 958 647 
2587 894 927 1003 1045 
2588 979 1037 1047 1115 
2589 545 1099 492 1127 
2590 658 225 229 1058 
2591 1000 196 1076 1151 
2592 987 1008 1090 1097 
2593 478 479 1015 1074 
2594 233 181 15 217 
2595 444 445 1070 1124 
2596 91 94 93 19 
2597 990 998 1120 1143 
2598 558 1063 994 1118 
2599 384 998 568 1145 
2600 822 712 1034 1060 
2601 1010 1026 206 1139 
2602 366 993 1064 1082 
2603 897 717 715 1052 
2604 15 216 9 1057 
2605 1001 1025 517 1030 
2606 532 271 1007 1068 
2607 453 452 1021 1092 
2608 697 1028 699 1137 
2609 1055 1084 988 1150 
2610 196 204 195 1151 
2611 806 989 801 1077 
2612 272 271 1022 1100 
2613 196 740 1076 1151 
2614 1015 1074 987 1098 
2615 684 1034 678 1102 
2616 713 1024 997 1140 
2617 554 1054 446 1135 
2618 5 6 28 1061 
2619 999 981 1076 1151 
2620 1037 1047 1006 1124 
2621 486 484 212 1025 
2622 618 68 84 1013 
2623 990 1120 1016 1143 
2624 470 461 1107 1122 
2625 629 630 1024 1086 
2626 656 1058 1038 1119 
2627 979 1049 1018 1115 
2628 43 40 270 1095 
2629 1015 1074 996 1090 
2630 123 885 1087 1129 
2631 984 979 1078 1085 
2632 771 767 777 1020 
2633 981 1083 1016 1084 
2634 995 1083 1001 1087 
2635 1008 991 1110 1148 
2636 988 1051 1024 1125 
2637 260 1069 343 1112 
2638 987 1043 1098 1110 
2639 260 258 1069 1112 
2640 1036 1046 161 1048 
2641 1002 1034 683 1060 
2642 980 1084 1044 1125 
2643 986 1028 1014 1114 
2644 468 462 527 1027 
2645 780 976 1002 1105 
2646 930 1045 432 1124 
2647 527 853 1027 1073 
2648 40 142 71 1033 
2649 291 281 234 296 
2650 536 470 529 1107 
2651 933 1110 1043 1148 
2652 1004 980 1019 1042 
2653 496 1088 219 1090 
2654 445 447 1070 1124 
2655 225 1119 658 1127 
2656 994 1063 992 1118 
2657 829 1032 1023 1075 
2658 107 271 106 1100 
2659 209 1025 1010 1035 
2660 120 1042 1024 1141 
2661 699 1028 821 1137 
2662 790 826 1003 1117 
2663 26 25 4 992 
2664 784 1002 200 1093 
2665 1044 1084 995 1150 
2666 608 997 634 1086 
2667 59 1019 1004 1072 
2668 171 991 183 1097 
2669 533 392 532 271 
2670 997 1107 1021 1123 
2671 839 1031 367 1032 
2672 934 910 946 935 
2673 1011 1093 1028 1130 
2674 120 1024 1041 1141 
2675 44 43 270 1121 
2676 258 1069 373 1144 
2677 32 992 31 1030 
2678 973 245 970 978 
2679 63 1019 736 1042 
2680 983 984 1078 1085 
2681 991 992 1063 1148 
2682 630 629 1024 1081 
2683 1038 1058 108 1119 
2684 583 204 1000 1080 
2685 20 277 293 275 
2686 614 677 678 1102 
2687 720 772 1059 1102 
2688 1009 1126 990 1143 
2689 229 1058 106 1100 
2690 985 1041 1024 1141 
2691 806 1041 989 1077 
2692 1028 1104 1103 1130 
2693 204 584 1029 1080 
2694 985 1024 1042 1141 
2695 945 1003 927 1045 
2696 981 1084 1055 1150 
2697 983 1004 1039 1040 
2698 656 1038 1109 1119 
2699 609 1050 745 1140 
2700 678 1034 615 1102 
2701 277 93 20 293 
2702 1000 1055 1080 1150 
2703 980 1061 995 1094 
2704 153 1046 1008 1110 
2705 382 326 327 1040 
2706 87 272 273 1106 
2707 200 1002 1105 1111 
2708 991 1043 1039 1097 
2709 713 997 636 1140 
2710 204 583 1000 1095 
2711 677 613 614 678 
2712 685 479 682 1103 
2713 734 714 721 1081 
2714 613 677 679 678 
2715 1017 1055 988 1080 
2716 293 1099 663 1127 
2717 486 212 484 488 
2718 1024 1051 985 1125 
2719 597 598 627 1086 
2720 1051 1055 530 1116 
2721 387 1066 1010 1138 
2722 983 1031 984 1082 
2723 426 1120 1067 1146 
2724 731 1019 665 1081 
2725 806 799 801 989 
2726 1074 1098 369 1110 
2727 986 1114 864 1153 
2728 998 1138 1066 1146 
2729 697 691 1028 1093 
2730 558 517 611 1148 
2731 319 987 312 1039 
2732 1013 982 1129 1136 
2733 987 1071 1015 1098 
2734 233 248 181 362 
2735 15 178 233 1057 
2736 1009 1047 990 1126 
2737 344 1069 260 1144 
2738 79 77 1088 1110 
2739 1005 1016 994 1049 
2740 551 1107 1051 1123 
2741 554 446 441 1135 
2742 922 1030 1025 1091 
2743 471 464 513 1130 
2744 523 1005 424 1147 
2745 144 60 56 1039 
2746 271 274 1022 1068 
2747 428 429 485 1001 
2748 941 554 534 1123 
2749 1000 1027 981 1076 
2750 321 373 258 1069 
2751 536 551 1021 1107 
2752 970 967 961 1057 
2753 471 513 1028 1130 
2754 1009 1049 985 1125 
2755 941 1054 554 1123 
2756 640 637 639 1031 
2757 42 71 142 1033 
2758 663 225 969 1127 
2759 1027 1055 981 1116 
2760 260 344 343 1069 
2761 1014 1114 1028 1137 
2762 88 128 83 1013 
2763 741 1033 1000 1076 
2764 362 234 281 296 
2765 989 1128 1050 1140 
2766 1000 981 1055 1150 
2767 240 239 971 1057 
2768 1050 1068 1007 1128 
2769 536 1021 470 1107 
2770 944 1009 937 1116 
2771 578 1028 672 1104 
2772 982 1066 1079 1145 
2773 1006 1047 1037 1115 
2774 196 740 1000 1076 
2775 622 293 969 1127 
2776 479 685 686 1103 
2777 783 782 780 1002 
2778 814 815 781 1002 
2779 769 1020 770 1056 
2780 250 152 1036 1088 
2781 1061 1094 992 1118 
2782 32 1030 31 1046 
2783 782 781 780 1002 
2784 777 1020 767 1060 
2785 245 240 971 1057 
2786 303 339 285 1108 
2787 741 1073 1033 1076 
2788 215 1026 1010 1066 
2789 77 152 1088 1110 
2790 758 1128 799 1140 
2791 840 1015 591 1071 
2792 891 432 436 1124 
2793 452 470 1021 1122 
2794 234 300 643 638 
2795 1008 1046 991 1148 
2796 1050 1123 989 1140 
2797 813 810 1114 1137 
2798 175 1053 178 1057 
2799 592 1015 593 1104 
2800 853 719 1027 1073 
2801 250 1011 1088 1111 
2802 1043 369 1098 1110 
2803 318 260 317 1144 
2804 639 1031 637 1147 
2805 43 40 23 270 
2806 498 545 492 1127 
2807 377 677 614 1102 
2808 168 171 174 1008 
2809 260 320 317 1144 
2810 769 1056 708 1059 
2811 699 697 691 1028 
2812 720 767 772 1102 
2813 992 991 1063 1072 
2814 177 9 216 1057 
2815 614 615 619 1102 
2816 980 1049 1016 1084 
2817 684 683 1034 1060 
2818 995 999 1083 1087 
2819 44 352 270 262 
2820 180 171 39 991 
2821 456 1121 338 1122 
2822 1041 989 1123 1140 
2823 625 431 638 549 
2824 639 1043 1031 1063 
2825 987 993 1071 1098 
2826 1028 1103 1011 1130 
2827 995 1094 1061 1118 
2828 1029 1044 995 1150 
2829 995 1029 999 1087 
2830 557 1092 1021 1122 
2831 494 1037 1045 1075 
2832 713 1041 1024 1140 
2833 234 297 638 1152 
2834 56 1004 57 1040 
2835 905 212 903 1101 
2836 32 160 147 1046 
2837 525 984 1023 1064 
2838 452 1092 557 1122 
2839 1020 1060 777 1153 
2840 808 831 706 1014 
2841 411 1071 993 1142 
2842 982 999 1066 1145 
2843 99 100 88 1013 
2844 558 994 1063 1147 
2845 415 239 413 1057 
2846 1018 1040 983 1085 
2847 65 61 1033 1073 
2848 1074 1088 1008 1110 
2849 26 992 32 1030 
2850 425 387 1138 1146 
2851 358 1064 1012 1112 
2852 1029 1087 958 1151 
2853 830 831 808 1014 
2854 115 2 3 1026 
2855 188 201 1011 1093 
2856 982 1066 1026 1079 
2857 980 1044 995 1061 
2858 839 1032 828 1067 
2859 662 714 665 1081 
2860 1065 1087 999 1151 
2861 665 1019 1061 1081 
2862 1043 1082 993 1098 
2863 930 891 892 1124 
2864 997 1051 988 1107 
2865 1051 1107 997 1123 
2866 982 1079 1065 1145 
2867 292 291 234 296 
2868 452 456 557 1092 
2869 998 1052 990 1096 
2870 643 300 234 1119 
2871 801 381 109 989 
2872 486 611 517 1030 
2873 686 683 684 1103 
2874 366 483 374 1012 
2875 578 1028 1104 1114 
2876 940 941 1051 1054 
2877 574 618 535 1035 
2878 8 9 15 216 
2879 652 1029 649 1044 
2880 979 1047 1003 1134 
2881 28 1019 34 1072 
2882 32 26 4 992 
2883 162 185 178 1152 
2884 614 689 377 1102 
2885 153 1110 933 1148 
2886 562 1017 189 1122 
2887 993 1039 382 1131 
2888 672 743 742 1028 
2889 518 1064 1012 1132 
2890 483 1056 487 1059 
2891 532 1007 453 1133 
2892 254 144 56 1039 
2893 481 632 617 1127 
2894 173 168 1008 1046 
2895 458 527 462 1033 
2896 50 735 736 1019 
2897 1001 1083 995 1094 
2898 119 1018 143 1042 
2899 1063 1078 1031 1147 
2900 250 1036 1048 1088 
2901 1007 1038 453 1133 
2902 1011 1088 996 1103 
2903 476 1053 416 1099 
2904 985 1042 1018 1141 
2905 608 1021 997 1086 
2906 216 177 245 959 
2907 575 61 65 1073 
2908 49 45 44 1121 
2909 119 143 64 1042 
2910 592 544 591 1015 
2911 55 1004 59 1019 
2912 1027 1073 568 1076 
2913 1054 1123 989 1135 
2914 642 521 637 1147 
2915 360 984 1023 1032 
2916 532 404 392 390 
2917 803 1003 802 1117 
2918 504 502 1037 1075 
2919 209 1010 206 1139 
2920 483 374 1012 1069 
2921 1008 1110 1046 1148 
2922 173 168 174 1008 
2923 735 734 736 1019 
2924 154 1046 1036 1091 
2925 523 428 558 1147 
2926 234 300 296 1109 
2927 426 1005 521 1067 
2928 824 790 826 1003 
2929 890 885 958 1087 
2930 531 316 319 987 
2931 903 901 902 905 
2932 139 1025 1030 1091 
2933 32 4 31 992 
2934 997 1123 1021 1133 
2935 1006 1037 511 1149 
2936 1038 1092 453 1133 
2937 470 1107 1021 1122 
2938 1034 1060 711 1102 
2939 1047 1049 979 1115 
2940 999 1066 998 1083 
2941 534 554 538 1068 
2942 188 1011 469 1093 
2943 129 1001 139 1025 
2944 639 364 640 1031 
2945 78 1043 933 1110 
2946 201 188 1011 1111 
2947 136 1089 138 1129 
2948 383 1066 387 1146 
2949 825 1023 266 1075 
2950 517 428 485 1001 
2951 233 362 234 291 
2952 153 1046 1110 1148 
2953 321 374 373 1069 
2954 422 416 476 1053 
2955 1001 1010 1025 1136 
2956 536 529 551 1107 
2957 456 452 557 1122 
2958 922 1046 1030 1091 
2959 981 1083 998 1143 
2960 358 366 1012 1064 
2961 16 115 3 1026 
2962 239 1053 413 1057 
2963 551 529 1051 1107 
2964 1030 1046 922 1148 
2965 118 1024 120 1042 
2966 468 1055 1027 1116 
2967 1086 1107 1017 1122 
2968 677 954 613 679 
2969 614 619 689 1102 
2970 234 361 300 1109 
2971 905 934 935 903 
2972 92 99 88 1013 
2973 548 1021 557 1092 
2974 996 1103 1015 1104 
2975 999 1087 1029 1151 
2976 894 1003 804 1045 
2977 79 77 152 1088 
2978 998 1083 1066 1138 
2979 478 1074 1015 1098 
2980 981 998 1052 1143 
2981 96 919 123 1129 
2982 1029 1076 981 1151 
2983 109 989 381 1070 
2984 362 352 262 1108 
2985 1021 1107 1086 1122 
2986 942 1036 920 1101 
2987 946 905 934 935 
2988 741 1000 740 1076 
2989 817 815 814 1014 
2990 988 1080 1055 1150 
2991 399 993 411 1131 
2992 178 181 15 233 
2993 66 65 1033 1073 
2994 6 5 4 1061 
2995 983 1085 1040 1131 
2996 639 1063 1031 1147 
2997 997 1041 1123 1140 
2998 544 543 542 1015 
2999 777 1060 865 1153 
3000 577 1104 672 1130 
3001 272 1100 1022 1106 
3002 57 1004 143 1040 
3003 943 1009 944 1126 
3004 483 375 374 1069 
3005 26 146 1001 1030 
3006 561 1053 476 1099 
3007 378 1043 369 1098 
3008 979 984 1037 1085 
3009 796 593 1020 1104 
3010 981 1016 1083 1143 
3011 982 1010 1035 1139 
3012 996 1088 1011 1130 
3013 250 680 1011 1111 
3014 675 580 911 1113 
3015 689 377 1102 1144 
3016 153 78 933 1110 
3017 181 262 27 217 
3018 905 935 946 1101 
3019 16 30 124 1026 
3020 784 200 201 1093 
3021 910 956 946 935 
3022 755 1128 758 1140 
3023 250 1088 1048 1111 
3024 1008 1088 152 1110 
3025 697 703 1093 1137 
3026 518 1064 1023 1112 
3027 1010 1136 1001 1138 
3028 370 1079 443 1089 
3029 246 1007 1058 1100 
3030 250 1048 1036 1111 
3031 173 1008 148 1046 
3032 987 1008 1097 1110 
3033 428 994 558 1147 
3034 293 969 963 622 
3035 956 949 946 1062 
3036 954 613 614 677 
3037 665 1019 668 1061 
3038 1026 1079 1066 1145 
3039 558 611 1063 1148 
3040 245 960 959 961 
3041 994 1078 1063 1147 
3042 1037 1085 511 1149 
3043 453 1092 1021 1133 
3044 713 1024 630 1086 
3045 838 835 869 1060 
3046 705 1014 703 1137 
3047 107 1038 1007 1058 
3048 452 461 470 1122 
3049 517 1030 611 1148 
3050 1018 1078 979 1085 
3051 943 1047 1009 1126 
3052 183 180 73 1072 
3053 683 1034 1002 1105 
3054 516 1037 984 1085 
3055 360 1023 984 1064 
3056 387 215 1010 1066 
3057 238 1058 229 1100 
3058 969 966 101 225 
3059 920 1036 1091 1101 
3060 643 1119 625 1127 
3061 136 1013 1089 1129 
3062 678 615 614 1102 
3063 484 209 212 1025 
3064 387 1066 1138 1146 
3065 946 949 923 1062 
3066 638 431 1053 1152 
3067 531 315 316 1090 
3068 936 1027 719 1052 
3069 965 1105 623 1113 
3070 1066 1083 999 1138 
3071 1031 1043 983 1063 
3072 387 215 491 1010 
3073 631 225 658 1127 
3074 251 242 1022 1128 
3075 613 614 678 615 
3076 981 1116 1009 1143 
3077 257 261 319 1071 
3078 713 635 997 1086 
3079 212 559 925 472 
3080 445 447 440 1070 
3081 822 869 835 1060 
3082 925 559 490 472 
3083 673 4 25 1061 
3084 560 1038 1007 1092 
3085 809 1014 808 1137 
3086 408 891 436 1124 
3087 867 869 868 1014 
3088 643 625 549 1127 
3089 813 1014 809 1137 
3090 784 710 1002 1093 
3091 678 1034 683 1105 
3092 459 458 462 1033 
3093 813 1114 1014 1137 
3094 803 790 1003 1117 
3095 1024 1042 723 1081 
3096 109 801 989 1077 
3097 123 95 1013 1136 
3098 763 684 678 1102 
3099 543 542 1015 1104 
3100 458 459 268 1033 
3101 177 216 245 1057 
3102 796 1104 1020 1153 
3103 95 122 25 1001 
3104 559 212 484 472 
3105 1043 1110 991 1148 
3106 40 42 71 142 
3107 988 1086 997 1107 
3108 625 561 549 1099 
3109 449 840 591 1071 
3110 228 106 272 1100 
3111 960 222 245 959 
3112 368 364 365 1082 
3113 325 527 1033 1073 
3114 139 1025 1001 1030 
3115 561 422 476 1053 
3116 293 963 20 622 
3117 545 549 1099 1127 
3118 997 1021 1050 1133 
3119 693 699 691 1028 
3120 597 629 653 1044 
3121 592 840 593 1015 
3122 485 509 484 1010 
3123 921 212 559 1101 
3124 905 903 935 1101 
3125 733 194 195 1151 
3126 665 669 668 1019 
3127 358 359 1064 1112 
3128 944 1009 1116 1126 
3129 531 987 319 1071 
3130 624 1034 623 1105 
3131 270 40 23 262 
3132 1009 1055 1051 1116 
3133 529 530 1051 1055 
3134 630 714 629 1081 
3135 822 835 712 1060 
3136 971 417 240 245 
3137 1005 1049 994 1078 
3138 976 200 784 1002 
3139 261 1039 382 1071 
3140 989 1041 1054 1077 
3141 593 776 594 1104 
3142 1044 1061 980 1081 
3143 825 829 1023 1075 
3144 227 1100 272 1106 
3145 639 933 1043 1148 
3146 961 967 172 1057 
3147 980 1019 1042 1081 
3148 14 177 172 1057 
3149 930 892 1045 1124 
3150 783 780 784 1002 
3151 300 361 234 1119 
3152 622 20 293 275 
3153 647 1029 889 1087 
3154 65 565 575 1073 
3155 116 1013 342 1089 
3156 424 1094 1016 1120 
3157 1017 1107 461 1122 
3158 347 346 304 305 
3159 973 970 245 1057 
3160 1074 1088 996 1090 
3161 803 802 790 1117 
3162 717 716 715 1052 
3163 123 1087 95 1136 
3164 681 1036 220 1113 
3165 997 1050 1123 1133 
3166 56 59 55 1004 
3167 1010 1026 982 1066 
3168 745 1021 550 1133 
3169 1050 1128 755 1140 
3170 625 1099 549 1127 
3171 18 8 27 217 
3172 215 299 1026 1066 
3173 708 1056 539 1059 
3174 988 1084 1044 1150 
3175 1008 991 1097 1110 
3176 336 94 19 948 
3177 517 1001 1030 1118 
3178 637 1031 642 1147 
3179 648 889 647 1029 
3180 796 776 1104 1153 
3181 982 1026 1010 1139 
3182 1026 1066 606 1145 
3183 352 262 181 362 
3184 186 1036 1111 1113 
3185 979 1049 1005 1078 
3186 706 808 1014 1137 
3187 444 446 943 1006 
3188 79 1088 1074 1110 
3189 527 325 853 1073 
3190 958 1065 661 1151 
3191 1062 1091 1036 1101 
3192 138 1089 137 1129 
3193 132 535 618 1035 
3194 638 203 157 1152 
3195 654 655 346 1119 
3196 377 689 341 1144 
3197 178 1053 233 1057 
3198 446 1054 1006 1070 
3199 441 1070 440 1106 
3200 625 643 234 1119 
3201 841 1020 777 1153 
3202 667 30 29 1089 
3203 182 1011 188 1111 
3204 129 100 139 1001 
3205 200 1002 976 1105 
3206 519 1069 1012 1112 
3207 271 274 272 1022 
3208 1009 985 1051 1125 
3209 998 990 1052 1143 
3210 532 1068 1007 1133 
3211 745 552 1050 1133 
3212 639 364 1031 1043 
3213 719 717 896 1052 
3214 922 920 153 1046 
3215 43 142 40 1095 
3216 980 1081 1042 1125 
3217 137 1089 443 1129 
3218 352 353 49 1108 
3219 692 693 691 1028 
3220 1031 1043 364 1082 
3221 258 321 1069 1112 
3222 106 225 108 1058 
3223 659 122 652 995 
3224 680 678 683 1105 
3225 981 1052 1027 1116 
3226 562 202 189 1017 
3227 529 1055 1051 1107 
3228 983 1040 1039 1131 
3229 682 1074 79 1088 
3230 535 348 342 1089 
3231 525 984 1064 1132 
3232 446 940 943 1054 
3233 311 315 1090 1097 
3234 368 1031 364 1082 
3235 832 813 810 1114 
3236 979 1032 1005 1134 
3237 796 776 593 1104 
3238 922 920 1046 1091 
3239 529 467 1055 1107 
3240 195 194 196 1151 
3241 809 807 810 1137 
3242 478 1056 483 1098 
3243 477 476 416 1099 
3244 958 1087 1065 1151 
3245 1006 985 1054 1115 
3246 538 1068 554 1135 
3247 985 1054 1041 1077 
3248 83 84 68 1013 
3249 404 393 400 1038 
3250 656 1109 347 1119 
3251 15 14 178 1057 
3252 480 369 1074 1098 
3253 691 471 1028 1093 
3254 982 1035 1013 1089 
3255 109 989 1070 1077 
3256 646 1119 643 1127 
3257 709 1034 711 1102 
3258 961 172 177 1057 
3259 1015 1071 840 1142 
3260 864 1014 866 1114 
3261 199 1000 741 1033 
3262 866 864 867 1014 
3263 339 1108 303 1109 
3264 620 615 616 1034 
3265 629 628 630 1086 
3266 65 66 565 1073 
3267 638 643 234 625 
3268 592 591 840 1015 
3269 31 171 168 991 
3270 431 625 638 1053 
3271 982 1013 1035 1136 
3272 821 704 743 1028 
3273 206 1026 134 1139 
3274 985 1115 1077 1141 
3275 784 201 688 1093 
3276 810 813 809 1137 
3277 611 1030 922 1148 
3278 558 639 637 1147 
3279 711 1060 767 1102 
3280 1048 1088 1011 1111 
3281 991 1063 1043 1148 
3282 1036 681 1111 1113 
3283 521 839 505 1067 
3284 432 1045 436 1124 
3285 981 1009 1084 1143 
3286 682 79 250 1088 
3287 189 1017 1095 1122 
3288 981 1052 1116 1143 
3289 795 609 745 1140 
3290 1035 1089 982 1139 
3291 148 1008 161 1046 
3292 988 1055 1017 1107 
3293 824 803 790 1003 
3294 222 216 245 959 
3295 525 1023 518 1064 
3296 238 244 1058 1100 
3297 106 1058 107 1100 
3298 754 1007 242 1128 
3299 933 922 1046 1148 
3300 754 1050 1007 1128 
3301 794 758 799 1140 
3302 669 735 50 1019 
3303 795 641 609 1140 
3304 928 936 719 1052 
3305 828 839 360 1032 
3306 985 1006 1054 1077 
3307 912 954 614 677 
3308 224 1048 1008 1088 
3309 743 827 1028 1114 
3310 373 1069 374 1144 
3311 37 38 218 222 
3312 151 1053 175 1057 
3313 46 34 1019 1072 
3314 1027 1052 936 1116 
3315 803 804 802 1003 
3316 773 604 1104 1114 
3317 384 998 383 1096 
3318 95 100 1013 1136 
3319 424 429 1094 1120 
3320 873 769 770 1056 
3321 266 265 264 1023 
3322 441 445 440 1070 
3323 257 312 254 1039 
3324 1031 1063 983 1078 
3325 21 20 93 963 
3326 1032 1067 1005 1134 
3327 432 805 493 1045 
3328 95 122 1001 1087 
3329 468 1027 527 1116 
3330 817 814 787 1014 
3331 905 946 918 1101 
3332 706 831 705 1014 
3333 409 89 105 396 
3334 478 1015 1056 1098 
3335 431 549 625 1053 
3336 24 23 18 262 
3337 1006 1115 1037 1149 
3338 461 1095 1017 1122 
3339 423 422 561 1053 
3340 95 123 122 1087 
3341 55 57 56 1004 
3342 377 487 763 1059 
3343 670 191 311 1090 
3344 958 1029 647 1087 
3345 1029 1080 1044 1150 
3346 529 467 530 1055 
3347 175 14 169 1057 
3348 555 1086 1017 1122 
3349 518 519 1012 1112 
3350 119 1018 1042 1141 
3351 1019 980 1061 1081 
3352 532 533 271 1068 
3353 544 592 543 1015 
3354 947 332 286 330 
3355 342 116 68 1013 
3356 827 821 743 1028 
3357 262 181 233 217 
3358 984 1082 993 1131 
3359 224 1008 219 1088 
3360 1010 1035 1025 1136 
3361 659 25 122 995 
3362 182 1048 1011 1111 
3363 923 949 221 1062 
3364 562 553 1017 1122 
3365 1001 95 1087 1136 
3366 803 804 1003 1045 
3367 983 1043 1031 1082 
3368 103 199 1033 1095 
3369 247 656 657 1058 
3370 1054 1070 446 1135 
3371 684 763 686 1020 
3372 212 559 484 488 
3373 638 1053 234 1152 
3374 222 38 959 728 
3375 92 88 69 1013 
3376 478 480 479 1074 
3377 754 1007 1050 1133 
3378 794 755 758 1140 
3379 711 1034 674 1060 
3380 741 199 740 1000 
3381 823 868 869 1014 
3382 992 1094 994 1118 
3383 383 387 309 1146 
3384 941 1051 1054 1123 
3385 257 319 312 1039 
3386 1001 1094 995 1118 
3387 1007 1092 1038 1133 
3388 322 1022 1106 1135 
3389 639 80 938 1043 
3390 517 428 1001 1118 
3391 636 635 634 997 
3392 656 1038 406 1109 
3393 942 82 81 220 
3394 284 359 358 1112 
3395 111 1077 1006 1149 
3396 732 733 195 1151 
3397 46 73 35 1072 
3398 315 316 1090 1097 
3399 441 446 445 1070 
3400 356 351 350 1108 
3401 806 114 1041 1077 
3402 272 106 271 1100 
3403 161 1036 154 1046 
3404 46 1019 59 1072 
3405 1042 1081 1024 1125 
3406 665 731 669 1019 
3407 913 613 614 954 
3408 9 10 177 216 
3409 482 98 632 1127 
3410 452 453 400 1092 
3411 411 993 382 1131 
3412 891 408 436 397 
3413 731 665 714 1081 
3414 993 1082 983 1131 
3415 625 549 561 1053 
3416 988 1044 1080 1150 
3417 1012 1098 1056 1142 
3418 357 265 266 1023 
3419 32 31 168 1046 
3420 1036 1062 220 1113 
3421 639 1043 1063 1148 
3422 456 338 452 1122 
3423 536 453 452 1021 
3424 983 984 1085 1131 
3425 799 1041 797 1140 
3426 188 469 676 1093 
3427 10 9 8 216 
3428 247 246 1058 1100 
3429 196 194 740 1151 
3430 853 719 936 1027 
3431 873 708 769 1056 
3432 562 583 202 1017 
3433 122 889 652 1087 
3434 362 234 296 1109 
3435 784 710 783 1002 
3436 202 1017 583 1095 
3437 536 1123 1068 1133 
3438 778 775 914 1035 
3439 989 1123 1068 1135 
3440 687 697 703 1093 
3441 763 377 1059 1102 
3442 222 744 37 724 
3443 690 1102 1059 1144 
3444 527 1027 936 1116 
3445 984 983 1082 1131 
3446 410 1071 411 1142 
3447 484 491 490 473 
3448 189 1095 1121 1122 
3449 770 769 771 1020 
3450 956 949 1062 1113 
3451 440 1070 447 1106 
3452 95 25 26 1001 
3453 532 453 536 1133 
3454 387 299 215 1066 
3455 727 736 726 1042 
3456 427 382 993 1071 
3457 222 245 750 738 
3458 383 299 387 1066 
3459 620 616 621 1034 
3460 631 229 658 225 
3461 561 625 1053 1099 
3462 917 925 472 900 
3463 293 275 231 1099 
3464 996 1103 1104 1130 
3465 590 1017 595 1080 
3466 800 897 1096 1117 
3467 480 378 369 1098 
3468 240 417 739 245 
3469 25 995 659 1061 
3470 824 803 1003 1075 
3471 331 286 875 762 
3472 529 470 461 1107 
3473 452 470 536 1021 
3474 713 730 1041 1140 
3475 922 486 488 1091 
3476 896 928 1052 1126 
3477 446 1070 441 1135 
3478 247 657 237 1058 
3479 445 439 447 1124 
3480 456 557 350 1122 
3481 264 1023 265 1112 
3482 1021 1092 550 1133 
3483 945 444 943 1124 
3484 284 1023 359 1112 
3485 1012 993 1098 1142 
3486 376 1065 434 1079 
3487 29 1079 370 1089 
3488 840 1071 449 1142 
3489 227 1022 1100 1106 
3490 734 1019 731 1081 
3491 89 94 19 336 
3492 1018 1085 979 1115 
3493 374 1069 321 1112 
3494 823 815 817 1014 
3495 718 1007 1038 1058 
3496 529 530 551 1051 
3497 738 222 245 960 
3498 483 487 375 1059 
3499 1037 1115 1085 1149 
3500 212 486 1025 1091 
3501 778 914 209 1035 
3502 1006 1070 448 1124 
3503 777 841 771 1020 
3504 338 1095 461 1122 
3505 389 828 826 1067 
3506 27 24 262 181 
3507 985 1018 1115 1141 
3508 414 413 415 239 
3509 740 199 196 1000 
3510 91 93 90 21 
3511 361 1109 1038 1119 
3512 515 502 984 1037 
3513 982 1035 1010 1136 
3514 979 1085 1037 1115 
3515 1013 982 1089 1129 
3516 1020 1103 986 1104 
3517 498 481 617 1127 
3518 39 31 5 1072 
3519 678 677 377 1102 
3520 363 80 78 1043 
3521 392 393 404 1038 
3522 532 536 1068 1133 
3523 212 488 486 1091 
3524 607 557 1021 1122 
3525 806 801 845 1077 
3526 1096 1120 998 1146 
3527 364 369 363 80 
3528 416 1053 414 1099 
3529 652 648 649 1029 
3530 126 127 1026 1139 
3531 414 1053 239 1099 
3532 209 1035 1010 1139 
3533 369 78 77 1110 
3534 368 367 364 1031 
3535 729 1073 741 1076 
3536 378 363 369 1043 
3537 690 689 1102 1144 
3538 380 381 1022 1135 
3539 95 1001 100 1136 
3540 989 1022 1068 1128 
3541 426 491 425 1146 
3542 984 993 1082 1132 
3543 103 1033 142 1095 
3544 609 550 745 1021 
3545 928 1116 1052 1126 
3546 471 676 469 1093 
3547 614 689 341 377 
3548 522 508 520 1079 
3549 107 108 1038 1058 
3550 781 789 780 1034 
3551 353 356 49 1108 
3552 941 551 1051 1123 
3553 440 86 102 409 
3554 500 1045 1037 1124 
3555 444 1006 943 1124 
3556 247 1058 244 1100 
3557 382 394 326 1040 
3558 347 346 655 1119 
3559 607 557 548 1021 
3560 972 977 971 1057 
3561 518 1012 519 1132 
3562 963 90 98 966 
3563 158 423 431 1053 
3564 697 687 691 1093 
3565 95 26 146 1001 
3566 885 919 871 1129 
3567 1023 1064 359 1112 
3568 350 52 356 1121 
3569 795 745 755 1140 
3570 19 94 93 20 
3571 552 550 1092 1133 
3572 866 1014 813 1114 
3573 619 690 689 1102 
3574 38 216 222 959 
3575 350 557 456 1108 
3576 1077 1141 1115 1149 
3577 251 757 242 1128 
3578 638 643 625 549 
3579 212 925 559 1101 
3580 318 344 260 1144 
3581 831 817 787 1014 
3582 345 695 700 1144 
3583 421 413 416 1053 
3584 560 406 1038 1092 
3585 80 364 938 1043 
3586 841 777 865 1153 
3587 422 421 416 1053 
3588 21 93 90 963 
3589 432 930 898 1045 
3590 996 1011 1103 1130 
3591 1022 1068 274 1135 
3592 743 766 827 1114 
3593 777 767 768 1060 
3594 940 446 554 1054 
3595 478 480 1074 1098 
3596 184 171 183 1097 
3597 363 364 80 1043 
3598 557 1092 456 1109 
3599 726 727 1042 1081 
3600 557 456 1108 1109 
3601 997 1123 1050 1140 
3602 312 253 1039 1097 
3603 87 228 272 1106 
3604 656 347 655 1119 
3605 754 552 1007 1133 
3606 558 1063 639 1147 
3607 95 96 123 1013 
3608 673 6 4 1061 
3609 201 676 688 1093 
3610 400 453 404 1038 
3611 516 1085 984 1131 
3612 144 1039 253 1097 
3613 146 139 100 1001 
3614 539 874 537 1012 
3615 960 245 738 978 
3616 607 601 556 1086 
3617 825 266 310 1075 
3618 99 95 100 1013 
3619 525 1064 518 1132 
3620 507 511 1006 1037 
3621 745 1050 755 1140 
3622 341 677 614 377 
3623 902 905 901 900 
3624 250 152 220 1036 
3625 536 551 1068 1123 
3626 628 635 630 1086 
3627 985 1006 1077 1115 
3628 942 152 920 1036 
3629 250 1036 681 1111 
3630 543 1015 592 1104 
3631 800 1096 308 1117 
3632 754 1050 552 1133 
3633 773 774 1114 1153 
3634 928 719 896 1052 
3635 551 530 941 1051 
3636 120 1024 730 1041 
3637 236 216 233 1057 
3638 705 706 1014 1137 
3639 837 593 840 1015 
3640 928 936 1052 1116 
3641 1036 1062 163 1091 
3642 333 1085 1018 1149 
3643 598 1017 555 1086 
3644 688 703 710 1093 
3645 874 1012 539 1056 
3646 704 742 743 1028 
3647 443 376 434 1079 
3648 409 408 89 396 
3649 885 123 919 1129 
3650 695 1059 700 1144 
3651 988 1017 1086 1107 
3652 913 612 911 581 
3653 457 1037 1006 1124 
3654 411 427 382 993 
3655 361 1038 108 1119 
3656 452 400 456 1092 
3657 59 60 46 1072 
3658 413 239 414 1053 
3659 1051 1055 988 1107 
3660 649 1044 1029 1080 
3661 966 106 228 225 
3662 412 440 445 447 
3663 70 1013 136 1129 
3664 402 993 399 1131 
3665 265 357 284 1023 
3666 903 901 905 934 
3667 291 292 234 1152 
3668 20 19 94 947 
3669 19 93 91 21 
3670 1059 1102 377 1144 
3671 28 34 35 1072 
3672 993 1132 402 1142 
3673 728 222 37 724 
3674 146 139 1001 1030 
3675 42 66 65 1033 
3676 638 625 234 1053 
3677 791 766 773 1114 
3678 959 960 222 728 
3679 624 616 623 1034 
3680 374 321 358 1112 
3681 489 484 491 490 
3682 444 1070 1006 1124 
3683 63 55 59 1019 
3684 550 1021 548 1092 
3685 85 91 90 22 
3686 132 1025 140 1035 
3687 1041 1077 114 1141 
3688 484 473 472 209 
3689 700 1059 702 1069 
3690 555 556 1086 1122 
3691 333 324 1085 1149 
3692 228 272 227 1100 
3693 136 1013 116 1089 
3694 973 245 971 1057 
3695 772 769 708 1059 
3696 118 723 1024 1042 
3697 591 454 449 1071 
3698 149 1053 150 1057 
3699 993 1131 402 1132 
3700 1064 1082 993 1132 
3701 10 177 216 959 
3702 718 1038 656 1058 
3703 390 392 532 533 
3704 233 181 262 362 
3705 520 1076 740 1151 
3706 322 1106 1070 1135 
3707 201 187 188 1111 
3708 822 712 788 1034 
3709 898 891 930 432 
3710 898 888 891 886 
3711 843 1020 841 1153 
3712 558 428 517 1118 
3713 657 237 1058 1119 
3714 61 42 65 1033 
3715 765 535 132 1035 
3716 784 688 710 1093 
3717 810 816 1114 1137 
3718 14 175 178 1057 
3719 1009 1084 1049 1125 
3720 37 38 222 728 
3721 106 229 228 225 
3722 189 1017 202 1095 
3723 803 1045 1003 1075 
3724 981 1084 1016 1143 
3725 935 1062 946 1101 
3726 303 295 305 1109 
3727 515 984 516 1037 
3728 989 1068 1050 1128 
3729 273 440 86 282 
3730 334 1085 324 1149 
3731 868 870 866 1014 
3732 240 418 415 239 
3733 792 1114 774 1153 
3734 639 933 78 1043 
3735 380 1070 381 1135 
3736 921 488 212 1091 
3737 718 246 1007 1058 
3738 615 694 619 1102 
3739 713 730 1024 1041 
3740 1039 1040 382 1131 
3741 153 933 1046 1148 
3742 446 1006 444 1070 
3743 364 1043 363 1082 
3744 98 622 969 1127 
3745 432 891 436 397 
3746 984 1082 1064 1132 
3747 928 944 1116 1126 
3748 63 59 736 1019 
3749 610 1021 608 1086 
3750 970 968 967 1057 
3751 942 1062 1036 1101 
3752 837 1056 1015 1142 
3753 610 608 634 1086 
3754 838 865 777 1060 
3755 398 898 891 886 
3756 496 224 219 1088 
3757 792 773 774 1114 
3758 940 554 941 1054 
3759 246 242 1007 1100 
3760 607 1021 610 1086 
3761 173 148 168 1046 
3762 338 270 1095 1121 
3763 413 414 416 1053 
3764 120 112 1042 1141 
3765 20 277 276 93 
3766 812 495 1045 1075 
3767 935 903 212 1101 
3768 956 910 934 935 
3769 388 308 1096 1117 
3770 200 974 962 1105 
3771 1020 1104 986 1153 
3772 520 1145 1076 1151 
3773 426 1067 505 1146 
3774 496 1090 670 1130 
3775 266 1023 310 1075 
3776 400 1038 393 1109 
3777 635 636 713 997 
3778 182 188 179 1111 
3779 393 108 361 1038 
3780 460 507 511 1006 
3781 598 595 553 1017 
3782 529 461 467 1107 
3783 87 273 282 1106 
3784 502 525 984 1023 
3785 515 514 504 1037 
3786 708 873 539 1056 
3787 796 1020 843 1153 
3788 362 262 269 1108 
3789 936 527 853 1027 
3790 274 1068 538 1135 
3791 102 440 409 412 
3792 536 453 1021 1133 
3793 792 774 857 1153 
3794 61 71 42 1033 
3795 18 23 40 262 
3796 369 1043 78 1110 
3797 713 630 635 1086 
3798 468 530 1055 1116 
3799 547 560 552 1092 
3800 516 1131 984 1132 
3801 968 170 967 1057 
3802 990 1005 1067 1134 
3803 432 898 805 1045 
3804 946 935 956 1062 
3805 388 1096 1067 1117 
3806 40 270 268 262 
3807 188 676 201 1093 
3808 532 536 534 1068 
3809 909 913 911 581 
3810 534 536 551 1068 
3811 851 799 806 1041 
3812 399 411 337 1131 
3813 434 1065 435 1129 
3814 578 1104 604 1114 
3815 458 325 527 1033 
3816 638 157 431 1152 
3817 188 187 179 1111 
3818 996 1104 576 1130 
3819 103 142 43 1095 
3820 555 556 601 1086 
3821 197 66 1033 1073 
3822 238 244 237 1058 
3823 61 72 71 1033 
3824 851 806 114 1041 
3825 792 791 773 1114 
3826 542 576 1090 1104 
3827 639 938 364 1043 
3828 254 312 253 1039 
3829 369 363 78 1043 
3830 812 834 495 1075 
3831 1120 1138 998 1146 
3832 562 189 553 1122 
3833 558 611 639 1063 
3834 136 137 138 1089 
3835 115 16 124 1026 
3836 39 5 35 1072 
3837 741 197 1033 1073 
3838 229 106 228 1100 
3839 930 888 891 898 
3840 671 672 742 1028 
3841 734 721 726 1081 
3842 477 416 414 1099 
3843 234 297 296 300 
3844 860 1020 1015 1056 
3845 794 799 797 1140 
3846 247 244 246 1100 
3847 838 777 768 1060 
3848 478 483 378 1098 
3849 500 494 1037 1045 
3850 473 490 484 472 
3851 313 1023 288 1112 
3852 133 1079 1026 1145 
3853 111 450 1006 1077 
3854 252 1022 251 1100 
3855 601 607 610 1086 
3856 98 963 966 969 
3857 35 180 39 1072 
3858 972 430 977 1057 
3859 379 1089 1035 1139 
3860 34 669 50 1019 
3861 425 491 387 1146 
3862 424 429 428 1094 
3863 505 426 521 1067 
3864 754 745 552 1050 
3865 468 527 936 1116 
3866 634 997 635 1086 
3867 718 1007 560 1038 
3868 962 1111 1105 1113 
3869 713 636 730 1140 
3870 577 578 672 1104 
3871 237 244 247 1058 
3872 1068 1123 1050 1133 
3873 338 461 452 1122 
3874 997 1086 1021 1107 
3875 447 448 1070 1124 
3876 463 464 1011 1130 
3877 63 736 727 1042 
3878 41 71 11 40 
3879 538 441 274 1135 
3880 347 295 296 1109 
3881 989 1068 1022 1135 
3882 146 100 95 1001 
3883 354 1069 519 1112 
3884 657 1058 656 1119 
3885 400 453 1038 1092 
3886 740 1076 520 1145 
3887 29 370 667 1089 
3888 154 1036 156 1091 
3889 921 920 922 1091 
3890 103 43 104 1095 
3891 594 592 593 1104 
3892 515 504 502 1037 
3893 389 839 828 1067 
3894 133 1026 606 1145 
3895 425 1138 1120 1146 
3896 885 1065 958 1087 
3897 954 614 913 912 
3898 656 406 347 1109 
3899 720 772 700 1059 
3900 358 359 365 1064 
3901 275 276 20 277 
3902 71 41 42 40 
3903 340 341 689 1144 
3904 450 1070 1006 1077 
3905 994 1005 1078 1147 
3906 469 188 463 1011 
3907 860 593 1015 1020 
3908 678 684 683 1034 
3909 664 673 25 1061 
3910 463 464 469 1011 
3911 184 183 192 1097 
3912 520 1079 729 1145 
3913 867 868 866 1014 
3914 644 1119 646 1127 
3915 107 106 108 1058 
3916 126 1089 131 1139 
3917 418 415 417 240 
3918 665 668 6 1061 
3919 690 1059 695 1144 
3920 250 220 681 1036 
3921 338 270 459 1095 
3922 626 293 231 1099 
3923 432 898 891 398 
3924 986 1060 1020 1153 
3925 216 38 10 959 
3926 914 442 1025 1035 
3927 603 384 568 1145 
3928 395 330 336 948 
3929 778 1035 209 1139 
3930 239 241 420 1099 
3931 985 1077 1041 1141 
3932 945 927 892 1045 
3933 262 18 27 217 
3934 98 963 969 622 
3935 338 1121 1095 1122 
3936 996 1090 576 1104 
3937 445 408 439 1124 
3938 152 250 79 1088 
3939 505 491 426 1146 
3940 401 1085 516 1131 
3941 639 1063 611 1148 
3942 333 1040 1018 1085 
3943 110 1077 111 1149 
3944 695 1059 690 1102 
3945 1050 1068 989 1123 
3946 704 693 692 1028 
3947 401 335 1085 1131 
3948 1007 1068 1050 1133 
3949 691 687 471 1093 
3950 1115 1141 1018 1149 
3951 614 912 677 341 
3952 534 1068 551 1123 
3953 704 692 742 1028 
3954 750 744 222 751 
3955 336 19 89 395 
3956 1016 1094 1083 1120 
3957 144 254 253 1039 
3958 1006 1077 1115 1149 
3959 339 303 305 1109 
3960 790 1067 826 1117 
3961 268 71 40 262 
3962 109 845 801 1077 
3963 744 222 751 724 
3964 512 1085 334 1149 
3965 299 606 1026 1066 
3966 52 1121 350 1122 
3967 1083 1094 429 1120 
3968 347 305 295 1109 
3969 46 60 67 1072 
3970 265 1023 284 1112 
3971 984 1131 993 1132 
3972 711 768 767 1060 
3973 989 1054 1070 1077 
3974 980 1049 1084 1125 
3975 10 8 12 216 
3976 370 443 137 1089 
3977 727 723 1042 1081 
3978 625 1119 626 1127 
3979 334 401 335 1085 
3980 46 35 34 1072 
3981 607 556 557 1122 
3982 427 319 261 1071 
3983 644 646 545 1127 
3984 193 204 196 1000 
3985 797 1041 730 1140 
3986 510 379 1035 1139 
3987 1031 1078 1005 1147 
3988 301 606 605 1026 
3989 745 550 552 1133 
3990 105 408 409 396 
3991 375 373 374 1144 
3992 201 200 187 1111 
3993 456 1092 400 1109 
3994 666 670 1090 1130 
3995 156 1036 163 1091 
3996 197 565 66 1073 
3997 89 94 91 19 
3998 680 1105 1111 1113 
3999 621 616 624 1034 
4000 512 511 1037 1085 
4001 538 554 441 1135 
4002 778 775 1035 1139 
4003 730 636 761 1140 
4004 910 911 956 904 
4005 644 545 546 1127 
4006 512 511 1085 1149 
4007 472 212 484 209 
4008 445 444 408 1124 
4009 44 45 43 1121 
4010 28 35 5 1072 
4011 237 229 238 1058 
4012 106 87 228 272 
4013 963 21 20 622 
4014 935 212 1091 1101 
4015 441 1070 1106 1135 
4016 968 970 973 1057 
4017 46 34 50 1019 
4018 220 152 942 1036 
4019 851 797 799 1041 
4020 989 1070 1054 1135 
4021 780 789 976 1105 
4022 375 374 1069 1144 
4023 688 687 703 1093 
4024 792 798 791 1114 
4025 547 552 550 1092 
4026 888 407 891 886 
4027 965 623 675 1113 
4028 928 944 937 1116 
4029 537 519 539 1012 
4030 707 699 821 1137 
4031 894 892 927 1045 
4032 377 375 487 1059 
4033 512 1037 516 1085 
4034 365 364 363 1082 
4035 358 321 284 1112 
4036 734 731 714 1081 
4037 463 1011 465 1130 
4038 505 839 389 1067 
4039 1012 1056 874 1142 
4040 707 810 807 1137 
4041 108 392 107 1038 
4042 911 909 581 904 
4043 1036 1048 176 1111 
4044 150 1053 151 1057 
4045 388 1067 1096 1146 
4046 394 256 57 1040 
4047 388 1096 309 1146 
4048 566 565 563 1073 
4049 600 570 568 1073 
4050 447 439 457 1124 
4051 639 78 80 1043 
4052 515 516 514 1037 
4053 680 1111 681 1113 
4054 507 1006 457 1037 
4055 539 1012 519 1069 
4056 90 87 98 966 
4057 375 1069 1059 1144 
4058 336 19 395 948 
4059 705 831 787 1014 
4060 892 891 408 1124 
4061 629 662 653 1044 
4062 216 8 12 217 
4063 338 459 461 1095 
4064 77 153 152 1110 
4065 377 375 1059 1144 
4066 1076 1145 999 1151 
4067 672 578 743 1028 
4068 478 378 480 1098 
4069 116 342 329 1089 
4070 43 104 1095 1121 
4071 398 891 407 886 
4072 546 545 498 1127 
4073 803 819 1045 1075 
4074 663 226 225 1127 
4075 720 1059 695 1102 
4076 819 812 1045 1075 
4077 427 261 382 1071 
4078 22 91 90 21 
4079 468 937 530 1116 
4080 1012 1064 993 1132 
4081 90 98 21 963 
4082 478 487 483 1056 
4083 754 755 1050 1128 
4084 18 262 223 217 
4085 151 158 157 1053 
4086 1040 1085 333 1131 
4087 358 365 366 1064 
4088 389 491 505 1146 
4089 410 449 411 1071 
4090 656 718 406 1038 
4091 411 382 337 1131 
4092 773 604 594 1104 
4093 290 606 301 1026 
4094 238 249 244 1100 
4095 445 446 444 1070 
4096 186 951 164 1036 
4097 998 1120 1083 1138 
4098 288 310 1023 1075 
4099 216 236 233 217 
4100 272 228 227 1106 
4101 272 1022 274 1106 
4102 933 611 922 1148 
4103 676 471 687 1093 
4104 467 468 530 1055 
4105 539 702 1059 1069 
4106 54 302 573 725 
4107 738 750 222 751 
4108 318 317 689 1144 
4109 282 273 440 1106 
4110 447 445 412 439 
4111 658 1058 237 1119 
4112 800 802 897 1117 
4113 221 1062 949 1113 
4114 299 290 215 1026 
4115 157 1053 431 1152 
4116 650 655 654 1119 
4117 696 699 707 1137 
4118 24 18 27 262 
4119 728 751 222 724 
4120 193 190 202 1095 
4121 463 188 182 1011 
4122 423 158 422 1053 
4123 307 715 309 308 
4124 812 495 805 1045 
4125 435 1065 885 1129 
4126 345 700 349 1144 
4127 1085 1115 1018 1149 
4128 406 718 560 1038 
4129 729 1076 740 1145 
4130 264 258 259 1112 
4131 624 788 621 1034 
4132 417 971 973 245 
4133 119 326 143 1018 
4134 87 106 228 966 
4135 489 484 509 491 
4136 148 173 167 1008 
4137 73 180 35 1072 
4138 495 493 805 1045 
4139 401 1131 516 1132 
4140 505 1067 389 1146 
4141 789 1034 624 1105 
4142 740 194 196 199 
4143 439 408 436 1124 
4144 149 151 150 1053 
4145 559 931 921 1101 
4146 690 695 345 1144 
4147 505 521 642 839 
4148 46 67 73 1072 
4149 38 216 218 222 
4150 586 1029 584 1080 
4151 457 1006 448 1124 
4152 392 108 393 1038 
4153 25 659 664 1061 
4154 1018 1141 113 1149 
4155 1006 1070 1054 1077 
4156 13 37 38 218 
4157 671 672 1028 1130 
4158 203 297 292 1152 
4159 744 752 302 724 
4160 290 299 606 1026 
4161 806 845 114 1077 
4162 143 1018 326 1040 
4163 942 220 1036 1062 
4164 300 234 297 638 
4165 369 80 78 363 
4166 186 1036 176 1111 
4167 921 1091 212 1101 
4168 72 325 71 1033 
4169 834 812 820 1075 
4170 50 736 59 1019 
4171 895 871 919 1129 
4172 658 1119 645 1127 
4173 798 816 766 1114 
4174 538 274 271 1068 
4175 833 857 864 1153 
4176 608 550 609 1021 
4177 289 313 288 1112 
4178 98 87 90 97 
4179 335 333 1085 1131 
4180 274 1106 1022 1135 
4181 501 742 692 1028 
4182 186 1111 962 1113 
4183 397 432 891 398 
4184 380 1022 322 1135 
4185 82 931 932 939 
4186 765 132 140 1035 
4187 946 1062 923 1101 
4188 401 403 1131 1132 
4189 832 810 816 1114 
4190 109 381 380 1070 
4191 216 12 13 218 
4192 871 435 885 1129 
4193 396 89 19 395 
4194 730 723 713 1024 
4195 942 923 1062 1101 
4196 654 646 650 1119 
4197 463 1011 182 1048 
4198 167 1008 224 1048 
4199 897 802 893 1117 
4200 553 555 598 1017 
4201 70 69 68 1013 
4202 874 539 873 1056 
4203 89 91 85 22 
4204 790 388 1067 1117 
4205 819 804 803 1045 
4206 837 1015 840 1142 
4207 218 216 12 217 
4208 966 228 101 225 
4209 412 445 408 439 
4210 292 297 234 1152 
4211 533 538 271 1068 
4212 283 762 950 286 
4213 626 226 663 1127 
4214 626 625 226 1119 
4215 380 322 1070 1135 
4216 111 455 450 1077 
4217 339 557 1108 1109 
4218 441 440 273 1106 
4219 610 634 635 1086 
4220 36 37 13 263 
4221 990 1126 1052 1143 
4222 765 442 535 1035 
4223 875 286 330 947 
4224 212 208 472 902 
4225 210 203 292 1152 
4226 936 937 468 1116 
4227 440 447 282 1106 
4228 577 576 1104 1130 
4229 119 1042 112 1141 
4230 793 774 776 1153 
4231 284 321 258 1112 
4232 754 242 757 1128 
4233 1012 1132 993 1142 
4234 548 550 607 1021 
4235 186 962 951 1113 
4236 904 581 911 580 
4237 189 1121 51 1122 
4238 626 1119 226 1127 
4239 218 13 37 263 
4240 500 1037 457 1124 
4241 708 700 772 1059 
4242 302 294 54 573 
4243 819 820 812 1075 
4244 497 464 465 1130 
4245 264 265 258 1112 
4246 246 242 754 1007 
4247 13 10 12 216 
4248 754 757 755 1128 
4249 288 1023 313 1075 
4250 268 71 325 1033 
4251 595 590 553 1017 
4252 953 1062 951 1113 
4253 800 308 790 1117 
4254 928 937 936 1116 
4255 975 789 624 1105 
4256 500 499 1045 1124 
4257 768 835 838 1060 
4258 941 534 551 1123 
4259 810 707 816 1137 
4260 518 1023 313 1112 
4261 722 1024 723 1081 
4262 598 555 601 1086 
4263 64 63 119 1042 
4264 241 276 286 20 
4265 48 52 49 356 
4266 463 465 464 1130 
4267 977 968 971 1057 
4268 454 319 427 1071 
4269 376 451 1065 1079 
4270 298 294 302 573 
4271 261 257 256 1039 
4272 1067 1096 990 1117 
4273 510 1035 775 1139 
4274 288 287 289 1112 
4275 414 239 420 1099 
4276 566 575 565 1073 
4277 263 302 54 744 
4278 450 455 380 1070 
4279 160 168 148 1046 
4280 157 158 431 1053 
4281 649 1029 586 1080 
4282 221 949 955 1113 
4283 860 1015 837 1056 
4284 836 834 820 1075 
4285 590 583 562 1017 
4286 1009 1116 1126 1143 
4287 11 12 18 223 
4288 871 895 437 1129 
4289 747 859 746 572 
4290 944 928 929 1126 
4291 406 1038 1092 1109 
4292 422 149 421 1053 
4293 797 730 761 1140 
4294 238 229 227 1100 
4295 775 510 442 1035 
4296 91 22 19 21 
4297 499 436 1045 1124 
4298 597 590 595 1080 
4299 245 239 240 1057 
4300 1052 1126 1116 1143 
4301 1015 1056 1098 1142 
4302 873 874 1056 1142 
4303 744 749 752 737 
4304 278 285 353 1108 
4305 197 199 741 1033 
4306 320 340 317 1144 
4307 226 1119 225 1127 
4308 186 164 176 1036 
4309 749 752 302 744 
4310 685 683 686 1103 
4311 396 89 407 397 
4312 145 1030 147 1046 
4313 689 340 614 341 
4314 765 914 442 1025 
4315 739 417 973 245 
4316 705 698 706 1137 
4317 750 753 756 737 
4318 562 553 590 1017 
4319 698 705 703 1137 
4320 739 750 245 738 
4321 295 304 347 296 
4322 87 282 228 1106 
4323 20 93 19 21 
4324 824 820 803 1075 
4325 583 1017 590 1080 
4326 455 109 380 1070 
4327 410 449 1071 1142 
4328 325 1033 585 1073 
4329 877 882 880 395 
4330 755 757 758 1128 
4331 227 1022 252 1100 
4332 607 550 608 1021 
4333 484 489 559 490 
4334 455 1070 450 1077 
4335 283 762 756 950 
4336 925 490 917 472 
4337 182 179 1048 1111 
4338 200 976 974 1105 
4339 436 408 439 397 
4340 316 315 312 1097 
4341 848 785 764 749 
4342 54 294 302 267 
4343 850 859 779 572 
4344 124 130 115 1026 
4345 389 1067 388 1146 
4346 696 697 699 1137 
4347 889 122 123 1087 
4348 410 840 449 1142 
4349 41 11 71 223 
4350 434 438 443 1129 
4351 718 247 246 1058 
4352 745 754 755 1050 
4353 921 920 1091 1101 
4354 765 211 914 1025 
4355 641 795 761 1140 
4356 231 275 236 1099 
4357 880 882 876 395 
4358 398 877 407 395 
4359 37 36 53 263 
4360 118 727 723 1042 
4361 726 722 727 1081 
4362 718 552 560 1007 
4363 11 18 40 262 
4364 290 301 606 299 
4365 154 141 1046 1091 
4366 318 690 345 1144 
4367 968 973 971 1057 
4368 948 875 330 947 
4369 786 302 764 752 
4370 134 1026 127 1139 
4371 758 801 799 1128 
4372 311 315 670 1090 
4373 151 159 162 1152 
4374 1015 1098 1071 1142 
4375 241 276 20 275 
4376 716 568 600 588 
4377 781 788 789 1034 
4378 49 356 52 1121 
4379 245 216 239 1057 
4380 133 606 602 1145 
4381 398 407 877 886 
4382 515 502 525 984 
4383 801 759 381 1128 
4384 309 388 308 1096 
4385 388 790 308 1117 
4386 454 531 319 1071 
4387 190 1095 104 1121 
4388 645 1119 644 1127 
4389 407 888 887 886 
4390 425 426 509 491 
4391 74 71 41 62 
4392 302 779 573 725 
4393 803 820 819 1075 
4394 721 722 726 1081 
4395 40 71 11 262 
4396 744 750 737 751 
4397 729 740 520 1145 
4398 110 845 109 1077 
4399 349 700 702 1069 
4400 583 584 204 1080 
4401 199 197 142 1033 
4402 573 779 854 725 
4403 318 689 690 1144 
4404 958 524 661 1065 
4405 250 681 680 1111 
4406 302 54 744 724 
4407 543 594 604 1104 
4408 542 543 576 1104 
4409 139 141 1025 1091 
4410 945 1045 892 1124 
4411 577 666 576 1130 
4412 218 12 223 217 
4413 265 284 258 1112 
4414 43 47 104 1121 
4415 49 52 48 1121 
4416 791 798 766 1114 
4417 501 1028 513 1130 
4418 356 355 351 1108 
4419 795 755 794 1140 
4420 231 236 232 1099 
4421 179 176 1048 1111 
4422 422 158 149 1053 
4423 340 689 317 1144 
4424 590 597 589 1080 
4425 377 763 678 1102 
4426 269 1108 456 1109 
4427 514 507 504 1037 
4428 263 54 37 744 
4429 90 98 97 21 
4430 409 105 102 412 
4431 692 513 501 1028 
4432 860 593 837 1015 
4433 1067 1117 990 1134 
4434 892 408 444 1124 
4435 626 1099 625 1127 
4436 954 677 955 679 
4437 515 984 525 1132 
4438 324 111 334 1149 
4439 161 155 1036 1048 
4440 958 885 524 1065 
4441 83 88 125 128 
4442 559 925 931 1101 
4443 447 457 448 1124 
4444 503 1023 502 1075 
4445 702 700 708 1059 
4446 302 54 724 725 
4447 444 945 892 1124 
4448 859 850 779 861 
4449 400 1092 1038 1109 
4450 749 764 752 737 
4451 744 750 749 737 
4452 455 109 1070 1077 
4453 22 89 91 19 
4454 353 355 356 1108 
4455 702 708 539 1059 
4456 888 898 887 886 
4457 289 314 313 1112 
4458 498 617 546 1127 
4459 720 711 767 1102 
4460 641 761 636 1140 
4461 435 524 885 1065 
4462 189 1095 190 1121 
4463 885 919 890 871 
4464 938 639 364 640 
4465 724 752 302 725 
4466 342 348 329 1089 
4467 327 113 333 1018 
4468 409 408 105 412 
4469 625 234 361 1119 
4470 576 578 577 1104 
4471 718 656 247 1058 
4472 344 349 1069 1144 
4473 407 408 891 397 
4474 598 628 627 1086 
4475 10 13 38 216 
4476 658 229 237 1058 
4477 729 520 506 1079 
4478 807 809 808 1137 
4479 952 1091 1062 1101 
4480 89 408 407 397 
4481 299 384 606 1066 
4482 624 789 788 1034 
4483 962 953 951 1113 
4484 770 1020 860 1056 
4485 267 302 54 263 
4486 429 1083 1120 1138 
4487 508 506 520 1079 
4488 650 657 656 1119 
4489 401 399 335 1131 
4490 78 153 77 1110 
4491 411 449 427 1071 
4492 956 907 910 906 
4493 482 420 622 1099 
4494 165 185 162 1152 
4495 229 228 227 1100 
4496 393 1038 361 1109 
4497 720 700 695 1059 
4498 1071 1098 993 1142 
4499 890 123 919 885 
4500 911 675 956 904 
4501 339 351 355 1108 
4502 343 287 259 1112 
4503 170 172 967 1057 
4504 242 244 243 1100 
4505 653 1044 649 1080 
4506 956 1062 957 1113 
4507 236 1053 232 1099 
4508 657 658 237 1119 
4509 189 190 47 1121 
4510 501 671 742 1028 
4511 518 354 519 1112 
4512 630 1024 722 1081 
4513 325 72 585 1033 
4514 676 687 688 1093 
4515 331 286 330 875 
4516 649 648 586 1029 
4517 859 850 746 572 
4518 744 54 37 724 
4519 116 329 135 1089 
4520 670 666 577 1130 
4521 816 827 766 1114 
4522 610 607 608 1021 
4523 846 419 756 950 
4524 914 775 442 1035 
4525 158 151 149 1053 
4526 97 85 90 22 
4527 391 400 393 1109 
4528 437 434 871 1129 
4529 297 292 234 296 
4530 216 13 38 218 
4531 807 808 701 1137 
4532 224 167 173 1008 
4533 557 405 1092 1109 
4534 833 864 1114 1153 
4535 412 282 102 440 
4536 280 1070 322 1106 
4537 503 313 1023 1075 
4538 389 387 491 1146 
4539 447 1070 280 1106 
4540 750 756 749 737 
4541 779 786 854 752 
4542 135 136 116 1089 
4543 560 547 406 1092 
4544 339 355 285 1108 
4545 47 190 104 1121 
4546 756 760 753 750 
4547 630 721 714 1081 
4548 531 542 666 1090 
4549 377 341 375 1144 
4550 221 220 1062 1113 
4551 131 1089 379 1139 
4552 620 621 674 1034 
4553 586 590 589 1080 
4554 759 757 251 1128 
4555 314 518 313 1112 
4556 437 438 434 1129 
4557 302 779 298 573 
4558 412 282 440 447 
4559 739 753 750 737 
4560 950 762 756 846 
4561 650 656 655 1119 
4562 890 647 889 1087 
4563 419 846 756 842 
4564 138 438 855 1129 
4565 738 737 750 751 
4566 310 820 824 1075 
4567 333 327 1018 1040 
4568 334 512 401 1085 
4569 163 1036 951 1062 
4570 380 322 450 1070 
4571 318 345 349 1144 
4572 460 450 448 1006 
4573 420 414 415 239 
4574 72 71 62 61 
4575 698 703 697 1137 
4576 323 1141 1077 1149 
4577 114 1077 323 1141 
4578 133 17 1 1079 
4579 555 1017 553 1122 
4580 572 779 850 573 
4581 46 50 59 1019 
4582 860 796 593 1020 
4583 66 142 197 1033 
4584 370 29 235 1079 
4585 956 957 675 1113 
4586 500 504 507 1037 
4587 625 232 1053 1099 
4588 912 614 340 341 
4589 403 402 1131 1132 
4590 169 170 150 1057 
4591 349 354 314 1069 
4592 930 892 894 1045 
4593 133 729 1079 1145 
4594 463 167 224 1048 
4595 401 516 403 1132 
4596 583 586 584 1080 
4597 26 32 146 1030 
4598 425 424 426 1120 
4599 786 779 302 752 
4600 135 137 136 1089 
4601 86 85 87 97 
4602 85 90 87 97 
4603 397 891 407 398 
4604 211 935 212 1091 
4605 298 747 746 572 
4606 244 249 243 1100 
4607 556 350 557 1122 
4608 871 434 435 1129 
4609 412 408 105 397 
4610 278 353 352 1108 
4611 408 89 396 397 
4612 727 722 723 1081 
4613 420 418 20 241 
4614 20 418 950 241 
4615 341 373 375 1144 
4616 273 274 441 1106 
4617 962 1105 965 1113 
4618 516 984 515 1132 
4619 951 163 164 1036 
4620 407 887 877 886 
4621 154 145 161 1046 
4622 315 531 666 1090 
4623 540 402 1132 1142 
4624 890 958 647 1087 
4625 449 454 427 1071 
4626 477 481 476 1099 
4627 957 965 675 1113 
4628 339 405 557 1109 
4629 824 825 310 1075 
4630 396 105 408 397 
4631 111 466 334 1149 
4632 223 13 12 218 
4633 331 330 395 948 
4634 729 602 603 1145 
4635 236 239 1053 1099 
4636 86 105 102 409 
4637 425 1120 426 1146 
4638 604 578 576 1104 
4639 852 849 785 786 
4640 211 212 209 1025 
4641 793 776 796 1153 
4642 793 857 774 1153 
4643 565 197 564 1073 
4644 42 142 66 1033 
4645 543 604 576 1104 
4646 325 579 853 1073 
4647 145 148 161 1046 
4648 323 114 845 1077 
4649 887 883 407 877 
4650 314 1069 354 1112 
4651 418 420 415 239 
4652 886 877 398 395 
4653 323 1077 110 1149 
4654 401 512 516 1085 
4655 240 241 418 239 
4656 236 233 1053 1057 
4657 759 801 758 1128 
4658 553 189 51 1122 
4659 753 749 756 737 
4660 540 410 402 1142 
4661 97 105 85 22 
4662 239 216 236 1057 
4663 737 750 739 738 
4664 628 601 610 1086 
4665 888 883 407 887 
4666 242 246 244 1100 
4667 328 131 126 1089 
4668 904 911 675 580 
4669 519 354 702 1069 
4670 956 907 934 910 
4671 163 1062 952 1091 
4672 583 590 586 1080 
4673 587 575 566 1073 
4674 280 450 322 1070 
4675 594 543 592 1104 
4676 429 1120 425 1138 
4677 535 618 765 132 
4678 262 11 18 223 
4679 134 379 510 1139 
4680 238 227 249 1100 
4681 952 935 1091 1101 
4682 200 186 187 1111 
4683 302 764 752 749 
4684 71 74 41 223 
4685 749 753 764 737 
4686 502 518 525 1023 
4687 553 51 52 1122 
4688 770 860 873 1056 
4689 670 577 671 1130 
4690 194 733 740 1151 
4691 264 259 287 1112 
4692 322 1022 227 1106 
4693 362 361 234 1109 
4694 908 913 911 909 
4695 507 514 511 1037 
4696 450 448 1006 1070 
4697 54 37 53 263 
4698 588 716 568 599 
4699 41 33 74 62 
4700 353 285 355 1108 
4701 440 102 86 282 
4702 500 507 457 1037 
4703 323 845 110 1077 
4704 226 625 361 1119 
4705 226 361 108 1119 
4706 547 550 548 1092 
4707 223 74 36 263 
4708 482 622 98 1127 
4709 630 722 721 1081 
4710 539 519 702 1069 
4711 963 98 21 622 
4712 877 330 395 331 
4713 408 412 439 397 
4714 741 564 197 1073 
4715 660 665 6 1061 
4716 337 335 399 1131 
4717 760 739 753 750 
4718 45 49 48 1121 
4719 564 563 565 1073 
4720 842 762 846 756 
4721 906 910 956 904 
4722 729 741 740 1076 
4723 274 441 1106 1135 
4724 437 855 438 1129 
4725 17 133 729 1079 
4726 387 389 388 1146 
4727 241 420 418 239 
4728 495 494 493 1045 
4729 908 911 910 904 
4730 898 930 888 811 
4731 190 193 104 1095 
4732 45 47 43 1121 
4733 33 36 13 223 
4734 882 877 886 395 
4735 463 182 167 1048 
4736 344 318 349 1144 
4737 950 419 756 283 
4738 19 22 89 396 
4739 761 794 797 1140 
4740 267 54 53 263 
4741 142 103 199 1033 
4742 501 671 1028 1130 
4743 306 775 778 1139 
4744 497 224 219 496 
4745 121 255 290 1026 
4746 702 354 349 1069 
4747 657 645 658 1119 
4748 215 473 474 491 
4749 604 773 766 1114 
4750 209 306 206 207 
4751 666 670 315 1090 
4752 176 1036 155 1048 
4753 649 586 589 1080 
4754 481 1099 482 1127 
4755 832 816 798 1114 
4756 82 81 932 924 
4757 74 36 33 223 
4758 330 331 875 948 
4759 842 419 760 756 
4760 765 140 211 1025 
4761 54 53 294 267 
4762 298 779 572 573 
4763 923 955 221 949 
4764 639 611 933 1148 
4765 857 844 864 1153 
4766 212 208 209 472 
4767 331 877 880 395 
4768 555 52 556 1122 
4769 500 499 494 1045 
4770 811 888 898 887 
4771 425 429 424 1120 
4772 844 843 841 1153 
4773 753 764 785 749 
4774 254 256 257 1039 
4775 364 369 80 939 
4776 909 911 908 904 
4777 876 331 880 395 
4778 74 33 41 223 
4779 558 637 523 1147 
4780 968 964 170 1057 
4781 667 135 328 1089 
4782 51 1121 52 1122 
4783 337 1040 333 1131 
4784 570 600 568 588 
4785 189 75 51 1121 
4786 701 698 696 1137 
4787 670 671 496 1130 
4788 239 236 1053 1057 
4789 954 915 913 911 
4790 793 843 844 1153 
4791 22 90 97 21 
4792 228 280 227 1106 
4793 335 337 333 1131 
4794 895 855 437 1129 
4795 794 761 795 1140 
4796 889 123 890 1087 
4797 386 902 899 900 
4798 51 75 48 1121 
4799 288 836 310 1075 
4800 262 71 11 223 
4801 680 681 679 1113 
4802 221 681 220 1113 
4803 53 54 294 571 
4804 123 885 890 1087 
4805 674 621 788 1034 
4806 221 679 681 1113 
4807 861 854 779 856 
4808 571 54 294 573 
4809 17 729 506 1079 
4810 653 649 589 1080 
4811 305 405 339 1109 
4812 394 57 143 1040 
4813 269 362 1108 1109 
4814 127 130 124 1026 
4815 911 915 913 908 
4816 602 2 605 606 
4817 388 309 387 1146 
4818 162 159 165 1152 
4819 418 417 419 240 
4820 87 86 97 102 
4821 322 252 227 1022 
4822 921 922 488 1091 
4823 555 553 52 1122 
4824 331 872 881 880 
4825 820 310 836 1075 
4826 298 302 294 267 
4827 526 1132 1012 1142 
4828 564 568 567 1073 
4829 190 189 202 1095 
4830 905 910 934 907 
4831 697 696 698 1137 
4832 101 98 966 969 
4833 323 113 1141 1149 
4834 829 265 266 357 
4835 85 86 105 102 
4836 228 101 87 966 
4837 793 844 857 1153 
4838 236 262 233 217 
4839 385 473 213 207 
4840 165 291 185 1152 
4841 671 577 672 1130 
4842 70 855 895 1129 
4843 234 1053 232 1152 
4844 6 673 660 1061 
4845 848 756 842 749 
4846 481 482 632 1127 
4847 938 372 364 371 
4848 472 473 207 209 
4849 677 912 954 955 
4850 848 847 785 842 
4851 170 964 150 1057 
4852 494 834 503 1075 
4853 294 298 571 573 
4854 382 1040 337 1131 
4855 854 786 779 856 
4856 790 802 800 1117 
4857 576 666 542 1090 
4858 793 796 843 1153 
4859 567 568 570 1073 
4860 221 955 679 1113 
4861 326 1018 327 1040 
4862 875 395 948 331 
4863 952 935 211 1091 
4864 520 740 733 1151 
4865 548 405 547 1092 
4866 376 235 451 1079 
4867 828 357 360 839 
4868 52 350 556 1122 
4869 306 510 775 1139 
4870 326 113 327 1018 
4871 293 277 231 275 
4872 110 111 324 1149 
4873 974 965 962 1105 
4874 910 906 908 904 
4875 602 606 603 1145 
4876 474 387 215 491 
4877 919 890 871 895 
4878 965 974 975 1105 
4879 856 852 849 858 
4880 712 674 788 1034 
4881 318 345 344 349 
4882 87 98 101 97 
4883 952 1062 935 1101 
4884 273 272 274 1106 
4885 280 282 447 1106 
4886 312 315 253 1097 
4887 664 660 673 1061 
4888 101 98 87 966 
4889 650 646 644 1119 
4890 766 578 604 1114 
4891 843 796 860 1020 
4892 52 51 48 1121 
4893 472 386 902 208 
4894 785 847 849 852 
4895 131 379 134 1139 
4896 572 571 298 573 
4897 526 1012 874 1142 
4898 547 405 406 1092 
4899 588 568 570 599 
4900 812 836 834 820 
4901 32 147 146 1030 
4902 628 598 601 1086 
4903 289 287 343 1112 
4904 759 758 757 1128 
4905 227 280 322 1106 
4906 957 1062 953 1113 
4907 233 234 232 1152 
4908 875 395 331 876 
4909 901 899 902 900 
4910 842 785 848 749 
4911 215 213 206 214 
4912 644 657 650 1119 
4913 228 282 280 1106 
4914 232 234 625 1053 
4915 499 493 494 1045 
4916 77 79 76 369 
4917 847 849 848 785 
4918 932 920 921 1101 
4919 211 212 1025 1091 
4920 526 537 874 1012 
4921 86 85 97 102 
4922 515 525 528 1132 
4923 241 950 20 286 
4924 333 337 327 1040 
4925 283 241 418 240 
4926 842 753 785 749 
4927 602 133 2 606 
4928 887 811 888 884 
4929 858 849 881 847 
4930 746 294 298 571 
4931 711 720 709 1102 
4932 74 223 267 263 
4933 135 329 328 1089 
4934 125 117 83 128 
4935 165 210 291 1152 
4936 490 491 474 473 
4937 847 876 331 881 
4938 938 372 640 364 
4939 843 860 770 1020 
4940 974 976 789 1105 
4941 391 393 361 1109 
4942 617 633 546 1127 
4943 133 602 729 1145 
4944 406 1092 405 1109 
4945 283 418 419 240 
4946 230 17 506 1079 
4947 924 931 925 1101 
4948 291 210 292 1152 
4949 325 585 579 1073 
4950 249 227 252 1100 
4951 306 134 510 1139 
4952 518 314 354 1112 
4953 628 610 635 1086 
4954 950 947 20 286 
4955 587 585 575 1073 
4956 209 208 207 472 
4957 856 852 786 849 
4958 161 166 155 1048 
4959 938 364 80 371 
4960 861 859 863 862 
4961 520 733 661 1151 
4962 97 85 105 102 
4963 935 211 212 903 
4964 932 931 924 1101 
4965 848 756 762 842 
4966 294 58 53 571 
4967 657 644 645 1119 
4968 320 258 321 373 
4969 382 327 337 1040 
4970 932 921 931 1101 
4971 861 779 859 856 
4972 233 361 234 362 
4973 206 134 205 1139 
4974 950 241 283 286 
4975 269 262 362 391 
4976 942 920 932 1101 
4977 789 975 974 1105 
4978 907 934 905 901 
4979 41 33 11 223 
4980 230 506 235 1079 
4981 848 875 847 846 
4982 371 364 80 939 
4983 324 323 110 1149 
4984 269 391 362 1109 
4985 206 205 306 1139 
4986 633 617 632 1127 
4987 472 473 385 207 
4988 179 176 155 1048 
4989 847 848 846 842 
4990 924 925 918 1101 
4991 557 405 548 1092 
4992 570 603 384 568 
4993 68 84 116 342 
4994 381 252 380 1022 
4995 760 753 842 756 
4996 849 779 786 856 
4997 371 80 938 932 
4998 45 49 44 352 
4999 847 876 875 331 
5000 166 167 182 1048 
5001 749 842 753 756 
5002 875 331 848 847 
5003 77 76 78 369 
5004 386 472 385 207 
5005 139 141 140 1025 
5006 881 849 331 847 
5007 419 950 418 241 
5008 163 951 952 1062 
5009 481 477 482 1099 
5010 143 326 394 1040 
5011 680 685 682 250 
5012 526 540 1132 1142 
5013 579 585 587 1073 
5014 906 905 907 910 
5015 849 881 872 858 
5016 879 880 881 872 
5017 750 756 760 283 
5018 474 490 473 472 
5019 233 232 1053 1152 
5020 237 657 645 658 
5021 331 872 849 881 
5022 936 928 719 853 
5023 33 58 74 62 
5024 156 164 163 1036 
5025 159 210 165 1152 
5026 571 298 746 572 
5027 566 567 569 587 
5028 294 53 74 267 
5029 371 938 931 932 
5030 111 466 450 455 
5031 931 559 921 488 
5032 112 114 113 1141 
5033 80 371 939 932 
5034 847 858 849 852 
5035 882 880 876 879 
5036 305 304 347 295 
5037 153 920 942 152 
5038 331 880 881 876 
5039 114 323 113 1141 
5040 419 950 241 283 
5041 215 387 383 299 
5042 939 371 931 932 
5043 252 322 380 1022 
5044 596 569 567 587 
5045 74 36 53 58 
5046 74 36 58 33 
5047 369 76 80 939 
5048 850 859 863 861 
5049 848 762 331 875 
5050 208 472 386 207 
5051 859 849 872 856 
5052 888 883 887 884 
5053 875 848 762 846 
5054 858 872 849 856 
5055 76 80 78 369 
5056 226 393 108 361 
5057 849 848 331 847 
5058 894 927 892 930 
5059 236 233 232 1053 
5060 486 922 488 611 
5061 362 391 361 1109 
5062 419 760 756 283 
5063 134 306 205 1139 
5064 155 166 179 1048 
5065 241 418 419 283 
5066 846 848 762 842 
5067 939 82 81 932 
5068 849 859 779 856 
5069 490 474 917 472 
5070 364 367 371 372 
5071 179 166 182 1048 
5072 633 632 631 1127 
5073 76 82 81 939 
5074 332 330 336 878 
5075 588 570 596 599 
5076 882 877 887 886 
5077 526 874 540 1142 
5078 58 53 74 294 
5079 876 880 881 879 
5080 356 52 350 351 
5081 951 953 952 1062 
5082 900 899 386 475 
5083 926 212 211 903 
5084 207 206 205 306 
5085 232 233 236 231 
5086 517 558 523 428 
5087 877 887 883 884 
5088 732 733 651 195 
5089 516 512 401 403 
5090 526 540 541 403 
5091 860 526 540 541 
5092 593 837 796 860 
5093 860 526 874 540 
5094 574 117 618 84 
5095 522 524 508 661 
5096 651 194 195 733 
5097 727 59 736 63 
5098 72 579 325 585 
5099 762 849 848 331 
5100 520 741 740 729 
5101 918 475 900 917 
5102 579 588 587 585 
5103 741 733 520 740 
5104 564 567 563 1073 
5105 1086 629 597 988 
5106 1086 597 629 627 
5107 473 215 1010 491 
5108 473 1010 215 213 
5109 344 1069 289 343 
5110 1112 1069 289 314 
5111 1112 289 1069 343 
5112 1108 303 279 285 
5113 291 185 233 248 
5114 291 233 185 1152 
5115 911 613 913 954 
5116 911 913 613 612 
5117 1032 826 829 828 
5118 1032 829 826 1003 
5119 509 505 426 521 
5120 509 426 505 491 
5121 352 270 49 44 
5122 352 49 270 1108 
5123 1033 40 1095 459 
5124 1033 1095 40 142 
5125 1102 684 1020 763 
5126 1102 1020 684 1060 
5127 89 86 105 85 
5128 105 86 89 409 
5129 924 82 1101 923 
5130 942 1101 82 923 
5131 102 87 101 97 
5132 1151 732 1029 195 
5133 1151 1029 732 958 
5134 1029 586 732 958 
5135 1126 893 897 896 
5136 1126 897 893 1117 
5137 927 1117 1126 893 
5138 1126 896 927 893 
5139 1081 736 734 1019 
5140 1081 734 736 726 
5141 195 1029 204 584 
5142 195 204 1029 1151 
5143 16 3 1079 1026 
5144 16 1079 3 7 
5145 579 588 596 587 
5146 596 1073 579 587 
5147 1109 362 281 296 
5148 911 580 582 679 
5149 30 1079 16 29 
5150 16 1079 30 1026 
5151 1096 383 1146 998 
5152 1096 1146 383 309 
5153 27 15 217 8 
5154 217 15 27 181 
5155 434 1079 1129 443 
5156 1129 1079 434 1065 
5157 1093 1111 201 1011 
5158 201 1111 1093 200 
5159 1060 1103 1020 684 
5160 1020 1103 1060 986 
5161 1009 1115 1054 985 
5162 1054 1115 1009 1047 
5163 467 1095 1017 461 
5164 1017 1095 467 1000 
5165 776 1104 774 594 
5166 776 774 1104 1153 
5167 773 774 1104 594 
5168 773 1104 774 1153 
5169 850 854 779 861 
5170 850 779 854 573 
5171 496 501 1130 671 
5172 496 1130 501 497 
5173 1111 1002 680 1011 
5174 1111 680 1002 1105 
5175 1103 1060 1002 683 
5176 1103 1002 1060 986 
5177 1 3 1079 7 
5178 508 661 1079 522 
5179 520 1079 661 522 
5180 1118 1148 992 1030 
5181 992 1148 1118 1063 
5182 1049 1143 1084 1009 
5183 1084 1143 1049 1016 
5184 251 1100 242 243 
5185 242 1100 251 1022 
5186 1112 374 1012 358 
5187 1112 1012 374 1069 
5188 1097 191 1090 311 
5189 1097 1090 191 1008 
5190 372 1031 364 367 
5191 364 1031 372 640 
5192 101 282 87 102 
5193 87 282 101 228 
5194 1072 56 59 60 
5195 1072 59 56 1004 
5196 1119 654 304 346 
5197 304 654 1119 300 
5198 304 347 1119 346 
5199 428 1001 1094 429 
5200 1094 1001 428 1118 
5201 1057 415 971 972 
5202 1057 971 415 239 
5203 1152 178 233 185 
5204 1152 233 178 1053 
5205 1066 383 384 998 
5206 1066 384 383 299 
5207 1130 1090 1088 496 
5208 1130 1088 1090 996 
5209 156 141 1091 163 
5210 1091 141 156 154 
5211 240 971 415 417 
5212 415 971 240 239 
5213 1060 674 712 1034 
5214 256 254 1040 1039 
5215 56 1040 254 1039 
5216 911 1113 956 675 
5217 956 1113 911 949 
5218 208 212 903 902 
5219 208 903 212 926 
5220 642 1031 372 367 
5221 574 84 68 342 
5222 68 84 574 618 
5223 68 1013 574 342 
5224 574 1013 68 618 
5225 1120 1143 1083 1016 
5226 1083 1143 1120 998 
5227 61 41 71 62 
5228 61 71 41 42 
5229 248 198 233 181 
5230 248 233 198 185 
5231 1105 780 1034 1002 
5232 1105 1034 780 789 
5233 1112 260 259 343 
5234 1112 259 260 258 
5235 266 829 1023 825 
5236 266 1023 829 357 
5237 598 1017 1080 595 
5238 1080 1017 598 1086 
5239 1080 597 598 595 
5240 598 597 1080 1086 
5241 1108 262 270 352 
5242 1108 270 262 269 
5243 900 925 918 917 
5244 1080 653 597 589 
5245 1080 597 653 1044 
5246 1081 662 629 1044 
5247 1081 629 662 714 
5248 1090 1130 576 666 
5249 576 1130 1090 996 
5250 12 217 18 223 
5251 18 217 12 8 
5252 943 1124 1047 945 
5253 1047 1124 943 1006 
5254 463 1011 1088 465 
5255 1088 1011 463 1048 
5256 1088 224 463 465 
5257 463 224 1088 1048 
5258 804 894 805 818 
5259 804 805 894 1045 
5260 811 805 894 818 
5261 1092 552 1007 560 
5262 1092 1007 552 1133 
5263 395 89 407 396 
5264 395 407 89 336 
5265 1114 743 578 1028 
5266 1114 578 743 766 
5267 951 1113 1036 186 
5268 1036 1113 951 1062 
5269 1082 366 365 1064 
5270 1082 365 366 363 
5271 304 296 1109 347 
5272 304 1109 296 300 
5273 717 600 1052 719 
5274 717 1052 600 716 
5275 362 248 281 291 
5276 67 183 1072 144 
5277 1072 183 67 73 
5278 1138 485 1001 1010 
5279 1138 1001 485 429 
5280 1075 495 494 834 
5281 1075 494 495 1045 
5282 1149 333 113 1018 
5283 631 228 225 101 
5284 631 225 228 229 
5285 492 476 1099 561 
5286 1099 476 492 481 
5287 622 1099 20 275 
5288 622 20 1099 420 
5289 241 20 1099 275 
5290 241 1099 20 420 
5291 1076 1073 1145 729 
5292 1076 1145 1073 568 
5293 948 947 94 19 
5294 900 472 475 386 
5295 900 475 472 917 
5296 1132 526 537 528 
5297 537 526 1132 1012 
5298 537 519 1132 528 
5299 1132 519 537 1012 
5300 1108 279 362 278 
5301 248 362 279 278 
5302 248 279 362 281 
5303 1029 647 586 958 
5304 1029 586 647 648 
5305 1127 481 492 498 
5306 1127 492 481 1099 
5307 30 328 1089 667 
5308 1089 328 30 126 
5309 691 513 1028 471 
5310 1028 513 691 692 
5311 533 534 1068 532 
5312 1068 534 533 538 
5313 1144 700 1069 1059 
5314 1144 1069 700 349 
5315 120 119 1042 112 
5316 1042 119 120 118 
5317 306 209 1139 778 
5318 306 1139 209 206 
5319 1122 607 1086 1021 
5320 1122 1086 607 556 
5321 760 240 283 419 
5322 213 207 209 206 
5323 209 207 213 473 
5324 744 218 37 263 
5325 37 218 744 222 
5326 108 1119 225 226 
5327 225 1119 108 1058 
5328 524 508 451 433 
5329 22 89 105 85 
5330 105 89 22 396 
5331 215 206 290 214 
5332 215 290 206 1026 
5333 255 290 206 214 
5334 255 206 290 1026 
5335 263 13 223 218 
5336 263 223 13 36 
5337 137 438 1129 443 
5338 1129 438 137 138 
5339 307 384 1096 715 
5340 1096 384 307 383 
5341 1096 309 307 715 
5342 307 309 1096 383 
5343 141 952 1091 163 
5344 141 1091 952 211 
5345 730 118 1024 120 
5346 1024 118 730 723 
5347 1111 962 200 186 
5348 1111 200 962 1105 
5349 1153 833 792 1114 
5350 1153 792 833 857 
5351 841 770 1020 843 
5352 1020 770 841 771 
5353 467 459 1095 461 
5354 1095 459 467 462 
5355 1129 919 1013 96 
5356 1091 139 1046 1030 
5357 1091 1046 139 141 
5358 145 1046 139 1030 
5359 1025 914 209 211 
5360 1025 209 914 1035 
5361 1057 430 413 972 
5362 616 679 911 582 
5363 911 679 616 613 
5364 911 612 616 582 
5365 616 612 911 613 
5366 191 496 1090 670 
5367 191 1090 496 219 
5368 1095 199 104 103 
5369 765 1035 1025 442 
5370 1025 1035 765 140 
5371 622 1099 1127 482 
5372 1127 1099 622 293 
5373 682 480 1074 479 
5374 682 1074 480 79 
5375 725 779 752 302 
5376 725 752 779 854 
5377 284 360 1023 357 
5378 284 1023 360 359 
5379 1 2 1026 3 
5380 1026 2 1 133 
5381 1026 1079 1 3 
5382 1 1079 1026 133 
5383 654 643 1119 300 
5384 654 1119 643 646 
5385 581 582 911 580 
5386 911 582 581 612 
5387 204 202 1095 193 
5388 1095 202 204 583 
5389 1023 310 264 266 
5390 606 2 1026 133 
5391 606 1026 2 605 
5392 169 172 1057 14 
5393 1057 172 169 170 
5394 830 817 1014 823 
5395 1014 817 830 831 
5396 53 263 74 267 
5397 74 263 53 36 
5398 1114 813 833 832 
5399 367 360 1032 368 
5400 367 1032 360 839 
5401 719 579 1073 853 
5402 1073 579 719 600 
5403 580 623 1113 675 
5404 580 1113 623 582 
5405 1151 732 661 958 
5406 1151 661 732 733 
5407 392 390 393 391 
5408 392 393 390 404 
5409 400 393 390 391 
5410 400 390 393 404 
5411 269 400 1109 456 
5412 269 1109 400 391 
5413 451 506 1079 235 
5414 1079 506 451 508 
5415 139 132 1025 140 
5416 1025 132 139 129 
5417 800 715 1096 897 
5418 800 1096 715 308 
5419 754 718 1007 552 
5420 754 1007 718 246 
5421 788 815 1034 781 
5422 788 1034 815 822 
5423 1002 1034 815 781 
5424 1002 815 1034 822 
5425 709 695 1102 720 
5426 1102 695 709 690 
5427 499 432 1045 436 
5428 499 1045 432 493 
5429 779 747 572 859 
5430 779 572 747 298 
5431 760 417 240 419 
5432 760 240 417 739 
5433 86 282 87 273 
5434 87 282 86 102 
5435 805 811 819 818 
5436 819 811 805 812 
5437 819 804 805 818 
5438 549 423 1053 431 
5439 549 1053 423 561 
5440 690 694 1102 619 
5441 690 1102 694 709 
5442 205 255 206 214 
5443 178 1152 175 162 
5444 178 175 1152 1053 
5445 151 175 1152 162 
5446 151 1152 175 1053 
5447 832 792 1114 798 
5448 832 1114 792 833 
5449 430 421 1057 413 
5450 430 1057 421 149 
5451 1053 1057 421 413 
5452 1053 421 1057 149 
5453 941 937 1051 530 
5454 1051 937 941 940 
5455 970 960 245 961 
5456 245 960 970 978 
5457 787 710 1014 783 
5458 1014 710 787 705 
5459 111 109 1077 110 
5460 1077 109 111 455 
5461 566 567 1073 563 
5462 566 1073 567 587 
5463 341 320 1144 340 
5464 341 1144 320 373 
5465 92 1013 919 96 
5466 29 230 1079 7 
5467 29 1079 230 235 
5468 187 176 1111 186 
5469 1111 176 187 179 
5470 124 126 1026 30 
5471 1026 126 124 127 
5472 709 674 1034 620 
5473 1034 674 709 711 
5474 395 336 877 407 
5475 883 877 336 407 
5476 883 336 877 878 
5477 313 834 1075 503 
5478 117 83 1013 84 
5479 1013 83 117 128 
5480 1013 618 117 84 
5481 117 618 1013 128 
5482 752 751 744 737 
5483 744 751 752 724 
5484 402 401 1131 399 
5485 402 1131 401 403 
5486 369 79 1110 77 
5487 69 83 1013 88 
5488 1013 83 69 68 
5489 127 205 206 134 
5490 206 1026 127 134 
5491 865 844 1153 864 
5492 1153 844 865 841 
5493 923 918 1101 924 
5494 1101 918 923 946 
5495 335 324 1085 333 
5496 1085 324 335 334 
5497 95 92 1013 99 
5498 95 1013 92 96 
5499 704 699 1028 821 
5500 1028 699 704 693 
5501 1003 826 1075 829 
5502 1003 1075 826 824 
5503 825 1075 826 829 
5504 825 826 1075 824 
5505 822 823 1014 815 
5506 1014 823 822 869 
5507 388 826 1067 389 
5508 1067 826 388 790 
5509 696 807 1137 707 
5510 696 1137 807 701 
5511 466 450 1006 111 
5512 1006 450 466 460 
5513 1006 1149 466 111 
5514 130 205 206 127 
5515 206 205 130 255 
5516 206 1026 130 127 
5517 130 1026 206 255 
5518 261 1039 1040 382 
5519 1040 1039 261 256 
5520 1040 394 261 382 
5521 261 394 1040 256 
5522 545 561 1099 549 
5523 1099 561 545 492 
5524 100 1013 128 88 
5525 128 1013 100 129 
5526 128 125 100 88 
5527 100 125 128 129 
5528 751 960 222 738 
5529 751 222 960 728 
5530 497 513 1130 501 
5531 497 1130 513 464 
5532 1062 220 923 942 
5533 1062 923 220 221 
5534 82 923 220 942 
5535 82 220 923 221 
5536 945 944 1126 943 
5537 1126 944 945 929 
5538 1126 1047 945 943 
5539 645 546 1127 644 
5540 645 1127 546 633 
5541 658 633 1127 645 
5542 1127 633 658 631 
5543 701 706 1137 808 
5544 701 1137 706 698 
5545 176 156 1036 164 
5546 1036 156 176 155 
5547 870 823 1014 868 
5548 870 1014 823 830 
5549 280 448 1070 447 
5550 1070 448 280 450 
5551 80 81 939 76 
5552 80 939 81 932 
5553 251 249 1100 243 
5554 1100 249 251 252 
5555 747 863 746 859 
5556 747 746 863 748 
5557 850 746 863 859 
5558 850 863 746 748 
5559 624 965 1105 623 
5560 1105 965 624 975 
5561 338 269 1108 456 
5562 1108 269 338 270 
5563 1108 1121 338 456 
5564 338 1121 1108 270 
5565 830 809 1014 808 
5566 830 1014 809 870 
5567 174 224 1008 219 
5568 1008 224 174 173 
5569 47 48 1121 45 
5570 47 1121 48 75 
5571 118 63 1042 119 
5572 118 1042 63 727 
5573 567 596 1073 570 
5574 1073 596 567 587 
5575 241 236 1099 239 
5576 241 1099 236 275 
5577 283 245 739 750 
5578 739 245 283 240 
5579 739 760 283 750 
5580 283 760 739 240 
5581 911 946 956 949 
5582 911 956 946 910 
5583 311 253 1097 192 
5584 311 1097 253 315 
5585 851 112 1041 114 
5586 851 1041 112 120 
5587 1141 1041 112 114 
5588 1141 112 1041 120 
5589 191 192 1097 184 
5590 191 1097 192 311 
5591 734 669 1019 735 
5592 734 1019 669 731 
5593 916 895 1129 70 
5594 916 1129 895 919 
5595 1013 916 1129 70 
5596 1013 1129 916 919 
5597 69 916 1013 70 
5598 295 281 1109 303 
5599 295 1109 281 296 
5600 121 130 1026 115 
5601 121 1026 130 255 
5602 403 540 1132 526 
5603 403 1132 540 402 
5604 121 301 1026 290 
5605 1026 301 121 605 
5606 813 870 1014 866 
5607 1014 870 813 809 
5608 1033 72 1073 61 
5609 1033 1073 72 585 
5610 575 1073 72 61 
5611 575 72 1073 585 
5612 203 159 1152 210 
5613 1152 159 203 157 
5614 1089 348 131 379 
5615 632 101 1127 98 
5616 632 1127 101 631 
5617 969 1127 101 98 
5618 669 28 1019 34 
5619 669 1019 28 668 
5620 93 332 20 94 
5621 93 20 332 276 
5622 947 20 332 94 
5623 13 11 223 12 
5624 223 11 13 33 
5625 410 837 1142 540 
5626 410 1142 837 840 
5627 916 92 1013 919 
5628 916 1013 92 69 
5629 333 323 1149 113 
5630 1149 323 333 324 
5631 448 507 1006 457 
5632 1006 507 448 460 
5633 399 993 1142 411 
5634 1142 993 399 402 
5635 1142 410 399 411 
5636 399 410 1142 402 
5637 326 1018 1141 113 
5638 1141 1018 326 119 
5639 1141 112 326 113 
5640 326 112 1141 119 
5641 642 640 1031 637 
5642 642 1031 640 372 
5643 873 1142 540 874 
5644 540 860 873 874 
5645 192 144 1097 183 
5646 192 1097 144 253 
5647 454 1071 1015 531 
5648 1015 542 454 531 
5649 454 542 1015 544 
5650 866 833 1114 813 
5651 866 1114 833 864 
5652 56 256 1040 57 
5653 1040 256 56 254 
5654 1088 224 1130 496 
5655 1088 1130 224 465 
5656 497 1130 224 496 
5657 497 224 1130 465 
5658 827 707 1137 816 
5659 1137 707 827 821 
5660 1137 1114 827 816 
5661 154 139 1046 141 
5662 154 1046 139 145 
5663 155 154 1036 156 
5664 155 1036 154 161 
5665 145 146 1030 139 
5666 145 1030 146 147 
5667 148 1008 1048 161 
5668 1048 1008 148 167 
5669 1048 166 148 161 
5670 148 166 1048 167 
5671 184 219 1008 191 
5672 1008 219 184 174 
5673 1008 1097 184 191 
5674 1061 1044 659 664 
5675 649 1044 659 652 
5676 649 659 1044 664 
5677 649 1044 660 664 
5678 1061 660 1044 664 
5679 329 131 1089 348 
5680 1089 131 329 328 
5681 855 136 1129 70 
5682 855 1129 136 138 
5683 70 116 1013 68 
5684 70 1013 116 136 
5685 7 17 1079 1 
5686 7 1079 17 230 
5687 512 466 1149 334 
5688 1149 466 512 511 
5689 608 641 1140 609 
5690 1140 641 608 634 
5691 608 997 1140 634 
5692 120 797 1041 730 
5693 1041 797 120 851 
5694 713 722 1024 723 
5695 713 1024 722 630 
5696 347 405 1109 406 
5697 1109 405 347 305 
5698 1128 759 1022 251 
5699 1128 1022 759 381 
5700 252 1022 759 251 
5701 252 759 1022 381 
5702 350 339 1108 351 
5703 350 1108 339 557 
5704 549 646 1127 545 
5705 1127 646 549 643 
5706 231 625 1099 232 
5707 231 1099 625 626 
5708 439 499 1124 436 
5709 440 408 412 445 
5710 440 412 408 409 
5711 849 749 786 779 
5712 302 749 786 764 
5713 302 786 749 779 
5714 397 395 407 396 
5715 407 395 397 398 
5716 482 414 1099 477 
5717 482 1099 414 420 
5718 336 332 948 330 
5719 336 948 332 94 
5720 947 948 332 330 
5721 947 332 948 94 
5722 964 149 1057 430 
5723 964 1057 149 150 
5724 968 430 1057 977 
5725 968 1057 430 964 
5726 169 151 1057 150 
5727 169 1057 151 175 
5728 738 973 245 739 
5729 738 245 973 978 
5730 370 135 1089 137 
5731 1089 135 370 667 
5732 376 370 1079 443 
5733 1079 370 376 235 
5734 519 525 1132 528 
5735 1132 525 519 518 
5736 133 741 602 564 
5737 133 602 741 729 
5738 602 741 603 564 
5739 602 603 741 729 
5740 603 741 1073 564 
5741 603 1073 741 729 
5742 568 603 1073 564 
5743 307 716 384 715 
5744 307 384 716 599 
5745 1052 384 716 715 
5746 1052 716 384 599 
5747 442 348 510 379 
5748 510 348 1035 379 
5749 1035 348 1089 379 
5750 1035 1089 348 535 
5751 526 1132 515 528 
5752 127 131 1139 126 
5753 127 1139 131 134 
5754 965 953 1113 957 
5755 965 1113 953 962 
5756 289 349 1069 344 
5757 289 1069 349 314 
5758 711 1060 835 768 
5759 712 711 1060 835 
5760 1060 711 712 674 
5761 516 511 1037 512 
5762 1037 511 516 514 
5763 502 1075 494 503 
5764 503 518 1023 313 
5765 1023 518 503 502 
5766 2 121 1026 115 
5767 2 1026 121 605 
5768 1095 104 1000 193 
5769 1095 1000 104 199 
5770 196 1000 104 193 
5771 196 104 1000 199 
5772 950 286 846 947 
5773 950 846 286 762 
5774 875 846 286 947 
5775 875 286 846 762 
5776 148 147 1046 145 
5777 148 1046 147 160 
5778 211 141 1025 140 
5779 1025 141 211 1091 
5780 1126 1003 990 1117 
5781 1126 990 1003 1047 
5782 516 526 1132 515 
5783 516 1132 526 403 
5784 1109 1119 304 347 
5785 819 1045 805 804 
5786 805 1045 819 812 
5787 1152 157 151 159 
5788 1152 151 157 1053 
5789 310 1023 1112 288 
5790 1112 1023 310 264 
5791 1112 287 310 288 
5792 310 287 1112 264 
5793 660 653 1044 649 
5794 1044 653 660 662 
5795 834 288 1075 836 
5796 834 1075 288 313 
5797 1010 509 1138 485 
5798 1010 1138 509 425 
5799 429 1138 509 485 
5800 429 509 1138 425 
5801 439 500 1124 499 
5802 1124 500 439 457 
5803 1037 500 1075 494 
5804 1037 1075 500 504 
5805 502 1075 500 494 
5806 502 500 1075 504 
5807 942 932 924 1101 
5808 924 932 942 81 
5809 924 82 942 1101 
5810 942 82 924 81 
5811 680 679 1105 1113 
5812 680 1105 679 678 
5813 1034 1105 679 1113 
5814 1034 679 1105 678 
5815 1126 927 1003 1117 
5816 1003 927 1126 929 
5817 927 1126 928 896 
5818 928 1126 927 929 
5819 1073 579 570 596 
5820 1073 570 579 600 
5821 588 570 579 596 
5822 588 579 570 600 
5823 1079 661 1145 520 
5824 1079 1145 661 1065 
5825 1151 1145 661 520 
5826 1151 661 1145 1065 
5827 1074 369 79 1110 
5828 1074 79 369 480 
5829 918 900 902 925 
5830 902 900 918 905 
5831 918 902 212 925 
5832 212 902 918 905 
5833 918 212 1101 925 
5834 1101 212 918 905 
5835 898 805 930 811 
5836 898 930 805 1045 
5837 894 930 805 811 
5838 894 805 930 1045 
5839 1109 300 1119 361 
5840 1119 300 1109 304 
5841 303 279 1109 1108 
5842 303 1109 279 281 
5843 362 1109 279 1108 
5844 362 279 1109 281 
5845 451 524 376 1065 
5846 376 524 451 433 
5847 524 434 376 1065 
5848 376 434 524 433 
5849 524 435 434 1065 
5850 434 435 524 433 
5851 1065 524 1079 451 
5852 1065 1079 524 661 
5853 508 1079 524 451 
5854 508 524 1079 661 
5855 732 1029 584 586 
5856 584 1029 732 195 
5857 732 651 584 195 
5858 958 647 732 651 
5859 958 732 647 586 
5860 584 732 647 651 
5861 584 647 732 586 
5862 336 877 330 395 
5863 336 330 877 878 
5864 466 1006 511 1149 
5865 511 1006 466 460 
5866 945 1126 1003 1047 
5867 1003 1126 945 929 
5868 1127 101 225 969 
5869 1127 225 101 631 
5870 20 332 286 947 
5871 20 286 332 276 
5872 1142 540 1056 873 
5873 1142 1056 540 837 
5874 860 1056 540 873 
5875 860 540 1056 837 
5876 1015 454 591 1071 
5877 591 454 1015 544 
5878 827 1137 1028 1114 
5879 1028 1137 827 821 
5880 184 1008 171 1097 
5881 171 1008 184 174 
5882 1044 659 995 1061 
5883 1044 995 659 652 
5884 660 1044 665 1061 
5885 660 665 1044 662 
5886 1081 665 1044 1061 
5887 1081 1044 665 662 
5888 1140 608 1021 997 
5889 1021 608 1140 609 
5890 1021 1050 1140 997 
5891 1140 1050 1021 609 
5892 749 786 848 849 
5893 749 848 786 764 
5894 785 848 786 849 
5895 785 786 848 764 
5896 603 1073 1145 568 
5897 603 1145 1073 729 
5898 442 348 1035 510 
5899 1035 348 442 535 
5900 1062 952 957 953 
5901 935 957 1062 952 
5902 935 1062 957 956 
$EndElements
