$MeshFormat
4.1 0 8
$EndMeshFormat
$Entities
0 0 1 1
1 -6.982147216796875 -3.90005350112915 49.88869094848633 23.61174964904785 19.90101051330566 78.97013092041016 0 0 
1 -6.982147216796875 -3.90005350112915 49.88869094848633 23.61174964904785 19.90101051330566 78.97013092041016 0 1 1 
$EndEntities
$Nodes
2 4412 1 4412
2 1 0 2612
1
2
3
4
5
6
7
8
9
10
11
12
13
14
15
16
17
18
19
20
21
22
23
24
25
26
27
28
29
30
31
32
33
34
35
36
37
38
39
40
41
42
43
44
45
46
47
48
49
50
51
52
53
54
55
56
57
58
59
60
61
62
63
64
65
66
67
68
69
70
71
72
73
74
75
76
77
78
79
80
81
82
83
84
85
86
87
88
89
90
91
92
93
94
95
96
97
98
99
100
101
102
103
104
105
106
107
108
109
110
111
112
113
114
115
116
117
118
119
120
121
122
123
124
125
126
127
128
129
130
131
132
133
134
135
136
137
138
139
140
141
142
143
144
145
146
147
148
149
150
151
152
153
154
155
156
157
158
159
160
161
162
163
164
165
166
167
168
169
170
171
172
173
174
175
176
177
178
179
180
181
182
183
184
185
186
187
188
189
190
191
192
193
194
195
196
197
198
199
200
201
202
203
204
205
206
207
208
209
210
211
212
213
214
215
216
217
218
219
220
221
222
223
224
225
226
227
228
229
230
231
232
233
234
235
236
237
238
239
240
241
242
243
244
245
246
247
248
249
250
251
252
253
254
255
256
257
258
259
260
261
262
263
264
265
266
267
268
269
270
271
272
273
274
275
276
277
278
279
280
281
282
283
284
285
286
287
288
289
290
291
292
293
294
295
296
297
298
299
300
301
302
303
304
305
306
307
308
309
310
311
312
313
314
315
316
317
318
319
320
321
322
323
324
325
326
327
328
329
330
331
332
333
334
335
336
337
338
339
340
341
342
343
344
345
346
347
348
349
350
351
352
353
354
355
356
357
358
359
360
361
362
363
364
365
366
367
368
369
370
371
372
373
374
375
376
377
378
379
380
381
382
383
384
385
386
387
388
389
390
391
392
393
394
395
396
397
398
399
400
401
402
403
404
405
406
407
408
409
410
411
412
413
414
415
416
417
418
419
420
421
422
423
424
425
426
427
428
429
430
431
432
433
434
435
436
437
438
439
440
441
442
443
444
445
446
447
448
449
450
451
452
453
454
455
456
457
458
459
460
461
462
463
464
465
466
467
468
469
470
471
472
473
474
475
476
477
478
479
480
481
482
483
484
485
486
487
488
489
490
491
492
493
494
495
496
497
498
499
500
501
502
503
504
505
506
507
508
509
510
511
512
513
514
515
516
517
518
519
520
521
522
523
524
525
526
527
528
529
530
531
532
533
534
535
536
537
538
539
540
541
542
543
544
545
546
547
548
549
550
551
552
553
554
555
556
557
558
559
560
561
562
563
564
565
566
567
568
569
570
571
572
573
574
575
576
577
578
579
580
581
582
583
584
585
586
587
588
589
590
591
592
593
594
595
596
597
598
599
600
601
602
603
604
605
606
607
608
609
610
611
612
613
614
615
616
617
618
619
620
621
622
623
624
625
626
627
628
629
630
631
632
633
634
635
636
637
638
639
640
641
642
643
644
645
646
647
648
649
650
651
652
653
654
655
656
657
658
659
660
661
662
663
664
665
666
667
668
669
670
671
672
673
674
675
676
677
678
679
680
681
682
683
684
685
686
687
688
689
690
691
692
693
694
695
696
697
698
699
700
701
702
703
704
705
706
707
708
709
710
711
712
713
714
715
716
717
718
719
720
721
722
723
724
725
726
727
728
729
730
731
732
733
734
735
736
737
738
739
740
741
742
743
744
745
746
747
748
749
750
751
752
753
754
755
756
757
758
759
760
761
762
763
764
765
766
767
768
769
770
771
772
773
774
775
776
777
778
779
780
781
782
783
784
785
786
787
788
789
790
791
792
793
794
795
796
797
798
799
800
801
802
803
804
805
806
807
808
809
810
811
812
813
814
815
816
817
818
819
820
821
822
823
824
825
826
827
828
829
830
831
832
833
834
835
836
837
838
839
840
841
842
843
844
845
846
847
848
849
850
851
852
853
854
855
856
857
858
859
860
861
862
863
864
865
866
867
868
869
870
871
872
873
874
875
876
877
878
879
880
881
882
883
884
885
886
887
888
889
890
891
892
893
894
895
896
897
898
899
900
901
902
903
904
905
906
907
908
909
910
911
912
913
914
915
916
917
918
919
920
921
922
923
924
925
926
927
928
929
930
931
932
933
934
935
936
937
938
939
940
941
942
943
944
945
946
947
948
949
950
951
952
953
954
955
956
957
958
959
960
961
962
963
964
965
966
967
968
969
970
971
972
973
974
975
976
977
978
979
980
981
982
983
984
985
986
987
988
989
990
991
992
993
994
995
996
997
998
999
1000
1001
1002
1003
1004
1005
1006
1007
1008
1009
1010
1011
1012
1013
1014
1015
1016
1017
1018
1019
1020
1021
1022
1023
1024
1025
1026
1027
1028
1029
1030
1031
1032
1033
1034
1035
1036
1037
1038
1039
1040
1041
1042
1043
1044
1045
1046
1047
1048
1049
1050
1051
1052
1053
1054
1055
1056
1057
1058
1059
1060
1061
1062
1063
1064
1065
1066
1067
1068
1069
1070
1071
1072
1073
1074
1075
1076
1077
1078
1079
1080
1081
1082
1083
1084
1085
1086
1087
1088
1089
1090
1091
1092
1093
1094
1095
1096
1097
1098
1099
1100
1101
1102
1103
1104
1105
1106
1107
1108
1109
1110
1111
1112
1113
1114
1115
1116
1117
1118
1119
1120
1121
1122
1123
1124
1125
1126
1127
1128
1129
1130
1131
1132
1133
1134
1135
1136
1137
1138
1139
1140
1141
1142
1143
1144
1145
1146
1147
1148
1149
1150
1151
1152
1153
1154
1155
1156
1157
1158
1159
1160
1161
1162
1163
1164
1165
1166
1167
1168
1169
1170
1171
1172
1173
1174
1175
1176
1177
1178
1179
1180
1181
1182
1183
1184
1185
1186
1187
1188
1189
1190
1191
1192
1193
1194
1195
1196
1197
1198
1199
1200
1201
1202
1203
1204
1205
1206
1207
1208
1209
1210
1211
1212
1213
1214
1215
1216
1217
1218
1219
1220
1221
1222
1223
1224
1225
1226
1227
1228
1229
1230
1231
1232
1233
1234
1235
1236
1237
1238
1239
1240
1241
1242
1243
1244
1245
1246
1247
1248
1249
1250
1251
1252
1253
1254
1255
1256
1257
1258
1259
1260
1261
1262
1263
1264
1265
1266
1267
1268
1269
1270
1271
1272
1273
1274
1275
1276
1277
1278
1279
1280
1281
1282
1283
1284
1285
1286
1287
1288
1289
1290
1291
1292
1293
1294
1295
1296
1297
1298
1299
1300
1301
1302
1303
1304
1305
1306
1307
1308
1309
1310
1311
1312
1313
1314
1315
1316
1317
1318
1319
1320
1321
1322
1323
1324
1325
1326
1327
1328
1329
1330
1331
1332
1333
1334
1335
1336
1337
1338
1339
1340
1341
1342
1343
1344
1345
1346
1347
1348
1349
1350
1351
1352
1353
1354
1355
1356
1357
1358
1359
1360
1361
1362
1363
1364
1365
1366
1367
1368
1369
1370
1371
1372
1373
1374
1375
1376
1377
1378
1379
1380
1381
1382
1383
1384
1385
1386
1387
1388
1389
1390
1391
1392
1393
1394
1395
1396
1397
1398
1399
1400
1401
1402
1403
1404
1405
1406
1407
1408
1409
1410
1411
1412
1413
1414
1415
1416
1417
1418
1419
1420
1421
1422
1423
1424
1425
1426
1427
1428
1429
1430
1431
1432
1433
1434
1435
1436
1437
1438
1439
1440
1441
1442
1443
1444
1445
1446
1447
1448
1449
1450
1451
1452
1453
1454
1455
1456
1457
1458
1459
1460
1461
1462
1463
1464
1465
1466
1467
1468
1469
1470
1471
1472
1473
1474
1475
1476
1477
1478
1479
1480
1481
1482
1483
1484
1485
1486
1487
1488
1489
1490
1491
1492
1493
1494
1495
1496
1497
1498
1499
1500
1501
1502
1503
1504
1505
1506
1507
1508
1509
1510
1511
1512
1513
1514
1515
1516
1517
1518
1519
1520
1521
1522
1523
1524
1525
1526
1527
1528
1529
1530
1531
1532
1533
1534
1535
1536
1537
1538
1539
1540
1541
1542
1543
1544
1545
1546
1547
1548
1549
1550
1551
1552
1553
1554
1555
1556
1557
1558
1559
1560
1561
1562
1563
1564
1565
1566
1567
1568
1569
1570
1571
1572
1573
1574
1575
1576
1577
1578
1579
1580
1581
1582
1583
1584
1585
1586
1587
1588
1589
1590
1591
1592
1593
1594
1595
1596
1597
1598
1599
1600
1601
1602
1603
1604
1605
1606
1607
1608
1609
1610
1611
1612
1613
1614
1615
1616
1617
1618
1619
1620
1621
1622
1623
1624
1625
1626
1627
1628
1629
1630
1631
1632
1633
1634
1635
1636
1637
1638
1639
1640
1641
1642
1643
1644
1645
1646
1647
1648
1649
1650
1651
1652
1653
1654
1655
1656
1657
1658
1659
1660
1661
1662
1663
1664
1665
1666
1667
1668
1669
1670
1671
1672
1673
1674
1675
1676
1677
1678
1679
1680
1681
1682
1683
1684
1685
1686
1687
1688
1689
1690
1691
1692
1693
1694
1695
1696
1697
1698
1699
1700
1701
1702
1703
1704
1705
1706
1707
1708
1709
1710
1711
1712
1713
1714
1715
1716
1717
1718
1719
1720
1721
1722
1723
1724
1725
1726
1727
1728
1729
1730
1731
1732
1733
1734
1735
1736
1737
1738
1739
1740
1741
1742
1743
1744
1745
1746
1747
1748
1749
1750
1751
1752
1753
1754
1755
1756
1757
1758
1759
1760
1761
1762
1763
1764
1765
1766
1767
1768
1769
1770
1771
1772
1773
1774
1775
1776
1777
1778
1779
1780
1781
1782
1783
1784
1785
1786
1787
1788
1789
1790
1791
1792
1793
1794
1795
1796
1797
1798
1799
1800
1801
1802
1803
1804
1805
1806
1807
1808
1809
1810
1811
1812
1813
1814
1815
1816
1817
1818
1819
1820
1821
1822
1823
1824
1825
1826
1827
1828
1829
1830
1831
1832
1833
1834
1835
1836
1837
1838
1839
1840
1841
1842
1843
1844
1845
1846
1847
1848
1849
1850
1851
1852
1853
1854
1855
1856
1857
1858
1859
1860
1861
1862
1863
1864
1865
1866
1867
1868
1869
1870
1871
1872
1873
1874
1875
1876
1877
1878
1879
1880
1881
1882
1883
1884
1885
1886
1887
1888
1889
1890
1891
1892
1893
1894
1895
1896
1897
1898
1899
1900
1901
1902
1903
1904
1905
1906
1907
1908
1909
1910
1911
1912
1913
1914
1915
1916
1917
1918
1919
1920
1921
1922
1923
1924
1925
1926
1927
1928
1929
1930
1931
1932
1933
1934
1935
1936
1937
1938
1939
1940
1941
1942
1943
1944
1945
1946
1947
1948
1949
1950
1951
1952
1953
1954
1955
1956
1957
1958
1959
1960
1961
1962
1963
1964
1965
1966
1967
1968
1969
1970
1971
1972
1973
1974
1975
1976
1977
1978
1979
1980
1981
1982
1983
1984
1985
1986
1987
1988
1989
1990
1991
1992
1993
1994
1995
1996
1997
1998
1999
2000
2001
2002
2003
2004
2005
2006
2007
2008
2009
2010
2011
2012
2013
2014
2015
2016
2017
2018
2019
2020
2021
2022
2023
2024
2025
2026
2027
2028
2029
2030
2031
2032
2033
2034
2035
2036
2037
2038
2039
2040
2041
2042
2043
2044
2045
2046
2047
2048
2049
2050
2051
2052
2053
2054
2055
2056
2057
2058
2059
2060
2061
2062
2063
2064
2065
2066
2067
2068
2069
2070
2071
2072
2073
2074
2075
2076
2077
2078
2079
2080
2081
2082
2083
2084
2085
2086
2087
2088
2089
2090
2091
2092
2093
2094
2095
2096
2097
2098
2099
2100
2101
2102
2103
2104
2105
2106
2107
2108
2109
2110
2111
2112
2113
2114
2115
2116
2117
2118
2119
2120
2121
2122
2123
2124
2125
2126
2127
2128
2129
2130
2131
2132
2133
2134
2135
2136
2137
2138
2139
2140
2141
2142
2143
2144
2145
2146
2147
2148
2149
2150
2151
2152
2153
2154
2155
2156
2157
2158
2159
2160
2161
2162
2163
2164
2165
2166
2167
2168
2169
2170
2171
2172
2173
2174
2175
2176
2177
2178
2179
2180
2181
2182
2183
2184
2185
2186
2187
2188
2189
2190
2191
2192
2193
2194
2195
2196
2197
2198
2199
2200
2201
2202
2203
2204
2205
2206
2207
2208
2209
2210
2211
2212
2213
2214
2215
2216
2217
2218
2219
2220
2221
2222
2223
2224
2225
2226
2227
2228
2229
2230
2231
2232
2233
2234
2235
2236
2237
2238
2239
2240
2241
2242
2243
2244
2245
2246
2247
2248
2249
2250
2251
2252
2253
2254
2255
2256
2257
2258
2259
2260
2261
2262
2263
2264
2265
2266
2267
2268
2269
2270
2271
2272
2273
2274
2275
2276
2277
2278
2279
2280
2281
2282
2283
2284
2285
2286
2287
2288
2289
2290
2291
2292
2293
2294
2295
2296
2297
2298
2299
2300
2301
2302
2303
2304
2305
2306
2307
2308
2309
2310
2311
2312
2313
2314
2315
2316
2317
2318
2319
2320
2321
2322
2323
2324
2325
2326
2327
2328
2329
2330
2331
2332
2333
2334
2335
2336
2337
2338
2339
2340
2341
2342
2343
2344
2345
2346
2347
2348
2349
2350
2351
2352
2353
2354
2355
2356
2357
2358
2359
2360
2361
2362
2363
2364
2365
2366
2367
2368
2369
2370
2371
2372
2373
2374
2375
2376
2377
2378
2379
2380
2381
2382
2383
2384
2385
2386
2387
2388
2389
2390
2391
2392
2393
2394
2395
2396
2397
2398
2399
2400
2401
2402
2403
2404
2405
2406
2407
2408
2409
2410
2411
2412
2413
2414
2415
2416
2417
2418
2419
2420
2421
2422
2423
2424
2425
2426
2427
2428
2429
2430
2431
2432
2433
2434
2435
2436
2437
2438
2439
2440
2441
2442
2443
2444
2445
2446
2447
2448
2449
2450
2451
2452
2453
2454
2455
2456
2457
2458
2459
2460
2461
2462
2463
2464
2465
2466
2467
2468
2469
2470
2471
2472
2473
2474
2475
2476
2477
2478
2479
2480
2481
2482
2483
2484
2485
2486
2487
2488
2489
2490
2491
2492
2493
2494
2495
2496
2497
2498
2499
2500
2501
2502
2503
2504
2505
2506
2507
2508
2509
2510
2511
2512
2513
2514
2515
2516
2517
2518
2519
2520
2521
2522
2523
2524
2525
2526
2527
2528
2529
2530
2531
2532
2533
2534
2535
2536
2537
2538
2539
2540
2541
2542
2543
2544
2545
2546
2547
2548
2549
2550
2551
2552
2553
2554
2555
2556
2557
2558
2559
2560
2561
2562
2563
2564
2565
2566
2567
2568
2569
2570
2571
2572
2573
2574
2575
2576
2577
2578
2579
2580
2581
2582
2583
2584
2585
2586
2587
2588
2589
2590
2591
2592
2593
2594
2595
2596
2597
2598
2599
2600
2601
2602
2603
2604
2605
2606
2607
2608
2609
2610
2611
2612
6.161561012268066 12.15636348724365 51.8579216003418
6.642499923706055 12.76697444915771 52.74065399169922
6.920941829681396 12.36623954772949 52.37812423706055
5.316056251525879 12.25788116455078 51.76802825927734
5.984551906585693 12.85472106933594 52.6458740234375
4.516892910003662 12.28860569000244 51.75959777832031
5.183605194091797 12.90752029418945 52.57736968994141
3.741159200668335 12.27553367614746 51.87310791015625
4.383568286895752 12.90345191955566 52.59085464477539
3.040099143981934 12.24957370758057 52.131591796875
3.60908842086792 12.83775234222412 52.69087600708008
2.99301815032959 12.69872570037842 52.78003311157227
7.7402663230896 11.46645832061768 51.79055023193359
8.233564376831055 12.07201766967773 52.67158508300781
8.511997222900391 11.63674640655518 52.35797500610352
6.811367511749268 11.66444301605225 51.58185577392578
7.575973510742188 12.22592067718506 52.51689529418945
6.023183822631836 11.4813928604126 51.09915542602539
5.395985126495361 11.59726238250732 51.05187225341797
4.62578821182251 11.64444255828857 51.00954055786133
3.838396549224854 11.65162467956543 51.08441543579102
3.06748366355896 11.64627933502197 51.35422134399414
2.556674480438232 12.30006980895996 52.50631332397461
2.308005332946777 11.68425464630127 51.90361404418945
1.568007349967957 11.51360988616943 52.36441421508789
1.992066502571106 12.10840034484863 52.72302627563477
1.415493726730347 11.87155723571777 52.98104476928711
9.310877799987793 10.67462158203125 51.93928146362305
9.821730613708496 11.26123428344727 52.83305740356445
10.04966640472412 10.80670642852783 52.59671401977539
8.399750709533691 10.91652870178223 51.60808944702148
9.167299270629883 11.45726871490479 52.57703018188477
7.615785121917725 10.75753498077393 51.08908081054688
6.979846000671387 10.9036283493042 50.97830200195312
6.212709903717041 10.94244575500488 50.75345611572266
5.464837551116943 10.94644165039062 50.54834365844727
4.710315704345703 10.97456550598145 50.44945526123047
3.922369956970215 10.98239994049072 50.4545783996582
3.131470203399658 10.97594261169434 50.64074325561523
2.358289003372192 10.97096347808838 51.06990814208984
1.62385082244873 10.95208930969238 51.6868896484375
1.088769435882568 11.45248985290527 52.81502532958984
1.033746719360352 10.98602771759033 52.36042785644531
0.6642776727676392 11.13496589660645 52.97575378417969
9.922417640686035 10.10403919219971 51.94753265380859
10.53176879882812 10.5967321395874 52.84938812255859
10.74020099639893 9.983378410339355 52.61236190795898
9.180858612060547 9.960960388183594 51.27433776855469
8.562982559204102 10.13156223297119 51.06449890136719
7.808632850646973 10.1948881149292 50.79294204711914
7.070224761962891 10.21852970123291 50.57815551757812
6.327509880065918 10.25983428955078 50.42647171020508
5.557529449462891 10.27447032928467 50.26284027099609
4.77707052230835 10.27780055999756 50.124755859375
3.983975887298584 10.27643585205078 50.06711578369141
3.185462713241577 10.26841259002686 50.15871429443359
2.400048017501831 10.26053142547607 50.48149108886719
1.640159130096436 10.25905323028564 51.06262969970703
0.8806060552597046 10.27198123931885 51.88990020751953
0.4286331534385681 10.57183933258057 52.71107482910156
10.18034172058105 9.248536109924316 51.63557052612305
10.92144203186035 9.37446117401123 52.41971206665039
9.371825218200684 9.375087738037109 51.06421279907227
8.647367477416992 9.434358596801758 50.6986083984375
7.920035839080811 9.499532699584961 50.48997497558594
7.163305282592773 9.530598640441895 50.33930206298828
6.395854949951172 9.546004295349121 50.22585678100586
5.61458158493042 9.552289009094238 50.11394119262695
4.819770812988281 9.547511100769043 49.99429321289062
4.017525672912598 9.537625312805176 49.9090576171875
3.215512037277222 9.527824401855469 49.93028259277344
2.426827907562256 9.523188591003418 50.14699554443359
1.666647672653198 9.531040191650391 50.61946105957031
0.9467571377754211 9.551407814025879 51.32503128051758
0.2410997599363327 10.01909255981445 52.48530960083008
0.3057431280612946 9.554338455200195 52.0997314453125
-0.165643110871315 9.599855422973633 52.75272750854492
10.72249889373779 8.65247917175293 51.88534545898438
11.35752582550049 9.117106437683105 52.77110290527344
11.46695232391357 8.493511199951172 52.67830657958984
10.01501274108887 8.499499320983887 51.12515258789062
9.444939613342285 8.655381202697754 50.78855514526367
8.728236198425293 8.736728668212891 50.4747200012207
7.98284387588501 8.781064033508301 50.28503036499023
7.215751647949219 8.803310394287109 50.184326171875
6.431135654449463 8.807222366333008 50.12173461914062
5.634928226470947 8.800807952880859 50.05880737304688
4.83031702041626 8.788318634033203 49.97784042358398
4.022414207458496 8.77418041229248 49.90029525756836
3.219437599182129 8.76368236541748 49.88869094848633
2.432388067245483 8.762743949890137 50.03150177001953
1.673148632049561 8.779584884643555 50.40513229370117
0.9536461234092712 8.819924354553223 51.02462005615234
0.2888601124286652 8.886649131774902 51.81536483764648
-0.3021172881126404 9.010128021240234 52.6501350402832
10.84784984588623 7.852066040039062 51.79373931884766
11.54199409484863 7.732199668884277 52.61373138427734
10.1491060256958 7.909374237060547 51.07735824584961
9.465749740600586 7.947679042816162 50.58032608032227
8.763203620910645 8.008529663085938 50.30038833618164
8.011838912963867 8.042339324951172 50.151611328125
7.232223510742188 8.052652359008789 50.09169387817383
6.435129165649414 8.046820640563965 50.07001876831055
5.628061294555664 8.031856536865234 50.04692077636719
4.816688060760498 8.01362133026123 50.00430679321289
4.006927490234375 7.997790336608887 49.95309448242188
3.206921100616455 7.989753723144531 49.94034576416016
2.426245450973511 7.993579864501953 50.04703521728516
1.672260642051697 8.015684127807617 50.35512924194336
0.951190710067749 8.064543724060059 50.90343856811523
0.2699768841266632 8.147683143615723 51.65844345092773
-0.3697385191917419 8.271203994750977 52.51990509033203
10.89817810058594 7.08886194229126 51.75618743896484
11.56518268585205 6.965866565704346 52.61059951782227
10.2109260559082 7.177875995635986 51.01142120361328
9.503560066223145 7.231671333312988 50.47403717041016
8.773436546325684 7.266250133514404 50.16936111450195
8.012511253356934 7.285168170928955 50.04635238647461
7.223820209503174 7.286049842834473 50.02461624145508
6.41877555847168 7.273561000823975 50.03781890869141
5.606245517730713 7.254287242889404 50.04544448852539
4.792483329772949 7.234288215637207 50.03297805786133
3.983901500701904 7.219723224639893 50.01210021972656
3.189358472824097 7.217262268066406 50.02057647705078
2.420439004898071 7.23127269744873 50.12150573730469
1.681119918823242 7.259151935577393 50.39455032348633
0.9658793210983276 7.305465221405029 50.896484375
0.27535080909729 7.389116764068604 51.61446380615234
-0.3868154585361481 7.513491153717041 52.4648323059082
10.90680122375488 6.332059383392334 51.79026412963867
11.54567813873291 6.205409049987793 52.67380905151367
10.23250579833984 6.423021793365479 50.9989013671875
9.520727157592773 6.480245590209961 50.41327667236328
8.775436401367188 6.508721828460693 50.07661819458008
8.001025199890137 6.516458511352539 49.95320892333984
7.204504013061523 6.510342597961426 49.95793151855469
6.395780563354492 6.494981288909912 50.00475311279297
5.583077907562256 6.475793361663818 50.0426025390625
4.772182941436768 6.45832633972168 50.05721664428711
3.968831777572632 6.448525428771973 50.06495666503906
3.181200981140137 6.453930854797363 50.10517501831055
2.421095848083496 6.482349872589111 50.22893142700195
1.710355639457703 6.537468433380127 50.47926712036133
1.022282600402832 6.571008205413818 50.94894790649414
0.3261637091636658 6.627662658691406 51.65360641479492
-0.3551917970180511 6.755422592163086 52.49259567260742
10.89360332489014 5.5976881980896 51.92824554443359
11.47933483123779 5.468334674835205 52.79738998413086
10.2376766204834 5.672833442687988 51.09745025634766
9.52716064453125 5.72079610824585 50.44404602050781
8.774812698364258 5.742758274078369 50.04805755615234
7.991680145263672 5.744351863861084 49.8939208984375
7.189793109893799 5.734409332275391 49.90036010742188
6.380509376525879 5.719189643859863 49.97312545776367
5.572076320648193 5.703998565673828 50.04560852050781
4.769509792327881 5.693073749542236 50.09396743774414
3.976243257522583 5.69095516204834 50.13562393188477
3.199524641036987 5.706786155700684 50.21146392822266
2.445755958557129 5.745944976806641 50.37645721435547
1.724394559860229 5.824632167816162 50.66930770874023
1.153091669082642 5.979218482971191 50.99082565307617
0.4571894109249115 5.832868099212646 51.75880813598633
-0.2635895907878876 6.007396221160889 52.59848022460938
10.88243103027344 4.935389041900635 52.19213104248047
11.34618186950684 4.883087635040283 52.88232803344727
10.25114154815674 4.946355819702148 51.37640380859375
9.538788795471191 4.972741603851318 50.64194107055664
8.78284740447998 4.983935832977295 50.15296936035156
7.995389938354492 4.980223655700684 49.92777633666992
7.192129611968994 4.969484329223633 49.90069580078125
6.386270999908447 4.956923961639404 49.97716522216797
5.585437297821045 4.947550773620605 50.0817985534668
4.795856952667236 4.947266578674316 50.17231369018555
4.018629550933838 4.954976081848145 50.26011276245117
3.252382516860962 4.97901439666748 50.38533401489258
2.517952680587769 5.03993558883667 50.57451629638672
1.794091105461121 5.101269721984863 50.93433380126953
0.9983463287353516 5.237607002258301 51.51791000366211
0.2906140089035034 5.133786201477051 52.35354232788086
-0.1334222257137299 5.398438453674316 52.73007583618164
10.94851398468018 4.472710609436035 52.57122421264648
10.76437568664551 3.923479318618774 52.76791763305664
10.32006168365479 4.228626251220703 51.925048828125
9.566628456115723 4.24609375 51.06916809082031
8.808164596557617 4.246008396148682 50.47340774536133
8.021280288696289 4.23740291595459 50.14045715332031
7.219267845153809 4.22693395614624 50.03786849975586
6.420775413513184 4.221400737762451 50.0804328918457
5.633025646209717 4.218456268310547 50.19655990600586
4.854282855987549 4.224871635437012 50.33305358886719
4.102485179901123 4.257742881774902 50.45890045166016
3.357673168182373 4.275579929351807 50.6542854309082
2.60141921043396 4.338535308837891 50.92107009887695
1.984774231910706 4.512822151184082 51.13767242431641
1.271145343780518 4.392614841461182 51.86333084106445
0.4998668134212494 4.54637622833252 52.61474609375
10.16812896728516 3.51613187789917 52.36167526245117
10.52972602844238 3.361417293548584 52.99066162109375
9.580256462097168 3.551506757736206 51.669189453125
8.844282150268555 3.531920433044434 51.03554153442383
8.067584037780762 3.524893760681152 50.59169387817383
7.271483898162842 3.514695167541504 50.38681411743164
6.477007865905762 3.51715612411499 50.35945129394531
5.715342044830322 3.538449048995972 50.43346786499023
4.960193157196045 3.533655881881714 50.60928344726562
4.187182903289795 3.564337015151978 50.81057739257812
3.548334360122681 3.707231283187866 50.91725921630859
2.775771856307983 3.555290460586548 51.44854736328125
1.881603360176086 3.816187381744385 51.83937072753906
1.192612171173096 3.726078033447266 52.61355209350586
0.735966682434082 3.95569634437561 52.92295455932617
10.109055519104 3.046227216720581 52.78555297851562
9.777352333068848 2.621242523193359 52.90509414672852
9.631241798400879 2.985775470733643 52.3143424987793
8.885848045349121 2.810834646224976 51.82156372070312
8.122302055358887 2.846508264541626 51.25789260864258
7.345703125 2.836665391921997 50.96494293212891
6.551591873168945 2.837618112564087 50.86354446411133
5.774993419647217 2.877715587615967 50.88113403320312
5.143942832946777 2.988378286361694 50.91367340087891
4.355392932891846 2.797051191329956 51.36997985839844
3.434496879577637 2.998562812805176 51.59375
2.69575309753418 2.85142970085144 52.22182464599609
2.069785833358765 3.059754610061646 52.53936386108398
1.444706678390503 3.285632133483887 52.89171981811523
9.197280883789062 2.38010311126709 52.60934829711914
8.627163887023926 2.183256864547729 52.36110687255859
8.184146881103516 1.773064851760864 52.59165191650391
8.141469955444336 2.232571601867676 51.98064422607422
7.43569278717041 2.201577425003052 51.70173645019531
6.654667377471924 2.181806087493896 51.56598663330078
5.851160049438477 2.205332517623901 51.5577392578125
5.003810882568359 2.301287651062012 51.63528442382812
4.256155490875244 2.09061598777771 52.17141723632812
3.620747089385986 2.245259284973145 52.3520622253418
2.986129283905029 2.418792247772217 52.54790115356445
7.565158367156982 1.626657009124756 52.48650360107422
6.789424896240234 1.553830146789551 52.37960052490234
5.99069356918335 1.543574690818787 52.37567520141602
5.193696022033691 1.593500852584839 52.46926879882812
4.541306972503662 1.684762239456177 52.57497787475586
6.202597618103027 16.74019241333008 56.55604934692383
6.697986125946045 17.39889526367188 57.37137222290039
6.967441558837891 16.98977088928223 57.00308990478516
5.368750095367432 16.83670425415039 56.4986457824707
6.044470310211182 17.47654151916504 57.30713653564453
4.57721471786499 16.88576316833496 56.44448471069336
5.251442432403564 17.53982543945312 57.2324333190918
3.78549337387085 16.91109657287598 56.39082717895508
4.452757358551025 17.57783126831055 57.17394638061523
2.990682125091553 16.92607307434082 56.33393096923828
3.652220964431763 17.59973526000977 57.12666320800781
2.191735744476318 16.93835067749023 56.26832962036133
2.848236799240112 17.61363410949707 57.08962249755859
1.384019255638123 16.94753646850586 56.19892120361328
2.0360426902771 17.62055969238281 57.06942749023438
0.5638534426689148 16.94824981689453 56.16392135620117
1.209614515304565 17.61300849914551 57.08962249755859
-0.2643806338310242 16.93649864196777 56.23419189453125
0.3678486049175262 17.58059120178223 57.19926452636719
-1.07908308506012 16.91533470153809 56.49489212036133
-0.47625333070755 17.51621246337891 57.44414520263672
-1.820596218109131 16.90396881103516 57.02242660522461
-1.284551858901978 17.4193058013916 57.85100173950195
-1.898786187171936 17.29911231994629 58.19129943847656
8.565168380737305 15.97561264038086 56.52424621582031
9.068558692932129 16.6160888671875 57.37655639648438
9.33669376373291 16.18450355529785 57.02027130126953
7.709030151367188 16.13090896606445 56.3910026550293
8.410976409912109 16.74246978759766 57.25986099243164
6.829624176025391 16.25728797912598 56.25341796875
7.618120670318604 16.87990379333496 57.11124420166016
6.035850048065186 16.03055763244629 55.85708618164062
5.420526027679443 16.13955497741699 55.85708618164062
4.666077613830566 16.19268226623535 55.82414245605469
3.887097358703613 16.21825981140137 55.791259765625
3.100495576858521 16.23076057434082 55.75159454345703
2.310625076293945 16.24004936218262 55.68867492675781
1.515821218490601 16.24992179870605 55.59098434448242
0.7118363976478577 16.25878143310547 55.47520065307617
-0.1025522723793983 16.2648983001709 55.40596008300781
-0.9221584796905518 16.2708854675293 55.4868049621582
-1.736980199813843 16.28779983520508 55.86272430419922
-2.333853960037231 16.96089363098145 57.89248275756836
-2.571670293807983 16.34675788879395 56.81242370605469
-3.4023597240448 16.12651443481445 57.53329849243164
-2.982174634933472 16.76575469970703 59.0264778137207
-3.685368776321411 16.3072566986084 59.07842254638672
10.12651252746582 15.24894714355469 56.45608139038086
10.64199542999268 15.88306999206543 57.31146240234375
10.90897083282471 15.43415832519531 56.9917106628418
9.20116138458252 15.45049095153809 56.27009201049805
9.986717224121094 16.03769874572754 57.16745758056641
8.409050941467285 15.26741123199463 55.82846450805664
7.788763523101807 15.40847015380859 55.75854110717773
7.012933731079102 15.49441242218018 55.61772537231445
6.221278190612793 15.49792861938477 55.43804550170898
5.472063064575195 15.4846830368042 55.30923461914062
4.730833530426025 15.50992965698242 55.27901840209961
3.95955491065979 15.52473735809326 55.28237915039062
3.177058696746826 15.53037166595459 55.29711151123047
2.391808032989502 15.53328609466553 55.28903579711914
1.603960275650024 15.53745460510254 55.22473907470703
0.8098723888397217 15.54254627227783 55.09848785400391
0.006828557699918747 15.54786777496338 54.95380401611328
-0.805000364780426 15.55584621429443 54.88166809082031
-1.623337388038635 15.57137870788574 55.00768280029297
-2.445884227752686 15.59682655334473 55.46051788330078
-3.251846551895142 15.58819007873535 56.1873664855957
-3.939486503601074 15.96733474731445 58.13850402832031
-3.910706520080566 15.58846092224121 57.08724212646484
-4.316397190093994 15.64552974700928 58.19710540771484
11.6844367980957 14.45287227630615 56.59195327758789
12.20870304107666 15.06792068481445 57.45716857910156
12.43481826782227 14.60259532928467 57.20973587036133
10.77218246459961 14.69223499298096 56.27823257446289
11.55732822418213 15.25732612609863 57.21320724487305
9.98176097869873 14.52823352813721 55.77737808227539
9.354800224304199 14.68138217926025 55.66068267822266
8.603151321411133 14.73438262939453 55.43906784057617
7.878954887390137 14.75742530822754 55.22105026245117
7.144951343536377 14.8084888458252 55.04864883422852
6.367387294769287 14.83932495117188 54.88934326171875
5.584159851074219 14.84666538238525 54.77492523193359
4.80462646484375 14.84079074859619 54.73339080810547
4.018077850341797 14.83146095275879 54.769287109375
3.226811408996582 14.82258415222168 54.86032104492188
2.438381910324097 14.81619834899902 54.95670700073242
1.651862144470215 14.81264114379883 54.99499893188477
0.862469494342804 14.81121826171875 54.93628311157227
0.06665021926164627 14.80978488922119 54.7969970703125
-0.7360578775405884 14.81092071533203 54.65093994140625
-1.544998168945312 14.81972599029541 54.60855484008789
-2.357483863830566 14.84050750732422 54.79870986938477
-3.168350219726562 14.86727523803711 55.30638885498047
-3.992516279220581 14.88990783691406 56.22133636474609
-4.481793403625488 15.15435791015625 57.53329849243164
12.30347061157227 13.87195205688477 56.58295822143555
12.92688465118408 14.39488410949707 57.43913269042969
13.15634155273438 13.75292491912842 57.1728630065918
11.5434627532959 13.72799015045166 55.96081161499023
10.92688465118408 13.90678691864014 55.73646926879883
10.18248176574707 13.98346614837646 55.42814636230469
9.463077545166016 14.02514457702637 55.15527725219727
8.748074531555176 14.09323406219482 54.93849945068359
8.031200408935547 14.15260410308838 54.7359504699707
7.303555011749268 14.1659049987793 54.50181579589844
6.520237445831299 14.16751384735107 54.28038024902344
5.713655948638916 14.19128036499023 54.15680313110352
4.909380435943604 14.18484973907471 54.11060333251953
4.087863922119141 14.14142513275146 54.14906692504883
3.264235019683838 14.10354709625244 54.30758285522461
2.460586786270142 14.08720302581787 54.54153442382812
1.667468786239624 14.07304954528809 54.74077987670898
0.8777624368667603 14.06564044952393 54.83341217041016
0.08560814708471298 14.05905342102051 54.79062652587891
-0.7107932567596436 14.05312252044678 54.66397857666016
-1.509889006614685 14.0540599822998 54.55348587036133
-2.308977127075195 14.06977939605713 54.58688735961914
-3.101594209671021 14.10455513000488 54.88455963134766
-3.872559070587158 14.14875030517578 55.51604843139648
-4.643098831176758 14.62861251831055 57.02407836914062
-4.557288646697998 14.16094017028809 56.43077087402344
-5.032795429229736 14.19325637817383 57.5330696105957
12.59589767456055 12.98652076721191 56.22895431518555
13.38353157043457 13.10052680969238 56.92991256713867
11.75535583496094 13.15251350402832 55.71256256103516
11.03785514831543 13.23460102081299 55.30200576782227
10.33128547668457 13.32859420776367 54.9797477722168
9.619852066040039 13.41140747070312 54.70494079589844
8.90157413482666 13.45534324645996 54.42426681518555
8.15305233001709 13.51491451263428 54.1700553894043
7.523354530334473 13.65093803405762 54.06826782226562
6.745283603668213 13.44784832000732 53.5745849609375
5.862504482269287 13.52636432647705 53.4401969909668
5.043302059173584 13.54405975341797 53.38307189941406
4.220224857330322 13.50064754486084 53.40606307983398
3.302091121673584 13.3443546295166 53.49709701538086
2.472602844238281 13.35551834106445 53.92177200317383
1.663946032524109 13.31663131713867 54.3038330078125
0.8668281435966492 13.30476856231689 54.61931228637695
0.07532303780317307 13.29659080505371 54.76337051391602
-0.716809093952179 13.28859615325928 54.74892044067383
-1.509187340736389 13.28466987609863 54.66647720336914
-2.298020601272583 13.29501152038574 54.64446258544922
-3.078068733215332 13.33057022094727 54.81622695922852
-3.838121652603149 13.39284324645996 55.28670120239258
-4.550526142120361 13.47403430938721 56.11761093139648
-5.16161060333252 13.5884370803833 57.37592315673828
13.26605796813965 12.2828311920166 56.32106781005859
13.88819694519043 12.85533237457275 57.20187759399414
14.08879947662354 12.34399318695068 57.03973007202148
12.44545936584473 12.25328540802002 55.65168762207031
11.86558246612549 12.46834087371826 55.34148406982422
11.18760013580322 12.60417938232422 54.94538116455078
10.48745822906494 12.67187023162842 54.54022598266602
9.745294570922852 12.75792598724365 54.18809509277344
9.116850852966309 12.92456150054932 54.02235794067383
8.337570190429688 12.77175235748291 53.48531341552734
7.409950733184814 12.96735954284668 53.28140258789062
2.490232229232788 12.72708797454834 53.16425704956055
1.664169788360596 12.52473735809326 53.55820083618164
0.8429891467094421 12.5268440246582 54.1705207824707
0.04897615686058998 12.52193641662598 54.57584381103516
-0.7399092316627502 12.51731300354004 54.75922012329102
-1.526577949523926 12.51470947265625 54.78807067871094
-2.308521747589111 12.52288913726807 54.79444122314453
-3.080576658248901 12.55597400665283 54.92308044433594
-3.835912227630615 12.62177467346191 55.2946662902832
-4.560975074768066 12.71852588653564 56.0003547668457
-5.231180191040039 12.83711338043213 57.11591339111328
13.99914646148682 11.53178882598877 56.41665649414062
14.60779666900635 12.1144323348999 57.32426834106445
14.83529853820801 11.5927677154541 57.1313362121582
13.16561222076416 11.48925876617432 55.74687576293945
12.57622337341309 11.68288993835449 55.39900970458984
11.93154621124268 11.83194351196289 54.97502899169922
11.2889347076416 11.96725559234619 54.55604553222656
10.70386028289795 12.11811637878418 54.23787689208984
9.935667037963867 11.98156547546387 53.59609603881836
9.00450611114502 12.23112678527832 53.26757431030273
0.8070812225341797 11.73939037322998 53.48139572143555
0.01771809160709381 11.73256015777588 54.16470718383789
-0.769913375377655 11.73807907104492 54.60810470581055
-1.550633311271667 11.74297142028809 54.81884384155273
-2.326031923294067 11.75425338745117 54.91989135742188
-3.092324018478394 11.7860279083252 55.069580078125
-3.843689441680908 11.84992408752441 55.40277481079102
-4.571522235870361 11.94798278808594 56.01776504516602
-5.25962495803833 12.06989574432373 56.98311996459961
14.77266311645508 10.77572536468506 56.46126174926758
15.37127590179443 11.35587978363037 57.3910026550293
15.61847400665283 10.83629131317139 57.14862060546875
13.92809963226318 10.7209358215332 55.83604049682617
13.32607555389404 10.90404033660889 55.51457214355469
12.65593814849854 11.03130435943604 55.06321334838867
11.99476432800293 11.19718456268311 54.60877990722656
11.42558097839355 11.41283321380615 54.2701416015625
10.63106060028076 11.35859775543213 53.56354904174805
0.002835448831319809 10.91110992431641 53.54761505126953
-0.7997756600379944 10.9473237991333 54.28993988037109
-1.573562026023865 10.96880435943604 54.7204704284668
-2.340287685394287 10.9889440536499 54.96501159667969
-3.100848197937012 11.02215671539307 55.18206787109375
-3.849347114562988 11.08283615112305 55.52396011352539
-4.577135562896729 11.17728328704834 56.09883880615234
-5.269229888916016 11.29862976074219 56.9732666015625
15.57076644897461 10.02594947814941 56.43856430053711
16.16008567810059 10.598708152771 57.38365936279297
16.41554832458496 10.08766746520996 57.10715103149414
14.7166919708252 9.955370903015137 55.86601257324219
14.09660720825195 10.12359714508057 55.59848785400391
13.41423606872559 10.24114513397217 55.20415115356445
12.7677526473999 10.39199066162109 54.78926086425781
12.08920955657959 10.5156135559082 54.26724243164062
11.28301525115967 10.70187568664551 53.64064025878906
-0.2022526860237122 10.09599018096924 53.14638519287109
-0.8454090356826782 10.14531803131104 53.90879440307617
-1.593303322792053 10.19110679626465 54.52742385864258
-2.345131397247314 10.22790145874023 54.9288215637207
-3.095645904541016 10.26647758483887 55.2408447265625
-3.841398239135742 10.32304668426514 55.62000274658203
-4.571327209472656 10.41096496582031 56.189697265625
-5.26723051071167 10.52741718292236 57.02283096313477
16.37222099304199 9.288291931152344 56.37984848022461
16.95306205749512 9.852730751037598 57.34736633300781
17.20406723022461 9.351531982421875 57.07727813720703
15.52178859710693 9.206334114074707 55.83233642578125
14.89196300506592 9.354860305786133 55.62733459472656
14.18698501586914 9.44188404083252 55.3130989074707
13.49832820892334 9.565105438232422 54.94891357421875
12.81998348236084 9.722194671630859 54.5007438659668
12.26622009277344 9.934347152709961 54.11139678955078
11.54160308837891 9.835591316223145 53.34177017211914
-0.8289363384246826 9.327536582946777 53.48065185546875
-1.606573939323425 9.406464576721191 54.30866241455078
-2.341422319412231 9.472479820251465 54.85320663452148
-3.071948528289795 9.524197578430176 55.26144027709961
-3.809542894363403 9.574095726013184 55.69078063964844
-4.544458389282227 9.65038013458252 56.27407073974609
-5.249988555908203 9.75916576385498 57.09115982055664
17.14709091186523 8.567619323730469 56.35805892944336
17.72236442565918 9.117135047912598 57.36773300170898
17.94474601745605 8.626533508300781 57.13542556762695
16.32184028625488 8.473753929138184 55.76491165161133
15.69553756713867 8.608625411987305 55.58711624145508
14.98160266876221 8.670614242553711 55.36123275756836
14.27474308013916 8.754124641418457 55.11590194702148
13.56277275085449 8.852923393249512 54.75785446166992
12.8482551574707 8.992119789123535 54.25972366333008
12.07791709899902 9.209789276123047 53.60018920898438
-0.9835250377655029 8.446131706237793 53.38148498535156
-1.638198018074036 8.60935115814209 54.16716003417969
-2.341922044754028 8.718648910522461 54.8011474609375
-3.033756732940674 8.810877799987793 55.27492904663086
-3.74071216583252 8.850619316101074 55.74391937255859
-4.482808589935303 8.893391609191895 56.35441207885742
-5.207849025726318 8.995277404785156 57.16939544677734
17.83707046508789 7.904068470001221 56.45773315429688
18.42968559265137 8.363133430480957 57.4866943359375
18.64836883544922 7.727776050567627 57.26327133178711
17.10006332397461 7.759467124938965 55.75746536254883
16.49102210998535 7.879190444946289 55.52856826782227
15.77989864349365 7.925319194793701 55.32385635375977
15.06193351745605 7.982059001922607 55.18389511108398
14.33225154876709 8.040505409240723 54.98493194580078
13.61041259765625 8.120856285095215 54.65333557128906
12.89820194244385 8.232955932617188 54.14741134643555
12.18438625335693 8.375764846801758 53.47114944458008
-1.028531432151794 7.666598796844482 53.33693313598633
-1.672344326972961 7.827258586883545 54.13569641113281
-2.34276556968689 7.96597146987915 54.81002426147461
-3.034241676330566 8.093276023864746 55.36260223388672
-3.608649969100952 8.261844635009766 55.75200271606445
-4.358850479125977 8.099235534667969 56.43770980834961
-5.127628803253174 8.242243766784668 57.26218414306641
18.11362838745117 7.015721797943115 56.17792129516602
18.83693885803223 7.11046838760376 57.05787658691406
17.30685234069824 7.150267601013184 55.60253524780273
16.58008003234863 7.191431522369385 55.28499221801758
15.85696220397949 7.235597133636475 55.15163040161133
15.11142635345459 7.267330169677734 55.06486511230469
14.36355495452881 7.308039665222168 54.92143630981445
13.62897396087646 7.372232437133789 54.62136077880859
12.91828727722168 7.470791339874268 54.11879730224609
12.22732639312744 7.59886360168457 53.42636871337891
-1.016037106513977 6.909866809844971 53.36765289306641
-1.667963027954102 7.07835054397583 54.18053436279297
-2.313605070114136 7.241599559783936 54.86738204956055
-3.002356767654419 7.35330057144165 55.49112701416016
-3.815633535385132 7.501742362976074 56.15271759033203
-4.589442253112793 7.374039173126221 56.94198226928711
-5.027257442474365 7.625904083251953 57.34395217895508
18.64912223815918 6.403947353363037 56.45141983032227
19.25358200073242 6.823271751403809 57.50058746337891
19.35569381713867 6.204825401306152 57.37416076660156
17.95560646057129 6.265462875366211 55.66677093505859
17.38328552246094 6.418556213378906 55.36624526977539
16.65887641906738 6.488224983215332 55.12642669677734
15.90657520294189 6.51746940612793 55.03107070922852
15.14058685302734 6.534907817840576 55.00141906738281
14.37244415283203 6.557780265808105 54.91306304931641
13.61972713470459 6.605828762054443 54.65015029907227
12.90155506134033 6.696137428283691 54.15481185913086
12.22393035888672 6.826101779937744 53.44828033447266
-0.9454973936080933 6.156065464019775 53.4864501953125
-1.620546221733093 6.342841148376465 54.31025314331055
-2.288989543914795 6.527596950531006 55.03345489501953
-2.852082252502441 6.741767883300781 55.53749465942383
-3.601081609725952 6.621375560760498 56.32226943969727
-4.426576137542725 6.760955810546875 57.11994934082031
18.77524375915527 5.611072063446045 56.33557891845703
19.4351806640625 5.465063095092773 57.24779510498047
18.09027099609375 5.677285194396973 55.62415313720703
17.40574264526367 5.710882186889648 55.18661880493164
16.69454002380371 5.760381698608398 54.99676132202148
15.93441200256348 5.782586097717285 54.95050430297852
15.15291786193848 5.78853178024292 54.97280502319336
14.36827182769775 5.796567916870117 54.945556640625
13.59579181671143 5.825613021850586 54.73543930053711
12.84743976593018 5.894130706787109 54.25016784667969
12.16885566711426 6.036782741546631 53.52656936645508
-0.7941182255744934 5.349094390869141 53.72792053222656
-1.519449949264526 5.62273645401001 54.53567886352539
-2.209762096405029 5.79924201965332 55.28556442260742
-3.012037515640259 5.994253635406494 56.06549072265625
-3.772022724151611 5.887246131896973 56.93737030029297
-4.24708890914917 6.141870498657227 57.30400848388672
18.83395195007324 4.859091758728027 56.25381469726562
19.48163795471191 4.718573093414307 57.17621994018555
18.15514945983887 4.953155040740967 55.55189514160156
17.4465274810791 5.002099990844727 55.10366439819336
16.70980834960938 5.027148723602295 54.90407562255859
15.9424295425415 5.037219047546387 54.88764190673828
15.15263366699219 5.034672737121582 54.95511245727539
14.35731315612793 5.031259059906006 54.99209976196289
13.57149028778076 5.043022632598877 54.86282730102539
12.79973411560059 5.082252025604248 54.44384384155273
12.00740718841553 5.151110649108887 53.64161682128906
-0.2370484918355942 4.731900691986084 53.44993209838867
-0.8824513554573059 4.658390998840332 54.46625900268555
-1.449007391929626 4.910639762878418 55.01189804077148
-2.019728422164917 5.193939208984375 55.48555374145508
-2.738028764724731 5.124796390533447 56.40818023681641
-3.557425975799561 5.273565292358398 57.22719955444336
18.85533142089844 4.105119228363037 56.21228790283203
19.49377822875977 3.965212345123291 57.15760803222656
18.17978668212891 4.202468395233154 55.4952278137207
17.46468925476074 4.25818395614624 55.03584671020508
16.7150821685791 4.281511306762695 54.82761001586914
15.9377555847168 4.284228324890137 54.81935882568359
15.14239311218262 4.276049137115479 54.91858673095703
14.34140205383301 4.265480518341064 55.01451110839844
13.54776954650879 4.264968872070312 54.98219299316406
12.77054214477539 4.284882545471191 54.6938362121582
12.01744651794434 4.32973051071167 54.07640838623047
11.38240337371826 4.387551307678223 53.27075958251953
0.08543641865253448 3.915314435958862 53.93313980102539
-0.5847235918045044 4.173480033874512 54.59786605834961
-1.273856282234192 4.12450647354126 55.67359161376953
-2.132094383239746 4.500277042388916 56.33188247680664
-2.840909242630005 4.434518814086914 57.26190567016602
-3.322550296783447 4.660396575927734 57.58313751220703
18.85134124755859 3.352214336395264 56.23533630371094
19.47150421142578 3.211795091629028 57.20370483398438
18.18216323852539 3.444741725921631 55.48487091064453
17.46531295776367 3.498622179031372 54.9906120300293
16.70944786071777 3.521352052688599 54.75290298461914
15.92547130584717 3.522347688674927 54.72843933105469
15.12539005279541 3.512092351913452 54.83722305297852
14.32095336914062 3.49875020980835 54.9763298034668
13.52204895019531 3.491097450256348 55.03420257568359
12.73641777038574 3.497597694396973 54.88905715942383
11.96285533905029 3.522418975830078 54.44179916381836
11.17555904388428 3.572444677352905 53.63046264648438
0.7377728819847107 3.268506050109863 53.87624359130859
0.1064616590738297 3.331276893615723 54.7340202331543
-0.5471064448356628 3.429991245269775 55.62011337280273
-1.302248358726501 3.44040322303772 56.73259735107422
-1.94391942024231 3.708056449890137 57.20529556274414
-2.590112924575806 3.963804006576538 57.62445068359375
18.83334732055664 2.619179964065552 56.35185241699219
19.4071044921875 2.479088068008423 57.30668258666992
18.17718124389648 2.693998336791992 55.56879425048828
17.46018600463867 2.737495422363281 55.01467895507812
16.70029830932617 2.755545616149902 54.71507263183594
15.91179943084717 2.754891157150269 54.63899993896484
15.10764312744141 2.743981599807739 54.71996307373047
14.29959106445312 2.730027914047241 54.8702278137207
13.4965238571167 2.719487905502319 54.989990234375
12.70475006103516 2.717667102813721 54.97343063354492
11.92508983612061 2.726016759872437 54.72763824462891
11.15019798278809 2.742303133010864 54.20368957519531
10.37819766998291 2.748319864273071 53.44788360595703
2.294734954833984 2.325795650482178 53.34011840820312
1.431458592414856 2.638510465621948 53.90657806396484
0.8264719843864441 2.647998094558716 54.74652862548828
0.1941454708576202 2.710355758666992 55.66886901855469
-0.5144525766372681 2.729842901229858 56.80133438110352
-1.007341742515564 2.964809417724609 57.13969421386719
18.81991386413574 1.955729722976685 56.58450698852539
19.27714157104492 1.896500825881958 57.35134124755859
18.18452644348145 1.96523118019104 55.81003570556641
17.4627857208252 1.98703670501709 55.1780891418457
16.69782066345215 1.994589567184448 54.784423828125
15.90447807312012 1.989284038543701 54.61760330200195
15.09630489349365 1.976809501647949 54.62659072875977
14.28391647338867 1.962002515792847 54.74015808105469
13.47586441040039 1.949855089187622 54.87421035766602
12.67777538299561 1.943326234817505 54.93838882446289
11.89111518859863 1.942273616790771 54.85417938232422
11.11147689819336 1.944307804107666 54.57009887695312
10.32948112487793 1.945801258087158 54.07885360717773
9.517091751098633 1.952230453491211 53.41840744018555
8.689000129699707 1.745157480239868 52.98554229736328
3.817542791366577 1.510902166366577 53.27371978759766
2.949385404586792 1.764601469039917 53.58465576171875
2.262439489364624 1.691419124603271 54.44048309326172
1.746890187263489 1.966212749481201 54.62517166137695
0.9817768931388855 1.997007608413696 55.75671768188477
0.2681930363178253 2.014033794403076 56.94101333618164
-0.2321598082780838 2.259284257888794 57.29047393798828
18.88218688964844 1.487901926040649 56.96097946166992
18.69008827209473 0.9248018264770508 57.17139053344727
18.24726295471191 1.239707231521606 56.30320739746094
17.48125457763672 1.252309679985046 55.53932189941406
16.70853042602539 1.246378183364868 55.03908920288086
15.91044902801514 1.23364782333374 54.75250244140625
15.09786510467529 1.217204809188843 54.64815902709961
14.28114795684814 1.20015025138855 54.67495346069336
13.46774482727051 1.185485243797302 54.76826477050781
12.6630859375 1.175172805786133 54.85206985473633
11.86871528625488 1.167847394943237 54.86220550537109
11.08245658874512 1.161404013633728 54.75363922119141
10.298752784729 1.153552293777466 54.50302124023438
9.507649421691895 1.140494704246521 54.12863540649414
8.702517509460449 1.09957218170166 53.72507095336914
7.875746250152588 1.108832120895386 53.29892349243164
6.963419437408447 0.9439899921417236 53.23104858398438
6.151201725006104 0.8974205851554871 53.25881195068359
5.348179817199707 0.9144752025604248 53.41049575805664
4.483656883239746 1.005537271499634 53.66886138916016
3.763289213180542 0.8549619913101196 54.4136848449707
3.172625064849854 1.041794300079346 54.66278076171875
2.554046869277954 1.232182741165161 54.99174880981445
1.806898951530457 1.242438197135925 56.04353332519531
1.082723736763 1.284086108207703 57.18389892578125
0.5727128386497498 1.542294502258301 57.50576019287109
18.08702278137207 0.5099159479141235 56.7000617980957
18.4497184753418 0.3442203402519226 57.39726638793945
17.48780822753906 0.541877269744873 56.05889511108398
16.73018264770508 0.5096882581710815 55.51320266723633
15.93022060394287 0.490813136100769 55.11487579345703
15.11600112915039 0.4705438613891602 54.88166809082031
14.29811954498291 0.451526403427124 54.78619003295898
13.48193359375 0.4331773519515991 54.79091262817383
12.67223834991455 0.4184840321540833 54.83858871459961
11.8715295791626 0.4063224792480469 54.87511444091797
11.0788688659668 0.394345760345459 54.86498641967773
10.29145240783691 0.3819282054901123 54.78334426879883
9.505029678344727 0.3688564300537109 54.62181854248047
8.716339111328125 0.352968156337738 54.40800094604492
7.924394130706787 0.3389005661010742 54.19161987304688
7.118417263031006 0.2984191179275513 54.09103012084961
6.315201759338379 0.2521625757217407 54.16306686401367
5.547580718994141 0.2614507675170898 54.34609603881836
4.781116962432861 0.2799848318099976 54.74846267700195
4.011427879333496 0.3186599016189575 55.29899597167969
3.385146856307983 0.4900591969490051 55.56173324584961
2.626586675643921 0.5104138851165771 56.63883972167969
1.894418478012085 0.5769678950309753 57.59730911254883
1.397170424461365 0.8333272337913513 57.80548858642578
18.02572441101074 0.02079486846923828 57.1404914855957
17.69387435913086 -0.4243314862251282 57.30964279174805
17.54004096984863 -0.04241657257080078 56.65824508666992
16.77266502380371 -0.2405997514724731 56.22206878662109
15.96287155151367 -0.2403862476348877 55.71404266357422
15.14670753479004 -0.269403338432312 55.38120269775391
14.33417701721191 -0.2800856828689575 55.15703964233398
13.52318477630615 -0.2994586229324341 55.05252075195312
12.71407127380371 -0.3187606334686279 55.0275993347168
11.91124439239502 -0.3346773386001587 55.04165649414062
11.11600017547607 -0.3491858243942261 55.06686019897461
10.3262996673584 -0.3631681203842163 55.08472061157227
9.539244651794434 -0.374333918094635 55.08005905151367
8.754336357116699 -0.3787005543708801 55.04523086547852
7.976970195770264 -0.3724845051765442 54.98372650146484
7.225335121154785 -0.3608777523040771 54.93753051757812
6.477344512939453 -0.3862536549568176 55.08187484741211
5.712737560272217 -0.3833661675453186 55.37705612182617
5.064252376556396 -0.2659610509872437 55.55490493774414
4.326210021972656 -0.414943516254425 56.66552352905273
3.427100658416748 -0.1534779071807861 57.21160888671875
2.742297172546387 -0.2642117738723755 59.18669891357422
2.168277025222778 0.1560653448104858 58.52220916748047
17.10740661621094 -0.6794531941413879 57.01520538330078
16.52579498291016 -0.8986595273017883 56.76747894287109
16.10103416442871 -1.336275577545166 57.03415298461914
16.00865364074707 -0.883923351764679 56.40521621704102
15.18177223205566 -1.043787002563477 56.16262054443359
14.38137722015381 -0.9925804734230042 55.78937530517578
13.59220123291016 -1.005353689193726 55.59451293945312
12.79385185241699 -1.028140544891357 55.49915313720703
11.99625682830811 -1.046347141265869 55.47286987304688
11.20570755004883 -1.059219837188721 55.5008544921875
10.42128467559814 -1.069375991821289 55.57369232177734
9.638079643249512 -1.075406789779663 55.67922973632812
8.852835655212402 -1.070570945739746 55.80178451538086
8.067584037780762 -1.044683218002319 55.90357208251953
7.300472736358643 -0.9890385270118713 55.93851089477539
6.677953720092773 -0.8884606957435608 55.86818313598633
5.94168758392334 -1.05190896987915 56.59320449829102
5.063961029052734 -0.9136515259742737 57.04894638061523
4.345086097717285 -1.104196310043335 58.7945671081543
3.777425527572632 -0.7888928055763245 58.51686096191406
3.299441576004028 -0.6495683789253235 59.11250305175781
15.50372791290283 -1.530176877975464 56.93025588989258
14.90458488464355 -1.710579872131348 56.84706878662109
14.47326946258545 -2.117173194885254 57.25798034667969
14.40295505523682 -1.642546653747559 56.55292892456055
13.69111156463623 -1.666300773620605 56.36465835571289
12.91674900054932 -1.698646068572998 56.24881362915039
12.13204956054688 -1.718915224075317 56.20563125610352
11.35427188873291 -1.72447657585144 56.23231506347656
10.58670330047607 -1.722044467926025 56.34173202514648
9.820067405700684 -1.71558690071106 56.53728103637695
9.044913291931152 -1.696768522262573 56.78580093383789
8.255163192749023 -1.656756639480591 57.08848571777344
7.445253849029541 -1.574342489242554 57.3028678894043
6.584827899932861 -1.448631048202515 57.33985137939453
5.900890827178955 -1.555737257003784 58.0113410949707
5.392491817474365 -1.444306373596191 58.14947891235352
4.887369632720947 -1.38524866104126 58.77533340454102
13.86047649383545 -2.246057271957397 57.26662445068359
13.09577560424805 -2.312668323516846 57.20171356201172
12.32475566864014 -2.33963680267334 57.18611907958984
11.56205558776855 -2.336265802383423 57.25109100341797
10.81995964050293 -2.30329442024231 57.36135101318359
10.09475612640381 -2.276026964187622 57.65573883056641
9.343939781188965 -2.237423181533813 58.04195404052734
8.57576847076416 -2.168109655380249 58.42458343505859
7.761886596679688 -2.091655492782593 59.1204719543457
6.916844844818115 -1.892149448394775 59.17230224609375
6.159128189086914 -1.790988445281982 59.27505874633789
6.753568172454834 19.59593391418457 61.3478889465332
6.875980377197266 19.76064682006836 62.6475715637207
7.319766044616699 19.61165237426758 62.18289947509766
5.915944576263428 19.68978309631348 61.21498489379883
6.260030746459961 19.83139801025391 62.48376846313477
5.11046838760376 19.73495864868164 61.15160369873047
5.485019683837891 19.88437080383301 62.40286254882812
4.307013511657715 19.74726104736328 61.10842132568359
4.680333614349365 19.90101051330566 62.33271026611328
3.526174306869507 19.73108863830566 61.08053970336914
3.882491827011108 19.88246154785156 62.23905181884766
2.804335117340088 19.68191909790039 61.11370468139648
3.145024538040161 19.83691596984863 62.09949493408203
2.153976678848267 19.58001899719238 61.39010620117188
2.589574337005615 19.76955223083496 61.95770263671875
2.16485857963562 19.62962913513184 62.3605842590332
9.140853881835938 18.90089225769043 61.82866287231445
9.172403335571289 19.12447929382324 63.23900985717773
9.64742374420166 18.86995315551758 63.37294387817383
8.347153663635254 19.09960174560547 61.35569000244141
8.638932228088379 19.24640846252441 62.88904190063477
7.521137237548828 19.27295112609863 60.95713043212891
7.916258335113525 19.43350982666016 62.52564239501953
6.872563362121582 19.1962947845459 60.17242050170898
6.225614547729492 19.29277610778809 60.12133407592773
5.444245338439941 19.35226058959961 60.05339050292969
4.641201496124268 19.38361167907715 60.01965713500977
3.839097499847412 19.39153289794922 60.01641082763672
3.050384283065796 19.37319755554199 60.06824111938477
2.271351337432861 19.31471061706543 60.2590217590332
1.610102772712708 19.40651512145996 62.08327102661133
1.445281386375427 19.19406318664551 60.75088500976562
0.6155544519424438 18.92603874206543 61.03661727905273
1.048099517822266 19.18781852722168 61.75071716308594
0.5799899697303772 18.96831321716309 62.15843963623047
10.76760768890381 18.19212341308594 61.930908203125
10.84989547729492 18.42502593994141 63.43336486816406
11.28195476531982 18.15164184570312 63.49110412597656
9.91126537322998 18.46454238891602 61.49889373779297
10.35353660583496 18.57848930358887 63.22568893432617
9.276828765869141 18.44380378723145 60.46316528320312
8.659675598144531 18.61188888549805 60.25617218017578
7.937448024749756 18.75205039978027 59.94227981567383
7.214669704437256 18.77523612976074 59.5169792175293
6.474388599395752 18.76418685913086 59.16917037963867
5.697713375091553 18.81442642211914 59.05191040039062
4.89856481552124 18.85359573364258 58.99888229370117
4.092103004455566 18.87560081481934 58.98238754272461
3.284775018692017 18.88045120239258 59.00355529785156
2.473252058029175 18.86099243164062 59.09492492675781
1.642151951789856 18.80014419555664 59.31357574462891
0.7837195992469788 18.67006492614746 59.65609359741211
0.02515941299498081 18.6890697479248 61.82991790771484
-0.1106131374835968 18.47274780273438 60.26897048950195
-0.9460498094558716 18.16883850097656 60.62002182006836
-0.5339776873588562 18.43437194824219 61.46662902832031
-0.9832563996315002 18.20892143249512 61.95343399047852
12.34601974487305 17.40904998779297 61.90087127685547
12.42886924743652 17.6576976776123 63.41424560546875
12.83917999267578 17.38283538818359 63.44121170043945
11.50777053833008 17.7142391204834 61.50106048583984
11.95018196105957 17.82658004760742 63.25897216796875
10.88317680358887 17.71293067932129 60.45013046264648
10.29190826416016 17.8999195098877 60.24957656860352
9.599745750427246 17.97782325744629 59.7464485168457
8.882839202880859 18.03069305419922 59.25964736938477
8.149394989013672 18.16579437255859 59.00514221191406
7.528392314910889 18.31423950195312 58.88145065307617
6.776519775390625 18.09921264648438 58.28416061401367
5.906383514404297 18.17440032958984 58.14316558837891
5.097846984863281 18.22236442565918 58.06567764282227
4.293071269989014 18.25223350524902 58.02317428588867
3.486026525497437 18.26893043518066 58.00542068481445
2.673496007919312 18.27356910705566 58.02004623413086
1.847553849220276 18.25802230834961 58.09287643432617
1.001354217529297 18.20661926269531 58.25900650024414
0.1347343027591705 18.10599708557129 58.56653213500977
-0.7357146143913269 17.94358825683594 58.99695205688477
-1.505963087081909 17.93441200256348 61.55180740356445
-1.65175199508667 17.70884895324707 59.67987060546875
-2.31449294090271 17.51592636108398 60.44580459594727
-2.00405478477478 17.70876312255859 61.16457748413086
-2.377232789993286 17.50652694702148 61.65246200561523
13.09755802154541 16.88599014282227 61.53160858154297
13.33782196044922 17.10418891906738 63.20504379272461
13.65703105926514 16.83455657958984 62.66218948364258
12.45475387573242 16.9119930267334 60.42185592651367
11.87100028991699 17.12482643127441 60.20269012451172
11.18861484527588 17.23227500915527 59.69460678100586
10.49401187896729 17.31851387023926 59.21298980712891
9.896986961364746 17.49220275878906 59.04229354858398
9.157161712646484 17.32501220703125 58.33746719360352
8.293288230895996 17.47883415222168 58.09583282470703
7.447134494781494 17.6333179473877 57.91780471801758
-2.333301305770874 17.29464340209961 59.12747192382812
-2.651598930358887 17.32990646362305 61.18682479858398
-2.681409120559692 17.23719596862793 60.08520126342773
-2.98157000541687 17.03155899047852 60.9332389831543
14.69521331787109 16.00240707397461 62.18807601928711
14.83404541015625 16.28976249694824 64.40202331542969
15.30545520782471 15.93673706054688 63.52582168579102
13.83851718902588 16.34608840942383 61.36643981933594
14.14799499511719 16.59838104248047 63.65240859985352
13.27354621887207 16.31063079833984 60.18283081054688
12.72770023345947 16.4222583770752 59.71009063720703
12.06375789642334 16.53075981140137 59.18805694580078
11.47497463226318 16.73114585876465 58.9852294921875
10.73323822021484 16.59796905517578 58.26521301269531
9.825148582458496 16.81040382385254 57.99831008911133
-4.285527229309082 15.98868465423584 59.71669006347656
-3.709043979644775 16.4803638458252 61.65092086791992
-4.826430797576904 15.77512264251709 60.93846893310547
-4.465245723724365 16.08509063720703 61.42708969116211
-4.816414356231689 15.90006637573242 62.09209442138672
15.49474143981934 15.37941265106201 61.89779663085938
15.92397880554199 15.64899921417236 64.18273162841797
16.19515228271484 15.25941848754883 62.85700225830078
14.7814998626709 15.4338321685791 60.70360565185547
14.19662094116211 15.68163108825684 60.31858825683594
13.54331302642822 15.81156444549561 59.6330451965332
12.99578285217285 15.92676544189453 59.1321907043457
12.2995662689209 15.79369926452637 58.33945846557617
11.39959144592285 16.04745483398438 57.9709358215332
-4.846948623657227 15.35885715484619 59.44528961181641
-5.073755741119385 15.67363452911377 62.03594207763672
-5.21521520614624 15.36190128326416 61.37083053588867
-5.270289897918701 15.41397762298584 62.71357727050781
16.18392753601074 14.76422309875488 61.68004989624023
16.52001762390137 15.00984477996826 62.79089736938477
16.88990020751953 14.58650875091553 62.81894683837891
15.56424236297607 14.71606063842773 60.60369110107422
15.00679206848145 14.8893518447876 60.09913635253906
14.35187339782715 15.04543113708496 59.47481536865234
13.78013896942139 15.26797962188721 59.09766006469727
13.00288772583008 15.18693161010742 58.24518203735352
-5.052133083343506 14.66594982147217 58.45160293579102
-5.494589328765869 14.67119789123535 60.88413238525391
-5.481274604797363 15.03228664398193 62.57457733154297
16.55204391479492 13.9473237991333 61.09999084472656
17.18572235107422 13.95859146118164 62.17060852050781
15.81524753570557 14.1429615020752 60.22664642333984
15.17928600311279 14.25608348846436 59.52409744262695
14.51363563537598 14.35788631439209 58.89920043945312
13.69101333618164 14.5258846282959 58.24461364746094
-5.614017486572266 13.85426902770996 59.31225967407227
-5.823001384735107 14.43261909484863 63.55260848999023
-6.069676876068115 13.80393314361572 62.04498291015625
-6.226042747497559 13.73717975616455 64.23246765136719
17.15015029907227 13.28750133514404 61.22545623779297
17.60632133483887 13.63093948364258 62.48336410522461
17.87213325500488 13.03822612762451 62.15206146240234
16.498291015625 13.23551082611084 60.22419357299805
15.96644020080566 13.45742034912109 59.74717712402344
15.32464981079102 13.59382915496826 59.10556411743164
14.75269889831543 13.75444793701172 58.61984252929688
14.01528263092041 13.61387062072754 57.82614898681641
-5.817851066589355 12.96421813964844 58.74313735961914
-6.348596572875977 12.9846715927124 61.04606246948242
-6.520665168762207 13.06008625030518 63.45907974243164
17.4787540435791 12.40177249908447 60.74872207641602
18.16152763366699 12.42805767059326 61.82337188720703
16.71455192565918 12.6459264755249 59.95974349975586
16.05907821655273 12.78196620941162 59.27989196777344
15.4962100982666 12.98717498779297 58.81573486328125
14.69950389862061 12.92927074432373 57.98141479492188
-5.880531787872314 12.19291973114014 58.33456802368164
-6.403887271881104 12.2749080657959 60.03621292114258
-6.762713432312012 12.60691070556641 62.53013610839844
-6.781588554382324 12.25664520263672 61.71772003173828
-6.931215286254883 12.22377300262451 62.94570541381836
18.14635467529297 11.68357181549072 60.87554550170898
18.62712860107422 12.14940929412842 62.23029708862305
18.86756706237793 11.67074489593506 61.95520401000977
17.40336799621582 11.71133708953857 59.90427398681641
16.8366756439209 11.94990348815918 59.45086669921875
16.24483108520508 12.18624877929688 58.97982406616211
15.43497276306152 12.16718864440918 58.11836624145508
-5.8987135887146 11.43007373809814 58.16939926147461
-6.426158905029297 11.552170753479 59.65295791625977
-6.801479339599609 11.65136909484863 61.28115463256836
-6.969168186187744 11.76275730133057 62.82502365112305
18.85962867736816 10.94977188110352 60.99781036376953
19.33505058288574 11.4152660369873 62.36673736572266
19.5744800567627 10.94055366516113 62.08748626708984
18.12907028198242 10.95739555358887 59.98386764526367
17.56426811218262 11.15439701080322 59.49194717407227
16.99193382263184 11.36336326599121 59.02886199951172
16.20097351074219 11.38644695281982 58.19124603271484
-5.899802684783936 10.65998554229736 58.1430549621582
-6.428957462310791 10.79865550994873 59.52676773071289
-6.805838584899902 10.94034099578857 61.10198593139648
-6.98195219039917 11.10627555847168 62.74127578735352
19.5317554473877 10.27553844451904 61.17089080810547
20.03887748718262 10.66297245025635 62.4864387512207
20.30274391174316 10.05196475982666 62.13846588134766
18.87065315246582 10.22592544555664 60.12018966674805
18.31447601318359 10.40682601928711 59.57217025756836
17.74606323242188 10.59961795806885 59.06921005249023
16.97387313842773 10.6174144744873 58.19977951049805
-5.890600204467773 9.887607574462891 58.17338180541992
-6.423704624176025 10.02889537811279 59.5077018737793
-6.802300930023193 10.18338203430176 61.04714584350586
-6.982147216796875 10.36825084686279 62.70918655395508
19.85518455505371 9.433277130126953 60.71401977539062
20.53887557983398 9.450404167175293 61.82633209228516
19.09763145446777 9.659523010253906 59.79553985595703
18.51004791259766 9.853769302368164 59.18021392822266
17.74647331237793 9.868731498718262 58.22863006591797
-5.866037368774414 9.117690086364746 58.22823333740234
-6.411589622497559 9.258336067199707 59.52637100219727
-6.796501636505127 9.413691520690918 61.03633499145508
-6.979691028594971 9.601263046264648 62.69616317749023
20.41297149658203 8.786042213439941 60.98137283325195
20.97030639648438 9.162267684936523 62.26340866088867
21.14583969116211 8.558016777038574 62.0460090637207
19.72946929931641 8.76361083984375 59.82615280151367
19.27212524414062 9.069982528686523 59.41342926025391
18.49343109130859 9.121231079101562 58.34776306152344
-5.81361198425293 8.348269462585449 58.31328964233398
-6.384355545043945 8.498489379882812 59.57136917114258
-6.78421688079834 8.654983520507812 61.03194808959961
-6.976437091827393 8.836907386779785 62.66896820068359
20.62369155883789 8.002882957458496 60.70707321166992
21.31809997558594 7.816618919372559 61.8074951171875
19.91873359680176 8.162319183349609 59.60858535766602
19.14106559753418 8.390215873718262 58.55469131469727
-5.71118688583374 7.532067775726318 58.4600830078125
-6.334437847137451 7.755470275878906 59.68949127197266
-6.754406452178955 7.928192615509033 61.05197525024414
-6.963025569915771 8.101810455322266 62.61002349853516
20.74438858032227 7.190351009368896 60.38276672363281
21.43771553039551 7.193209171295166 61.64017105102539
20.13378715515137 7.537145614624023 59.49951171875
19.42013931274414 7.515610694885254 58.25872421264648
-5.218783378601074 6.914375782012939 58.04843521118164
-5.87063455581665 6.843896389007568 59.17571640014648
-6.28867769241333 7.058934211730957 60.00480270385742
-6.695688724517822 7.253249168395996 61.18528366088867
-6.924661636352539 7.433054447174072 62.53485488891602
21.20707893371582 6.507583618164062 60.88032531738281
21.82437896728516 6.895359039306641 62.19052505493164
21.90888595581055 6.279971122741699 62.08549499511719
20.50917434692383 6.479548454284668 59.56044769287109
19.92561531066895 6.828079700469971 58.67412185668945
-4.971211433410645 6.044834136962891 58.41968154907227
-5.706470012664795 6.27108097076416 59.51522064208984
-6.17876672744751 6.501922607421875 60.29958343505859
-6.566991806030273 6.567680358886719 61.68938827514648
-6.846949577331543 6.921573638916016 62.48399353027344
21.31513786315918 5.700911521911621 60.78666687011719
21.98608779907227 5.532399654388428 61.99941253662109
20.64201354980469 5.853292942047119 59.55714797973633
19.99902153015137 6.026101112365723 58.41365051269531
-4.373039245605469 5.417696952819824 58.13639831542969
-5.04728889465332 5.320504665374756 59.30806350708008
-5.554001331329346 5.542001247406006 60.17486953735352
-6.148202896118164 5.85972261428833 61.51141357421875
-6.514111518859863 6.026328563690186 63.41782379150391
-6.757077693939209 6.543356895446777 63.30466079711914
21.37378120422363 4.942458629608154 60.73563766479492
22.02814102172852 4.778740406036377 61.95975112915039
20.71587371826172 5.11677360534668 59.50332641601562
20.07286262512207 5.294275760650635 58.31926345825195
-4.040172100067139 4.561155319213867 58.71218490600586
-4.804636478424072 4.736409664154053 59.73408889770508
-5.336635112762451 4.920141220092773 60.58702850341797
-5.803715229034424 4.940410614013672 62.24480819702148
-6.234274864196777 5.346904277801514 63.67802047729492
21.39118194580078 4.184432506561279 60.73557662963867
22.0318489074707 4.021212100982666 61.97506332397461
20.74556541442871 4.363128662109375 59.4825553894043
20.11191940307617 4.54742956161499 58.27277755737305
-3.359585285186768 3.905898094177246 58.74604034423828
-4.102523326873779 3.863084077835083 59.93055725097656
-4.576291561126709 4.125388622283936 60.34219741821289
-5.21358060836792 4.165414810180664 61.92652130126953
-5.67554759979248 4.238654136657715 63.78577041625977
-5.989912986755371 4.730136871337891 64.42762756347656
21.3707447052002 3.420816898345947 60.8074951171875
21.99713706970215 3.259047031402588 62.04510116577148
20.73273658752441 3.596710681915283 59.52534103393555
20.11074066162109 3.78827977180481 58.28171157836914
-1.690451145172119 2.927698850631714 58.25975036621094
-2.606540679931641 3.248933792114258 58.95206451416016
-3.338515281677246 3.159479141235352 60.19768142700195
-3.854161262512207 3.404658317565918 60.46150970458984
-4.508714199066162 3.407901525497437 61.8900032043457
-5.094638824462891 3.433063745498657 63.64803314208984
-5.436366081237793 3.789815902709961 63.71146774291992
21.3271541595459 2.663160800933838 60.97351455688477
21.91974258422852 2.507791757583618 62.14552307128906
20.67937088012695 2.808586835861206 59.65961456298828
20.05965805053711 3.00866174697876 58.35397338867188
-0.9315029978752136 2.258217573165894 58.53677749633789
-1.691443920135498 2.277690172195435 59.76942825317383
-2.242564916610718 2.581628561019897 59.89977264404297
-2.937332630157471 2.534874439239502 61.25139999389648
-3.783770799636841 2.801218748092651 61.98654937744141
-4.315337181091309 2.737850904464722 63.68472290039062
-4.731237888336182 3.030851364135742 63.67068099975586
21.29338836669922 1.963495969772339 61.25372695922852
21.78203582763672 1.902332782745361 62.1651496887207
20.63944053649902 2.015541553497314 59.99638366699219
19.90652275085449 2.133287906646729 58.46622085571289
-0.121793732047081 1.587356209754944 58.80202865600586
-0.7489178776741028 1.657068014144897 59.82842636108398
-1.313018560409546 1.699114322662354 60.85341262817383
-2.165136575698853 1.986638307571411 61.57678604125977
-2.795827865600586 1.936399221420288 63.38272857666016
-3.393933534622192 2.244391679763794 63.13898468017578
-3.841644287109375 2.399959564208984 63.66106033325195
21.36062812805176 1.469666719436646 61.66178512573242
21.17642211914062 0.8762837648391724 61.7545280456543
20.6799259185791 1.208670377731323 60.63862609863281
19.91680145263672 1.29448390007019 59.13321685791016
19.30470848083496 1.386982560157776 57.83251953125
0.721830427646637 0.9021429419517517 59.22168350219727
0.06460516899824142 1.037925362586975 60.2502555847168
-0.5334999561309814 1.164931535720825 61.34175109863281
-1.188486337661743 1.264172554016113 62.4914436340332
-1.725448608398438 1.481458425521851 62.73394393920898
-2.218718767166138 1.628762245178223 63.3951301574707
20.50481414794922 0.37103271484375 61.03149795532227
20.97723770141602 0.2717347145080566 61.90855407714844
19.84780693054199 0.4461355209350586 59.81909561157227
19.0885009765625 0.5413368344306946 58.32643127441406
1.569305896759033 0.3062423467636108 59.41923141479492
1.092314600944519 0.2557612657546997 61.48017501831055
0.3013095855712891 0.642128050327301 61.85973358154297
-0.2177548408508301 0.7550951838493347 63.12543869018555
-0.7896101474761963 0.9969744682312012 63.82498168945312
20.52288055419922 -0.1643589735031128 61.57149887084961
20.31699752807617 -0.762834370136261 61.94029998779297
19.83659172058105 -0.4147728085517883 60.73899459838867
19.05685615539551 -0.3410495519638062 59.35608291625977
18.2971134185791 -0.301976203918457 58.04257965087891
2.137840032577515 -0.1315158605575562 60.14944076538086
1.764952540397644 -0.1220567226409912 61.6186637878418
1.433339595794678 -0.06548798084259033 62.98422622680664
0.9647745490074158 0.234567403793335 63.94376754760742
0.2540344297885895 0.5215511322021484 63.84199142456055
19.646728515625 -1.235085725784302 61.50458526611328
20.10255241394043 -1.344852447509766 62.42658615112305
19.01061630249023 -1.165373802185059 60.42726135253906
18.26089477539062 -1.135659694671631 59.23038864135742
17.45235824584961 -1.120881080627441 58.08058929443359
16.62036895751953 -1.343501091003418 57.49045944213867
3.901688575744629 -1.092959403991699 59.55111694335938
3.586689710617065 -0.9928222298622131 60.06659317016602
3.149099588394165 -0.7677560448646545 60.79128265380859
2.607292890548706 -0.4491806626319885 62.21112442016602
1.963293313980103 -0.2465026378631592 63.54287719726562
19.65671920776367 -1.70191764831543 62.29806137084961
19.46156120300293 -2.051074266433716 62.80392074584961
19.04409027099609 -1.87146782875061 61.7104377746582
18.27016258239746 -1.887882471084595 60.55658340454102
17.48416328430176 -1.917909145355225 59.44910430908203
16.67910957336426 -1.978859186172485 58.58200454711914
15.84940147399902 -1.991177082061768 57.86949920654297
15.00881576538086 -2.158451557159424 57.59730911254883
5.61809778213501 -1.719185590744019 59.18453598022461
5.174454212188721 -1.654779195785522 59.77825164794922
4.666010856628418 -1.480421304702759 60.38100433349609
4.069345474243164 -1.231316089630127 60.93454360961914
3.581204175949097 -1.03634786605835 61.58390045166016
19.0309944152832 -2.307547330856323 62.82314682006836
18.84466743469238 -2.547264575958252 63.65667724609375
18.3452262878418 -2.47596001625061 62.21549606323242
17.52443313598633 -2.564674854278564 60.90137100219727
16.73709487915039 -2.647984981536865 59.90950012207031
15.9464750289917 -2.697214603424072 59.16917037963867
15.12948989868164 -2.741522312164307 58.69778823852539
14.26377964019775 -2.723813056945801 58.28416061401367
13.35706424713135 -2.855598449707031 58.30048751831055
12.57738208770752 -2.884187698364258 58.2911491394043
11.84593677520752 -2.88073205947876 58.45285034179688
11.09981918334961 -2.82222843170166 58.68914031982422
10.44394397735596 -2.69280481338501 58.70074844360352
9.788496017456055 -2.711253643035889 59.6922721862793
8.980204582214355 -2.547535181045532 59.89443206787109
8.309947967529297 -2.434965848922729 60.32330703735352
7.826141834259033 -2.342538833618164 61.034912109375
7.27848482131958 -2.129505634307861 61.16667556762695
6.502661228179932 -1.920128107070923 61.32951736450195
5.671075820922852 -1.789210319519043 61.04526138305664
5.071843147277832 -1.666969299316406 61.35124969482422
18.22325706481934 -2.802570819854736 64.04129028320312
17.50446891784668 -3.117376327514648 63.67295455932617
17.56732749938965 -2.971467018127441 62.42522048950195
16.78251075744629 -3.189948081970215 61.45275497436523
16.04179382324219 -3.254211902618408 60.4553108215332
15.29702758789062 -3.299614906311035 59.93567657470703
14.50012397766113 -3.321420192718506 59.65922164916992
13.66510105133057 -3.343837738037109 59.54787445068359
12.8520622253418 -3.34779167175293 59.53228378295898
12.19305229187012 -3.275704383850098 59.45501708984375
11.5451488494873 -3.314805507659912 60.28104019165039
10.62383556365967 -3.0826416015625 60.56881332397461
9.976313591003418 -2.964525699615479 62.0477180480957
9.349889755249023 -2.760440349578857 61.45696640014648
8.759031295776367 -2.600889205932617 61.89352798461914
8.196671485900879 -2.463428497314453 61.97756195068359
17.06583786010742 -3.289729118347168 62.77392959594727
16.51164054870605 -3.516202926635742 62.70076751708984
15.98603916168213 -3.738880634307861 62.65434646606445
16.0646915435791 -3.614847183227539 61.65621566772461
15.4741268157959 -3.679623126983643 61.10966873168945
14.77774620056152 -3.714344501495361 60.91207885742188
14.00107097625732 -3.724656581878662 60.86251068115234
13.1917667388916 -3.707459449768066 60.88561248779297
12.34416961669922 -3.630110263824463 60.9612922668457
11.79673671722412 -3.617734909057617 61.90188980102539
11.20978260040283 -3.411216735839844 62.20957565307617
10.60016059875488 -3.203118801116943 62.64483261108398
15.62618446350098 -3.831052780151367 62.05181121826172
15.10352993011475 -3.882116317749023 62.06734085083008
14.40015506744385 -3.90005350112915 62.14141845703125
13.62962532043457 -3.887137413024902 62.2313117980957
12.86246681213379 -3.838334560394287 62.3310546875
12.25174045562744 -3.761454582214355 62.50613403320312
7.307533264160156 19.60395431518555 63.65082168579102
6.529096603393555 19.74656677246094 63.77775192260742
5.771259784698486 19.81171035766602 63.75311279296875
4.972015380859375 19.83417129516602 63.6928596496582
4.156455516815186 19.81387519836426 63.58293914794922
3.34579873085022 19.74966430664062 63.39017868041992
2.624825239181519 19.68184471130371 62.97688674926758
9.295658111572266 19.07095146179199 63.98860549926758
8.872294425964355 19.1600399017334 64.21585845947266
8.083244323730469 19.31742668151855 64.32150268554688
7.389432430267334 19.35088157653809 65.13615417480469
6.755180358886719 19.46087646484375 65.11799621582031
5.99854564666748 19.53095817565918 65.15497589111328
5.205735206604004 19.56001663208008 65.13643646240234
4.390987873077393 19.54777145385742 65.04910278320312
3.558857679367065 19.48161506652832 64.88392639160156
2.638118267059326 19.3181095123291 64.655029296875
1.829394578933716 19.29858207702637 63.54925918579102
1.042583703994751 19.09968566894531 62.88505935668945
10.97794246673584 18.37565422058105 64.1768798828125
10.63214015960693 18.48692893981934 64.4620361328125
10.02527523040771 18.62875747680664 64.80017852783203
9.282150268554688 18.82967185974121 65.14456176757812
8.470916748046875 18.92888450622559 65.72632598876953
7.693445205688477 18.99760055541992 66.12739562988281
6.950588226318359 19.04483795166016 66.42911529541016
6.196022033691406 19.09053993225098 66.54501342773438
5.406314849853516 19.11861801147461 66.58802795410156
4.59915828704834 19.11952781677246 66.54630279541016
3.790017127990723 19.08264541625977 66.40480804443359
3.003034591674805 18.99529647827148 66.18832397460938
2.366714954376221 18.8423900604248 66.10030364990234
1.760011434555054 18.76799964904785 65.54426574707031
1.995417237281799 18.48674392700195 66.77890014648438
1.014281511306763 18.73313331604004 64.51841735839844
0.2573856711387634 18.62887001037598 63.43210601806641
-0.5218192934989929 18.36443138122559 62.76590728759766
12.56324672698975 17.61687469482422 64.16925048828125
12.23382759094238 17.74352645874023 64.51995849609375
11.65276908874512 17.91677665710449 64.96108245849609
10.96467399597168 18.16354942321777 65.36714935302734
10.34934902191162 18.33670997619629 65.79460906982422
1.566731095314026 18.27647018432617 66.87801361083984
1.008915066719055 18.18920707702637 66.40549468994141
1.288408875465393 17.90686225891113 67.61248779296875
0.2913156747817993 18.16553688049316 65.43997192382812
-0.4730513989925385 18.04267120361328 64.56524658203125
-1.255167245864868 17.88691711425781 63.40201187133789
-2.004942893981934 17.62030220031738 62.55755233764648
13.65980052947998 16.9669246673584 63.9150390625
13.22690486907959 17.16187858581543 64.77070617675781
12.58311462402344 17.42840957641602 65.42511749267578
11.98127555847168 17.62933540344238 65.99629974365234
0.878583550453186 17.69643020629883 67.73993682861328
0.3862914443016052 17.68106842041016 67.18907165527344
0.577026903629303 17.32130241394043 68.49767303466797
-0.3279566466808319 17.56313896179199 66.60507965087891
-1.142054319381714 17.43387031555176 65.74123382568359
-1.954898357391357 17.29477500915527 64.58210754394531
-2.741402626037598 17.09943580627441 62.8891487121582
14.89851665496826 16.25606536865234 66.14775848388672
15.3770751953125 16.04431343078613 65.26911163330078
14.34703731536865 16.50569725036621 65.86993408203125
13.72492027282715 16.83121299743652 65.51802825927734
-0.02881073765456676 17.10980415344238 68.44060516357422
-0.9197774529457092 16.83637809753418 68.16614532470703
-1.822350263595581 16.80011940002441 66.91687774658203
-2.632282972335815 16.69318389892578 65.69532012939453
-3.397545576095581 16.46636772155762 64.63711547851562
-4.089902877807617 16.12601470947266 64.40520477294922
-3.81929087638855 16.04788208007812 65.917724609375
-4.49971342086792 16.0373706817627 62.96226501464844
16.6307487487793 15.18785667419434 64.09962463378906
16.35977172851562 15.46263408660889 65.86629486083984
16.89687347412109 15.13916873931885 65.69213104248047
15.80742645263672 15.78455257415771 66.10054016113281
-4.254791259765625 15.80570507049561 65.89958190917969
-4.702749252319336 15.67080402374268 64.84495544433594
-4.555512428283691 15.45855522155762 66.39399719238281
-4.994312286376953 15.67959499359131 63.20110702514648
17.30694770812988 14.71775341033936 64.80916595458984
17.23696899414062 14.86480140686035 66.36754608154297
17.62385368347168 14.53787708282471 66.17211151123047
-4.956142425537109 15.2150239944458 65.95301055908203
-5.325148582458496 15.11606788635254 64.38346862792969
-5.276604175567627 14.79686832427979 66.15583801269531
17.98929405212402 14.08983516693115 65.17118835449219
17.95013427734375 14.19357013702393 66.69674682617188
18.3490104675293 13.80041790008545 66.35856628417969
17.5555477142334 14.14037132263184 63.47187805175781
-5.694669246673584 14.45429706573486 65.48024749755859
-6.032469749450684 14.08343315124512 65.07013702392578
-5.919910907745361 14.02079105377197 66.06821441650391
18.71982002258301 13.27572345733643 65.12653350830078
18.70207405090332 13.40894603729248 66.77332305908203
19.1192741394043 13.00080108642578 66.40305328369141
18.09426116943359 13.53767204284668 63.58158111572266
-6.15966796875 13.74256992340088 65.57707977294922
-6.31695032119751 13.26625061035156 65.41550445556641
19.50403594970703 12.49047374725342 65.26740264892578
19.4948616027832 12.61800575256348 66.82049560546875
19.91714286804199 12.21700286865234 66.45658874511719
19.0579891204834 12.69923877716064 64.23735809326172
18.57687950134277 12.77863597869873 63.20310592651367
-6.818004608154297 12.4817533493042 63.66390228271484
-6.55757999420166 12.51727199554443 65.26633453369141
20.2784252166748 11.71870613098145 65.34762573242188
20.3012809753418 11.84069156646729 66.85253143310547
20.71802139282227 11.44126796722412 66.49771881103516
19.80063629150391 11.94880771636963 64.36555480957031
19.25601768493652 12.09130573272705 63.37851333618164
-6.890417575836182 12.00219058990479 64.13619995117188
-6.632956504821777 11.72019958496094 65.77235412597656
21.04348754882812 10.93766593933105 65.41106414794922
21.10480308532715 11.06791496276855 66.89167785644531
21.50377082824707 10.66870498657227 66.56583404541016
20.53885078430176 11.19428157806396 64.4613037109375
19.97561454772949 11.35090351104736 63.50130081176758
-6.925505638122559 11.34730339050293 64.31553649902344
-6.660721778869629 10.9570951461792 65.99362182617188
21.79319000244141 10.15969848632812 65.57186126708984
21.86252593994141 10.3047399520874 66.94914245605469
22.18960762023926 9.923310279846191 66.63825225830078
21.27764320373535 10.30316257476807 64.37800598144531
20.64743423461914 10.63847923278809 63.6265754699707
-6.935551166534424 10.6150074005127 64.38824462890625
-6.67167854309082 10.18127536773682 66.09809112548828
22.35257339477539 9.472535133361816 65.76609802246094
22.46140289306641 9.566513061523438 66.93672943115234
22.67072105407715 9.153590202331543 66.55029296875
21.96641540527344 9.546686172485352 64.68251800537109
21.58694839477539 9.826457023620605 64.22210693359375
21.02814865112305 9.815760612487793 63.11070251464844
-6.937812805175781 9.848603248596191 64.41544342041016
-6.681335926055908 9.400918006896973 66.12954711914062
22.64639282226562 8.759899139404297 65.54085540771484
22.87553977966309 8.603278160095215 66.74379730224609
22.19365501403809 8.95274829864502 64.468017578125
21.57729721069336 9.191213607788086 63.41276931762695
-6.940364360809326 9.076753616333008 64.40235900878906
-6.690725803375244 8.630303382873535 66.09086608886719
22.90058708190918 7.977535724639893 65.45789337158203
23.11236381530762 7.904651641845703 66.99152374267578
22.42067718505859 8.228801727294922 64.28167724609375
21.81951141357422 8.394298553466797 63.15514373779297
-6.939543724060059 8.322196960449219 64.32936096191406
-6.689889430999756 7.879531860351562 65.96472930908203
23.23010635375977 7.254116535186768 65.86452484130859
23.31978034973145 7.331480979919434 67.19538116455078
23.44888687133789 6.87699556350708 66.66209411621094
22.89704513549805 7.310926914215088 64.67279052734375
22.59129905700684 7.617611408233643 64.14723968505859
22.01441383361816 7.584098815917969 62.94530487060547
-6.920951843261719 7.607626438140869 64.17471313476562
-6.659326553344727 7.151092529296875 65.70516967773438
23.36835479736328 6.507213115692139 65.61237335205078
23.53062629699707 6.307693958282471 66.74181365966797
22.99142074584961 6.698029518127441 64.52792358398438
22.4400634765625 6.934516906738281 63.40178298950195
-6.864503860473633 6.973149299621582 63.88567733764648
-6.569358348846436 6.40373420715332 65.16117858886719
23.44303894042969 5.802058696746826 65.55302429199219
23.58854293823242 5.594032287597656 66.75034332275391
23.07874488830566 5.970826625823975 64.40514373779297
22.54510688781738 6.13460111618042 63.2623291015625
-6.327518939971924 5.645124912261963 65.28555297851562
23.4804801940918 5.067629814147949 65.53567504882812
23.61174964904785 4.849845886230469 66.75086212158203
23.12948608398438 5.23351001739502 64.35269165039062
22.60989189147949 5.38152551651001 63.18353652954102
-6.156464576721191 5.097329616546631 65.285888671875
23.4876880645752 4.311737537384033 65.54085540771484
23.6109619140625 4.087567329406738 66.75386810302734
23.14497375488281 4.481742382049561 64.34597778320312
22.63775444030762 4.629558563232422 63.1589469909668
-5.690937519073486 4.268596172332764 65.59056854248047
-5.920873165130615 4.737007141113281 65.983154296875
23.47419548034668 3.535917520523071 65.56639099121094
23.60036659240723 3.311206817626953 66.76235198974609
23.12697792053223 3.709137439727783 64.369873046875
22.62684059143066 3.866582870483398 63.18012237548828
-5.360452651977539 3.553156852722168 64.3841552734375
-5.483805179595947 3.794823169708252 64.92858123779297
23.45722007751465 2.745688438415527 65.635009765625
23.5919132232666 2.530393838882446 66.78858184814453
23.0799732208252 2.901726007461548 64.42539978027344
22.56991386413574 3.075415134429932 63.22631454467773
-4.623947143554688 2.818231105804443 64.3824462890625
-4.816511154174805 3.032060384750366 64.86630249023438
-5.143377304077148 3.406479120254517 65.26473236083984
23.44908332824707 1.959513187408447 65.77855682373047
23.5838451385498 1.76549768447876 66.8406982421875
23.05004119873047 2.080018997192383 64.60006713867188
22.42154502868652 2.175149202346802 63.24816513061523
-3.220155477523804 1.992398977279663 64.11293029785156
-3.527272701263428 2.120614290237427 64.54244232177734
-3.950152158737183 2.386631727218628 65.00910186767578
-4.400035858154297 2.716842174530029 65.30074310302734
23.44062614440918 1.207674741744995 66.00796508789062
23.55962181091309 1.060513138771057 66.91791534423828
23.04731941223145 1.279477596282959 64.92477416992188
22.45186042785645 1.334496021270752 63.71323394775391
21.83023452758789 1.38550329208374 62.55335235595703
-1.397955536842346 1.213833689689636 63.78981399536133
-1.843278288841248 1.379287362098694 64.37715148925781
-2.368657112121582 1.623143911361694 64.90213012695312
-2.9910569190979 1.915091514587402 65.34204864501953
-3.499022483825684 2.173726797103882 65.87726593017578
23.41348838806152 0.548462986946106 66.33063507080078
23.49888038635254 0.5248936414718628 66.98572540283203
23.03777885437012 0.5188202261924744 65.38761901855469
22.43592071533203 0.5207260847091675 64.22604370117188
21.6720085144043 0.5465996861457825 62.87680435180664
-0.1352060586214066 0.7428056001663208 64.80683898925781
-0.5502111911773682 1.010914087295532 65.70818328857422
-1.246091365814209 1.22993528842926 65.50039672851562
-1.869700193405151 1.4585862159729 65.83442687988281
23.3565845489502 0.1152991056442261 66.721435546875
23.104248046875 -0.4021275639533997 66.90453338623047
23.01393890380859 -0.1922382116317749 66.06571197509766
22.43252372741699 -0.2432312965393066 64.94168090820312
21.70408821105957 -0.2674829959869385 63.7138557434082
21.00717926025391 -0.2526617050170898 62.50117492675781
1.567955255508423 -0.07772064208984375 64.26449584960938
2.013576745986938 -0.09598433971405029 65.04243469238281
1.636300444602966 0.1676007509231567 65.57322692871094
1.16742217540741 0.4273881912231445 65.92386627197266
0.5386633276939392 0.5594724416732788 65.43820190429688
22.81100273132324 -0.8566988110542297 66.53237915039062
22.8599853515625 -0.8828139901161194 67.07823181152344
22.40562629699707 -0.9027701020240784 65.74812316894531
21.71073722839355 -0.9880145192146301 64.68228149414062
20.84647560119629 -1.046958923339844 63.29573059082031
5.402680397033691 -1.26504111289978 64.75921630859375
6.115660190582275 -1.186297416687012 65.75346374511719
5.820432186126709 -0.8381791710853577 66.55531311035156
5.193770408630371 -0.7145867943763733 66.33761596679688
4.71205472946167 -1.062050580978394 64.7078857421875
4.402811050415039 -0.6105518937110901 65.75136566162109
3.999314069747925 -1.017813682556152 63.37271118164062
3.458597660064697 -0.4893775582313538 64.74385070800781
3.320152997970581 -0.8205838799476624 62.59289169311523
2.60409140586853 -0.2185240983963013 64.88239288330078
22.66783142089844 -1.19289755821228 66.89469146728516
22.40278244018555 -1.442258596420288 66.95255279541016
22.40517044067383 -1.320017337799072 66.46114349365234
21.77066993713379 -1.539337396621704 65.84597778320312
20.98130798339844 -1.645846605300903 64.68308258056641
20.12398719787598 -1.801443099975586 63.46488952636719
7.918542861938477 -1.978503465652466 64.90304565429688
8.488569259643555 -1.976042509078979 65.85411834716797
8.182339668273926 -1.639417409896851 66.57801055908203
7.574338912963867 -1.486238956451416 66.17990875244141
7.108468532562256 -1.873260021209717 63.73786926269531
6.787476062774658 -1.320614576339722 65.80911254882812
6.104269504547119 -1.629730939865112 63.66817474365234
5.353315353393555 -1.62314510345459 62.76540756225586
4.712726593017578 -1.406584501266479 62.68034362792969
22.08063697814941 -1.613586664199829 66.67507171630859
21.58702659606934 -1.832266569137573 66.68513488769531
21.05230140686035 -2.066464900970459 66.67899322509766
21.06402969360352 -1.98602819442749 65.87174987792969
20.37908744812012 -2.124342203140259 65.00682830810547
19.5543212890625 -2.307803392410278 64.09819793701172
9.441738128662109 -2.659706115722656 63.90525436401367
10.0902681350708 -2.654926776885986 65.51911163330078
9.719307899475098 -2.3470618724823 66.1719970703125
9.091586112976074 -2.156388998031616 65.94844818115234
8.497405052185059 -2.354700088500977 63.92778396606445
7.772507190704346 -2.253297090530396 62.80197906494141
20.61343002319336 -2.214124202728271 66.10263824462891
20.01932334899902 -2.330305814743042 65.77781677246094
19.15496635437012 -2.516867876052856 65.3648681640625
18.50768852233887 -2.639606952667236 65.84086608886719
17.71056365966797 -2.883505821228027 65.40196990966797
16.97830009460449 -3.294038772583008 64.01541137695312
16.87790489196777 -3.028874397277832 65.73168182373047
16.2041072845459 -3.509134292602539 64.08789825439453
16.08511161804199 -3.112953186035156 66.00814056396484
15.44818878173828 -3.564381122589111 64.62140655517578
15.30085468292236 -3.137744903564453 66.27730560302734
14.69095039367676 -3.576343059539795 64.90287780761719
14.51202297210693 -3.13356351852417 66.44264984130859
13.91242504119873 -3.559274196624756 65.06234741210938
13.72048759460449 -3.11089038848877 66.52281188964844
13.1369514465332 -3.513970375061035 65.13835906982422
12.94311809539795 -3.068247318267822 66.53619384765625
12.39368438720703 -3.427018642425537 65.13643646240234
12.20266437530518 -2.998649597167969 66.48407745361328
11.77606868743896 -3.291422367095947 65.17539978027344
11.47890281677246 -2.912949562072754 66.23594665527344
11.10015487670898 -3.23160982131958 64.28765869140625
10.73502159118652 -2.787152290344238 65.88376617431641
10.29137706756592 -2.979248046875 64.07799530029297
15.53640270233154 -3.809830188751221 63.10188293457031
14.87532711029053 -3.842075824737549 63.38096618652344
14.12759590148926 -3.840511322021484 63.56513214111328
13.3553991317749 -3.806800365447998 63.68682861328125
12.60890007019043 -3.731953144073486 63.74560928344727
11.84083080291748 -3.572345733642578 63.58385848999023
9.620526313781738 18.27479362487793 66.76177978515625
8.745187759399414 18.42072868347168 67.04301452636719
7.944695472717285 18.49510765075684 67.35952758789062
7.1700439453125 18.53153610229492 67.63672637939453
6.393444538116455 18.54714202880859 67.85208129882812
5.598349094390869 18.56257247924805 67.97583770751953
4.791520595550537 18.57341194152832 68.00205993652344
3.987081050872803 18.56307220458984 67.90772247314453
3.204122066497803 18.52749824523926 67.66812896728516
2.495553731918335 18.48178100585938 67.28824615478516
11.26605987548828 17.61306381225586 67.13677978515625
10.31495571136475 17.83016586303711 67.46091461181641
9.529498100280762 17.70736885070801 68.38758087158203
8.887556076049805 17.83074760437012 68.417236328125
8.119264602661133 17.91192436218262 68.58609008789062
7.366825580596924 17.96674346923828 68.77039337158203
6.610324382781982 17.95695686340332 69.01714324951172
5.805936813354492 17.93536567687988 69.24688720703125
4.985122203826904 17.95604515075684 69.34519958496094
4.176368236541748 17.96749687194824 69.33193969726562
3.381154298782349 17.96112442016602 69.15756225585938
2.609487295150757 17.94946098327637 68.76201629638672
1.86465311050415 17.98120880126953 68.03858947753906
12.98085594177246 16.89017105102539 67.23520660400391
11.99315071105957 17.14839363098145 67.82772827148438
11.20903587341309 17.06170082092285 68.95710754394531
10.54106140136719 17.18844795227051 69.04126739501953
9.749610900878906 17.22207641601562 69.35305023193359
8.988997459411621 17.23223114013672 69.62086486816406
8.23676586151123 17.2858829498291 69.73976898193359
7.479743480682373 17.3552417755127 69.84105682373047
6.850955486297607 17.46192169189453 69.84902191162109
6.069033622741699 17.22968482971191 70.42189788818359
5.181344032287598 17.29640769958496 70.53189086914062
4.363677978515625 17.33420181274414 70.59571075439453
3.562634229660034 17.35007667541504 70.53916168212891
2.770285606384277 17.3506031036377 70.28443145751953
1.984557747840881 17.35619354248047 69.76515197753906
1.196463465690613 17.38798713684082 68.96485137939453
15.26403713226318 15.91524314880371 67.37290191650391
14.50082111358643 16.17524528503418 67.78858947753906
13.76797962188721 16.48948097229004 67.68065643310547
13.07626438140869 16.28400230407715 69.49710845947266
12.2823486328125 16.49781799316406 69.58518218994141
11.4597053527832 16.57708930969238 70.00064849853516
10.68503093719482 16.59748458862305 70.34394836425781
9.916280746459961 16.62010192871094 70.50605773925781
9.132793426513672 16.62613105773926 70.65193176269531
8.352572441101074 16.64593124389648 70.76077270507812
7.565882682800293 16.69604301452637 70.84156799316406
6.728691577911377 16.78755950927734 70.9146728515625
5.976610660552979 16.54090118408203 71.46201324462891
5.323810577392578 16.61617469787598 71.53269195556641
4.529342651367188 16.68187522888184 71.64009857177734
3.732389688491821 16.71944046020508 71.69267272949219
2.937652349472046 16.73349380493164 71.60874938964844
2.142049789428711 16.73426246643066 71.31449127197266
1.33833384513855 16.73615455627441 70.78034210205078
0.4855141043663025 16.7400074005127 70.03416442871094
-0.3541617393493652 16.48406219482422 69.93361663818359
-1.035300970077515 16.14664077758789 70.11443328857422
-0.6203851699829102 15.98013401031494 71.03683471679688
-1.721589922904968 16.20207023620605 69.00262451171875
-2.520424604415894 16.17631149291992 67.86141967773438
-3.275230407714844 16.11079406738281 66.76553344726562
16.72888374328613 15.08648490905762 67.34365844726562
15.92583847045898 15.47778511047363 67.79791259765625
15.37808990478516 15.57455158233643 68.7275390625
14.75299072265625 15.60590076446533 69.49524688720703
13.81123065948486 15.89860343933105 69.82853698730469
13.07062911987305 15.77153873443604 70.94051361083984
12.42258358001709 15.87521934509277 71.08798980712891
11.64113903045654 15.96589469909668 71.25127410888672
10.84801387786865 15.99882507324219 71.43084716796875
10.06132411956787 16.0030345916748 71.54611206054688
9.273529052734375 15.99919605255127 71.60606384277344
8.482598304748535 16.0026798248291 71.65461730957031
7.688824653625488 16.02896499633789 71.70696258544922
6.896543025970459 16.08586120605469 71.77658843994141
6.248521327972412 16.15779113769531 71.85688018798828
-1.036480307579041 15.71423149108887 71.24530029296875
-1.63872766494751 15.57736682891846 70.75332641601562
-1.280528903007507 15.33755016326904 71.74354553222656
-2.432934284210205 15.56123638153076 69.63417816162109
-3.233179569244385 15.54298877716064 68.48778533935547
-3.994926452636719 15.55900382995605 67.22115325927734
17.41168785095215 14.48240184783936 67.74539184570312
16.76541900634766 14.69496631622314 68.78068542480469
16.25766754150391 14.99119567871094 68.89793395996094
15.47822380065918 15.04695224761963 69.94300079345703
14.68892765045166 15.02406787872314 70.96610260009766
14.020432472229 15.22234916687012 71.19591522216797
13.36399841308594 15.3982458114624 71.46184539794922
-1.718798279762268 15.06814765930176 71.71002197265625
-2.352856636047363 14.90140056610107 71.09253692626953
-1.999016165733337 14.65555191040039 71.99980163574219
-3.179119825363159 14.86656475067139 69.92799377441406
-3.987940788269043 14.87071895599365 68.69209289550781
-4.738172054290771 14.91023254394531 67.28931427001953
18.15823173522949 13.74300956726074 67.91852569580078
17.517578125 13.96998310089111 69.01850128173828
17.02702140808105 14.26999759674072 69.31304931640625
16.26962852478027 14.35239505767822 70.27265930175781
15.47241687774658 14.36683368682861 71.22840881347656
14.95248699188232 14.57687950134277 71.45024108886719
-2.456460475921631 14.35242462158203 71.8140869140625
-3.114626169204712 14.14572048187256 71.09981536865234
-2.725504875183105 13.92043876647949 71.95417022705078
-3.965161800384521 14.12085819244385 69.83905792236328
-4.752718925476074 14.16589164733887 68.49273681640625
-5.445635318756104 14.21002578735352 67.00255584716797
18.94291877746582 12.958740234375 67.95249938964844
18.29891777038574 13.19608402252197 69.06419372558594
17.80027008056641 13.50928211212158 69.41841888427734
17.0531005859375 13.60327434539795 70.414794921875
16.2582950592041 13.63321590423584 71.36103057861328
15.7231616973877 13.87582206726074 71.62514495849609
-3.193539619445801 13.54450130462646 71.66439819335938
-3.934142351150513 13.29233837127686 70.75479888916016
-3.426997661590576 12.93111705780029 71.804931640625
-4.765937328338623 13.38846206665039 69.3349609375
-5.456279277801514 13.50251007080078 67.92638397216797
-5.952466487884521 13.61031532287598 66.60321044921875
19.7541332244873 12.17946624755859 67.95989990234375
19.10648727416992 12.41690635681152 69.04541778564453
18.59847831726074 12.72950649261475 69.40773773193359
17.84882354736328 12.83140754699707 70.41921997070312
17.05659294128418 12.86846160888672 71.37116241455078
16.51701164245605 13.12250328063965 71.67430114746094
-4.168607711791992 12.39391899108887 71.06027221679688
-3.599491596221924 12.20137023925781 72.00617218017578
-4.829445838928223 12.5722484588623 69.85163116455078
-5.508920192718506 12.74380111694336 68.43794250488281
-6.049226760864258 12.95945453643799 66.90583038330078
20.57541084289551 11.41122531890869 67.97611236572266
19.93361473083496 11.65057468414307 69.04177856445312
19.41820907592773 11.95850944519043 69.38742065429688
18.65995979309082 12.0603666305542 70.38684844970703
17.8613224029541 12.09914207458496 71.32927703857422
17.31999969482422 12.35523223876953 71.64266967773438
-4.250895977020264 11.67439842224121 71.32785034179688
-3.75995397567749 11.61263656616211 72.08348846435547
-4.894514560699463 11.76419448852539 70.18805694580078
-5.562338352203369 11.9500904083252 68.786376953125
-6.141105175018311 12.19706153869629 67.1871337890625
21.37598991394043 10.64992809295654 67.99693298339844
20.76391792297363 10.8942985534668 69.05867767333984
20.25166893005371 11.20038414001465 69.39623260498047
19.48580932617188 11.30071926116943 70.37911224365234
18.67457962036133 11.33517074584961 71.30077362060547
18.12641906738281 11.58838653564453 71.59999084472656
-4.173130512237549 11.18913173675537 71.65915679931641
-4.845096111297607 10.95615768432617 70.59213256835938
-4.296236991882324 10.61030101776123 71.62587738037109
-5.585215091705322 11.14795398712158 69.06351470947266
-6.185484409332275 11.40718555450439 67.47901153564453
22.08388900756836 9.898233413696289 67.95869445800781
21.55229759216309 10.14097881317139 69.04479217529297
21.07250785827637 10.44821834564209 69.40664672851562
20.31563377380371 10.55104351043701 70.39373779296875
19.49830436706543 10.58236408233643 71.30742645263672
18.94160270690918 10.82913780212402 71.58718109130859
-4.987758636474609 10.08617401123047 70.57529449462891
-4.363336086273193 9.877778053283691 71.67629241943359
-5.616016864776611 10.33633136749268 69.22560119628906
-6.206725597381592 10.6148099899292 67.66489410400391
22.59394645690918 9.174358367919922 67.75950622558594
22.22503471374512 9.379853248596191 68.88201141357422
21.82134246826172 9.691998481750488 69.33183288574219
21.11369323730469 9.802787780761719 70.37097930908203
20.3173885345459 9.838335990905762 71.32119750976562
19.76284599304199 10.08062648773193 71.60118103027344
-5.047939300537109 9.301620483398438 70.60488128662109
-4.400296688079834 9.121516227722168 71.71702575683594
-5.666300773620605 9.532576560974121 69.27504730224609
-6.227653980255127 9.821537017822266 67.7552490234375
22.82094192504883 8.441522598266602 68.15562438964844
22.44499588012695 8.890773773193359 68.996826171875
21.82263946533203 9.036655426025391 70.20279693603516
21.08831024169922 9.097818374633789 71.26049041748047
20.56351089477539 9.341389656066895 71.59156036376953
-5.07689094543457 8.53187370300293 70.60527801513672
-4.413403034210205 8.358809471130371 71.71235656738281
-5.699095249176025 8.753086090087891 69.27561950683594
-6.250290870666504 9.037764549255371 67.76911926269531
23.01533508300781 7.624936580657959 68.52715301513672
22.39427947998047 8.226840019226074 69.80770874023438
21.75150489807129 8.315013885498047 71.03757476806641
21.2871265411377 8.607616424560547 71.46388244628906
-5.078353404998779 7.761444568634033 70.55134582519531
-4.394206047058105 7.591083526611328 71.65865325927734
-5.712583065032959 7.98402214050293 69.21444702148438
-6.265076637268066 8.268800735473633 67.70932769775391
23.35333061218262 6.834365844726562 67.95335388183594
23.00084114074707 7.01300573348999 69.28915405273438
22.54802703857422 7.379415512084961 70.16416931152344
21.89414405822754 7.659998893737793 71.21440887451172
-5.040549755096436 6.977402687072754 70.44625854492188
-4.329018115997314 6.824138641357422 71.56795501708984
-5.696543216705322 7.214076042175293 69.08336639404297
-6.259704113006592 7.510717391967773 67.56089019775391
23.45503044128418 6.051718235015869 67.99227142333984
23.11094665527344 6.395598411560059 69.25212097167969
22.61600112915039 6.661131858825684 70.40785217285156
21.9969482421875 6.900309085845947 71.41399383544922
-4.940200328826904 6.131885051727295 70.30401611328125
-4.232758045196533 6.19119930267334 71.48374938964844
-5.640342235565186 6.437189102172852 68.90243530273438
-6.214362144470215 6.753217697143555 67.31111145019531
23.49314498901367 5.305839538574219 67.99880981445312
23.1590576171875 5.668822765350342 69.26161956787109
22.65968894958496 5.943487644195557 70.47048950195312
22.04313659667969 6.155169486999512 71.53614807128906
-4.429442882537842 5.476698398590088 70.75788116455078
-3.621845483779907 5.299581527709961 71.64419555664062
-3.792943954467773 5.923958778381348 71.87821197509766
-5.11048412322998 5.439388751983643 69.60732269287109
-5.579288959503174 5.699901580810547 68.64794158935547
-6.10625696182251 5.994694232940674 67.10173034667969
23.49613380432129 4.548737525939941 67.99375152587891
23.16382789611816 4.917708873748779 69.25713348388672
22.6657886505127 5.198988914489746 70.48380279541016
22.05238914489746 5.406958103179932 71.58490753173828
-4.17257833480835 4.597597599029541 70.33576965332031
-3.419914245605469 4.666412830352783 71.37258148193359
-4.951663494110107 4.874396800994873 69.32642364501953
-5.459719657897949 5.131652355194092 68.49142456054688
-5.92674732208252 5.230992794036865 66.95443725585938
23.47857856750488 3.774567842483521 67.97542572021484
23.13610649108887 4.146098613739014 69.23380279541016
22.63765716552734 4.436296939849854 70.46429443359375
22.03146171569824 4.649259090423584 71.58325958251953
-3.510464191436768 3.915712594985962 70.43311309814453
-2.708308458328247 3.978198528289795 71.36301422119141
-2.933981418609619 4.442327976226807 71.65859985351562
-4.274495601654053 3.923663854598999 69.41029357910156
-4.820676326751709 4.201714515686035 68.68628692626953
-5.478528022766113 4.569063663482666 67.47383117675781
23.45839691162109 2.987340211868286 67.93401336669922
23.08114814758301 3.345130920410156 69.18624114990234
22.56820678710938 3.650776386260986 70.42428588867188
21.98274612426758 3.890024185180664 71.53604125976562
-1.889665365219116 3.035673141479492 70.71536254882812
-1.178492307662964 3.184755086898804 71.55561065673828
-1.446887731552124 3.591647148132324 71.95610809326172
-2.064645051956177 3.775037050247192 71.65933990478516
-2.803388833999634 3.294493675231934 70.29820251464844
-3.53914737701416 3.230755567550659 69.3970947265625
-4.0946946144104 3.428512096405029 68.85577392578125
-4.623111248016357 3.656480312347412 68.21199798583984
-5.170806407928467 3.814267158508301 66.77730560302734
23.44561195373535 2.20024037361145 67.86260986328125
23.04300498962402 2.528146505355835 69.04325103759766
22.40605735778809 2.772500514984131 70.410400390625
21.89686965942383 3.152665853500366 71.4583740234375
3.412553787231445 1.961604118347168 71.17526245117188
3.978774070739746 1.996837139129639 71.73369598388672
3.616313695907593 2.164239406585693 72.31961059570312
3.100092887878418 2.276779651641846 72.53468322753906
2.642961978912354 2.075694799423218 71.32245635986328
2.40979528427124 2.498076915740967 73.0213623046875
1.908405661582947 2.165064334869385 71.32997131347656
1.696002602577209 2.579338550567627 72.58365631103516
1.186521768569946 2.269909381866455 71.24967956542969
1.063124060630798 2.882096767425537 72.90967559814453
0.4334248602390289 2.374285459518433 71.06078338623047
0.1972728222608566 2.976928234100342 72.31062316894531
-0.3663425743579865 2.450426340103149 70.68607330322266
-0.5650715827941895 3.074462175369263 71.84640502929688
-1.225162982940674 2.564332246780396 70.33103942871094
-1.942232489585876 2.436700344085693 69.54632568359375
-2.550159692764282 2.604757070541382 69.25995635986328
-3.290642738342285 2.76187539100647 68.66267395019531
-3.892144203186035 2.971494674682617 68.21706390380859
-4.545107841491699 3.14253830909729 66.85855865478516
23.42676162719727 1.43413519859314 67.76536560058594
23.02646636962891 1.718828678131104 68.8031005859375
22.41691589355469 1.923469543457031 69.96662139892578
21.75049781799316 2.569324970245361 71.44699096679688
21.7844066619873 2.055454254150391 71.06175231933594
21.31044387817383 2.160313606262207 71.82666015625
6.602286815643311 1.191544771194458 70.98198699951172
7.099534034729004 1.139385223388672 71.65898895263672
6.720018863677979 1.340142965316772 72.06397247314453
6.133960247039795 1.498143196105957 71.98000335693359
5.792092323303223 1.38459300994873 70.83120727539062
5.369974613189697 1.677650213241577 71.91889190673828
4.985047817230225 1.520958423614502 70.70217132568359
4.590031147003174 1.850386619567871 71.81869506835938
4.124764442443848 1.65369701385498 70.57466888427734
3.465008974075317 1.565309047698975 70.01702880859375
2.860977411270142 1.646556615829468 70.06249237060547
2.130951404571533 1.694662094116211 70.01083374023438
1.38166081905365 1.751444339752197 69.90215301513672
0.6454915404319763 1.827087640762329 69.75428771972656
-0.1084038466215134 1.87919020652771 69.42098999023438
-0.9158962368965149 1.944364547729492 69.01605987548828
-1.698832869529724 2.031884908676147 68.64743041992188
-2.306641340255737 2.16283106803894 68.42967987060547
-2.990817785263062 2.220651865005493 67.40544891357422
-3.83434534072876 2.562283992767334 66.83148193359375
23.37654495239258 0.7239161729812622 67.62477874755859
22.99104309082031 0.9257690906524658 68.51542663574219
22.37347793579102 1.089402079582214 69.54547119140625
21.56742095947266 1.214032888412476 70.72066497802734
21.09969711303711 1.59428334236145 71.67099761962891
7.346829891204834 0.7369738221168518 70.750244140625
7.84738302230835 0.6667925715446472 71.70564270019531
7.491468906402588 0.9538329839706421 71.96578216552734
6.728453159332275 0.7992607951164246 70.05036926269531
6.112793445587158 0.9531075954437256 69.93238067626953
5.336431980133057 1.055947184562683 69.74636840820312
4.520334243774414 1.132685780525208 69.53973388671875
3.745584964752197 1.165201783180237 69.27811431884766
3.052407026290894 1.187988758087158 69.07789611816406
2.348488807678223 1.20066237449646 68.87586212158203
1.583561539649963 1.226251244544983 68.63257598876953
0.8175602555274963 1.317384481430054 68.45648956298828
0.1754339784383774 1.446865677833557 68.40613555908203
-0.5827456712722778 1.391577005386353 67.48054504394531
-1.453702211380005 1.584681987762451 67.27999114990234
-2.267755270004272 1.794486045837402 66.89633941650391
23.27152252197266 0.09475970268249512 67.34791564941406
22.92009544372559 0.1614987850189209 68.13826751708984
22.3344669342041 0.2686481475830078 69.03352355957031
21.57067489624023 0.3502371907234192 69.98039245605469
20.83905792236328 1.013417482376099 71.49160003662109
20.70289611816406 0.3830519914627075 70.95558166503906
20.36316871643066 0.6887401342391968 71.70536804199219
8.137930870056152 0.1455681324005127 70.71298217773438
8.685484886169434 0.1540595293045044 72.03535461425781
8.245484352111816 0.472791314125061 72.16792297363281
7.531422138214111 0.1744852066040039 69.75183868408203
6.998968601226807 0.3644327521324158 69.51276397705078
6.362357616424561 0.4367759823799133 69.17366027832031
5.611567497253418 0.4804721474647522 68.86437225341797
4.787766933441162 0.5460307002067566 68.56982421875
3.965189933776855 0.6050887703895569 68.26940155029297
3.19068717956543 0.6729941368103027 68.05746459960938
2.576736688613892 0.7787923812866211 68.03648376464844
1.814586639404297 0.6585711240768433 67.30314636230469
0.9988240599632263 0.8187618255615234 67.12779235839844
0.158595860004425 0.9898197650909424 66.80302429199219
22.80281257629395 -0.5791881680488586 67.62169647216797
22.25770568847656 -0.5088360905647278 68.44698333740234
21.54165267944336 -0.4566624760627747 69.22936248779297
20.70754814147949 -0.4240038990974426 69.9986572265625
20.01431465148926 0.2574398517608643 71.53284454345703
19.79232215881348 -0.4033792614936829 70.77915191650391
19.38976860046387 0.02423715591430664 71.74223327636719
18.89620971679688 -0.5922883152961731 71.14817810058594
18.78865242004395 -0.1567206382751465 71.90773773193359
9.952496528625488 -0.6919847130775452 71.43550872802734
10.71530342102051 -0.6447468400001526 72.34566497802734
10.45559406280518 -0.1296381950378418 73.85188293457031
9.376163482666016 0.03799176216125488 73.16775512695312
8.974017143249512 -0.4120131134986877 70.78877258300781
8.388869285583496 -0.512449324131012 69.55947113037109
7.81303596496582 -0.3676910996437073 69.08370971679688
7.169469356536865 -0.2100037336349487 68.69972229003906
6.619385719299316 -0.03264451026916504 68.59075164794922
5.891934394836426 -0.2023938894271851 67.87825012207031
5.011752128601074 -0.0950312614440918 67.52401733398438
4.152887344360352 -0.01293027400970459 67.03790283203125
3.295806407928467 0.09976649284362793 66.69258880615234
2.437083005905151 0.2489479780197144 66.59063720703125
22.5483341217041 -1.190550088882446 67.31185150146484
22.13576316833496 -1.173353433609009 67.82015228271484
21.47574234008789 -1.175857067108154 68.41204833984375
20.70026969909668 -1.164534330368042 68.99728393554688
19.85763931274414 -1.165146112442017 69.52549743652344
18.98838996887207 -1.197904109954834 69.96797943115234
18.35630035400391 -0.5477245450019836 71.52784729003906
18.10710716247559 -1.17599892616272 70.42821502685547
17.74291038513184 -0.6633513569831848 71.49917602539062
17.18366813659668 -1.310558319091797 70.41598510742188
16.97432899475098 -0.7115853428840637 71.53369903564453
16.36263656616211 -1.34957480430603 70.44300842285156
16.18233489990234 -0.728924572467804 71.57057189941406
15.55793571472168 -1.359360933303833 70.46678924560547
15.38052272796631 -0.7391658425331116 71.63970947265625
14.75272083282471 -1.363471508026123 70.50087738037109
14.56897735595703 -0.7537735104560852 71.78057098388672
13.94377899169922 -1.370668888092041 70.56562805175781
13.74772262573242 -0.7761052250862122 71.98682403564453
13.13310050964355 -1.376173734664917 70.64839935302734
12.91859912872314 -0.7927618622779846 72.20052337646484
12.32644462585449 -1.367425680160522 70.69557189941406
12.09439086914062 -0.805847704410553 72.27574157714844
11.52997493743896 -1.323103666305542 70.67855072021484
11.32761096954346 -0.7850807309150696 72.21697235107422
10.6988000869751 -1.193523406982422 70.63662719726562
10.01545143127441 -1.315622091293335 69.69789886474609
9.37493896484375 -1.126911878585815 69.45240020751953
8.75465202331543 -0.933664858341217 69.11495208740234
8.13701343536377 -1.056859016418457 68.01235961914062
7.347822666168213 -0.8587754368782043 67.59844207763672
6.542129039764404 -0.6734080910682678 67.37120056152344
22.06143951416016 -1.56704568862915 67.21592712402344
21.38629722595215 -1.742399215698242 67.46735382080078
20.6635684967041 -1.762440919876099 67.93582916259766
19.88542366027832 -1.787702798843384 68.27548980712891
19.07214546203613 -1.825424432754517 68.56879425048828
18.23984336853027 -1.866105556488037 68.828125
17.39229774475098 -1.918805122375488 69.00849914550781
16.55763816833496 -1.96706748008728 69.10970306396484
15.74709701538086 -1.982414960861206 69.18048858642578
14.94277477264404 -1.982173204421997 69.21821594238281
14.13901519775391 -1.978133916854858 69.23618316650391
13.33756160736084 -1.971405744552612 69.24835968017578
12.54294395446777 -1.952231645584106 69.23914337158203
11.75690174102783 -1.905591249465942 69.18287658691406
10.98376369476318 -1.813135385513306 69.07813262939453
10.35007381439209 -1.694791316986084 68.95460510253906
9.675239562988281 -1.80245304107666 67.91995239257812
8.816203117370605 -1.54926586151123 67.60719299316406
20.60179901123047 -2.133573770523071 66.90277099609375
19.90126800537109 -2.207069158554077 66.96467590332031
19.13729095458984 -2.287960767745972 67.09906768798828
18.36261940002441 -2.383972883224487 67.225830078125
17.55027389526367 -2.483654975891113 67.32841491699219
16.7335319519043 -2.552044153213501 67.52584075927734
15.92874717712402 -2.584702491760254 67.70056915283203
15.1289587020874 -2.58918285369873 67.82613372802734
14.32878017425537 -2.5800940990448 67.88905334472656
13.53221416473389 -2.56251335144043 67.90555572509766
12.74862861633301 -2.531718015670776 67.88092803955078
11.97896385192871 -2.479089260101318 67.78717041015625
11.20710945129395 -2.391312837600708 67.60804748535156
10.38251209259033 -2.247963428497314 67.33972930908203
5.491087436676025 15.91441917419434 72.31881713867188
4.659188747406006 16.01457214355469 72.43886566162109
3.869273662567139 16.07213401794434 72.55641937255859
3.07935094833374 16.09995651245117 72.60943603515625
2.286547183990479 16.10672569274902 72.52256011962891
1.491884708404541 16.1026725769043 72.24205780029297
0.697797417640686 16.09127998352051 71.7864990234375
-0.06006882712244987 16.04047203063965 71.34424591064453
12.60999011993408 15.21003246307373 72.20838165283203
11.7766752243042 15.32096576690674 72.33054351806641
10.98660945892334 15.36695098876953 72.40876770019531
10.19685649871826 15.3749303817749 72.45127868652344
9.406121253967285 15.36635589599609 72.45770263671875
8.612997055053711 15.35926914215088 72.45297241210938
7.814872264862061 15.36729145050049 72.46559906005859
7.001521110534668 15.39830303192139 72.51100158691406
6.121413707733154 15.4637622833252 72.59908294677734
5.32852840423584 15.23233509063721 72.9761962890625
4.712726593017578 15.34262847900391 73.02194213867188
3.958428382873535 15.40692043304443 73.14158630371094
3.178618669509888 15.44228172302246 73.26192474365234
2.389427423477173 15.45563697814941 73.32070159912109
1.59844446182251 15.45535564422607 73.24748229980469
0.8131716251373291 15.44966316223145 72.99662017822266
0.04546071216464043 15.44229698181152 72.58657073974609
-0.6990155577659607 15.4550256729126 72.03694915771484
14.18917846679688 14.46331310272217 72.22482299804688
13.25596809387207 14.71160793304443 72.53814697265625
12.47274780273438 14.54460525512695 73.14806365966797
11.8568639755249 14.66366004943848 73.18904113769531
11.10133361816406 14.71842098236084 73.23917388916016
10.32027912139893 14.73517894744873 73.24877166748047
9.531713485717773 14.73035717010498 73.22669982910156
8.739886283874512 14.71958827972412 73.19234466552734
7.943853378295898 14.71536540985107 73.17111206054688
7.138718605041504 14.72239017486572 73.18011474609375
6.317829132080078 14.73560523986816 73.22659301757812
5.508157253265381 14.70846652984619 73.33525848388672
4.751642227172852 14.69254779815674 73.44029235839844
4.008129119873047 14.72877788543701 73.516357421875
3.235432386398315 14.75775146484375 73.62486267089844
2.448181390762329 14.77127838134766 73.74155426025391
1.655885100364685 14.77291488647461 73.8067626953125
0.8682239651679993 14.77087879180908 73.74111175537109
0.09439296275377274 14.77201652526855 73.48524475097656
-0.6591368913650513 14.78224468231201 73.02932739257812
-1.398432970046997 14.79688262939453 72.42060089111328
14.8978157043457 13.81306266784668 72.42237091064453
14.05703449249268 13.75722026824951 73.10903930664062
13.4279613494873 13.95402526855469 73.28958129882812
12.68071746826172 14.02059364318848 73.59602355957031
11.95210933685303 14.0297966003418 73.84334564208984
11.21370792388916 14.06599426269531 73.94450378417969
10.44031143188477 14.08898162841797 73.97340393066406
9.655134201049805 14.09265041351318 73.956787109375
8.865362167358398 14.08474159240723 73.91929626464844
8.071943283081055 14.07536888122559 73.88328552246094
7.271289348602295 14.06862735748291 73.86205291748047
6.458131313323975 14.06142902374268 73.85734558105469
5.639309406280518 14.04872608184814 73.85688018798828
4.83537769317627 14.03783226013184 73.84107971191406
4.049887657165527 14.04105949401855 73.81569671630859
3.265727519989014 14.05160140991211 73.82496643066406
2.473811864852905 14.05660724639893 73.89887237548828
1.677290916442871 14.05461597442627 74.00759887695312
0.8830394744873047 14.051513671875 74.06967926025391
0.10039371997118 14.05482864379883 73.98284912109375
-0.6618834137916565 14.06868362426758 73.67521667480469
-1.39872419834137 14.09014701843262 73.15052032470703
-2.119503498077393 14.10040092468262 72.4736328125
15.68677425384521 13.08150959014893 72.50151062011719
14.85124111175537 13.03055953979492 73.23387145996094
14.236252784729 13.19387817382812 73.51692199707031
13.53951644897461 13.29006099700928 73.85681915283203
12.85062122344971 13.39284324645996 74.109619140625
12.13253593444824 13.41238594055176 74.37804412841797
11.36493587493896 13.40722560882568 74.59056091308594
10.57410430908203 13.43764972686768 74.67306518554688
9.78464412689209 13.45375156402588 74.69058227539062
8.995041847229004 13.45424938201904 74.67333984375
8.203627586364746 13.44628429412842 74.64363861083984
7.407204151153564 13.43437767028809 74.61258697509766
6.598166465759277 13.41393756866455 74.57899475097656
5.761916160583496 13.37429523468018 74.53082275390625
4.919158458709717 13.34652996063232 74.40718078613281
4.097237586975098 13.33998775482178 74.21840667724609
3.288245916366577 13.33202075958252 74.05260467529297
2.483365297317505 13.3236722946167 73.97419738769531
1.678903222084045 13.31239223480225 74.01163482666016
0.8771132230758667 13.3032751083374 74.10552215576172
0.084234818816185 13.30324649810791 74.14006042480469
-0.6902231574058533 13.31841087341309 73.99257659912109
-1.436505675315857 13.34936046600342 73.60102081298828
-2.136356592178345 13.39590263366699 73.002197265625
-2.748716831207275 13.44066429138184 72.32563781738281
16.49538040161133 12.32833385467529 72.49717712402344
15.67507266998291 12.28341102600098 73.27848052978516
15.05849361419678 12.45303535461426 73.61479187011719
14.38228702545166 12.56615734100342 73.99797821044922
13.70481491088867 12.65363597869873 74.34880828857422
12.98099803924561 12.74100017547607 74.66167449951172
12.36319446563721 12.89232921600342 74.79277038574219
11.6022481918335 12.68831443786621 75.27889251708984
10.73056697845459 12.7716236114502 75.39849090576172
9.925402641296387 12.81091213226318 75.45316314697266
9.131800651550293 12.8254337310791 75.46806335449219
8.340654373168945 12.82475185394287 75.45896148681641
7.547969341278076 12.81530666351318 75.43630981445312
6.749523639678955 12.79508113861084 75.39667510986328
5.929865837097168 12.74650382995605 75.33458709716797
5.006550788879395 12.60726547241211 75.25611877441406
4.149730205535889 12.63282680511475 74.85410308837891
3.312376022338867 12.60102081298828 74.49071502685547
2.489097833633423 12.58382511138916 74.17594909667969
1.675126552581787 12.56234645843506 74.02426910400391
0.865746021270752 12.54338550567627 74.03035736083984
0.06436633318662643 12.53554916381836 74.09237670898438
-0.7221381068229675 12.54600238800049 74.06251525878906
-1.485781073570251 12.57772254943848 73.81307220458984
-2.220644235610962 12.63259887695312 73.30101013183594
-2.873249292373657 12.74683475494385 72.60739135742188
17.2937068939209 11.56805992126465 72.45951843261719
16.48169708251953 11.54404926300049 73.25663757324219
15.89920043945312 11.72307395935059 73.61508178710938
15.23111438751221 11.80237102508545 74.10414886474609
14.53102588653564 11.92317676544189 74.51914978027344
13.92660427093506 12.11574077606201 74.73745727539062
13.17876243591309 11.98813819885254 75.32463836669922
12.26633834838867 12.19979286193848 75.55643463134766
11.51181411743164 12.00015640258789 76.08675384521484
10.85815906524658 12.09234237670898 76.17072296142578
10.06568241119385 12.16046142578125 76.24196624755859
9.270922660827637 12.19331932067871 76.28116607666016
8.478643417358398 12.20354557037354 76.29590606689453
7.687063217163086 12.20043182373047 76.29158782958984
6.895677089691162 12.18816947937012 76.26284790039062
6.10722541809082 12.16134357452393 76.19463348388672
5.338261127471924 12.10225772857666 76.08305358886719
4.723324298858643 11.980299949646 76.00812530517578
4.20211124420166 12.0206823348999 75.6357421875
4.282233715057373 11.5960807800293 76.31034851074219
3.344231128692627 11.83762073516846 75.26676940917969
2.491053342819214 11.83905792236328 74.64705657958984
1.670140862464905 11.81404972076416 74.22345733642578
0.8557968139648438 11.78541564941406 74.0281982421875
0.04854324460029602 11.7676362991333 74.00328063964844
-0.7453726530075073 11.77003955841064 74.00640869140625
-1.518942475318909 11.7971658706665 73.86894989013672
-2.275099515914917 11.84370803833008 73.47647094726562
-3.066820859909058 11.895583152771 72.76681518554688
18.08884811401367 10.79869651794434 72.42258453369141
17.25394630432129 10.77716255187988 73.22220611572266
16.67392730712891 10.98250007629395 73.58940887451172
16.03102493286133 11.0994348526001 74.08748626708984
15.47210502624512 11.26107788085938 74.43278503417969
14.74533176422119 11.15192127227783 75.14558410644531
13.84034729003906 11.43035888671875 75.518310546875
13.09045219421387 11.28978061676025 76.14842987060547
12.43669033050537 11.45110988616943 76.30950164794922
11.78804111480713 11.59542655944824 76.44496917724609
3.693257331848145 11.41958999633789 76.12174224853516
3.090069055557251 11.20201873779297 75.88829803466797
2.464609384536743 11.09464359283447 75.38613128662109
2.724719762802124 10.79019260406494 76.08123016357422
1.662363767623901 11.07127285003662 74.68967437744141
0.8478032350540161 11.03367805480957 74.22425842285156
0.03792235255241394 11.00714874267578 74.00851440429688
-0.7597253918647766 11.00116157531738 73.94261932373047
-1.536355376243591 11.02346611022949 73.84931945800781
-2.28590726852417 11.0707893371582 73.57040405273438
-3.008708238601685 11.12725830078125 73.04122924804688
-3.67227029800415 11.14350128173828 72.34516143798828
18.88945770263672 10.03506755828857 72.39619445800781
18.03480911254883 9.992663383483887 73.14995574951172
17.42952346801758 10.18359470367432 73.543212890625
16.75796699523926 10.33587646484375 74.06410217285156
16.20222663879395 10.55828285217285 74.4166259765625
15.43685054779053 10.51770305633545 75.18353271484375
14.65727996826172 10.44400882720947 75.962890625
14.01181316375732 10.6555757522583 76.23189544677734
13.36686420440674 10.84951972961426 76.46437072753906
2.282068967819214 10.52842712402344 75.91230773925781
1.662624955177307 10.34421253204346 75.38807678222656
1.999074459075928 10.11660003662109 76.08055114746094
0.8430637121200562 10.28401660919189 74.65604400634766
0.02961527369916439 10.25307750701904 74.18472290039062
-0.7685400247573853 10.24195384979248 73.95777130126953
-1.546826839447021 10.25935173034668 73.82262420654297
-2.296147346496582 10.30832290649414 73.59368133544922
-3.011388063430786 10.38187599182129 73.15132141113281
-3.684525966644287 10.47151660919189 72.47847747802734
19.68706321716309 9.283114433288574 72.37798309326172
18.80813407897949 9.213075637817383 73.08213043212891
18.19355583190918 9.393436431884766 73.43318939208984
17.53445434570312 9.527782440185547 73.91344451904297
16.87216758728027 9.658186912536621 74.46128845214844
16.0830249786377 9.852188110351562 75.12037658691406
15.35445976257324 9.762405395507812 75.95497894287109
14.88408851623535 9.984559059143066 76.21460723876953
1.548310518264771 9.769007682800293 75.89165496826172
0.8507661819458008 9.505536079406738 75.28542327880859
1.29732072353363 9.198978424072266 76.13790130615234
0.01718817465007305 9.494726181030273 74.52273559570312
-0.7772127985954285 9.488722801208496 74.08634948730469
-1.552775502204895 9.504199028015137 73.83577728271484
-2.303685426712036 9.551023483276367 73.59146118164062
-3.023471593856812 9.629668235778809 73.1917724609375
-3.710156440734863 9.735965728759766 72.55516052246094
20.452392578125 8.55561351776123 72.31130218505859
19.5859203338623 8.455419540405273 73.01294708251953
18.95723152160645 8.603975296020508 73.33059692382812
18.2550220489502 8.704994201660156 73.77211761474609
17.59025001525879 8.863009452819824 74.24394989013672
17.04601669311523 9.073680877685547 74.65240478515625
16.33672142028809 8.980399131774902 75.45583343505859
15.55338382720947 9.143193244934082 76.20646667480469
0.6366022229194641 8.703899383544922 75.67755889892578
1.087784051895142 8.640659332275391 76.34796905517578
-0.02474302612245083 8.721010208129883 74.91094207763672
-0.792073130607605 8.734366416931152 74.29332733154297
-1.555350303649902 8.757167816162109 73.8980712890625
-2.302237510681152 8.801048278808594 73.58673858642578
-3.027136325836182 8.875526428222656 73.18949127197266
-3.726793050765991 8.982205390930176 72.58235931396484
21.10955047607422 7.89415454864502 72.10800933837891
20.34194755554199 7.740122318267822 72.87771606445312
19.7267017364502 7.854426860809326 73.21453094482422
19.0151481628418 7.910981178283691 73.59960174560547
18.31741905212402 8.005214691162109 74.00469970703125
17.61134719848633 8.133999824523926 74.52740478515625
16.85579490661621 8.348312377929688 75.20076751708984
16.1466236114502 8.258787155151367 76.04954528808594
15.72183990478516 8.52567195892334 76.40656280517578
0.6622998714447021 8.214151382446289 76.07139587402344
-0.01518197543919086 7.923455715179443 75.34067535400391
0.5119057893753052 7.620072364807129 76.1767578125
-0.8076051473617554 7.971731662750244 74.51499938964844
-1.554537057876587 8.017746925354004 73.98035430908203
-2.285817384719849 8.065681457519531 73.58457946777344
-3.008999347686768 8.127655029296875 73.15876770019531
-3.721396207809448 8.223724365234375 72.56017303466797
21.27563667297363 7.07554817199707 72.28189086914062
20.51562881469727 7.142202377319336 72.95497894287109
19.78360366821289 7.16538667678833 73.41338348388672
19.07224273681641 7.217831134796143 73.75907897949219
18.35965538024902 7.283717155456543 74.15416717529297
17.65619087219238 7.380710124969482 74.67465972900391
16.95125579833984 7.51262378692627 75.3505859375
16.24365043640137 7.630867958068848 76.14239501953125
-0.1762415766716003 7.048352241516113 75.43051910400391
0.4411275684833527 6.879186153411865 76.29550170898438
-0.8411471843719482 7.191588401794434 74.64682769775391
-1.556798577308655 7.279164791107178 74.02381896972656
-2.253036737442017 7.36041259765625 73.56790161132812
-2.95214056968689 7.403639316558838 73.11268615722656
-3.677905082702637 7.461688041687012 72.50041961669922
21.34458923339844 6.313766956329346 72.40484619140625
20.59931182861328 6.412083625793457 73.05561065673828
19.84489822387695 6.462109565734863 73.50770568847656
19.10412979125977 6.499731540679932 73.85302734375
18.38127708435059 6.551493167877197 74.22943115234375
17.67761993408203 6.628658294677734 74.74207305908203
16.99026870727539 6.737202167510986 75.41857147216797
16.30852317810059 6.864904880523682 76.21038818359375
-0.2086342126131058 6.274423599243164 75.42391204833984
0.44062739610672 6.126025199890137 76.296875
-0.8662177920341492 6.419679641723633 74.63482666015625
-1.551208138465881 6.537766933441162 73.97864532470703
-2.250894784927368 6.649681568145752 73.45291900634766
-2.825033664703369 6.814154148101807 73.08953857421875
-3.564770221710205 6.657419204711914 72.40786743164062
21.36262893676758 5.557206153869629 72.480224609375
20.62679481506348 5.658908367156982 73.13515472412109
19.87044334411621 5.720498085021973 73.57672119140625
19.11557388305664 5.760097503662109 73.90496063232422
18.37901496887207 5.803864479064941 74.26061248779297
17.67172241210938 5.871500492095947 74.75858306884766
16.99317932128906 5.97085428237915 75.43479156494141
16.32933616638184 6.094831466674805 76.23599243164062
-0.1646578758955002 5.52436351776123 75.26351928710938
0.5042258501052856 5.392534732818604 76.13727569580078
-0.8367210626602173 5.675721168518066 74.47909545898438
-1.503455400466919 5.818288326263428 73.83367156982422
-2.205544948577881 5.913276195526123 73.25435638427734
-3.02238917350769 6.050637245178223 72.64437103271484
21.35026931762695 4.796719551086426 72.50991821289062
20.62190628051758 4.896401405334473 73.19109344482422
19.86760902404785 4.960224151611328 73.63778686523438
19.10566520690918 5.000194072723389 73.94843292236328
18.35428047180176 5.037474632263184 74.27671813964844
17.63603019714355 5.099647998809814 74.75180053710938
16.96274375915527 5.200709819793701 75.41714477539062
16.31553649902344 5.326364517211914 76.22477722167969
-0.04485025256872177 4.760704517364502 74.88914489746094
0.6017841100692749 4.808938026428223 75.86564636230469
-0.7526721358299255 4.948802471160889 74.14916229248047
-1.451731562614441 5.095381259918213 73.49594116210938
-2.038439512252808 5.305071353912354 73.0960693359375
-2.788237333297729 5.166927814483643 72.35381317138672
21.31857681274414 4.037213802337646 72.48040008544922
20.59977722167969 4.131234645843506 73.20065307617188
19.84943008422852 4.192312717437744 73.67697143554688
19.08375358581543 4.229679107666016 73.98365020751953
18.31748390197754 4.257259845733643 74.28121185302734
17.56682014465332 4.299590110778809 74.73490142822266
16.88691139221191 4.410707950592041 75.38637542724609
16.2691764831543 4.561240673065186 76.1802978515625
0.4365299046039581 4.187078475952148 74.85882568359375
1.177684664726257 3.996533632278442 75.56478881835938
1.006145834922791 4.547585487365723 76.14063262939453
-0.2185982316732407 4.12829065322876 73.93978881835938
-0.6302820444107056 4.370311737060547 73.74991607666016
-1.333916783332825 4.291567802429199 72.90837097167969
-2.194274425506592 4.568082809448242 72.40552520751953
21.27626609802246 3.29810643196106 72.36785125732422
20.5724925994873 3.374048233032227 73.11853790283203
19.82675933837891 3.425852060317993 73.64745330810547
19.06046295166016 3.45885157585144 73.97590637207031
18.28509712219238 3.477798223495483 74.24452209472656
17.50852012634277 3.495023250579834 74.646484375
16.70364379882812 3.522390604019165 75.35814666748047
16.1784839630127 3.816556930541992 76.11092376708984
0.6844818592071533 3.509560346603394 73.97107696533203
1.355313777923584 3.428895950317383 74.67658233642578
-0.04523097351193428 3.599143028259277 73.30471038818359
-0.7746826410293579 3.741667509078979 72.77147674560547
21.24532127380371 2.629776954650879 72.15570068359375
20.5579948425293 2.638681173324585 72.88834381103516
19.80838394165039 2.670258522033691 73.48461151123047
19.04171180725098 2.696075201034546 73.86855316162109
18.26332664489746 2.710512399673462 74.12930297851562
17.48041152954102 2.716017246246338 74.45070648193359
16.70641136169434 2.72284460067749 75.00460052490234
16.02305221557617 3.222349405288696 76.07917785644531
16.0476245880127 2.738676071166992 75.74742126464844
15.60318088531494 2.803068161010742 76.41436767578125
4.101521492004395 2.079066038131714 73.07923126220703
3.503298044204712 2.272398710250854 73.35203552246094
3.066663026809692 2.467950105667114 74.23507690429688
2.60500955581665 2.76969838142395 74.78173065185547
1.960211038589478 3.014194965362549 74.41850280761719
20.6081600189209 1.908235549926758 72.43647766113281
19.80448532104492 1.931406497955322 73.13993835449219
19.03166389465332 1.948887825012207 73.59772491455078
18.25380897521973 1.96222996711731 73.88555908203125
17.46625518798828 1.964107513427734 74.14397430419922
16.66920280456543 1.959200143814087 74.56922149658203
15.83872890472412 1.958389520645142 75.34744262695312
15.39923572540283 2.262370824813843 76.2540283203125
7.154295921325684 1.162726879119873 72.85158538818359
6.470409393310547 1.410409450531006 73.17327117919922
5.709775447845459 1.625561952590942 73.27262115478516
4.907790184020996 1.843502283096313 73.23460388183594
4.47144603729248 1.96009635925293 74.63232421875
3.743345975875854 2.236184358596802 74.72573852539062
3.352299213409424 2.471734046936035 75.53599548339844
3.002168893814087 2.701594114303589 75.6021728515625
20.42313003540039 1.174532651901245 72.0892333984375
19.78899765014648 1.218499183654785 72.6580810546875
19.03205108642578 1.219437956809998 73.13760375976562
18.26103782653809 1.239081382751465 73.47027587890625
17.47925567626953 1.24447226524353 73.6942138671875
16.68370246887207 1.236705899238586 73.97056579589844
15.87119674682617 1.21824312210083 74.46822357177734
15.15381240844727 1.718985080718994 75.99571990966797
15.04139423370361 1.176751613616943 75.27063751220703
14.71796989440918 1.413595676422119 76.15793609619141
7.841434955596924 0.8153907656669617 73.13623046875
7.395963191986084 1.031880140304565 73.81204986572266
6.939818382263184 1.19023609161377 74.43973541259766
6.131885051727295 1.452341914176941 74.64631652832031
5.271236419677734 1.698289155960083 74.87606811523438
4.781459808349609 1.854781866073608 75.80882263183594
4.262462139129639 2.09614896774292 75.97916412353516
3.755870342254639 2.348852872848511 76.10820770263672
19.83413696289062 0.6330958008766174 72.113525390625
19.05153274536133 0.4765464067459106 72.46975708007812
18.28429794311523 0.5454616546630859 72.88202667236328
17.52185821533203 0.559827983379364 73.09693145751953
16.73661231994629 0.555859386920929 73.26579284667969
15.93335437774658 0.5407251119613647 73.534912109375
15.10865783691406 0.5142542123794556 74.01699066162109
14.40384387969971 1.035663723945618 75.84158325195312
14.23726749420166 0.4865174293518066 74.75385284423828
13.82476425170898 0.8251768946647644 76.005615234375
13.39049339294434 0.2990305423736572 75.073486328125
13.25081825256348 0.655072033405304 76.13653564453125
8.577000617980957 0.4597904682159424 73.37537384033203
8.253043174743652 0.7031064033508301 74.50975799560547
7.639885425567627 0.9260251522064209 74.84294891357422
7.220812797546387 1.085262894630432 75.72722625732422
6.651315689086914 1.304525971412659 75.91857147216797
5.892703533172607 1.543375492095947 76.09836578369141
5.260115623474121 1.723664999008179 76.26938629150391
18.2938404083252 -0.08240032196044922 72.19985198974609
17.59783935546875 -0.08294069766998291 72.36325836181641
16.8309211730957 -0.09163165092468262 72.46208190917969
16.03769683837891 -0.1027549505233765 72.5775146484375
15.22812938690186 -0.1202361583709717 72.79742431640625
14.39909744262695 -0.1478450298309326 73.16172790527344
13.5547342300415 -0.1972875595092773 73.55999755859375
12.85256958007812 0.3168677091598511 75.51511383056641
12.68483829498291 -0.1966192722320557 74.01658630371094
12.24088001251221 0.2089928388595581 75.3673095703125
11.80219841003418 -0.3133840560913086 73.80118560791016
11.37139320373535 0.1491380929946899 75.17562103271484
11.13144397735596 -0.360806941986084 73.51073455810547
10.70468235015869 0.3549880385398865 75.68518829345703
9.947196006774902 0.3809752464294434 75.32224273681641
8.984973907470703 0.5712214708328247 75.18205261230469
8.236526489257812 0.8254898190498352 75.84300994873047
7.680151462554932 0.9784690141677856 76.16173553466797
11.02860832214355 11.3865327835083 76.93683624267578
10.19117832183838 11.49829196929932 77.00949096679688
9.397597312927246 11.55124568939209 77.05779266357422
8.605844497680664 11.57268333435059 77.08744812011719
7.813326835632324 11.57606792449951 77.10206604003906
7.021120071411133 11.56998062133789 77.09728240966797
6.234070777893066 11.55768966674805 77.04744720458984
5.467053890228271 11.54032421112061 76.9158935546875
4.770040512084961 11.52988338470459 76.67137145996094
12.59310722351074 10.68867588043213 77.03851318359375
11.66435146331787 10.89061260223389 77.22775268554688
10.86894416809082 10.70927238464355 77.66732025146484
10.25051593780518 10.83156871795654 77.68109893798828
9.491110801696777 10.89397048950195 77.72246551513672
8.706920623779297 10.92217540740967 77.75472259521484
7.914714813232422 10.92987060546875 77.77986145019531
7.119253158569336 10.92614555358887 77.79994964599609
6.324934959411621 10.91842079162598 77.79215240478516
5.539228439331055 10.91199016571045 77.7037353515625
4.773391723632812 10.91908836364746 77.46131134033203
4.007889747619629 10.98019599914551 76.95647430419922
3.22541618347168 10.82552242279053 76.53572845458984
14.15066623687744 9.871433258056641 76.89102935791016
13.24253368377686 10.13113498687744 77.22513580322266
12.44628047943115 9.981954574584961 77.74031829833984
11.8071403503418 10.13073825836182 77.83346557617188
11.03532314300537 10.17200374603271 78.01558685302734
10.29024982452393 10.18157386779785 78.15822601318359
9.548037528991699 10.22170066833496 78.20897674560547
8.7730712890625 10.24613666534424 78.23828125
7.983105182647705 10.25393295288086 78.26377105712891
7.185554027557373 10.24975109100342 78.29801940917969
6.384846210479736 10.24078941345215 78.3321533203125
5.586429595947266 10.23390579223633 78.31707000732422
4.797782897949219 10.23579597473145 78.17443084716797
4.024026393890381 10.25174236297607 77.82555389404297
3.270541667938232 10.24862670898438 77.28731536865234
2.567780017852783 10.2562084197998 76.58522033691406
14.74848079681396 9.284907341003418 76.88529205322266
14.00321197509766 9.16157054901123 77.56416320800781
13.38408374786377 9.345487594604492 77.76985168457031
12.62063312530518 9.420021057128906 78.03315734863281
11.87158298492432 9.449904441833496 78.23116302490234
11.12294101715088 9.495208740234375 78.34477996826172
10.35452842712402 9.516217231750488 78.43889617919922
9.58486270904541 9.530583381652832 78.49545288085938
8.80695629119873 9.54293155670166 78.51980590820312
8.017182350158691 9.546090126037598 78.53840637207031
7.21867036819458 9.539388656616211 78.57424926757812
6.414230346679688 9.52717113494873 78.63370513916016
5.60838794708252 9.516715049743652 78.68223571777344
4.808142185211182 9.514638900756836 78.6458740234375
4.022727966308594 9.526118278503418 78.43132781982422
3.262063026428223 9.547482490539551 77.97690582275391
2.54304575920105 9.579415321350098 77.29345703125
1.946022629737854 9.64366626739502 76.54010772705078
14.98260974884033 8.418778419494629 77.194580078125
14.175856590271 8.570278167724609 77.76701354980469
13.44576358795166 8.648980140686035 78.12704467773438
12.71002769470215 8.727653503417969 78.32526397705078
11.94411468505859 8.768532752990723 78.459716796875
11.17093276977539 8.791049957275391 78.54051208496094
10.39105606079102 8.805288314819336 78.58779144287109
9.6058349609375 8.811219215393066 78.61550140380859
8.817317008972168 8.81258487701416 78.62716674804688
8.023756980895996 8.809028625488281 78.63626861572266
7.223775863647461 8.798574447631836 78.66562652587891
6.417455196380615 8.78296947479248 78.73235321044922
5.607887268066406 8.768674850463867 78.81856536865234
4.80161190032959 8.763028144836426 78.86259460449219
4.008203983306885 8.772984504699707 78.77259063720703
3.238925695419312 8.801674842834473 78.45106506347656
2.496784925460815 8.84419059753418 77.85297393798828
1.746069431304932 8.893646240234375 76.98355865478516
15.50842094421387 7.803874492645264 76.93592834472656
14.79787635803223 7.672544002532959 77.68638610839844
14.22874355316162 7.849206447601318 78.02177429199219
13.50837516784668 7.953326225280762 78.33045196533203
12.75626468658447 8.015398979187012 78.51012420654297
11.98312854766846 8.050774574279785 78.59404754638672
11.19639110565186 8.064629554748535 78.62607574462891
10.40413284301758 8.067516326904297 78.63291168212891
9.609230995178223 8.065055847167969 78.62989807128906
8.812763214111328 8.059024810791016 78.62522888183594
8.014220237731934 8.049565315246582 78.62732696533203
7.211878299713135 8.035356521606445 78.6510009765625
6.404326438903809 8.016963958740234 78.71364593505859
5.59324312210083 7.999810218811035 78.81150054931641
4.784706592559814 7.991744518280029 78.89924621582031
3.987924575805664 8.000349998474121 78.89617156982422
3.214720726013184 8.031985282897949 78.70089721679688
2.47443151473999 8.084243774414062 78.24027252197266
1.771020412445068 8.145065307617188 77.52878570556641
1.135343074798584 8.169275283813477 76.73678588867188
15.61929512023926 6.996419906616211 77.012451171875
14.92250347137451 7.077852725982666 77.71216583251953
14.23793888092041 7.144207954406738 78.19612884521484
13.5331563949585 7.231258869171143 78.46876525878906
12.77841663360596 7.286618232727051 78.60980224609375
11.99690437316895 7.312264442443848 78.65413665771484
11.20173645019531 7.317569255828857 78.64662170410156
10.40134143829346 7.311794757843018 78.62181091308594
9.600081443786621 7.301695346832275 78.59813690185547
8.798791885375977 7.289590835571289 78.58397674560547
7.99656867980957 7.275282382965088 78.58535003662109
7.191717624664307 7.257843017578125 78.61013793945312
6.382942676544189 7.237843990325928 78.6678466796875
5.571398258209229 7.219750881195068 78.75882720947266
4.762770652770996 7.211530208587646 78.85525512695312
3.966876983642578 7.221614837646484 78.892578125
3.194658041000366 7.255894660949707 78.77793884277344
2.454809427261353 7.314426422119141 78.42591857910156
1.752838850021362 7.394266128540039 77.81423187255859
1.099196076393127 7.48884105682373 77.01944732666016
15.66172885894775 6.226844310760498 77.05268096923828
14.97743034362793 6.343595504760742 77.76165771484375
14.27271461486816 6.431798458099365 78.26990509033203
13.5434103012085 6.498181819915771 78.55621337890625
12.78246307373047 6.541678428649902 78.66960144042969
11.99500274658203 6.558177947998047 78.68058776855469
11.19412231445312 6.555476188659668 78.64530944824219
10.38887023925781 6.542816638946533 78.60099029541016
9.583869934082031 6.52660083770752 78.56747436523438
8.779892921447754 6.509276866912842 78.55234527587891
7.97535514831543 6.490827560424805 78.55916595458984
7.1683349609375 6.47089958190918 78.59097290039062
6.358214855194092 6.450773239135742 78.64838409423828
5.546952724456787 6.434642791748047 78.72576904296875
4.740110874176025 6.430148124694824 78.80252075195312
3.947589874267578 6.446505069732666 78.83340454101562
3.182857990264893 6.489775657653809 78.74761962890625
2.451652050018311 6.553640842437744 78.46051025390625
1.749659538269043 6.635315418243408 77.92017364501953
1.078245401382446 6.743503570556641 77.16220092773438
15.6652193069458 5.458022594451904 77.06536865234375
14.99221611022949 5.581387042999268 77.80388641357422
14.28680515289307 5.680144309997559 78.33647918701172
13.54750728607178 5.746584892272949 78.63273620605469
12.77725982666016 5.781590461730957 78.73304748535156
11.98399257659912 5.7896409034729 78.71790313720703
11.17888259887695 5.77984094619751 78.66090393066406
10.37068748474121 5.761363983154297 78.60429382324219
9.563738822937012 5.740312576293945 78.56719207763672
8.75821590423584 5.719104290008545 78.55518341064453
7.951972484588623 5.697796821594238 78.56884002685547
7.14307689666748 5.676901340484619 78.60771179199219
6.331891059875488 5.65892219543457 78.66603088378906
5.522129535675049 5.648653030395508 78.72929382324219
4.720219135284424 5.653232574462891 78.77195739746094
3.934364795684814 5.680855751037598 78.75592803955078
3.176573753356934 5.74005651473999 78.63689422607422
2.470580339431763 5.830904960632324 78.38029479980469
1.789321660995483 5.901669025421143 77.88626098632812
1.105293989181519 5.987583160400391 77.15127563476562
15.64164352416992 4.692073822021484 77.03538513183594
14.98133373260498 4.810815334320068 77.81655883789062
14.28054237365723 4.90877628326416 78.39496612548828
13.53944110870361 4.974604606628418 78.72013092041016
12.76461696624756 5.005471229553223 78.82521820068359
11.96706676483154 5.007249355316162 78.79517364501953
11.15865516662598 4.991175651550293 78.71808624267578
10.3482666015625 4.96743631362915 78.64832305908203
9.540044784545898 4.942743301391602 78.60672760009766
8.733461380004883 4.919543743133545 78.59501647949219
7.92576789855957 4.897909164428711 78.60993194580078
7.115551471710205 4.878934383392334 78.64820861816406
6.304483890533447 4.866516590118408 78.69942474365234
5.498096466064453 4.867156982421875 78.74226379394531
4.705164909362793 4.887482643127441 78.74350738525391
3.934051275253296 4.932928562164307 78.66147613525391
3.186179161071777 5.006594657897949 78.45265960693359
2.469139814376831 5.125393867492676 78.11453247070312
1.904240727424622 5.311145305633545 77.78993225097656
1.20807683467865 5.205716609954834 76.95669555664062
15.59904003143311 3.945768117904663 76.9378662109375
14.955397605896 4.044837951660156 77.75363159179688
14.2600040435791 4.131561756134033 78.39935302734375
13.52072811126709 4.191999435424805 78.78464508056641
12.74521064758301 4.218968391418457 78.92404174804688
11.945876121521 4.216194629669189 78.90139770507812
11.13519763946533 4.195199966430664 78.81287384033203
10.3228063583374 4.166993618011475 78.72792053222656
9.51371955871582 4.13982629776001 78.67615509033203
8.706875801086426 4.116939544677734 78.65549468994141
7.898480415344238 4.09850549697876 78.65794372558594
7.088167190551758 4.086372375488281 78.68013763427734
6.279920101165771 4.085006713867188 78.70909881591797
5.480033874511719 4.102118015289307 78.71666717529297
4.699963569641113 4.145885467529297 78.6678466796875
3.950986623764038 4.216522216796875 78.51110076904297
3.239455223083496 4.313586235046387 78.21797180175781
2.524550437927246 4.414207458496094 77.70259857177734
1.726103782653809 4.603315353393555 77.04045104980469
15.55764484405518 3.270028114318848 76.73770904541016
14.93155860900879 3.299542903900146 77.54124450683594
14.23420906066895 3.36249828338623 78.26644134521484
13.4965238571167 3.412296772003174 78.74339294433594
12.72351455688477 3.43511176109314 78.95426177978516
11.92504405975342 3.429678201675415 78.97013092041016
11.11359786987305 3.406180143356323 78.89224243164062
10.29940223693848 3.376039505004883 78.80035400390625
9.490022659301758 3.349227428436279 78.73617553710938
8.68556022644043 3.330181360244751 78.69789123535156
7.879627704620361 3.319356918334961 78.67045593261719
7.070538520812988 3.320096492767334 78.65395355224609
6.268143177032471 3.338018894195557 78.64468383789062
5.481504440307617 3.377604007720947 78.60434722900391
4.715831756591797 3.448852300643921 78.48919677734375
3.995298385620117 3.558376789093018 78.27622985839844
3.316921234130859 3.673748254776001 77.8548583984375
2.730377197265625 3.837793350219727 77.41214752197266
2.001410961151123 3.764013767242432 76.26773834228516
14.95983123779297 2.566480159759521 77.06792449951172
14.2164134979248 2.615368127822876 77.90645599365234
13.47557163238525 2.65240740776062 78.48240661621094
12.70732688903809 2.672093391418457 78.79431915283203
11.91393756866455 2.66801118850708 78.88223266601562
11.10449314117432 2.647002220153809 78.84222412109375
10.28909492492676 2.62033224105835 78.76410675048828
9.479093551635742 2.599622011184692 78.70032501220703
8.681318283081055 2.591642141342163 78.65219116210938
7.888105869293213 2.594857215881348 78.58966827392578
7.085539817810059 2.612992763519287 78.51046752929688
6.283577919006348 2.658125162124634 78.44293212890625
5.520756244659424 2.734678983688354 78.37335205078125
4.786228656768799 2.82539963722229 78.17630767822266
4.063374996185303 2.967767715454102 77.85673522949219
3.471509695053101 3.172622203826904 77.54744720458984
2.773316144943237 3.179321765899658 76.41999053955078
14.77643871307373 1.858864068984985 76.66146087646484
14.19009113311768 1.912744760513306 77.3280029296875
13.46613311767578 1.926840543746948 77.92301940917969
12.70698928833008 1.949243307113647 78.33090972900391
11.92514133453369 1.952415466308594 78.50795745849609
11.12380599975586 1.942287921905518 78.52679443359375
10.30973148345947 1.928832054138184 78.48003387451172
9.49698543548584 1.923725605010986 78.43912506103516
8.702659606933594 1.936740398406982 78.41078948974609
7.941105365753174 1.970536708831787 78.35934448242188
7.174066543579102 2.006537675857544 78.20021820068359
6.36461877822876 2.074372053146362 78.02565765380859
5.577249050140381 2.201008319854736 77.91948699951172
4.957328319549561 2.36738657951355 77.84626770019531
4.255506038665771 2.416032791137695 77.20367431640625
3.466740369796753 2.709957838058472 76.712158203125
14.22955894470215 1.361294031143188 76.61247253417969
13.48554515838623 1.221343994140625 77.00312042236328
12.72849941253662 1.281753301620483 77.52205657958984
11.96730613708496 1.29717218875885 77.76604461669922
11.18485355377197 1.306659579277039 77.85127258300781
10.38055515289307 1.318408608436584 77.83618927001953
9.562755584716797 1.343585133552551 77.81997680664062
8.763227462768555 1.39068078994751 77.85173034667969
8.004227638244629 1.465811967849731 77.85371398925781
7.372482776641846 1.58259117603302 77.83687591552734
6.599517345428467 1.581609725952148 77.27235412597656
5.714976787567139 1.786406993865967 77.19537353515625
4.913545608520508 2.000378847122192 76.98731231689453
12.75544261932373 0.7105313539505005 76.49845886230469
12.04562091827393 0.7061219811439514 76.65275573730469
11.28453159332275 0.7365612983703613 76.78684997558594
10.51712608337402 0.7868858575820923 76.82401275634766
9.692794799804688 0.8486180305480957 76.74788665771484
8.86870288848877 0.9564645290374756 76.85274505615234
8.115965843200684 1.079516410827637 77.02781677246094
7.338984966278076 1.233761548995972 76.93240356445312
3 1 0 1800
2613
2614
2615
2616
2617
2618
2619
2620
2621
2622
2623
2624
2625
2626
2627
2628
2629
2630
2631
2632
2633
2634
2635
2636
2637
2638
2639
2640
2641
2642
2643
2644
2645
2646
2647
2648
2649
2650
2651
2652
2653
2654
2655
2656
2657
2658
2659
2660
2661
2662
2663
2664
2665
2666
2667
2668
2669
2670
2671
2672
2673
2674
2675
2676
2677
2678
2679
2680
2681
2682
2683
2684
2685
2686
2687
2688
2689
2690
2691
2692
2693
2694
2695
2696
2697
2698
2699
2700
2701
2702
2703
2704
2705
2706
2707
2708
2709
2710
2711
2712
2713
2714
2715
2716
2717
2718
2719
2720
2721
2722
2723
2724
2725
2726
2727
2728
2729
2730
2731
2732
2733
2734
2735
2736
2737
2738
2739
2740
2741
2742
2743
2744
2745
2746
2747
2748
2749
2750
2751
2752
2753
2754
2755
2756
2757
2758
2759
2760
2761
2762
2763
2764
2765
2766
2767
2768
2769
2770
2771
2772
2773
2774
2775
2776
2777
2778
2779
2780
2781
2782
2783
2784
2785
2786
2787
2788
2789
2790
2791
2792
2793
2794
2795
2796
2797
2798
2799
2800
2801
2802
2803
2804
2805
2806
2807
2808
2809
2810
2811
2812
2813
2814
2815
2816
2817
2818
2819
2820
2821
2822
2823
2824
2825
2826
2827
2828
2829
2830
2831
2832
2833
2834
2835
2836
2837
2838
2839
2840
2841
2842
2843
2844
2845
2846
2847
2848
2849
2850
2851
2852
2853
2854
2855
2856
2857
2858
2859
2860
2861
2862
2863
2864
2865
2866
2867
2868
2869
2870
2871
2872
2873
2874
2875
2876
2877
2878
2879
2880
2881
2882
2883
2884
2885
2886
2887
2888
2889
2890
2891
2892
2893
2894
2895
2896
2897
2898
2899
2900
2901
2902
2903
2904
2905
2906
2907
2908
2909
2910
2911
2912
2913
2914
2915
2916
2917
2918
2919
2920
2921
2922
2923
2924
2925
2926
2927
2928
2929
2930
2931
2932
2933
2934
2935
2936
2937
2938
2939
2940
2941
2942
2943
2944
2945
2946
2947
2948
2949
2950
2951
2952
2953
2954
2955
2956
2957
2958
2959
2960
2961
2962
2963
2964
2965
2966
2967
2968
2969
2970
2971
2972
2973
2974
2975
2976
2977
2978
2979
2980
2981
2982
2983
2984
2985
2986
2987
2988
2989
2990
2991
2992
2993
2994
2995
2996
2997
2998
2999
3000
3001
3002
3003
3004
3005
3006
3007
3008
3009
3010
3011
3012
3013
3014
3015
3016
3017
3018
3019
3020
3021
3022
3023
3024
3025
3026
3027
3028
3029
3030
3031
3032
3033
3034
3035
3036
3037
3038
3039
3040
3041
3042
3043
3044
3045
3046
3047
3048
3049
3050
3051
3052
3053
3054
3055
3056
3057
3058
3059
3060
3061
3062
3063
3064
3065
3066
3067
3068
3069
3070
3071
3072
3073
3074
3075
3076
3077
3078
3079
3080
3081
3082
3083
3084
3085
3086
3087
3088
3089
3090
3091
3092
3093
3094
3095
3096
3097
3098
3099
3100
3101
3102
3103
3104
3105
3106
3107
3108
3109
3110
3111
3112
3113
3114
3115
3116
3117
3118
3119
3120
3121
3122
3123
3124
3125
3126
3127
3128
3129
3130
3131
3132
3133
3134
3135
3136
3137
3138
3139
3140
3141
3142
3143
3144
3145
3146
3147
3148
3149
3150
3151
3152
3153
3154
3155
3156
3157
3158
3159
3160
3161
3162
3163
3164
3165
3166
3167
3168
3169
3170
3171
3172
3173
3174
3175
3176
3177
3178
3179
3180
3181
3182
3183
3184
3185
3186
3187
3188
3189
3190
3191
3192
3193
3194
3195
3196
3197
3198
3199
3200
3201
3202
3203
3204
3205
3206
3207
3208
3209
3210
3211
3212
3213
3214
3215
3216
3217
3218
3219
3220
3221
3222
3223
3224
3225
3226
3227
3228
3229
3230
3231
3232
3233
3234
3235
3236
3237
3238
3239
3240
3241
3242
3243
3244
3245
3246
3247
3248
3249
3250
3251
3252
3253
3254
3255
3256
3257
3258
3259
3260
3261
3262
3263
3264
3265
3266
3267
3268
3269
3270
3271
3272
3273
3274
3275
3276
3277
3278
3279
3280
3281
3282
3283
3284
3285
3286
3287
3288
3289
3290
3291
3292
3293
3294
3295
3296
3297
3298
3299
3300
3301
3302
3303
3304
3305
3306
3307
3308
3309
3310
3311
3312
3313
3314
3315
3316
3317
3318
3319
3320
3321
3322
3323
3324
3325
3326
3327
3328
3329
3330
3331
3332
3333
3334
3335
3336
3337
3338
3339
3340
3341
3342
3343
3344
3345
3346
3347
3348
3349
3350
3351
3352
3353
3354
3355
3356
3357
3358
3359
3360
3361
3362
3363
3364
3365
3366
3367
3368
3369
3370
3371
3372
3373
3374
3375
3376
3377
3378
3379
3380
3381
3382
3383
3384
3385
3386
3387
3388
3389
3390
3391
3392
3393
3394
3395
3396
3397
3398
3399
3400
3401
3402
3403
3404
3405
3406
3407
3408
3409
3410
3411
3412
3413
3414
3415
3416
3417
3418
3419
3420
3421
3422
3423
3424
3425
3426
3427
3428
3429
3430
3431
3432
3433
3434
3435
3436
3437
3438
3439
3440
3441
3442
3443
3444
3445
3446
3447
3448
3449
3450
3451
3452
3453
3454
3455
3456
3457
3458
3459
3460
3461
3462
3463
3464
3465
3466
3467
3468
3469
3470
3471
3472
3473
3474
3475
3476
3477
3478
3479
3480
3481
3482
3483
3484
3485
3486
3487
3488
3489
3490
3491
3492
3493
3494
3495
3496
3497
3498
3499
3500
3501
3502
3503
3504
3505
3506
3507
3508
3509
3510
3511
3512
3513
3514
3515
3516
3517
3518
3519
3520
3521
3522
3523
3524
3525
3526
3527
3528
3529
3530
3531
3532
3533
3534
3535
3536
3537
3538
3539
3540
3541
3542
3543
3544
3545
3546
3547
3548
3549
3550
3551
3552
3553
3554
3555
3556
3557
3558
3559
3560
3561
3562
3563
3564
3565
3566
3567
3568
3569
3570
3571
3572
3573
3574
3575
3576
3577
3578
3579
3580
3581
3582
3583
3584
3585
3586
3587
3588
3589
3590
3591
3592
3593
3594
3595
3596
3597
3598
3599
3600
3601
3602
3603
3604
3605
3606
3607
3608
3609
3610
3611
3612
3613
3614
3615
3616
3617
3618
3619
3620
3621
3622
3623
3624
3625
3626
3627
3628
3629
3630
3631
3632
3633
3634
3635
3636
3637
3638
3639
3640
3641
3642
3643
3644
3645
3646
3647
3648
3649
3650
3651
3652
3653
3654
3655
3656
3657
3658
3659
3660
3661
3662
3663
3664
3665
3666
3667
3668
3669
3670
3671
3672
3673
3674
3675
3676
3677
3678
3679
3680
3681
3682
3683
3684
3685
3686
3687
3688
3689
3690
3691
3692
3693
3694
3695
3696
3697
3698
3699
3700
3701
3702
3703
3704
3705
3706
3707
3708
3709
3710
3711
3712
3713
3714
3715
3716
3717
3718
3719
3720
3721
3722
3723
3724
3725
3726
3727
3728
3729
3730
3731
3732
3733
3734
3735
3736
3737
3738
3739
3740
3741
3742
3743
3744
3745
3746
3747
3748
3749
3750
3751
3752
3753
3754
3755
3756
3757
3758
3759
3760
3761
3762
3763
3764
3765
3766
3767
3768
3769
3770
3771
3772
3773
3774
3775
3776
3777
3778
3779
3780
3781
3782
3783
3784
3785
3786
3787
3788
3789
3790
3791
3792
3793
3794
3795
3796
3797
3798
3799
3800
3801
3802
3803
3804
3805
3806
3807
3808
3809
3810
3811
3812
3813
3814
3815
3816
3817
3818
3819
3820
3821
3822
3823
3824
3825
3826
3827
3828
3829
3830
3831
3832
3833
3834
3835
3836
3837
3838
3839
3840
3841
3842
3843
3844
3845
3846
3847
3848
3849
3850
3851
3852
3853
3854
3855
3856
3857
3858
3859
3860
3861
3862
3863
3864
3865
3866
3867
3868
3869
3870
3871
3872
3873
3874
3875
3876
3877
3878
3879
3880
3881
3882
3883
3884
3885
3886
3887
3888
3889
3890
3891
3892
3893
3894
3895
3896
3897
3898
3899
3900
3901
3902
3903
3904
3905
3906
3907
3908
3909
3910
3911
3912
3913
3914
3915
3916
3917
3918
3919
3920
3921
3922
3923
3924
3925
3926
3927
3928
3929
3930
3931
3932
3933
3934
3935
3936
3937
3938
3939
3940
3941
3942
3943
3944
3945
3946
3947
3948
3949
3950
3951
3952
3953
3954
3955
3956
3957
3958
3959
3960
3961
3962
3963
3964
3965
3966
3967
3968
3969
3970
3971
3972
3973
3974
3975
3976
3977
3978
3979
3980
3981
3982
3983
3984
3985
3986
3987
3988
3989
3990
3991
3992
3993
3994
3995
3996
3997
3998
3999
4000
4001
4002
4003
4004
4005
4006
4007
4008
4009
4010
4011
4012
4013
4014
4015
4016
4017
4018
4019
4020
4021
4022
4023
4024
4025
4026
4027
4028
4029
4030
4031
4032
4033
4034
4035
4036
4037
4038
4039
4040
4041
4042
4043
4044
4045
4046
4047
4048
4049
4050
4051
4052
4053
4054
4055
4056
4057
4058
4059
4060
4061
4062
4063
4064
4065
4066
4067
4068
4069
4070
4071
4072
4073
4074
4075
4076
4077
4078
4079
4080
4081
4082
4083
4084
4085
4086
4087
4088
4089
4090
4091
4092
4093
4094
4095
4096
4097
4098
4099
4100
4101
4102
4103
4104
4105
4106
4107
4108
4109
4110
4111
4112
4113
4114
4115
4116
4117
4118
4119
4120
4121
4122
4123
4124
4125
4126
4127
4128
4129
4130
4131
4132
4133
4134
4135
4136
4137
4138
4139
4140
4141
4142
4143
4144
4145
4146
4147
4148
4149
4150
4151
4152
4153
4154
4155
4156
4157
4158
4159
4160
4161
4162
4163
4164
4165
4166
4167
4168
4169
4170
4171
4172
4173
4174
4175
4176
4177
4178
4179
4180
4181
4182
4183
4184
4185
4186
4187
4188
4189
4190
4191
4192
4193
4194
4195
4196
4197
4198
4199
4200
4201
4202
4203
4204
4205
4206
4207
4208
4209
4210
4211
4212
4213
4214
4215
4216
4217
4218
4219
4220
4221
4222
4223
4224
4225
4226
4227
4228
4229
4230
4231
4232
4233
4234
4235
4236
4237
4238
4239
4240
4241
4242
4243
4244
4245
4246
4247
4248
4249
4250
4251
4252
4253
4254
4255
4256
4257
4258
4259
4260
4261
4262
4263
4264
4265
4266
4267
4268
4269
4270
4271
4272
4273
4274
4275
4276
4277
4278
4279
4280
4281
4282
4283
4284
4285
4286
4287
4288
4289
4290
4291
4292
4293
4294
4295
4296
4297
4298
4299
4300
4301
4302
4303
4304
4305
4306
4307
4308
4309
4310
4311
4312
4313
4314
4315
4316
4317
4318
4319
4320
4321
4322
4323
4324
4325
4326
4327
4328
4329
4330
4331
4332
4333
4334
4335
4336
4337
4338
4339
4340
4341
4342
4343
4344
4345
4346
4347
4348
4349
4350
4351
4352
4353
4354
4355
4356
4357
4358
4359
4360
4361
4362
4363
4364
4365
4366
4367
4368
4369
4370
4371
4372
4373
4374
4375
4376
4377
4378
4379
4380
4381
4382
4383
4384
4385
4386
4387
4388
4389
4390
4391
4392
4393
4394
4395
4396
4397
4398
4399
4400
4401
4402
4403
4404
4405
4406
4407
4408
4409
4410
4411
4412
4.598044366802966 9.70504266805996 62.80343118831212
10.53311237983488 7.892928965921515 68.57070845101811
4.614603642631261 7.836312842835674 55.93761446407585
13.63565130283216 4.383761094158747 62.58294692080327
16.78879023751493 5.681640933957691 68.00615269299192
6.187184413993998 7.469223055556992 73.12686000259063
0.7491164049952665 7.97371617490122 68.48613654739073
8.987921784383989 10.64080764408118 62.17498017170871
8.443837060273239 4.637957286026952 59.10041501958164
-0.2288605678461906 9.398834479993745 59.50394897645553
4.56938267705387 11.76646750056604 68.90592827399497
11.82686330950587 6.05002614686722 73.42812187906773
12.46055756932571 7.680102948248613 59.37184818145239
15.29086101407023 2.570309633102291 58.81459237945172
2.732798349426591 13.18256880065258 59.46603949452447
7.446908266289601 5.30750296250678 54.71316837598138
0.2180872736522033 11.97854200528452 70.00457853540809
8.685028166825195 9.475618221943581 57.43011123642076
14.02281838305312 9.665259973722744 64.5142500007006
8.354614828284241 4.136600622153206 64.81739694620721
18.22162381967393 2.874094652473801 69.77826565205216
5.894015556139498 14.65390234949623 62.87905101915014
17.56190367028431 2.413282732734835 64.5051963070529
-0.2535734359963238 11.66845038746113 64.52412772315031
13.30925544728761 1.860912369185837 62.55656735984499
8.646940288706634 11.14396043539558 70.73730303311497
12.45583493018893 9.735575947348263 71.73406533774141
7.190483149681143 12.99997069734706 59.13562431823246
7.596864756574236 4.84068873604695 69.02316150141867
12.32639800566061 3.101765401545151 67.93631251138696
14.88239338599005 3.77243075038687 71.60214839781534
11.26563583954352 1.615051403502686 58.93222986962727
10.45202342256027 12.15581416261687 66.44699307605764
2.955446412033093 9.034993857895648 71.64399512624539
15.60155283669754 6.323712610444998 58.26897557090197
15.47478074064793 9.707128666121374 68.68763369666827
0.7824983083826442 6.089586588236893 63.52617536919235
9.82105990988428 8.507761842309485 75.23408337540172
-0.9979308215129803 12.96109653883441 58.50338697175681
17.14354896893164 6.6995936031079 63.77272438254862
3.639795826095217 5.09307280897861 67.88686674596308
15.75996747622774 7.326519353306979 71.47140335175587
4.524412864458633 5.524957257782542 53.38575020741247
13.1229642939613 3.537549065266133 74.91696173241196
19.95225522263782 1.480831069390996 66.92489867594867
8.310219164905574 5.099362253807874 74.96241382105866
6.892678994906808 8.464586781470233 53.45750552115876
3.318649361149752 7.029963195333231 74.60541954102004
6.547773950452152 8.467178635064469 66.63022997740829
2.987478242743197 9.528820619845096 54.0891417360132
4.760036242199617 11.50975632473437 56.71757935949766
19.22016666437994 7.61019024249156 66.80096208055096
4.042077135828569 5.869769355519834 60.15872774703738
2.936214975398979 14.35088261365304 65.93447100452497
12.75986488594157 11.24065864668569 61.09809282917131
1.072616251366283 7.604764232820899 56.42822180663613
12.02752022204777 4.697839344932193 57.91739416975521
10.81652280767815 7.224401600674452 63.6059164852522
3.253499795659487 16.69606384916559 61.99189396580096
10.19324825313409 6.829010577739826 56.08658409779975
15.52017509388953 8.581887410446502 61.11827420406819
-1.420449206289423 6.656800789220206 64.68465001374149
1.658832903502074 10.83455147756329 56.72865119719384
-1.189622203455588 9.251299967297372 70.6705054048865
18.65100124554406 5.788193691519332 70.73175160879151
13.58998636962471 6.119334842669271 65.97769008697945
3.718349680586637 5.583548525343577 71.39536714065918
9.491394680940157 8.011109762120334 71.8546045880308
7.110968852228875 2.549669413071303 56.53210635233621
9.817563144804996 3.67937166148101 71.60897444153369
5.616801017428409 8.580164336499909 75.87570150399166
10.34174262136067 12.10562201081739 58.59616737291068
17.5509719596552 4.08295676679823 61.25499250737184
5.731878128726986 10.78758294496507 72.37933776996404
6.930395030496095 14.38854981179497 66.83038833919537
15.62466746906343 1.377848287486586 67.53599157143432
9.733003499229286 14.30391449973355 61.61090266001113
2.596684450545383 13.5950634232308 70.96685331568652
4.792416499677746 5.867655094367365 64.11114312790556
5.161086053832335 2.624381405902953 59.9622872376999
0.6482251739599629 6.780738764617031 71.63161594599477
12.45652192270433 7.488257979273247 75.76278140032971
12.87319331600963 6.105486080930072 70.21988006057484
12.93380864044599 12.33205303437084 69.1642783524473
20.20065114302449 4.638361423128559 67.82544723137876
5.569654462043814 9.022439345371172 59.22722053369881
8.536472485997496 1.744998121854194 61.7293303646526
17.33099046927871 9.787806573563394 65.07860428018115
-2.425833916172444 9.644554020477397 67.01713712188807
7.487330096313544 7.221887350931329 61.8920597463613
13.91772905191824 0.27201099744054 58.40594872182792
11.5059478939976 9.180334740011169 57.05341977836739
-2.332450666173332 8.234910107458738 63.03182064042421
3.897538651308233 4.330164077863962 56.81437508053112
5.190728006526096 15.44379941775786 59.64849248118033
5.106094319329517 5.223719148865576 75.92729739427604
6.594463947669849 8.592412457809996 69.98702951045247
11.19271431196665 12.3157577571076 71.66552572621013
16.43809607818985 0.8439162274848053 61.55775865180425
3.083082033598975 9.720493899021555 66.19058714018817
12.76718194449589 0.396577059482222 65.71804339657548
6.970794624147292 13.57251989487929 70.10953835684657
10.46369580586197 3.509640454459459 75.95382445183695
0.3750678492332254 5.730929046657044 59.56252538450032
3.817016361891951 9.352334670086357 74.57981775021433
8.41144173679762 12.11263069723587 56.72495658758095
0.1198931442587012 14.48663255351483 61.95097327950716
14.63177104008068 5.714638721557531 73.84887538478026
15.31827460351084 12.1226124477939 66.3783728176777
8.759644048288813 10.64753932084067 73.59125038227545
19.72470060313216 4.851177178777199 64.60682503562853
18.16046396655642 8.529043076331456 69.50229319953138
6.865405226567392 4.538703960251351 72.23425670582348
-1.424084000754799 6.044245986418753 69.48523264161125
-1.693609760705175 10.48166810205818 57.52557238595247
-3.070879170064429 11.13437926959248 60.73028491454724
12.85765250859586 12.86051824972095 64.11374875462924
11.02241346129207 5.255730534061153 60.92188736808745
10.12441200728114 3.397467468313529 56.57637594371857
9.462087370694602 2.393856464235026 68.82966284544749
7.917847265761563 5.663126374870143 52.33474269351488
14.08067954370851 8.480140596556369 73.67463821955729
1.065189874069599 14.36203863711792 57.55752411857605
6.850204486376628 11.48451814977622 64.84187554009706
13.80091089615898 7.933490057227703 57.35698669151918
7.487048607634448 6.772241521848894 57.28556491457822
4.78045870877497 9.63461208201123 52.46513618621332
2.120971035007778 6.892373140809573 53.77677771215305
4.330613110080017 14.25154726416707 57.51153695880468
11.50523108052383 3.353470670157862 64.80547448066946
2.81047968442862 3.247592799554833 62.62471550775948
17.19230117808485 3.012903554024923 71.97214349462047
-1.436629229675309 7.585376547627306 57.77688914172254
14.69703588926528 3.305028956795247 65.29006735058027
15.16760259388809 10.00662147765752 71.39963299189738
3.011697472947314 12.76405535344037 62.87578312912594
12.37777506996604 2.263863105761544 72.2985196007817
9.356971850364005 9.095487851364766 54.80815630492351
7.483535956727033 11.47617424333741 67.87971822831582
6.091229960819382 10.80876533608714 54.49337973733218
8.636739870007393 4.083626806718083 53.66367470731324
12.66153124005432 9.816729622335627 67.32581401750686
9.872651220253699 13.45441306214496 69.15370740877465
4.467698577952953 14.81058172032611 68.89346289681906
3.793945018272159 7.994202792914208 68.87991538672222
16.46427726125684 3.751773181358007 57.12574716802678
6.981065537815915 2.584528860511261 67.05983787477375
13.66806435301299 -0.7738380732378269 61.19374472053138
13.98084051774046 4.761223133140422 59.86888190842777
9.439690402345258 7.471867359941251 59.58148665294188
-1.946211822471175 6.516271041776349 68.47684469085964
10.0950772965039 5.138161309933267 67.19338324356151
2.736305322006749 10.12898592937434 59.49751409478421
5.803457428944975 1.99416584218942 63.85090544629916
11.90901056665574 9.826196005649749 74.30717290663034
17.89163702954153 3.332217919587841 67.08157647419672
4.912163790199006 13.11877811731933 71.57979072008212
-3.200893109549618 12.46048442315026 65.46248407507281
10.32917557921757 6.142664713887205 76.09448549898585
16.62595713773554 1.318121205691891 57.89034691085905
15.76452109923461 7.884937470592536 66.51315707156259
13.31004593999653 10.14071633857688 58.74636870339181
9.553969100622819 9.15955585060016 65.80876413790017
9.561902169254495 6.205613052976655 53.88772013783769
9.698510918305907 1.058180195501432 65.98601353787247
1.300097421399238 9.601510630578163 62.44304129513095
13.05348558865926 2.212167566903191 57.29186830026869
6.340680232503461 4.026398522030568 53.04015549805155
0.5384983813731292 5.152688740443169 66.83565420014482
12.84954338394507 5.285829118260684 76.44762342540326
13.9071856931666 1.608258362112865 69.89269740846242
21.09618671056941 -0.04616743818000879 66.77802237424787
14.56273885999184 4.356774351847374 68.93277301194328
17.52950683913301 6.754241002488384 60.3034844653211
1.843707777917396 11.27816190469994 71.78029501847294
15.71291741656865 -0.2523777570400734 64.5237484704257
18.23320689558626 0.1460734176778251 63.43547992191395
7.776799581974847 7.297029552495814 76.0747933567486
2.428834841731989 15.9304075343391 59.46667911339724
2.191134804486762 10.20180691959299 69.26761136535664
1.2229603569172 12.14618295791233 67.13931715186
16.6967493219652 5.335206998486486 72.51637699216229
0.3769842776091266 13.13372708911743 71.92960751549658
12.825199731667 8.553526337903081 62.0681742667776
10.99541471439712 10.42469572343528 69.51764139548261
10.88930660540638 9.797493251403001 59.83802310556165
15.35845616591249 11.31686130752 62.47732702630805
17.57024240685396 3.105538407712061 59.10741759935645
0.6884071211294449 8.977326704464142 72.36665933229361
9.903271610753382 0.8674160068024197 57.10226383201335
6.118015826368911 17.0617135301366 61.48344960780802
4.510007521271573 16.57826428843812 64.70449503836979
10.44955915467752 11.20904684965807 56.53176399450229
-3.252999747796963 7.996078049204181 60.16044817036692
2.984881425334962 8.415916390722662 52.12843857901768
14.91354737235194 7.184137253732329 69.01194296254687
6.342606729673966 13.2854318799185 56.68978220396837
6.042582674344462 6.84389718281165 52.18429060369767
7.741622202633373 9.700344642926616 75.57309179558824
16.68712740994899 4.576313056369521 70.29340898097152
6.184399885367526 5.604333773756331 66.62530100717991
5.001494771583989 11.67015288701935 60.62386408883329
-2.342576280524503 11.33046051371024 69.34284132316934
5.174376052765115 4.02329203026301 69.79147259695729
6.618863360111138 3.587830790737686 76.58258977017329
-2.224816768402706 13.57348990598431 56.78007097850616
3.904081316213466 7.422987814933337 76.69575377818882
17.81873091286772 10.38420232832669 67.62555579052002
3.193828154140097 3.171966383628748 66.0150957305317
13.59932499424167 11.88200884613479 71.47441089354467
9.644469389773752 15.07192657688532 64.91377151203984
1.690554823735541 5.173076425628992 55.69721611937232
12.36159846317912 6.450999967820329 56.49538570351572
10.23802509443367 5.967210733856608 70.35570504444414
11.30430963349208 10.24177227321709 63.81437157409966
-1.145584324636638 11.21752236946826 71.68145613271608
14.4288262104459 4.711609064619739 57.22056236852962
14.42847234043184 6.843687563529957 63.47730372809961
19.20754258913544 1.852665445005874 70.9169088485703
20.3713812670491 2.454931979735043 68.99514032439183
15.07267954522085 2.111520942135186 56.72165432191586
11.06412303083013 0.3943022702828802 61.52533153096958
19.26355240175284 8.203565155564753 64.22973188254231
8.919897481477816 2.987829429957594 73.81444145806324
19.46830354126777 2.626726582155612 62.86548476444564
11.97970783019178 13.68281926489169 60.24360457647693
12.83079076578092 8.547375026496988 69.52001549638838
7.904415111209413 15.50811320043629 59.94556936440465
0.9281137160736765 9.186594175669521 54.81286092186308
7.730394963625725 12.7314592273609 72.08183475202556
1.485193059997543 4.73507383142455 69.77456732742851
4.663646948685396 4.534210277619255 73.51531109659471
15.27030877327339 3.144528947797601 61.21327155005787
16.32571546518776 1.394798140331917 70.32513959592623
2.560142455222838 12.94276742454503 56.53520231961387
17.72092609389843 7.111679402599668 72.18517965678069
7.785440990993465 10.45214213190886 59.7729030201956
19.12455165514047 3.885170493584098 71.61343516905988
-0.7712068251756337 8.995720606583967 56.25786649330452
16.36308230650042 4.286827811378825 63.48558498720978
3.414844597325688 11.56847335207641 54.78658960716632
2.649945669608775 6.869239219324548 65.80582586517326
13.22610700825634 2.46232355642611 60.09091077862873
-2.699367090257502 13.75810048307394 62.16312037849598
6.307918799486677 9.541846101907685 56.64328492602482
8.054661789745346 6.985347548035358 64.69261078676629
6.062688212604564 10.6934730758703 74.55772788905168
20.26445817368231 6.907663522511808 69.05540404453369
14.86612358874132 3.012588393470106 73.67233289662558
0.4856835615157435 11.90300416165028 60.73308003197791
6.472943713165014 4.36557957505261 62.07620329796836
0.2260564710788 8.950151206847812 65.69844813978142
12.49922104712284 3.545748882672823 76.88881879303031
3.135575266625934 7.679994697183817 58.2716549355686
17.8004573931783 0.284199406058562 66.0192703506516
18.13214251618715 0.685134447584395 68.50116164523686
15.418016969684 11.87345327115867 69.83190465444277
7.694255402906736 6.516570716038046 70.90601078050209
1.035616268597603 14.32835162135705 68.8150322990721
-1.376608642549397 13.37043553665643 67.52360088423413
9.440169021977916 5.764415888957881 72.87257308991515
9.02093682915617 13.94020324181993 58.03430676931688
-1.368373889283216 7.303512072352308 71.6819970681626
9.004588340173287 8.107358152370695 52.9360937995538
16.86252816585778 5.045543252193919 65.60541368415871
11.11908229395989 3.822747924278237 73.71418465449578
2.389388040701558 3.531748787303436 59.2767994392119
17.58236878011276 9.251477698054551 62.54922312234542
4.536100433184221 7.722173057474308 53.52871441291364
-1.967285171913117 5.573452492395985 61.54294136141537
17.14794116196941 9.065640727323602 71.37173810974421
3.656251198983157 11.07892978752352 72.97132458935528
4.502758540453567 12.08867916725687 66.16435724215519
-1.37111926621404 13.00718006161078 70.74464014395329
8.227458567827703 7.277319304628808 55.24547091491751
21.09202564315641 3.383567712511359 65.95913182323621
15.54860190147953 8.618354705584849 58.76952936832358
11.19535130785848 8.642470346306288 76.62962253090107
19.11902906307741 5.877080716937427 62.29567898180828
11.24846858562513 7.224960257079164 66.16599338964109
15.53746865222639 5.840114281367187 61.48602140948461
8.636548950236424 9.491422964560963 68.86448382088693
21.03977999068182 6.162073651939207 66.15057280328955
7.48798324705623 9.214990023689266 72.20651061379226
8.817446635229416 2.72946633185585 55.11647883384982
7.577018813529881 2.816366248091636 69.8728720136653
0.136989025377701 12.40547852756314 56.74017916165845
7.503983406972885 16.39224864201861 64.6517531368608
13.23963664272791 -1.20723723504797 63.72378625250364
11.74740104680399 7.53326146824435 71.65262213018541
8.313331114423384 6.926703388045917 67.69600355090598
12.78802766907804 3.710503918248608 70.42160489317368
7.221767103522605 12.60930520701693 61.78065365669911
10.90185772640773 2.95064785898468 62.24548773554329
5.465418166055743 6.43633273007491 69.93004030116306
13.36025844914119 4.535693103977684 72.84852447670202
3.249994677586916 6.357549415878551 52.09651834692381
10.29543221236347 10.28507298248674 71.99518000938743
1.276225526191389 6.613996711094968 73.77799907061345
20.44915758182158 4.695437811630892 70.02911758541943
12.33154314411979 0.3633567910251697 56.89456043881282
14.87548214870478 10.86193678807463 60.27272195917105
19.92294545732697 0.4537533271600407 64.90877796708506
10.79460831442291 11.60280055980354 73.62622996479189
17.54253925122489 5.227361519145934 58.40999416928324
8.537784285878161 3.015096285980137 76.69683471898904
8.32759942223074 7.466133713466283 73.88008289754806
9.31535197849148 4.876717894897103 55.42099201322301
5.422062414695284 4.325118894197772 55.11155578599764
-4.125427182548861 10.54398587337171 63.42045095592694
-3.284420120359293 12.10542466458286 58.41994749806636
8.172520499020832 1.891414324900999 58.99542566154337
8.235447634208452 10.96782711056733 54.87394344850291
1.428210055629434 15.9191915467858 64.06444347901126
11.45013696001145 1.665235462077823 70.09356700637873
-0.3843091817746696 10.12553495845885 68.54778033738458
3.071074219498809 7.340807521582262 62.39128467895257
16.02605857114121 8.581035874831258 73.00506622796426
15.87092579148141 -0.06913826238475329 59.54147026475096
16.3769384738035 3.174078679854291 68.64750911845
7.274205880655932 9.226863502259214 63.57230765016882
6.389273370948148 10.92717293242476 70.12948252174661
9.166566749547705 5.430576541214986 62.72317883581908
15.28548954801994 -1.691230131816078 62.34372532280693
5.887235627254919 4.994064941540367 58.45243564363521
10.91603502756961 6.601364532758896 58.17211707352718
-0.5564730116896229 14.76395907853417 56.60185128738361
0.7721310252379839 3.461139829844429 64.57765999486722
13.75511515711011 6.880497150759937 72.22046706434456
-0.1257891643579543 15.48734854718537 59.56954630378609
9.98942342275652 12.63022190284841 63.74887122619591
13.34692944401668 10.83550095967198 73.23099430836942
3.48142801513981 9.913082189714597 56.12480889527018
13.94241288789104 13.30423344226195 61.89576476496202
12.62812002240078 6.786319963229936 67.99901816898127
10.87721763708463 -0.1897267209592737 64.04381207320053
6.614607254090121 3.751754478089735 74.33307252186626
14.42323370847163 7.089824404045717 75.35237588891908
5.775295758343451 6.900260078921138 76.84728322989295
13.26664833661575 6.362152441742517 61.40593043967284
10.52102716749123 11.83343559493586 60.89783095891526
6.819194747051188 14.96836519237293 58.07343845491478
-0.8360584752893454 14.9516632716837 65.96112615436813
10.02752098072505 8.500632772770924 61.69898192673303
3.722128154908577 14.43460045434568 61.28075475497511
12.42648585096114 12.01277194111882 58.43989572393652
11.20274768703839 8.350499911431823 55.23190166250927
15.47841682106728 2.024749864727061 63.46924142971675
18.3793714866239 1.944002043625104 60.93962248483135
12.50404773045308 0.3509727372189237 68.22196108359813
12.02050462400875 14.83821878391435 62.68132646763622
18.42825980135774 4.768236740471991 68.92276732809971
4.138920786045792 10.73238199794091 70.82774364243714
3.250919228377934 4.019520073532904 54.5149420356413
16.99424541583723 6.774602026301954 69.8240934939808
11.26337084427529 4.942595893760528 55.81032375943438
8.489277383654922 16.45475057608864 62.25985062119312
15.54473724917213 0.08981603712381769 57.65763003217407
2.038174081003048 8.541847916986189 73.88207868623992
16.57062214095918 5.594271444204894 56.8511046872045
-3.907084265768377 7.857296809278625 65.37154393534826
13.09975796086326 13.87122078002479 66.76934066537194
9.055988704535752 9.310952153926499 76.68257903734698
6.645054383502026 11.43927843511456 57.75600789547782
15.5035843197153 1.904924695524374 72.1028751868723
11.06942789929843 8.018410733764247 73.59732199472357
17.22819498762929 10.48715101593694 69.72124704320956
15.99390142537876 4.394546368149089 59.5147259541261
1.697211165944973 7.970350651539374 60.34732394758093
3.218333280946402 10.84431951826149 53.05349073500101
11.93627648023926 -0.6674085486695689 59.47732547172716
-3.408040025966051 4.528448246645215 64.93360278618997
1.836992525479528 10.28940233747206 53.44795972374705
-0.1090768292645158 5.665072605300574 57.21049923929256
9.545667635688719 13.52692701657364 71.57136893226242
13.537893376856 6.16283027460269 58.40518090213575
14.88640176219715 5.622307856788133 70.59833685500881
4.067106387314393 7.394393535364513 72.57862553764886
7.396308922753422 2.812154232647463 53.8062477897312
6.182590481784658 6.996701059160077 54.79929271816073
21.88187048234177 1.482674602030431 66.98526256472914
12.27244559620148 5.469682284874461 64.15076636216857
13.98491110273291 13.60055850328598 68.26070442813537
2.501051547429798 7.198511188867029 70.4924921351236
5.389755904297268 4.990285299087513 51.86405359547531
1.057541014686366 16.64392826701852 61.21150184264227
7.159848911193424 5.495841168984674 76.63221994487066
6.534620959457118 6.227605646701607 74.77456691636515
1.299566571351142 8.66633782834478 53.19919451303728
2.779133696337826 8.359954097286979 75.64565342453345
18.56114639488989 5.56972695947877 66.80447080920145
13.59062235871404 10.3326981361578 70.14818370851287
5.394707719086169 14.81586807497684 70.66595373213177
6.63258562423465 15.43555325185651 68.88803264289855
5.20623541720734 16.29845505082467 67.06111719498402
5.154654528778724 12.45712353621028 55.0192001666905
7.089028459926618 7.246347630873668 59.56450381065905
3.288557990722048 3.241511459999463 68.78509240463487
9.561187671608828 -0.09664734465808844 59.32563632257931
5.36049772923959 9.642209887614467 68.28396696671582
15.11314536679521 4.857866307541187 66.88718053190351
7.628712202634325 4.653459993294082 56.78627465154984
10.04590801252741 10.49717316383346 75.12218181990444
15.28493998652381 7.136194744806946 56.77819419502531
14.45836155830002 4.782271814978696 75.52198455536491
13.76431932535843 12.5108592786157 59.87892761522095
8.904897405117566 15.3661992920004 67.93545123566705
0.3170464123103702 4.036223910229808 61.74082985591609
4.847096050176324 10.08696960532806 75.78654428232014
4.69732113245021 8.120554435967472 65.11853667807169
5.08843230720959 8.941446391204874 71.51112614660275
-3.100262923153192 8.842230864865922 69.21598584524699
6.52778171489906 9.2769255537414 51.95048571524481
19.21869491899004 7.694093843697406 70.98640460980461
19.63861942168269 9.297207958800163 68.10607405215882
16.33391549978039 10.67726167204935 61.32315349379526
2.209585929303148 12.42223735003874 69.11523098436145
7.983682863108129 2.890592387069082 72.04950618097281
10.86232542690132 4.072687538544551 69.3305118543089
15.8797459381576 8.56550033135445 63.85950859876719
9.1673080955175 4.800566387118245 76.75511914552696
-3.189502600168309 8.871300954009147 58.13879207998406
4.975363935011942 12.51001013763259 58.62709578454538
2.368294722954718 11.74568861654733 65.01003031514045
10.51726290233198 3.728373574059443 59.31434103276002
3.54214420544595 6.13327329124356 55.19376644573544
4.426606933279375 17.35581068241203 60.33801437856062
16.58532121090673 11.91985105110049 64.39936074343962
2.765259639675028 14.92266934728256 56.93761285144332
14.75398808859964 9.855243510243394 66.59744075337537
17.39130432379063 7.655929748917018 67.78275465910544
13.57340365190506 2.681711432588484 76.130001805125
11.82276094245359 2.23993840041663 75.47632385236211
11.67274880909824 5.07902670637264 71.58584955300699
3.124609059511499 11.58323527351056 58.03301255318218
7.568754036396932 10.23017756954219 53.22889764891465
6.512317286819943 9.284706569272064 61.35677562724772
1.023340429487894 11.72768276833786 58.62077229980404
1.420918958565759 9.072188605106618 58.05611628807049
2.117419816583119 5.572993740157825 57.98153554408049
19.24696215441284 9.915387713808187 66.07182483267492
-1.09363389561676 10.59227882176311 62.31887449353928
16.09198885361712 6.877241571079862 73.78726539752216
6.997014110745672 12.30790950632877 55.24609405206995
14.60322600002364 7.145219978164234 59.91004272963862
5.212785009394541 14.16198041609645 65.14518534223227
12.8383491973219 7.790997182533415 64.71420422039803
17.6684894901153 1.421667490849049 71.54135005808351
13.81257988244537 8.734885794124949 71.25166753203121
0.6850598099916219 10.0526668298002 70.6341538206466
7.487960521219224 7.797067092445536 51.82300830611624
4.852009851503697 9.397169981569421 54.33388156090313
9.418655691480438 5.447768590098611 57.38470627230884
-1.776201070095712 14.9552458213254 58.33549966913201
16.61572305357063 1.629545616898356 59.72829811494048
-1.566668531657608 5.510168908678021 59.01719736897755
-0.04949300943174795 10.69761197685 55.98328558953599
2.736242887779516 6.032120188533182 76.28946702319978
17.50482760720576 7.035871311330832 65.8277658636033
1.475365775167935 11.08822197526768 54.98605905645562
14.66004430633726 -0.5882984604313368 66.69393995549788
0.4291290673898214 7.360313053437039 54.53755629368509
13.27551269073285 11.36068219694534 65.80049719959339
7.757262891068269 13.54123792264007 63.9478726257059
9.221311729755259 12.44545644908764 73.13916037845367
2.930467430986656 5.558085282690673 73.26451722001342
20.14877362907237 0.5413450711767471 68.51429901950159
7.283301334937668 11.81338635763824 73.6633647371075
14.15768411237774 0.5975101981215287 56.68333875521324
5.355594067274363 7.146439709781493 57.96851308031204
13.69968160227338 3.519681909135668 58.48206594235926
5.336750716127242 12.36030654335662 63.22016707076276
5.131468785194787 3.532496912736239 67.67941148276802
9.765916375346579 7.629391341217556 76.86846290589484
10.22862010479776 5.610338981808877 65.0219401220195
4.554816356618224 7.694631890338656 51.72890595866332
-0.4044574945843752 8.113188548755398 61.55818080861424
12.12953881834214 10.86885037925886 57.08194494782851
9.15167064789514 3.134858163123319 66.71046253559105
11.55103055297117 5.10299680099079 75.06150480235306
19.47860391804857 2.418800618495238 65.18406527515705
20.82261816380693 8.639233045909942 66.56937654358313
4.946386070501555 11.25249837564229 53.19076119536111
3.945279743405571 16.02211269616602 58.23967124357576
4.771522144721771 17.85913725678284 62.92580746992451
5.410940853796038 9.216098401431244 73.47653097067565
7.966573899826705 4.085017025500594 52.23029086943445
6.737690292607085 9.295512157600934 76.95125451405997
3.428915004095355 14.97159651531285 63.48562427208689
12.6820980151432 8.23018176185656 56.09134980472438
2.966311561227108 15.98881105523892 67.57595995205605
9.572594505018355 2.319194875837356 64.04094021645123
4.653736648291345 7.252603740112549 66.91643127477457
13.37177858968643 9.103116485359482 75.33045503508313
13.69653738935395 8.060815857489006 66.73731962119821
20.30810379670841 3.012699875832518 70.91799737735533
16.66403869615829 12.16400951627444 68.07968629429544
3.04816728082638 12.66137613966872 72.41765956638733
16.84998530956051 2.221479813703166 56.61454915972789
12.84046970240314 4.004564006247958 56.54747577677136
2.023894405260516 10.18496726448488 73.18148535828212
18.51972546736506 5.298645443957226 72.36737314385407
13.311433745109 6.682282425330758 77.00971308133816
5.378064620193607 3.787509602414618 65.33794222467657
18.1059685567643 4.191186369180046 63.10196805409932
2.709420139366323 7.992586312092161 55.34251831473706
-2.77284406779261 11.64485626204336 56.78531320598702
-0.2784612026502247 7.582702437268636 72.9512128092091
11.66759693346279 6.880648226702884 77.08795216623672
9.336003019444457 11.44048851469107 68.80630832753981
13.04427041740695 6.066223045488478 74.84892849587828
7.462538595463844 9.222482045001451 55.1345182922602
12.06823406572781 4.651121835628795 66.44535967194446
9.118789653084367 13.12630705953133 59.97526604329808
11.77587238543995 13.91963146164369 70.22524917960119
17.12976731662788 8.818272849525146 59.82844407320693
4.785511851533409 2.012932648567118 57.49200177392157
11.26341348323977 4.710455938799234 76.97569129131297
8.973678705007583 7.751519411720213 69.89041534956264
3.391530315299269 4.22739095936363 74.90469948242558
21.87997903001229 -0.628467629375611 66.89153342219061
16.39518383101896 3.804004935391974 73.32310236544403
2.901807738929338 1.096175778252551 60.71812711708361
9.998792988833644 8.107940747765847 57.47401778497514
13.74092802198182 2.025056195263558 66.72801779478509
10.32233495012236 14.86491696973551 59.50004490549514
10.29805159893616 10.17548575434099 58.09434676556435
-4.545189548150134 7.534203576489792 62.49668263634739
2.386785452002556 5.100674611501891 53.22112092193154
7.548605366694814 6.755865387321584 53.6874413838582
-0.09795410021639017 14.29377970201427 70.61769488673416
21.59463838455187 3.172781980564955 67.75951611424453
10.51997392610267 12.85746441257934 57.04923941244272
5.849247642320997 5.823853161358825 56.46377102646922
-2.413493229501932 4.112309218558747 67.17196224294081
9.282025086777356 3.926510785154655 61.12297046759138
16.06422304970477 8.422988046023763 69.95349439026322
-0.7887063557407625 7.164618655574315 55.93012152911456
4.616928005685082 3.855928566480634 71.66997284043478
15.0873273543786 13.53797859838601 63.8459295134458
10.66835420244495 10.15576719293503 55.18068214941341
4.194138946279229 9.066214463926183 76.79774129058036
4.333932225738268 9.973094123740193 57.95005782832536
4.840591150701395 4.18177469290971 77.09048288977363
5.790908150416528 13.64163071147671 60.59849953616446
10.76780083980283 8.91403908154029 70.70978670905318
4.694986652481159 3.278786711092401 53.56286883742857
5.787511780891408 2.22237769788498 54.97155014113764
-1.310656520982676 8.998379922482831 72.29039828769125
11.35437116249699 1.911022351201287 56.62449032727516
15.00606232149345 5.255450574305886 64.79906434273565
13.75234077749568 8.91556403425257 60.25694555173593
5.598382223369207 6.034043934759069 71.87675121685253
9.161451895819479 2.06467243137425 70.73005514430372
18.8965262516359 4.580190322809951 59.58778720407493
14.64084012015137 0.259276366522434 62.72806874511336
8.650313903516194 14.65662074568688 70.18436070552328
5.207794015584262 7.371035996108699 61.48861507199619
1.127584752044824 13.55839457983709 64.09387531513993
8.269940931830124 12.69436318241533 66.13416245268505
6.117476681439373 13.04714907714488 68.24795060724345
14.78331616167885 1.357783584837723 60.20377409139547
-0.2438702974919146 7.637770238017782 70.12745959410729
3.596402693407355 13.25286557252147 67.71373714024483
-2.072681641824907 10.04945479182787 64.63914045090205
14.90763422353638 9.966130412537851 73.4624649675302
10.56563236828599 9.74829415493112 67.56508096854699
-2.652316115641257 10.93253152754669 71.05908581271792
2.303819669536911 6.576552442622672 68.50657836364815
17.39871772436585 2.468146631706872 62.56146426210115
-0.7865793524825204 5.433260791664674 71.27932205367517
5.076714196600148 11.79455322776049 73.65569206861164
2.656621824594125 4.900623660911885 64.48014218978096
13.28391490373843 9.565292254685055 57.03443088369306
17.0535191905738 7.516660584974948 58.46648573345507
19.25635151932007 -0.2535244408642161 67.07028596520647
8.189909779565674 4.380734043057219 70.83258911331632
11.8776186330441 12.82094436236228 62.14682618653153
9.460808475861384 8.934058861781711 73.46426353942985
9.998811890063292 4.750877390871304 53.79061051598401
15.98528431847366 3.122142781861288 66.73990249952479
12.60813413217267 12.31799843925124 72.7998977145359
7.815028864118259 13.99526248355211 56.6658616389017
2.404914451467886 8.601037965783835 64.24897337087094
13.96980320763086 6.244398244768946 56.45270596577319
6.891523047819264 8.419478919821881 74.5470558441976
9.950485897651189 6.859586696981519 74.457959316464
10.43828090022135 2.184811569236974 72.78682253715135
3.105724247365078 10.90147177823278 61.59290013484124
15.17200099375397 0.167720041919786 69.13985179265147
-0.8432191951043597 11.33346539696408 66.68628973211574
14.70115864900096 3.142405057334423 75.29584340936542
6.259777616756673 3.158868857490215 71.14213470282417
4.102292288218393 13.52190572358202 55.9330057332736
8.924287108289805 10.77875591776806 64.40400853916819
18.74506655068099 2.527860909720662 72.21023697657743
1.860745337827401 13.99211093354254 72.37842207360904
11.3868958821162 6.628517202364567 54.90489286134864
20.59326246408393 6.656540410619605 64.22246701973675
21.26803630704641 1.681635502554639 65.24858354279253
2.214848174754987 7.43496293424584 72.39560854480797
12.68387739881248 4.915550395537078 68.64766888965059
-3.708292579903501 11.49879517549575 67.49430595407229
3.27026371881218 9.919159569487453 51.78962313418207
13.14919476602643 2.105867165402215 64.60891802899256
2.144584327469658 1.889677772011403 64.29568742284019
11.20436270020677 10.16071074554745 61.79920939701322
14.33557053988079 11.31126052618171 68.01953115643657
8.293636700801947 1.141155109528594 56.07800365361086
7.808245930127311 0.5143678034988044 64.37044378838632
10.85836876105025 14.31369803571523 67.22556302341741
17.84349916774515 2.270753485712229 57.8012886228305
6.888332519891331 4.806720478274933 51.41636784300875
1.127935507076497 5.041096557930355 72.52765549367363
1.340105031509938 9.691552985300392 67.39530343187148
6.413675081799745 7.355822192361301 68.3546176628207
11.46656659214647 7.223572495758555 61.07369462465678
3.019722558677861 11.19918092725959 67.64635418225717
0.722538955797801 13.58995846932123 59.42704604244283
4.929786130875218 7.06118076802286 75.31242028016779
9.363022415556209 8.789610690675271 63.71107921695307
8.73009026763855 11.18206594641559 58.32400713862694
10.93528848793639 1.579908715361421 67.58912163294369
14.07491960243263 10.01404766850956 61.8207315967181
0.3404735679746771 10.66284983036306 72.34952051478329
10.36042342681101 7.730121831615019 53.86519337294383
3.961327770144154 4.348885972146912 52.37794349567225
12.1389649019324 7.708870000190744 57.61137339742776
20.38020741157423 6.313402536231575 70.83830761333336
21.54657429884401 5.983913155378133 67.98314043317478
11.62273062680998 9.197696888730182 65.63820929279859
18.72245479251448 7.792940784213024 61.63232254843144
5.416229009210531 10.13874416360752 65.79396409192559
5.230923005715427 3.524105985285378 75.51189523892866
6.102725340530648 0.4744422841585599 58.46713526627564
4.176287984745388 0.9902409784600966 59.43486214447347
20.86172891424436 3.136272208762165 64.07907600764622
6.229242513760749 5.662730572237613 53.55356089626585
12.55528469067361 4.053880117696306 60.99442952450537
15.93366884447859 1.574811147398015 65.40836377422447
17.79597753241208 11.5388885960157 65.96952796924037
6.17484268929791 12.76633471147801 72.7827601442871
8.062645390164906 4.85579317469146 67.01706597688937
3.991576327864871 5.497643858289189 77.19802455040124
-0.5371546789423496 7.142034714888644 66.82224976070648
2.57864076339469 17.49409523478696 60.45697857508632
11.47535794087072 13.61031781923177 58.45547300546557
3.76997550235437 8.398401366167725 60.16728699668673
1.47909801489766 3.214752786178607 67.46015394187415
19.49184792624375 4.094183499907494 61.55941616793035
5.628461131750995 14.7468991447795 56.71938004505688
8.363570489145816 1.108122949116094 67.59690682611476
7.743640949632665 10.168018196684 66.23694682548629
7.122247046622622 8.512230724734094 58.08341065214361
14.36431110992662 -1.207759887768371 59.49205703348247
19.4201337184423 0.930181894463449 62.39875418219712
8.660174189065637 5.915004569703576 60.74803417112417
7.638157580454057 5.82762345537814 73.33107061157399
12.67132434533706 7.552273516117257 74.04898051403902
7.256666449224137 16.54655985698813 67.10681210561994
6.243594891483758 7.356839273371175 63.62314161576725
4.2864928266583 4.876440752610234 62.15922740484336
3.898802317098865 14.61362479143265 71.57137778540526
2.862585810488977 15.35065443750989 69.99882288928741
19.40125132825486 4.018843614846721 66.29232371562949
-2.598611703334911 13.61246637400656 59.92952194422449
-4.28456432833425 10.12887177940494 65.7042128290671
-2.329099825793734 9.233105885525713 56.68637719752259
-0.5963879147363894 4.071936195105531 68.7808933827002
-2.720527338125596 8.341497245920822 71.04492076536759
12.02530300789764 5.786550847053796 59.43665861348536
8.956480729531656 6.729418567399323 51.85158183034314
9.418256105474013 5.451463262029525 52.55845419009093
2.472229559310329 16.77047655421217 65.57006294878643
18.48561409487491 6.589371719257488 68.78466944821997
-1.381620021345391 11.15022321012083 59.48826424219337
7.470182675893737 10.98170107542553 72.11297488655926
8.318314682350351 8.734950204277723 60.66937934947187
12.16296711456447 11.16629148346501 70.75184215455586
13.32034743882957 1.929690305484868 73.91785937166108
1.989465251058805 5.602079910824739 61.25444200655387
18.28942395137238 0.6465552094753251 70.17916265151325
18.79447132457791 2.300694976205396 68.20330838850934
1.616636466195282 7.467847052335052 75.06047608572428
1.657112192339379 16.03974861387863 57.63582905861641
8.696231056285033 9.309109576068698 70.82516839721343
15.24523827606195 2.853332071574871 70.05591595860926
6.172610735057884 2.375524341959001 68.72753584492152
9.891894395220366 16.74264123313717 63.87105746350022
8.093665587670156 11.25474855756961 74.99476475366278
16.57327540186134 -0.420686340701883 67.76904673992084
16.71206447987959 7.309087931104272 61.9778023210641
1.885915370442385 3.570131374182155 57.15838843755829
5.811753113351049 5.250430245544333 68.46863870978433
11.93972359536069 14.79350660353385 64.99291655544535
3.08105912945244 3.995793215839003 70.53369064533862
8.115649059591689 13.38754674340063 68.13940030820214
-3.892188058065663 5.836353670959071 67.25937925091351
13.77264980032651 4.082733027051141 76.75635812519603
6.451709554802465 14.02826048865824 71.70818477857905
6.840516113970056 5.386930138593914 64.06073969001511
12.97478197837111 11.11969077823637 63.1005689033052
6.095420016515062 17.03737030902694 59.65128137499484
12.69637712560133 8.0206669329986 77.07505246775511
19.53993932737128 6.768489623929804 72.106835372372
0.4789503360551421 7.315844595252446 58.32827611113994
8.768599995130444 6.35748506212418 76.94158041620132
2.024262887865349 15.12432194089597 62.074307386897
4.950888067484537 6.2967691232977 73.68927123571973
4.269122978494865 5.493568941150869 66.01789843546925
0.1257009717931488 10.35357409279174 57.78447237113154
3.511198695708295 9.764714928477224 75.7989401095974
5.175647603054735 1.037207219534071 62.1143464778183
11.06173714960018 5.913073604621372 68.63959773260025
9.958977051427714 2.785159794233148 77.24738046850182
-4.851789923322569 9.659893183700513 61.3516759468279
3.113237466638265 18.27219115577176 61.79255246271697
2.969681908992446 17.68671895058672 63.6444027924732
15.19823814457532 8.62476072074379 57.246439250526
9.228202126267959 10.25049092694727 55.97743403363935
4.101342714399737 13.27869303661431 69.90198858148118
15.01115773899692 10.23309237192496 58.62646046743157
7.339695952186359 3.308653832499262 60.40048938054576
15.02832473264394 5.323399320474804 72.25449864056215
1.094104548357175 11.73597555231155 62.81624606248641
18.2243250365876 3.792542960625229 72.7928694213448
1.114152043840885 15.39331373764418 66.5659165973412
14.76462195490615 11.2238237648168 72.42093431055808
14.45460861169114 2.570196835821645 68.38215722947139
-1.006645007027882 12.60215569402946 72.33038194784774
17.85369513908583 8.697182531688183 66.40023213392193
7.620149398689005 10.62205187373402 56.43418791124551
1.727076329963627 6.512392405351981 52.32577168832508
14.74983347704022 6.593528906001491 67.29798308481317
11.63693231084698 11.44600737070486 67.90851971797642
10.4017508856418 9.916988781044415 76.46994238845603
14.61212040514573 11.57207585368824 64.32082514552478
6.513790219429801 5.048589050753529 70.50900342959977
7.077153091782972 2.852153715537511 73.62069958453823
15.11948957414512 3.616643792917728 56.37819232534554
12.09112645853364 10.02351303312468 75.91732568471156
8.29092939291275 9.099860360750974 52.11072534638467
4.220421798504242 11.06979757064311 64.38763341089899
9.950966992103206 4.968058075817401 74.35154420867153
9.647796720036876 11.55961188697036 55.24063752590298
3.705898618929865 5.92716768160449 69.55819623405952
9.236445115058855 13.45776837981587 56.53376987162928
10.44553785107201 3.880623100989025 55.00835070899938
11.59428750022106 7.309084416119989 69.88562586661801
1.217667918444897 8.37539164471343 70.79204501009546
11.12913198318153 -0.3585367444337411 66.79834972921728
4.344284938349428 10.90931793931602 74.62936654315087
19.18066955357376 6.493813336908819 65.36161897190817
6.360281757877685 12.31274365916418 71.13943486054707
4.266443821714411 7.499961960946719 70.77899112575059
-1.032975214190939 4.60674541193158 63.61256680736303
7.649526680967036 14.62804374758319 61.79462000089808
15.66279055719221 7.002534477620122 64.87009430608869
15.13086904055093 12.44336128544226 60.95713734651765
11.64809618084038 2.999755332576921 57.94997110094661
6.85804773959403 7.915024849082691 56.12327972547614
6.734042634746126 5.355279738179699 60.29193172986286
16.15484621624836 5.229943926631567 74.02688527301102
6.579253052129823 10.875045112004 62.61480012482195
10.13681434735266 2.14849463670698 60.53905005032481
10.96214468239856 -0.4920979389280464 57.87089525411012
-2.750844425525278 5.01915455518056 69.36556122392761
21.87098050034117 4.662809921710082 66.87413106611703
15.98740753209043 1.004925926594254 56.64053779435037
11.13567324971222 8.637642750423717 58.62067127966135
6.649970025201136 17.93644189271244 63.06655661294882
17.11519103642129 5.482939717664037 62.38103921328159
9.184861634084605 9.213512520894758 59.15183511599402
14.18012233746137 13.2669545868405 70.28213063580486
7.281857377276541 9.853549308172706 73.75248050471059
9.214853557385638 5.740852361279526 68.8151413156901
-1.152807684377022 13.67239913412235 63.85722730179724
12.80955821812125 8.372688100051771 72.61280974261052
7.314048375425665 -0.1790794714880644 60.32728636122256
0.8585481055260016 9.368064223454336 56.48932893970617
0.17799860065369 8.180649115428793 63.65858268837635
18.2237758526059 -0.1791310734074545 61.68438962940101
17.68545095880297 4.372332722018637 71.4901848666961
5.905160510803462 10.58438489737217 52.275736124407
-1.184765573732519 8.328716444952725 68.54423212656674
0.9293256675634982 5.730041192667936 54.24717265156846
11.44954042065125 8.503954381757634 75.06459198495695
2.576050526762377 8.14327729626862 67.32284139245012
7.767065104467667 3.821477113128484 54.89624694867069
21.48650102808245 4.853944023310691 64.99224149188346
5.427037968612002 8.400879764866087 77.36409424836971
10.96391487195897 12.20041782754832 69.87261357167462
7.483552379060919 2.734257198667315 75.38801808557164
-0.9452088784057862 7.541498166026312 59.7172299883945
-2.400879116292862 11.89424534353528 63.50205631082053
12.60707245493443 6.951774081596227 63.05630257554193
-4.167265461651164 10.33497338059293 59.19196701624085
13.8006856555953 1.118025531452655 71.73695843584019
11.42999082550957 1.706141206914517 63.69962929085145
10.7103636106899 4.530660808588524 63.48205018117682
20.09371621716832 -0.7745085680973285 65.84276835278328
-1.3662934006554 12.18397842270605 56.32091933090879
9.101371772015733 -0.7013544453372813 62.58300687081773
-3.06577425618376 6.81386839896646 58.37418425168475
3.832174445117679 6.259572945182978 57.1230398456003
11.73099794027207 10.99984461553309 72.44671592113396
1.866598140512381 13.26909331383314 61.28947250233109
12.22924121495188 11.4733030526645 74.19091426206288
8.59200112561685 12.84892548150293 70.23069300215631
7.922814571729174 8.447299079642081 77.20535481318463
16.75008412223424 7.060735035704973 57.02299093563811
9.925403548300068 2.509313826240971 58.12943368135771
10.08907082994423 2.080427669173679 55.73500942446908
19.88115611514917 8.731677916136517 69.7435755818411
16.44881336204298 9.329938066263171 67.26347055601029
13.11022653834504 0.6350183156803935 60.01065406657818
6.218726114236914 10.26897250592984 76.1170453347127
8.217528186598937 3.622953654285213 62.84260306174111
12.32416165777195 9.62887620388917 55.9415567835491
16.23783848005903 10.05817905805739 59.74319613546384
3.785533763375009 14.53798505061451 59.14528442348012
9.101671425586309 9.740119802704175 53.35072513543078
13.25542227310448 3.922204556750769 64.32465887140566
0.4107807517784092 6.037159154918943 68.73648673180723
13.82097627323729 1.874857292868825 58.6907046411887
-2.865712775573821 6.359224306896215 70.60696855366869
5.521340677418255 15.9246124331555 57.83965105605354
16.44097141057871 10.28855466698227 63.54992936410424
-2.405418314600055 13.24075866066148 69.14173731817424
13.53270427738016 5.283359398053948 71.51430191648568
14.13872312775657 8.615710491887729 68.34642770419894
-1.854474418069032 9.394937556453918 60.79948494226213
4.742234976178297 15.91200679286236 61.36052075916241
9.358164121288214 6.936096892240457 66.09279202360449
18.17158234706497 4.002842329596678 65.01096842194066
16.78104172604321 2.996684406243238 70.43741638356144
19.98242936862657 5.256765010101332 71.82620006552374
11.3452037544866 9.419875119834872 72.85541152505382
-0.5882175509894383 13.35476019967544 69.15149702049617
3.987107610454429 2.627616272558844 55.75757757211687
11.90504712693418 -1.433539403995402 62.12061021983633
2.004037423515513 9.488177150384141 52.27541465526222
20.53050835148306 4.567710432342523 62.98904663009475
5.385472418531748 1.589784147602478 66.08045504157813
3.875387887927016 9.450670011109157 72.94057423633502
5.657126189455006 11.30192817363474 67.43436859363202
4.685418891189506 10.69190875567458 55.3097511849441
-1.962759494269995 15.43138026316622 60.21507024437901
15.21260458833716 1.436355805973024 57.96319562444497
9.977692953085933 5.717314727303503 59.48199151786575
3.94230139969891 9.114849701109151 70.20995382692558
5.512908890026494 10.82559055906822 59.03409464546868
8.951458445002473 8.377581384780786 56.23294945168086
17.17137836609748 6.029084180665683 71.19244043307728
2.925081372233173 11.93920608649912 70.60931546682554
0.2043191538062582 3.807199516636848 58.6938849169666
12.2518304351215 13.59862023147174 71.79171061953812
12.24981299685824 3.783700598899186 59.33911861699689
8.465377091018475 4.341776863872505 72.84749387296132
11.98373556821607 2.061360369762083 66.07636926319492
16.55572577999177 2.385798045965287 73.10603619843403
22.33633779185826 0.3266496333160447 66.90918951255445
21.4772608687931 0.5364618803421253 67.97712118859454
1.89892914750228 5.430997998843982 74.88943425825573
6.347631228785884 7.544467949245484 71.37736354782848
17.90178258649447 3.841940589050784 57.75770720555573
1.437781791076615 13.98427842017085 56.18836235377675
11.76667410427042 10.56031339167347 58.61445698326573
21.01521844315279 8.249599888752723 68.24994082953378
2.822900173032331 4.067650862521489 73.18916284353091
4.565478736687138 6.14374912421421 51.47762316103044
15.3704706270239 8.092042632218249 74.53958922722167
4.250867483096404 9.20850489221613 51.22188790534299
12.11917181499279 5.339183138980768 62.35525468082834
7.893770455153949 7.561305975904598 72.23602094148282
7.475240676109294 4.79005437514366 53.3340508773302
15.3682241664589 3.966176095621239 58.17952206887214
18.64499205708059 -0.7247711131286165 64.88282951875208
4.50993320647264 7.982871824822167 74.03855229150392
5.821837679646261 5.304806609791482 77.29481127128558
17.36964379235352 1.610686991679165 67.15805240624314
13.32001894813404 -1.431665134486565 65.62131753489365
5.026788129221156 14.38421059957762 67.10350305086472
9.020037385465073 4.041524423124757 68.29040268725485
16.49783556671522 -0.9845533680027712 61.07430854465447
13.65406413390807 3.823904063342064 66.66496835109787
1.335788382909447 12.40255572648725 55.77480514049783
6.526405165244491 3.025633944695657 58.45955337110796
-4.161316949168848 8.462739422526742 67.40283850947856
10.75747626598258 12.98176029522546 72.96971995755851
10.39546370384596 2.510097312885396 74.55651944564801
5.890701138475614 4.018503233464227 56.87749409643889
21.55834317116615 4.488995072340437 68.79279616985508
16.67744816295192 10.63354344882484 71.25989534631459
16.52663343403458 2.724687797245282 58.11588277622098
12.84470977878554 0.1098262330426311 62.54410954911283
15.92743937662433 5.65563224169555 69.3682640168973
16.90196154607176 -1.283553077232266 63.36446382060095
9.118292352547327 12.5358762463126 61.98552836590279
11.47187213624787 6.66583671615972 74.83974219582872
-1.478496317342221 12.37738459567702 61.14204132875377
6.176188514625704 11.19064981324784 56.04479769574624
9.489908141986319 10.85450603832063 59.87062812743169
5.553867465439599 8.359528685212524 52.62933275869903
-2.641590366610148 14.47493790032297 65.13027887833348
-1.568766231433315 10.54889369988992 56.09517165768014
19.9600325524899 6.245648456258495 67.42638008560689
9.698759487468525 11.75373320607449 71.77758331132968
13.9211685899529 11.57938195555465 58.62792529880723
15.64901887767634 10.37787872716759 65.14572089801705
5.236925116032421 3.60035537598444 52.21595395456843
14.17043291251398 4.290431727566105 74.11272709845991
13.9237671851772 9.634654658194446 72.28377200295691
14.54272523680923 8.466677341741685 62.64004752978004
3.190577856798424 11.47347879481102 56.37487291164002
8.396631306654371 8.714155263316131 67.19326873279188
3.934037496100133 12.73213708214392 57.29680395820181
1.172688353162129 10.21930124079685 64.38127851680947
11.45627901558668 15.37566180300916 60.94302602897282
-0.4916076795545805 6.023045181360408 72.84579905832473
5.518652957622677 14.10013059941416 58.69199996634305
16.04616995157573 6.04907884487793 59.8820578154567
20.10221947382943 1.239079747373241 69.85876766380274
7.03886784525128 6.231365623315935 51.35464923093511
18.65872883374447 10.76937169027881 64.74405365914888
2.113281480073898 5.991079315670634 71.57196115546637
14.1623771640503 7.080990121279203 70.45979117936041
19.47775397340715 3.688842421814269 69.33599090840191
8.154206541271943 0.2245306878614051 57.86563439484468
6.328910571912065 12.66042628343295 66.26199975400142
9.490218700241556 11.74653795365479 74.46069904049124
-3.359071698537736 13.45619063839403 67.23862479511251
2.33837294916257 11.44893123777716 53.77346392177682
12.72931529646764 -0.86163454963967 57.99386350674385
10.42688271058907 -1.416568753366831 60.60535522877408
-0.395071411112855 3.256461209083758 66.38490873689217
2.432943549360763 5.04636399408294 66.3871314257965
17.76663634595784 9.960565156426343 60.92046807568602
16.20840669392303 6.262482047516893 66.54865538955328
18.84345196580505 10.08033886158893 69.3869739169495
11.84281340677278 8.264422148410723 67.45559559671182
11.67772748228785 3.584389319683735 55.83166745120739
14.37045140888885 -0.5887863109008773 57.43477178594036
14.06280419111283 2.592730366254052 72.33731167282896
17.69390913313813 7.751470421357433 70.78572488740407
7.117844021207041 9.722719977805735 67.94135410897931
2.178430396522547 8.464918064145326 69.34568401841419
8.389857640462679 15.44893484153548 58.35282638443901
14.37519179268944 5.831263526710691 76.51741135658978
10.65319129878874 6.806474381911965 72.6035107011184
4.46864857945302 13.0760218486377 72.9008212464759
-0.9494877351582662 10.79192081967846 70.08216553073552
13.17897857293019 1.411639490435967 56.12226974672153
1.169179821941214 10.11694000029621 60.60137589291492
6.077147106463448 17.34440906845815 65.63024180071312
3.671686375063062 13.11763914635004 64.65052653891921
17.57449431641918 8.173818903669437 64.54251894922
17.50751616108932 0.1722383355900261 60.12289697445979
-4.70099242830386 11.88154905440538 61.81369290021765
20.01546238140605 3.025135051212243 67.41812632852383
13.83555533303998 3.01881939175212 56.3328943185175
16.34933044850596 3.566561107785819 64.89641605454909
15.28225875959 5.379795392541586 56.31713133100771
3.058038133081789 8.082849830426316 53.61358992219126
-3.418370500085361 10.2553461460543 57.32186533187217
-0.1437440847989224 11.87243574404888 68.25772902439968
8.879446594734793 10.55097225903953 76.04253970663008
1.269792359863842 12.16274210444024 72.72672709507049
18.98115869728824 9.701375912777133 63.43832033999051
8.218524947832577 5.873145217307505 55.97165120142024
10.53508407291978 3.309860905731496 67.78089871086972
2.493460386168039 9.458981064458362 75.15881099523739
6.040225268452717 7.079110061304814 65.47018207318609
7.114130796017473 15.17305863921789 70.43266584529879
18.34907298154051 8.419476496056374 71.92884208488537
9.796924990100571 0.5577845471557861 68.66994406774596
5.742684258891678 3.463907250808345 72.83348188755818
0.9989457727872997 15.28376829220104 56.45936133844657
8.995578705716984 3.666185971710867 75.28471085013204
6.151621478754887 5.199829337863556 73.56757252961339
1.419298363207887 12.52767466199058 70.89157817298104
-1.741352750984915 3.11099769475664 64.88997905418465
13.97830603014419 8.715633775194842 58.71176038736682
17.20095897367333 1.862955840991609 69.06524532043701
19.3209215241897 6.125506495826401 60.45475507041149
4.833313330507706 9.817059734371368 60.74487069197313
4.225586644863131 8.34483967905768 75.53985524887452
9.12718259467278 7.265661552376494 62.71553659280926
20.54183610873096 1.50287259559162 63.71855891037238
12.08309995223243 8.830412041900544 60.56455756951298
3.025542704486244 10.60158039243181 74.164669226564
1.644308732696836 17.7654479361501 62.20113800878596
3.928618535830629 3.138313450785538 64.2135566265865
18.59232302823817 4.373252302668936 70.33101531585686
2.195588800884957 9.811087776178487 55.3420387210921
8.411594429784079 3.215193770725493 52.8947395038409
1.041425268437368 2.013569233684454 62.72779916946556
3.20840764517889 1.276416208490703 62.29516359479221
5.326957927656036 9.771874302289049 77.00994662127761
15.55411575714815 3.993651003149199 74.48911997156927
2.650027578760338 8.643398011636211 56.9328607446887
7.831149122950591 4.253583279066864 77.16630068581279
18.20587683667494 1.583450434003809 59.26479369785906
10.28236464652516 9.087247658419328 56.17448005379816
-1.964198325290611 10.23208374151247 72.23876225292202
9.222165868692231 4.247764581431277 52.60542911702179
8.96923208306535 6.917765952995714 58.06555030199415
2.806842986897655 13.67290514935313 57.94124369067161
18.53809147107422 9.467525289862015 70.7887859053149
10.78771363813112 7.492092894737381 75.85594363238663
14.74799005201156 9.272461798184816 70.07530395097019
3.589199424807422 9.66328218533368 68.32168799174579
16.87831348571783 0.05044230715281639 69.45090760872692
11.75861419163411 11.60099840858196 59.86619130163661
0.129829989835724 15.62867178397017 57.73918001444425
7.360563051440033 1.650967518668834 54.89390372126309
14.06602371349476 0.5344536685220209 64.44042638378059
15.98005739389856 8.206810774640957 68.35187854199407
14.38070014249936 8.001869133967329 56.24199293222104
9.229383680201428 10.90864545186977 67.04257169752859
14.61403756673881 8.275936849900258 65.31277723893349
16.29454318815124 4.547888004094835 56.07353222866969
16.1771438719128 10.02163843915483 72.55773146762584
-1.305710123020062 16.05193847360395 61.61207056906179
0.7298269353031663 7.060199396056513 65.27540505255169
20.35625580361529 9.117710959538755 65.06120618592543
15.37134377073192 5.812983368368627 75.24638412232949
8.307337986457032 8.359088542331051 75.11678713370718
7.244200553666272 11.60871886198916 53.92695016334239
13.59503666012367 -2.138705927911549 62.2859908115858
11.58014123064871 10.87803501895364 55.85489086491599
17.93595264796094 11.01743973802977 63.23322600793229
7.606008423385054 17.13390097262889 60.54775416230238
7.975594848639148 2.247337330180932 65.35662097528905
6.360069187450488 15.42574662374401 60.9385391082936
14.02171989947991 5.870240375380718 68.58332356672196
14.96933992229144 7.476087490006732 72.93681466133678
8.154983522392568 1.516156240885709 69.13353118900918
12.01965806234057 1.902459539794011 61.30261301413929
11.35812038888755 3.044653435577854 71.13664706352924
17.31062797082365 6.147852328644186 73.45228744189866
3.089490943312363 12.97383498098365 55.12625063576038
8.033671928481024 14.2387671984178 71.55933440370995
10.40614089435298 5.59809434410127 54.85927290858883
9.553015286576374 16.17589907048227 60.6804354718371
6.088187415932252 8.557734934606771 54.79536606645276
4.209229139355632 10.84846077919689 52.11956127990649
9.402634138761959 3.594916477303234 69.99142388613913
2.504568011340641 7.317614791356135 51.47935241004707
6.587657095772811 0.7586151878868335 56.77304080086051
3.404676948923059 17.18909635623127 59.15016966579508
3.540190937558088 12.66228262713032 60.99377851103829
16.64837349373157 3.072599720072149 60.41043526525503
8.07801388078153 13.09311553727549 55.6382924755162
16.280215412426 4.136781829547431 71.79842271137781
10.31167897830598 10.16898917461623 73.66873636546059
5.95507099923803 9.575699168200888 53.32937672736334
7.341310248201718 12.09920980925143 69.42056465920048
14.69824973478882 -2.07106514037941 60.85342264690579
8.762515916910202 10.13219273320737 72.13296411220986
-3.679355996065801 7.023601729092958 69.10454429087564
7.635078982612686 6.531896047293555 69.2056550321517
8.853968031851329 6.44202730307475 75.42551865599232
8.532797359380332 3.235180555957589 57.32285450586079
0.5149144107870323 6.261715109618249 55.70074175940783
12.55607098265864 1.093387289199574 58.24563722639298
6.712391852647309 7.782335386660223 77.37693876503087
6.735261371328967 11.76434588161536 60.31005906783966
11.81116464687725 3.743988149316538 75.54913398974935
10.10805970138375 15.2459211218221 69.28451069761431
15.65349880698852 13.58526581262875 67.46103565190003
14.76609858615563 13.88928698378981 65.74383989117764
16.94017156038847 1.207865493311868 63.52173264030859
11.59235384022948 11.72490827209106 64.9793828489392
12.71628155464433 4.772513397009448 74.21611223840387
12.6907384456451 0.4000491242974316 70.49165226519663
11.2923990680704 8.783939529182769 62.8619147801161
8.513372396159184 5.384946459937382 53.91909684024958
3.896286193712394 2.220854225895945 67.40244300980629
12.76338271627115 4.509846088413391 77.55988810798665
9.280252525533472 3.052173316128715 53.97329957224551
-1.686839733994599 8.378019329262637 65.66153889841307
11.54592260666503 13.27701770526275 68.58570568868652
2.384830988930921 6.563468461336353 56.33015531916999
8.920696536883506 9.637370160209432 74.6699183808321
18.21784292387235 5.550266828995341 64.36018991510868
0.01855081884986243 6.10216983942343 61.55205940906059
1.33496453588988 2.414223227053875 60.6059780629333
11.32320967846647 -1.238471236329305 64.95531901460659
12.49666112789845 10.05583309172953 68.94764681749018
9.577996787161531 2.241718097349326 75.84624200319199
14.49229971046246 3.312092575469863 59.89833367531526
5.071530011819817 5.856015103156076 54.84477451922191
11.54427802109335 11.98790173231672 56.61580987767289
-1.861200807206842 9.574886220012743 58.98109978483672
5.743672955660159 16.39341069006137 63.38299826167219
-1.674892421311909 14.60131201272893 55.90940740400985
7.9944896868331 11.84100580000395 63.24585853203456
-1.142408737264839 13.75661467447495 71.74185607292969
-0.2852219646137573 8.303695160579535 71.46065521224105
5.469741871830014 13.7845026775793 55.69832601608565
21.20334159485766 3.42148964161976 69.78551299627065
8.616920076807796 5.03736863713662 51.34797675657796
7.4622675566601 12.87738950281233 57.64055854086122
12.41374503927508 3.254908027306231 62.9905635703512
1.998169094044539 3.552342445569967 55.50098215079736
6.078954232192151 7.95127501475836 51.27789252005658
13.94559647754871 7.812594349183406 76.46138384597543
14.8090402360492 1.668142576892099 61.84547513694093
14.65345534148853 3.471490254201965 63.53690409322738
1.243709797366118 6.939823198930792 67.08359830173615
18.10739037892192 2.567130196164968 71.05611399284018
13.05147725308627 5.328364539893979 57.10435361519507
11.010149567933 0.3828292188944576 56.30883025830534
14.91012942560995 -1.867534731369299 64.14043170400819
7.681090877821453 8.664939651341999 65.23897716150731
2.785781828258035 10.33231624823125 63.37952921070249
18.84225055222678 1.572591252501922 63.94236948347031
16.27946648004109 3.191181066736795 55.94476262151174
16.78010321439625 4.438564415405613 67.04947846534398
6.499340783488647 4.833595880187818 75.41548495302803
12.47902312206352 9.039272449873501 58.15579504848429
17.32797087998985 5.104044264922748 60.04273364870133
21.3890903203178 5.861658770434985 69.54469747207365
19.80565206571278 7.330922456730568 62.8672328920917
19.47230383807872 5.694158523282317 69.47789807525474
2.415481219954645 7.366549810193072 76.56128429485288
15.10251651648183 12.26380432762154 71.30869198375824
12.58605158720244 5.302831519729618 55.78019933274502
7.15735505324039 3.127313163188738 52.5691429264208
8.223283594466285 8.342565816935837 54.20661109128754
14.90988957377234 5.36623246125794 62.93268265666516
14.65822594335623 7.232119193355421 61.55469624378672
6.368390419235573 9.842726027605217 71.28139883841733
4.262202199353544 3.882198581937327 58.71496728183462
14.66780403026719 5.211392512899896 58.60428167677317
2.669321176724603 10.05576928273469 57.73075452035696
16.45604591768743 10.9550837722634 66.81160300075851
9.198159563668879 6.484831077904532 71.46083652880112
21.29670516522644 7.598334640949629 65.3802458403929
11.35811380323894 3.103818315504653 77.6056070689839
2.19501638526356 11.66307649528241 60.25003548565333
2.61341525696443 10.3187850847153 70.78678946514133
1.918532365609065 13.80498631521745 67.32611033570983
6.023154684511321 2.634708463921423 53.34450085944532
15.99480108283748 12.82755579763698 62.30701013409743
4.968671002091795 12.02792887705434 70.42337587204663
1.454188487477565 14.82719164689682 70.97809529145528
10.15454305787532 8.902031513150309 77.33157150614173
10.33622691630208 9.155460354136125 53.7695061022985
-0.2284754245043891 8.728415908320089 57.80741390570256
7.421793008505258 10.09853397626674 58.23303466497357
1.213283525368044 17.06115811532061 59.60611475496069
12.50293582576418 3.178030195950003 73.56022855756893
11.04355060072515 5.929074284249484 56.87410048235339
17.26827171407335 8.00890972359735 73.11989284296033
11.64838605637485 1.297769686311052 73.94061150169244
14.5883982129745 4.575581361510126 61.32556797244739
16.53766669963613 -1.159879681400328 65.99909275541296
4.760099194033677 6.544089663016653 68.42253583325478
1.890360514979284 4.916346175070328 68.06398106432103
-4.992293083540648 8.817815198649802 63.97806556046291
4.769942572525844 2.962542006798213 62.41776878402131
13.22900734567947 10.40577452624854 74.64242021368729
4.695353966384926 11.79598195416312 72.25526056856276
13.29102871421217 5.834208827706623 73.18874545364955
11.47011157843525 7.547593727205018 56.37062473940904
1.392900176206357 12.83096773570156 57.57291877138501
-5.001864178188939 12.65260954521216 63.82563950325578
-2.732563929459741 12.36697719907636 70.58492876698571
17.0452475123714 9.299501716895396 68.71355885072103
3.677074247045101 3.514957201821764 60.88542532128442
1.324549113638456 14.92637561458809 60.44476719316423
19.04763610729607 2.897033425987996 59.78574094287671
0.7191267196850979 7.94275284330871 73.93980537525981
0.1059004832887234 13.6300793038658 56.10296310311165
12.54602204932602 7.147507489083581 55.34527157106012
0.8548576265545029 7.29641997435943 53.16261935595929
-1.147023776060313 3.825056034648726 60.4082797696872
9.601916363294523 7.699937176277292 55.09562059055758
10.47238671314251 4.328540739575286 57.83108213461403
9.968209716757869 6.948010737281227 52.78244228755902
5.331126084741811 7.343014707044405 59.72526240764429
4.12554295604092 12.18230549652018 53.7830008321485
13.51733170637378 14.66090856347357 63.88784403466991
2.451661660601207 6.519590628469381 59.51656117730322
3.5490367644976 6.62490097282592 53.51691858300059
13.69127289249988 3.038776340173513 61.52340672740632
12.40518652709309 5.897552236215594 77.49849855665127
10.53712484710042 6.307725971099758 62.18494562815719
6.399890421340408 7.385826431256756 75.63392677304255
10.31366393136085 4.080519028929118 65.83567799198102
14.08639194634315 0.9419401062736746 68.09527465953938
11.36892749724189 10.95425031132298 75.16646843202491
4.559155176346705 9.011961162438002 66.84522034255615
4.984302245614556 14.21100158334468 72.26490909847271
16.82307888911652 12.97799119423646 66.14773100905057
7.931195429553751 9.860773670642818 77.00306088182711
16.08856470989967 4.372020596736024 61.78438709036873
8.309913949549081 17.62422003702419 63.56382061536021
14.93077352425763 7.530132175794408 58.06852477066938
17.79626206487989 3.508544051206977 68.53065039038239
5.44739941035924 9.657576999788242 51.3759419540383
3.748311021047131 11.86854941559499 59.54766336797387
4.342014574612258 15.0808333779854 56.4742337217933
5.730958008388813 5.971159519744399 62.54406079139635
3.976945577467093 10.48581386191879 54.14625062394217
7.516466584712411 6.701163413795835 77.30800616123821
12.38960919856485 10.20859921115051 59.96938429543562
21.61436721373363 7.339848763035699 67.07386679747577
2.844247561089757 13.97635932969107 69.03129374791942
18.81968822813096 7.979273478867865 68.23310928828789
-4.505750328298468 12.08288428525615 59.89246410741547
14.0273388385285 7.03386095689993 73.95352876801762
14.96696869391978 0.5601649904083915 70.72244682486203
2.906894654701312 9.053075434658931 61.68065982852673
14.87301297084273 9.398265392670904 74.61637423840575
12.92114869289469 13.38445640900564 58.93283540365079
0.1697111389270059 11.78251423235186 71.44188359199534
17.50465769603518 4.610266021318384 56.70179514406742
15.13941522368227 -0.03409594673257421 61.026019936181
5.084568305349058 8.642187463680189 57.30768896290507
18.28304922519892 6.571179033256341 58.89387380268196
0.9513468175966051 9.514296207751535 73.58104896374211
13.03023201741515 14.66153736256039 61.2551563017833
0.7595788316176211 10.76785755990336 66.05814170930516
3.579576291489663 9.298918098612432 52.92265317681944
10.80433800628525 5.056721176655286 72.85372541418168
8.88569904288949 14.86770981684681 63.19900531360533
7.750547634267142 8.124235254378634 68.8807137784457
1.040046933027419 6.669730021319606 70.07520048125589
18.6371112389951 2.136450977451786 66.4484340654644
-3.298373428169307 13.9323546767071 58.22705649278183
5.595423090751077 3.23062895129356 77.25528742552669
11.66371197189612 16.2228298034671 63.93967215377414
10.30605658594494 16.4342679710327 65.88879265657391
7.683538139814368 6.323262722880615 66.22505418770909
7.930634622672103 2.871067281370657 68.31425060993595
9.86550727714352 10.24657507258806 70.52995605956262
21.61668059433597 1.901050189909842 68.47435118281187
-3.326176295174001 6.702729621324148 63.84595898299063
14.53988567841878 3.097353836980699 57.49636437573419
5.42175704055706 9.668471878311319 70.01357751782028
3.477409698160106 7.127338869635051 64.20178417226262
5.897743008801072 12.07361714338032 53.86432227620658
-0.3798691564232908 8.52550747238203 54.92166044702157
-4.309846368605553 6.511993431352884 60.85362764086099
-2.989926421133084 4.956068268806531 59.86588491388828
-4.727321398673058 8.134673923517642 59.96523727256051
-4.453769322102765 13.3181656090097 66.04429997774342
7.733825424877565 10.16124939536545 69.94397251562918
-1.579174579606014 6.07865171036682 56.63835975552659
16.13713109319725 7.552012660932768 59.67797875221072
6.787645241547901 2.447369078760561 62.22975525593093
6.786180526668927 4.084305814439368 67.77206192958596
6.781294312757325 16.40474968166129 58.48399384936668
15.56890027090397 9.676798050006239 62.33517929044358
10.73912390502831 11.61362005151288 62.58635072367498
10.46399080267298 15.76865329241288 62.43041386551286
12.30327699713895 6.070974338697646 72.06905350836576
10.04438776104356 6.121830995466752 77.39049842670407
1.67627306534327 8.230884079908021 52.00299132840315
8.342188477406379 11.67313702298172 60.77659097710896
10.70353343783392 8.257697005591611 60.08135255303571
13.76501891334326 4.831565452962192 56.12076694940944
3.167668235908898 14.05773911893014 72.51315328646329
17.72054243214699 2.1137156358488 72.77516096561922
5.193833540750032 16.35628180202416 68.77216270124886
6.149642869271171 15.56317798276416 65.73507782147661
3.274899731953014 6.560229846047239 77.44711093057977
2.486276469803435 11.70252903425924 73.16644516385722
12.73195160902159 9.066713139520106 63.64944704261722
13.45730673772754 10.86494139095257 57.51942316516686
3.995961899417515 8.200234291086776 77.66844740846828
5.896831354638776 10.19918493463593 64.09620041997353
15.19936227550066 8.597177408583342 71.81245270093856
11.80446654026549 6.049938504594749 76.01252196896607
11.19262833351356 0.751095053568875 71.83639786096444
10.33339889333445 6.738233760960185 67.43051031586032
-0.335098033568079 9.662518971971439 72.8634417665009
13.04757549466155 9.461955990804604 73.51483320441601
15.75097056913807 10.41071555705423 70.05864120789127
5.486838816281079 4.274420405845119 63.59489350326397
-2.418889480337489 7.269242566297706 56.79090893431992
11.58407384492525 5.252818333269635 70.04237541343232
4.667988643976187 18.32156471254824 61.4838334674477
5.026118866876795 9.304127239419024 55.84810260002148
18.87409818903341 1.716196705720346 69.62890664078841
10.39898215303709 14.20661048532835 57.6103712422433
1.888099024623054 14.54154394373498 58.90807147598839
14.17007716168359 4.312348687213147 70.38785383810483
15.87535335289457 4.520982878199876 68.23658817410757
12.95366634824375 -1.803919239945153 60.11551106173187
17.12124747973981 0.8934933636105931 57.02038270338444
16.75579048194797 0.1073513941537038 57.87563624710875
1.711913532941626 9.837129699403187 71.81159478644385
17.45006076705009 4.683981917951464 73.38262927928488
12.05360792376464 9.569953517429132 70.29722340961223
0.7797354718673624 9.78386489616042 53.29449822062129
-3.849674550223997 10.44724149868948 68.93943654946401
2.786900696951363 5.23016062013589 51.78786327386419
11.29028651839362 0.009523529157365651 69.4722347122873
7.020251179625632 3.938375370431709 65.94187642380049
13.9543015006494 2.843444770992322 70.84770788933344
8.41513816089299 9.053416707699563 62.33115089159057
12.5676186684393 12.64554390255326 70.62561105573849
-0.8308304893809173 13.96828293092308 60.37042645096902
5.567066272973921 9.444712499330818 74.81643088129891
4.692988520891392 2.654967662802812 69.18274921859654
4.79857129951238 13.30128576114845 61.92354407979668
15.10858022995083 4.244025611605294 73.10579288182196
17.62241358992947 5.5127074900598 69.80798356822575
-0.432590192572149 15.4877418195997 63.561600464236
22.25427104588212 2.697435078024321 66.37120266856697
10.06908731014215 1.415963722744076 62.59003020647381
15.66843365531034 1.818536873569711 69.00504208672548
13.3892453380385 5.251708727243932 67.27849837719836
15.01756374719903 1.192773929764093 55.88748457525114
13.0755803096521 -0.9585832143286979 67.25963824974511
1.195968137595683 7.425852709998749 62.26849127768978
-0.03419607652549822 9.096377819833506 69.65089740798787
-2.403388176920088 7.820922777185701 67.26230192379109
16.08422497111347 8.896864320803429 65.36996543711673
13.41143824371497 6.162447907483594 59.91302963211598
10.45599054600262 7.369583070977925 70.88093851217194
4.099398260389393 17.36613265214951 66.217116694213
16.49102231755613 6.668095701661659 72.51606663584943
5.536812894210608 13.76761973410614 69.5112883409046
3.424788063161658 16.2457125800245 60.55916553898562
6.781165223705167 14.46277778731866 59.5696547934118
12.83264911409601 7.652194830109009 70.67788691320564
7.147621026416596 8.506421750383319 75.90387642390667
0.3412468074058541 10.44798908195939 54.74204527314152
3.964982312118489 8.322405228513791 54.71093893836365
5.203314032821218 7.956924681082098 69.59218784911764
10.13191749145602 4.112635594097748 77.39573573773669
4.219899038612919 5.82315422274274 74.89452290687591
4.297783018966728 15.39243896333166 65.92416403421065
7.3541533914047 2.637948160819917 77.07865664853234
9.599367634912705 11.87036871304041 57.4298573261926
4.702102581929839 6.9059729826836 77.58863343148042
12.23061576876263 9.183217141829706 76.72251595674111
11.6027159780255 10.73613698029473 66.36326380897273
4.812526627834091 10.46035816667556 73.40868220776902
7.119968252378899 0.7237431060368007 66.17342273454783
8.341777157766836 15.37976436262419 66.18062742048919
8.939746767029925 7.935933314748965 51.45360443469378
4.843165632586631 17.01046703188617 58.86961310535551
18.19654677004189 7.723011354951671 63.14045966533621
18.795159324765 4.359185122846537 67.57606841354664
2.962630591284996 14.13714377803166 55.92698075469367
10.22690273659454 7.861267206730617 65.02173868841258
10.08650930619429 9.174067149800546 69.33427546409943
10.31050642056087 8.278489064354176 66.9497778964702
1.511576616040742 11.21754014241294 70.15085682416402
4.631153122140774 7.934813239066515 63.09081262978678
11.66211620332287 3.960271078599499 72.4377088181301
6.693196693617577 4.303876776047029 54.28732363551435
7.785996102010779 8.078543149379506 70.79923836778431
21.71401836268313 0.5322636391676406 65.75057351940436
7.332310418880684 5.83321015025447 58.67743687958924
5.032475591475976 5.064475634985796 70.87154430629722
6.562092723091936 3.750891216168964 69.23912213667923
2.763849629342276 12.4173344154695 66.50681163711593
17.17982902272102 2.557328209754484 65.97588945775979
-0.9383010928778673 4.954245262961732 65.54842643292676
12.22993013148035 6.179694443779147 57.87444109096937
8.562278920854279 12.64226176677197 58.63706685072157
0.4838046215170559 4.255018553962973 71.11471434732852
-0.9910045250696153 6.943934693588359 62.89043226553233
8.145579075463063 5.510430135796081 71.94165356565836
17.12123786754562 9.21133985254164 72.7627332827243
13.4335103110105 7.231382030891094 69.1698971243307
-1.824256548808255 7.710899964673298 69.87661551753044
1.644472449358358 8.049395731178672 54.41094800141299
-0.4757086214498242 3.354483006097026 68.05058732683038
17.57388681770748 3.300075301297477 56.62353406068713
19.80710305954502 2.47490842515424 61.3359385590168
13.86103446314267 11.9977871814245 72.94924129325965
9.516257783547921 10.42258367390414 54.47359880155346
1.400046031777178 13.21120063630627 65.77598906715197
-1.753175166093213 9.696469652077585 69.24590149950697
13.21581332672126 9.346361987590388 65.88011139165611
16.73359115264651 4.033098637734537 58.43034875064623
12.59628779423485 1.826592925515817 68.93168407981595
7.156287674178017 5.830836509935191 67.8711445031542
16.04269106694535 1.961629814672387 55.68704357363738
10.41866208054446 12.3108435742228 55.90801434735263
16.37259001265479 0.9263782196940217 71.63339193375324
7.68205718973674 13.56646274229617 60.56502990711234
15.42212617274081 13.42003454613137 69.13978545612184
7.129149370377467 8.992356358477268 59.61804599265078
13.52550436805925 11.11123715402627 59.90900675541334
5.268461608515175 4.372323833653643 60.71796485920282
11.06137780136784 11.38448489109206 57.71723344657399
-0.8446847278939775 11.72124516184473 57.65832361084254
8.525057736068778 13.49438323218815 72.81096440085105
14.66427555030421 1.64963255846629 73.24721167759765
-0.3535747735983145 11.6228826932849 72.80732840253648
5.861695908104827 7.306269424132565 53.48267078651919
7.664870560170484 4.094925042404142 75.76220403859755
-2.799756460023755 9.875923829341325 62.31577066077823
17.90332053568868 11.47990152899388 68.72914339314248
7.017862606967875 0.1123965246183024 62.30442233879958
9.256860543535465 6.387056977590277 55.20230245303735
13.01543405184361 1.584830831796696 75.40593935278818
17.69745332691549 6.145854766370911 57.40398927917271
18.6963069591289 0.9022979080890086 71.45692360998329
1.265900134333968 11.27944403016662 68.60355509438783
10.86210983663595 7.764721982269691 77.45759632512905
10.63513601764408 13.17158731453061 59.67691238839608
10.91297998756491 6.065829755167379 53.77932383870119
2.781579423829935 8.955262562423933 50.98769338544044
13.53549712014857 13.00336174989245 72.16288773483845
9.591440297728244 -0.9397886997740139 65.35107228614828
14.92203540444153 11.9457436814997 59.46274136251746
10.38609785969511 10.50557194869303 65.2105601373006
-3.354739357787368 9.657547048433095 70.51447824193893
-1.239236276576883 13.39463432032018 55.91585430267539
4.791801764987677 6.751831692779589 52.64600958239094
1.716384401974984 4.485103606879427 54.38760595239405
0.2754096356944825 5.035073316160034 55.35839959654496
8.86204983896376 6.989638733663008 56.62602492819517
12.06191844564693 5.992243526261974 65.62083379689624
19.28331721808501 3.481170474966954 64.11156784401767
9.887980794754894 9.890678185512037 61.02115746242109
-0.7458081832266152 9.212699376283979 67.11442762080834
14.54013534739823 9.692228474591751 57.08945615962958
9.604998917634106 7.530851678065703 73.24669591539576
0.7302968035104676 13.92908030754662 72.85640507578935
9.981086432213353 5.172005878901223 71.60324716268038
11.24393218977061 0.917393918970967 57.66736464066775
16.57054576399421 10.68013110414801 68.39287436190745
17.91102252143823 1.164238988937952 62.34235779736693
11.38741044146718 3.115989692961183 60.4851410568366
3.107878352297278 8.463678745867117 76.83978368586652
16.1479700473256 6.57117072888785 56.16284431023711
13.58815384923496 -0.3252785967834542 69.29046565928635
9.172190319907902 13.99382799027298 66.88274509310628
8.763486948709506 5.659691570821735 70.27529846147939
18.46645501674009 7.929962959879315 60.03341504192981
2.271052623936001 10.69261335190017 52.52903590895387
8.620669535692226 6.453801036952388 53.05597967357139
6.210814069032369 3.816415125565108 51.49312331811077
4.436798635430504 13.30497310800371 59.87274750917092
13.0560695561018 12.21974606523449 67.28772870506251
16.23177299907683 6.827324211416542 68.62943871903441
10.68252134871365 14.05152760492675 72.12121791743778
10.24522781234819 14.66463704846324 70.73995353559722
1.467252079469258 4.410816210521392 63.14744454299539
10.09458385718364 4.826771356186757 75.72389829537381
-0.6082594723885271 14.94866575856648 68.17161868834951
6.706689432042013 4.572146456582557 55.69378245377384
5.074793032147113 12.82014736027493 56.56617115407528
-2.05682384576148 12.64565195655717 71.69638753379542
15.62094180746535 6.781580095648867 70.17129751240411
6.42097576011748 5.615560903033894 52.28992851246268
6.852845233771895 3.363460499247279 64.27045427903788
2.117515730165333 12.21521707179288 54.77668820022145
5.800003505151585 6.01311427647753 51.24820777351133
20.57075762675898 7.698979925055344 70.48008318083136
14.57507959945813 0.8600049606959013 65.95317602187401
14.03319301291005 11.76056642557162 61.81001507328485
14.39306301319275 13.62160896500545 60.55879444432822
7.496226647721297 5.644831124434745 62.51743013316161
12.51277427921367 0.1847891237709092 64.13009610883938
19.33286791285572 10.65971357745932 67.43023131242943
-1.381157432438785 12.67998401649617 65.56077264676303
11.62550544579979 5.923288901106988 67.20147681734893
13.28185250753726 -0.4999129737917123 56.74318613292552
13.19972554736271 4.822899152428658 58.69437666937569
17.04843051807098 4.585934038002812 68.96120541645779
8.216963392561121 12.24747206221615 54.66514905657021
10.96922162827509 6.836942481397277 59.65857278454679
-4.853611899144828 11.77049025908132 65.1927350679578
-0.5539339186089777 10.01208888966145 71.58164875771982
13.04114650134341 7.693049606006523 60.75389107232216
16.48111234655947 8.293800316491792 57.49834550262243
10.8484920173909 13.36230508814815 65.16072825123767
20.54735235231522 -0.4856455535817557 67.85327474670441
10.55121273886007 14.32059736921775 63.56460451133521
13.35425067129047 3.419250462167362 69.0277006837959
7.047566223546984 12.09150193178746 56.59789294780133
9.049440249871843 7.404165091234984 61.11296368357094
6.924163593261358 15.96245439391399 62.35979507167468
10.45714573811185 2.466072887907016 65.68024578417199
1.651944288195633 3.205070004702012 69.12261784281445
13.55774192243806 5.562681144424126 77.38335254113652
5.293481067085969 11.12781464103503 75.37651395144445
16.75621366019935 11.82446402315441 70.37372040994592
3.427262623562974 11.01598417384538 69.53361562735155
-0.6401013482846567 12.30432696701279 62.76227667465749
3.604149726879971 4.372603196360568 76.44969939920605
7.699508328787257 8.993941450922771 56.52078831602986
-2.002688534622019 5.845962031397595 71.98450039279471
4.356997177443868 15.8457934859949 70.07693730422548
19.1345428962888 3.024327906353781 70.5768647838992
1.562701539725805 2.499262985783284 65.84001785070993
2.922844521428157 2.1685864855117 58.00593461907288
-1.429452102851695 7.769433575507627 72.84276777132268
6.974347368554952 6.426723628314734 72.17487434480761
8.054658080393232 6.282299966233293 50.98717495859982
-0.3686538185372081 14.23179632435652 57.99757376782816
8.622459832077762 3.798675247056417 56.02575999686769
-3.551988162120526 12.90936528465836 57.12635965147621
1.041337850917916 10.22242942165469 59.04593325619035
16.02235378747454 5.37253964606444 71.36529723073227
12.08053185134156 12.88197796864179 57.46981353716046
13.68746445910836 5.946785583096039 64.46468739949816
7.508133117672322 2.157778991984813 70.98819223341212
-0.4886375350664955 9.836135577093428 63.82744330813452
16.05626587118093 5.097554449556566 57.98283519734717
14.02346566511194 10.04773993864483 68.74905896469039
12.58157119669508 2.77856521954173 56.24579201297266
3.30845650538775 8.251728349438917 73.37888609447447
8.073239083081811 8.75484297683291 73.39321024929527
4.604966438640361 6.347303930990147 76.39921036601288
14.1999933143086 2.078905614721245 75.3375692563507
12.81728522766153 12.72067388444615 61.00232345861817
-2.272604110096424 15.11639428185595 63.39739182463188
15.55818146651929 3.135302845480029 72.56175636485882
19.80727218064876 5.396935145563051 66.07851007496267
9.530275795787658 12.67643397137533 67.7669495555422
11.5089065083551 8.943896830217149 68.9652508532166
11.37013919413867 4.591046414227641 67.92150581206087
16.38773993548082 5.485648459659807 64.24551494931561
8.805734809404415 6.162391421499171 74.05496462207316
12.58539663365253 10.3311434995133 64.77899685629214
12.50393428992298 2.358935285904132 58.877773064098
2.810848137856477 5.626627605000366 62.84800869512119
10.77776425771281 8.299722654555023 72.27441560869507
3.261927416701181 3.558897073130891 53.23564510496482
8.033489967888523 15.80908643147433 69.38445611439214
11.20304307653262 0.797878803596016 65.33667317987896
5.435853004046614 12.54041055872021 64.86760202041079
4.309886967197069 10.60808666843029 66.87391765859397
3.518944108442773 7.888338557941779 51.11499389083288
-2.567431055287958 7.223121734767622 71.95573179838257
1.028330548410939 5.299136843887618 65.11687725619922
4.953617777732031 2.931343646801016 70.65809344627824
3.273276596107967 6.508064107830631 67.23498543121343
-0.4659112360436231 10.50864150536714 60.75388825712147
9.855126500148659 3.977110308775291 73.02528495787607
17.77574648525411 1.114106561645594 57.96492507389397
7.301823781103882 6.741542409656319 52.46353485184481
6.176304959309639 11.96647479825847 74.32554013476937
15.19374136625478 -0.9545905948175342 58.44893661984326
5.567962715835167 10.52473883155736 57.41663484208489
8.738361660976242 8.10782130555515 76.28829825624535
-4.474103530465984 6.052005317347419 65.21160518987244
13.96363181253819 11.75671807093609 70.05028455228447
19.82630749719302 3.002005670670388 72.01359001435615
-2.065924600712146 11.83721660862103 67.74816078224951
-1.820590299831431 8.35474767432626 55.90975912396034
6.715069288019018 14.38903380596779 56.16773565336305
7.670693551661964 10.36049858825167 61.34697246817122
-2.080523571623415 7.394581963234283 61.42776905323903
7.091153553453096 10.34748575432313 52.11190220442923
6.17664483430038 8.69177580959494 72.39580164513796
8.990028544631299 3.173586249859322 59.66904719474904
5.600932844192378 18.18532255577529 64.30383346296863
10.80135050007688 11.14484776902627 71.02795189345886
-1.032546074422617 10.66879278126264 72.85246926747212
4.59882545739598 13.81105630375955 63.47784141834866
1.823445852278376 8.673989313541094 65.73987398266733
19.727903548271 -0.05434163518124938 63.50081792009475
18.64004587614004 7.876934721185295 65.49828217685685
3.908400923126988 4.508518473927923 69.21307518607689
7.458900920948039 8.833190101047027 51.31317844995268
15.84457142439523 6.568111305094118 62.98753555095703
9.302251298168486 3.399073155776038 53.0766588404469
5.007360875112373 3.220137134240602 74.08723736513305
20.72613731403284 4.235266793263947 71.25034797855693
18.43610038403407 3.077903281743848 61.89737505767522
12.40194856251103 14.98704840863332 68.20742112310519
9.660404483047046 0.8527462806421775 55.82190906345184
12.75558317621372 1.890349163546105 70.86210996289347
13.2047035134865 4.71054061944003 75.37997400782218
20.12090473741781 2.013593400768371 71.47544858935238
6.908239461033965 6.176728399629524 55.64566933574346
18.53381025856899 6.964640499727609 70.0803878144948
4.30029485345656 4.93418505393234 51.40820099904049
7.516454099648143 10.86257268973937 76.07457061701233
13.50640648676353 3.904698894263632 71.61194643364374
13.78143552431573 4.722623991467616 65.47485039005629
-0.1165472993345761 11.91820218126836 55.6371796554892
8.358445215043815 8.083636647703882 57.50236738066939
8.227349717454379 8.089282805510647 58.98291996139963
11.57690538603637 6.328457978944786 70.94797038918637
17.05068460517154 0.7385219247296487 58.93630793619444
-0.1075518581549914 12.99297951940958 73.00734245083487
14.97956653156107 9.421622978450234 59.77985333555891
18.365214278128 6.375796504826829 72.90060500726688
4.069140938457693 12.21824738551714 55.73065518804456
5.338285952265793 4.633556224222164 74.70828547947276
13.62167577841771 7.191148705490008 55.83514464387652
0.2955699328518527 13.47127267062938 67.57923631666658
12.4957476204944 2.124742830554379 76.57217718306123
6.64853580058712 4.450866282594721 77.59789537694192
16.18101902808462 0.01045158367005639 62.85781521404455
-3.199028394878995 8.2825452702532 56.97757381720962
8.787910590779875 5.601865268016899 64.28647705368633
16.01986878594491 0.3100269221442922 66.39916607333333
13.40126756264882 8.831460066312875 76.62145712210284
4.430744122689772 10.370336897333 72.10612898685019
2.001486340725673 8.753575488166904 72.55420765935887
11.88234297761119 15.01089278211262 59.55054471132073
13.67517637092175 0.7354286229107492 61.42575673942005
16.78609741106418 7.959899385387913 71.92584930792762
4.502435620458857 5.87640818161529 58.57762115481924
14.14007781798121 1.624645864132879 57.37422959206059
16.8828965253674 13.0807359094151 68.44426892217982
1.683352706029443 6.823786528137143 55.124670898239
-3.947532784967505 5.598913901838898 58.82870712933374
5.697878576346525 18.05302991618861 60.55205460827222
7.995435445939759 2.135868690648094 74.29607333424698
9.351449933973038 1.586954748535088 74.04632361796415
8.195352088644825 14.09507375133884 59.2675285549392
2.928804941558552 10.26183530935528 72.19125007414705
7.04124944162102 1.317314297265074 68.19850544241729
6.134703938018798 13.02682507492992 58.04584810723436
-2.056196931533015 6.334509922941035 66.32688256226221
-1.65757141746386 4.531671511428409 70.35865431941473
8.387529876317583 12.29699813004441 74.1032492488897
-2.757062394423298 4.023214053018362 62.7768924402403
6.05394723718074 11.60800571011257 68.84218766414769
10.54443090356395 9.021238773032101 74.26468440749741
16.13743969955131 3.05175633920044 62.4898656812713
1.699149799676754 8.614741179407417 75.21894197027592
18.54987762654984 -1.014461116966548 62.75662033706404
1.846524135953022 7.111958212135272 57.65982948135043
13.52730154995326 5.841651333121128 62.7583711080934
5.809799837567924 7.602861758288088 74.42726745028965
10.07799061298916 0.7773999088987844 70.27518339166517
4.222228413135789 5.599020347782951 72.7087745105474
-2.398076030117741 11.0394347927128 66.00907279892016
3.87847565967282 1.139458946720679 64.1966430905559
10.93239237622372 2.602101125810407 69.04252226240949
20.91173791943163 2.197625882451751 70.1309260731889
6.684822346935961 1.751445728419508 59.91891530044992
5.127878530286705 8.141662350526421 68.07204013863388
2.387089447863798 7.492763851195351 52.70137837833283
17.5157603515172 6.448279065882811 67.09388731278761
14.52646830144433 10.30457521458737 63.23693245062734
4.205127893330618 16.4392620779198 63.18980962333945
19.38572408513088 0.1153055417228546 69.56306864592887
13.45889262521305 10.56048364189124 71.45104861044368
6.613802390881638 14.68106126768877 64.3901769572519
8.927696617668044 5.454890139550318 65.86679702819514
0.2410964988460187 8.800190510017842 53.84584126802164
8.772122621384593 7.192175510198022 54.0903855911322
4.620128929586989 11.25758987374395 62.19430327173183
-0.628275930484676 9.802476710650355 55.2738817593166
-0.01750451464969377 14.35625079322331 71.90287543105791
7.479433190542878 11.59346082081963 58.93211140424781
15.80262480384131 2.89321374006032 71.29960751494853
17.2109395590366 0.1285338462364999 64.59702882545872
8.665854230153741 7.492611329660106 77.38522702039651
18.74324258944967 1.175716963259528 65.36078938183839
10.12834703883085 9.853194740258468 62.87663715331556
-2.737758440682842 10.71914356755435 58.57316417667956
8.652607293445469 11.42075554613081 72.5201120670861
14.63953589280601 1.913574617516678 64.71559267685662
9.228818939429532 12.66003111043934 55.59720169665302
9.051568132955666 1.776546741348376 72.39218338321407
9.417829308861657 4.063295430556003 54.51413738308712
13.24571663963261 6.791433645285757 57.34109604662653
17.49019152180516 3.091830601215402 73.35378257184055
16.94957319123821 11.6593861467363 62.28903665514591
-1.153737285418298 12.13385816900483 69.63407661561673
0.7448525594474406 13.3460803141844 69.87142775844352
18.64142080184162 9.354900969665326 64.76726696081798
-0.8491729815100844 2.921378956933271 62.81387038257395
6.389560640277397 2.324680990656901 70.13756485644451
6.327796887890455 10.29048778573806 60.21594294752036
5.292449652408004 4.47713242248697 53.77122094044584
10.77451271849956 4.326595571684124 70.76866399432086
-2.612645274350285 12.72156927230615 55.91352879038016
14.79960187736147 5.922027517786117 57.36414081170902
8.628077158052863 1.682072608243619 57.5104780802968
7.990095020176083 4.001897989843837 74.13321226967754
15.88166419469138 10.9304064737508 59.47263732058732
11.20764952751449 5.838279367698029 77.46314974404478
12.81680658943543 3.210117263586241 65.57563249515718
18.32870987895313 11.74364652102562 67.33570841159631
15.89891737736851 0.7082728900797716 58.61743683085
-2.551067246681366 9.121655562311631 72.0355713973385
2.772213301376768 16.67773014859162 58.06646606661171
11.2831089148307 9.33647600086125 54.51754426188194
3.655123405788677 7.448849368475215 52.57265783827752
2.399653318377069 5.711118014099274 54.48896759725174
0.9838956276239217 7.748851975694404 72.68005203390747
-2.718361085032982 14.82214039705911 57.26933381876724
13.72694304073807 7.443933398060595 58.56408128320686
1.382933474791887 15.86217600800292 68.17536973458955
-3.829910596556934 14.58606436122531 60.97480004794501
-3.805668903661618 13.97650889348685 63.46185641525144
14.97115141070001 3.633350846540059 67.59370252840816
9.690259409153581 12.00794152690261 70.40657440688327
-2.316538210675545 6.646970676029049 59.95725816463397
12.64375068687297 7.063587751167267 66.56540107205518
16.92655228001399 8.715668219939078 61.38697973956871
6.70892484789962 2.642159899396644 72.35551925783741
11.4853122125208 8.403356026298832 64.33431137315556
8.414154231885611 2.220247237209585 54.056980189156
13.44449201640775 7.856477115625852 75.02880718632107
13.36458016938492 3.27565554639235 77.53392142980931
13.63513250010474 8.791025188806454 56.0200278025235
15.73581430010501 3.998466878863641 69.51549421024161
7.677028288760384 12.08558332977714 70.88619734766623
18.02330055981674 5.446599690983797 61.26003153312421
10.97113510839114 2.402885760449038 76.48008072579265
11.97259335947759 7.284901359347768 72.94413430236493
6.747979614378737 11.25355261038905 52.86341179030553
19.23869486667967 4.403307250441761 72.67816173137817
3.587187600857393 9.454422576821706 64.71332346029925
12.58098226989941 9.850031338947844 61.46702169166583
18.72669473233628 3.04301186410608 58.44090656057072
9.511452631606486 10.61338863571593 57.17726875310918
-0.3399343547515989 6.234249491936039 54.67459286179571
8.63583317169905 -0.279119176282534 66.42677836917859
21.6553144923956 7.119960628780939 68.83501692231798
3.481456786702624 11.59357232384524 71.76203769173493
7.589093622713801 6.106433891081962 75.55010304524185
17.56719003024477 1.693176711641869 70.29753658485897
-4.800892584472455 5.924391719329066 63.37315271513121
7.417021218993884 7.2376435590827 74.80693881480396
2.657379922001124 4.62513414913396 71.81672857117671
9.364332972768192 16.13107564560656 59.22076765316934
-3.865217254852307 5.102127454579371 61.41081366763729
4.988791471890567 4.959766492843302 67.2531563114526
3.909095060086995 12.15999915435357 73.50656555863596
10.54894252436427 15.97121583833337 67.73955999843989
7.76977250356834 7.750314481976123 63.34720435566931
17.92912330369348 4.458888711887185 66.28871997534537
3.213330425151172 6.852881291397973 71.63031971739755
5.432607750578822 4.741766419942473 72.37163590659945
-0.8504517347945253 5.420681878435255 67.77811312909826
17.95236367248257 11.96467485441535 64.65422576717104
2.594698407195598 15.02894260826407 71.72284479616322
6.00811063642326 8.682691646069662 62.75396960661998
18.01140561347996 9.008482894131239 67.75063659158786
10.80654439947895 9.518380413674818 75.36887628173896
2.77470669300882 15.32720132519183 58.23738703547036
7.485922530682524 12.98463439256253 73.28012059010658
15.99234782463662 11.19003060487443 72.15453536311266
8.346222764003631 5.345179426091097 77.47148385431484
-3.596491335892337 12.21072542378894 68.91297182865641
6.615030466303507 13.48848506489795 55.3170266617911
8.374732570025746 11.16160488038556 53.54988541426219
14.73870196095647 3.850673837957003 76.1918142904575
20.48698159924401 0.7704553737285581 66.00912668736245
16.86522017983099 8.825670560558402 58.66338042433841
18.96639171018426 6.742355378402253 63.92538522632742
10.1211016519795 4.73766406300562 56.48664704279311
9.490804150123154 0.6024743428635094 60.88576199857459
9.849544417303692 11.10062794582183 72.89696147449376
4.279045954599685 8.607455624989367 58.57685555930352
6.323794390178611 18.5804809323104 61.76233332317315
6.14728054146834 5.996768576775226 75.99217303652921
0.3581082786506537 16.94305716424562 62.8539344508367
7.666906941389199 14.40581787371196 69.10942274637964
20.95407883018755 -1.052138328910659 66.85511054028197
-2.043535837105163 12.48221262468448 57.67041517415623
14.67617385625392 5.84421159094889 60.39469716026208
7.825129262203391 4.617558082731835 61.22811788736705
9.117373838445857 8.203074833800212 68.36107782423406
2.75866957100583 14.68980922503524 60.19332446896882
19.50876829692014 0.7995849926300906 70.69704814084305
8.012797088411057 1.982876873494624 63.3642939070701
20.92262859846187 2.348967944641555 66.75067881708598
20.62098874064304 6.064119890499799 62.83728519750717
6.233440832867885 8.608571008383404 64.5956592566815
15.70660328421293 -1.505443366720767 59.96939297368768
17.14428752361842 9.19767102788035 70.04592829403998
19.07212625261068 9.199019776837593 62.02627002436367
20.56086886686054 3.334509981866645 62.22740891403981
15.97040280673648 2.786708556501057 74.06649917254572
15.04992331316732 2.103011504038936 74.44482256839103
0.7578875044104654 4.505050800514453 56.71195583982016
2.907027493695316 3.8170777123692 67.39619853686402
1.004116247948917 10.77759216691782 53.94120586383037
6.258454321579277 9.774492695537868 55.3262024193471
3.107331525231711 4.842831263935977 55.70571133008558
16.50389262131027 8.180504289337716 74.04208327094523
-1.462693335953249 14.29935483126103 69.95470154845033
15.82645405989395 7.039538314663431 75.06747348713536
15.45322710936068 5.79216333536904 68.11734815729027
7.855974488185584 15.15661253771804 57.21890316356156
6.7373771819438 11.43019669354387 75.29346758685695
15.21895800362922 0.130425005968016 56.53582324407229
14.78135020637078 8.418884810798444 75.67752454632156
16.00728275601158 2.086236365722111 57.34820008747943
11.01948313965083 5.307338448272928 58.62887487113978
2.692776760191788 5.373162839100456 70.41220541051563
10.7992130618125 13.30299930356751 61.18538999821453
-4.252216370057948 7.929793826999886 58.57346333734822
17.06875032471389 7.880456266026927 69.06648950287251
14.71225068757539 6.996169248064437 65.93163574041385
4.424240895239 7.042860092458341 54.70100880776446
$EndNodes
$Elements
2 23877 1 23877
2 1 2 5220
1 1 2 3 
2 2 1 5 
3 3 16 1 
4 1 4 5 
5 4 1 19 
6 1 16 18 
7 19 1 18 
8 2 400 3 
9 5 374 2 
10 2 374 400 
11 3 17 16 
12 3 400 17 
13 5 4 7 
14 4 6 7 
15 6 4 20 
16 20 4 19 
17 7 375 5 
18 375 374 5 
19 7 6 9 
20 6 8 9 
21 8 6 21 
22 21 6 20 
23 9 376 7 
24 376 375 7 
25 9 8 11 
26 8 10 11 
27 10 8 22 
28 22 8 21 
29 11 377 9 
30 377 376 9 
31 11 10 12 
32 23 12 10 
33 24 10 22 
34 23 10 24 
35 12 378 11 
36 378 377 11 
37 12 23 401 
38 12 401 378 
39 13 14 15 
40 14 13 17 
41 15 31 13 
42 13 16 17 
43 16 13 34 
44 13 31 33 
45 34 13 33 
46 14 421 15 
47 17 399 14 
48 14 399 421 
49 15 32 31 
50 15 421 32 
51 18 16 35 
52 35 16 34 
53 400 399 17 
54 19 18 36 
55 36 18 35 
56 20 19 37 
57 37 19 36 
58 21 20 38 
59 38 20 37 
60 22 21 39 
61 39 21 38 
62 24 22 40 
63 40 22 39 
64 23 24 26 
65 26 401 23 
66 24 25 26 
67 25 24 41 
68 41 24 40 
69 26 25 27 
70 42 27 25 
71 43 25 41 
72 42 25 43 
73 27 402 26 
74 402 401 26 
75 27 42 422 
76 27 422 402 
77 28 29 30 
78 29 28 32 
79 30 45 28 
80 28 31 32 
81 31 28 49 
82 28 45 48 
83 49 28 48 
84 29 439 30 
85 32 420 29 
86 29 420 439 
87 30 46 45 
88 30 439 46 
89 33 31 50 
90 50 31 49 
91 421 420 32 
92 34 33 51 
93 51 33 50 
94 35 34 52 
95 52 34 51 
96 36 35 53 
97 53 35 52 
98 37 36 54 
99 54 36 53 
100 38 37 55 
101 55 37 54 
102 39 38 56 
103 56 38 55 
104 40 39 57 
105 57 39 56 
106 41 40 58 
107 58 40 57 
108 43 41 59 
109 59 41 58 
110 42 43 44 
111 44 422 42 
112 60 44 43 
113 59 60 43 
114 44 60 440 
115 44 440 422 
116 45 46 47 
117 61 45 47 
118 48 45 63 
119 63 45 61 
120 46 456 47 
121 46 439 456 
122 62 61 47 
123 47 474 62 
124 456 474 47 
125 49 48 64 
126 64 48 63 
127 50 49 65 
128 65 49 64 
129 51 50 66 
130 66 50 65 
131 52 51 67 
132 67 51 66 
133 53 52 68 
134 68 52 67 
135 54 53 69 
136 69 53 68 
137 55 54 70 
138 70 54 69 
139 56 55 71 
140 71 55 70 
141 57 56 72 
142 72 56 71 
143 58 57 73 
144 73 57 72 
145 59 58 74 
146 74 58 73 
147 75 60 59 
148 76 59 74 
149 75 59 76 
150 60 75 457 
151 440 60 457 
152 62 78 61 
153 63 61 82 
154 61 78 81 
155 82 61 81 
156 62 79 78 
157 62 474 79 
158 64 63 83 
159 83 63 82 
160 65 64 84 
161 84 64 83 
162 66 65 85 
163 85 65 84 
164 67 66 86 
165 86 66 85 
166 68 67 87 
167 87 67 86 
168 69 68 88 
169 88 68 87 
170 70 69 89 
171 89 69 88 
172 71 70 90 
173 90 70 89 
174 72 71 91 
175 91 71 90 
176 73 72 92 
177 92 72 91 
178 74 73 93 
179 93 73 92 
180 76 74 94 
181 94 74 93 
182 75 76 77 
183 77 457 75 
184 95 77 76 
185 94 95 76 
186 77 95 475 
187 77 475 457 
188 78 79 80 
189 96 78 80 
190 81 78 98 
191 98 78 96 
192 79 491 80 
193 79 474 491 
194 97 96 80 
195 80 509 97 
196 491 509 80 
197 82 81 99 
198 99 81 98 
199 83 82 100 
200 100 82 99 
201 84 83 101 
202 101 83 100 
203 85 84 102 
204 102 84 101 
205 86 85 103 
206 103 85 102 
207 87 86 104 
208 104 86 103 
209 88 87 105 
210 105 87 104 
211 89 88 106 
212 106 88 105 
213 90 89 107 
214 107 89 106 
215 91 90 108 
216 108 90 107 
217 92 91 109 
218 109 91 108 
219 93 92 110 
220 110 92 109 
221 94 93 111 
222 111 93 110 
223 112 95 94 
224 111 112 94 
225 95 112 492 
226 475 95 492 
227 113 96 97 
228 98 96 115 
229 115 96 113 
230 114 113 97 
231 97 526 114 
232 509 526 97 
233 99 98 116 
234 116 98 115 
235 100 99 117 
236 117 99 116 
237 101 100 118 
238 118 100 117 
239 102 101 119 
240 119 101 118 
241 103 102 120 
242 120 102 119 
243 104 103 121 
244 121 103 120 
245 105 104 122 
246 122 104 121 
247 106 105 123 
248 123 105 122 
249 107 106 124 
250 124 106 123 
251 108 107 125 
252 125 107 124 
253 109 108 126 
254 126 108 125 
255 110 109 127 
256 127 109 126 
257 111 110 128 
258 128 110 127 
259 129 112 111 
260 128 129 111 
261 112 129 510 
262 492 112 510 
263 130 113 114 
264 115 113 132 
265 132 113 130 
266 131 130 114 
267 114 545 131 
268 526 545 114 
269 116 115 133 
270 133 115 132 
271 117 116 134 
272 134 116 133 
273 118 117 135 
274 135 117 134 
275 119 118 136 
276 136 118 135 
277 120 119 137 
278 137 119 136 
279 121 120 138 
280 138 120 137 
281 122 121 139 
282 139 121 138 
283 123 122 140 
284 140 122 139 
285 124 123 141 
286 141 123 140 
287 125 124 142 
288 142 124 141 
289 126 125 143 
290 143 125 142 
291 127 126 144 
292 144 126 143 
293 128 127 145 
294 145 127 144 
295 146 129 128 
296 145 146 128 
297 129 146 527 
298 510 129 527 
299 147 130 131 
300 132 130 149 
301 149 130 147 
302 148 147 131 
303 131 562 148 
304 545 562 131 
305 133 132 150 
306 150 132 149 
307 134 133 151 
308 151 133 150 
309 135 134 152 
310 152 134 151 
311 136 135 153 
312 153 135 152 
313 137 136 154 
314 154 136 153 
315 138 137 155 
316 155 137 154 
317 139 138 156 
318 156 138 155 
319 140 139 157 
320 157 139 156 
321 141 140 158 
322 158 140 157 
323 142 141 159 
324 159 141 158 
325 143 142 160 
326 160 142 159 
327 144 143 161 
328 161 143 160 
329 145 144 162 
330 162 144 161 
331 163 146 145 
332 162 163 145 
333 146 163 546 
334 527 146 546 
335 164 147 148 
336 149 147 166 
337 166 147 164 
338 165 164 148 
339 148 579 165 
340 562 579 148 
341 150 149 167 
342 167 149 166 
343 151 150 168 
344 168 150 167 
345 152 151 169 
346 169 151 168 
347 153 152 170 
348 170 152 169 
349 154 153 171 
350 171 153 170 
351 155 154 172 
352 172 154 171 
353 156 155 173 
354 173 155 172 
355 157 156 174 
356 174 156 173 
357 158 157 175 
358 175 157 174 
359 159 158 176 
360 176 158 175 
361 160 159 177 
362 177 159 176 
363 161 160 178 
364 178 160 177 
365 178 162 161 
366 163 162 180 
367 179 162 178 
368 179 180 162 
369 180 563 163 
370 546 163 563 
371 164 165 181 
372 164 183 166 
373 181 183 164 
374 165 597 181 
375 165 579 597 
376 167 166 184 
377 184 166 183 
378 168 167 185 
379 185 167 184 
380 169 168 186 
381 186 168 185 
382 170 169 187 
383 187 169 186 
384 171 170 188 
385 188 170 187 
386 172 171 189 
387 189 171 188 
388 173 172 190 
389 190 172 189 
390 174 173 191 
391 191 173 190 
392 175 174 192 
393 192 174 191 
394 176 175 193 
395 193 175 192 
396 177 176 194 
397 194 176 193 
398 178 177 195 
399 195 177 194 
400 196 179 178 
401 195 196 178 
402 180 179 580 
403 179 196 580 
404 180 580 563 
405 181 182 183 
406 181 597 182 
407 197 183 182 
408 198 197 182 
409 182 615 198 
410 597 615 182 
411 184 183 199 
412 199 183 197 
413 185 184 200 
414 200 184 199 
415 186 185 201 
416 201 185 200 
417 187 186 202 
418 202 186 201 
419 188 187 203 
420 203 187 202 
421 189 188 204 
422 204 188 203 
423 190 189 205 
424 205 189 204 
425 191 190 206 
426 206 190 205 
427 192 191 207 
428 207 191 206 
429 193 192 208 
430 208 192 207 
431 194 193 209 
432 209 193 208 
433 209 195 194 
434 196 195 211 
435 210 195 209 
436 210 211 195 
437 211 598 196 
438 580 196 598 
439 197 198 212 
440 197 214 199 
441 212 214 197 
442 198 634 212 
443 198 615 634 
444 200 199 215 
445 215 199 214 
446 201 200 216 
447 216 200 215 
448 202 201 217 
449 217 201 216 
450 203 202 218 
451 218 202 217 
452 204 203 219 
453 219 203 218 
454 205 204 220 
455 220 204 219 
456 206 205 221 
457 221 205 220 
458 207 206 222 
459 222 206 221 
460 222 208 207 
461 209 208 224 
462 223 208 222 
463 223 224 208 
464 210 209 225 
465 225 209 224 
466 211 210 616 
467 225 616 210 
468 211 616 598 
469 212 213 214 
470 212 634 213 
471 214 213 226 
472 213 654 226 
473 213 634 654 
474 215 214 226 
475 215 229 216 
476 227 215 226 
477 227 229 215 
478 217 216 230 
479 230 216 229 
480 218 217 231 
481 231 217 230 
482 219 218 232 
483 232 218 231 
484 220 219 233 
485 233 219 232 
486 233 221 220 
487 222 221 235 
488 234 221 233 
489 234 235 221 
490 223 222 236 
491 236 222 235 
492 224 223 635 
493 236 635 223 
494 224 636 225 
495 635 636 224 
496 225 636 616 
497 226 655 227 
498 654 655 226 
499 227 228 229 
500 227 655 228 
501 229 228 237 
502 228 678 237 
503 228 655 678 
504 230 229 237 
505 231 230 238 
506 238 230 237 
507 232 231 239 
508 239 231 238 
509 233 232 240 
510 240 232 239 
511 234 233 241 
512 241 233 240 
513 235 234 656 
514 241 656 234 
515 235 657 236 
516 656 657 235 
517 236 657 635 
518 237 679 238 
519 678 679 237 
520 238 680 239 
521 679 680 238 
522 239 681 240 
523 680 681 239 
524 240 682 241 
525 681 682 240 
526 241 682 656 
527 242 243 244 
528 243 242 246 
529 244 271 242 
530 242 245 246 
531 245 242 274 
532 242 271 273 
533 274 242 273 
534 243 878 244 
535 246 853 243 
536 243 853 878 
537 244 272 271 
538 244 878 272 
539 246 245 248 
540 245 247 248 
541 247 245 275 
542 275 245 274 
543 248 854 246 
544 854 853 246 
545 248 247 250 
546 247 249 250 
547 249 247 276 
548 276 247 275 
549 250 855 248 
550 855 854 248 
551 250 249 252 
552 249 251 252 
553 251 249 277 
554 277 249 276 
555 252 856 250 
556 856 855 250 
557 252 251 254 
558 251 253 254 
559 253 251 278 
560 278 251 277 
561 254 857 252 
562 857 856 252 
563 254 253 256 
564 253 255 256 
565 255 253 279 
566 279 253 278 
567 256 858 254 
568 858 857 254 
569 256 255 258 
570 255 257 258 
571 257 255 280 
572 280 255 279 
573 258 859 256 
574 859 858 256 
575 258 257 260 
576 257 259 260 
577 259 257 281 
578 281 257 280 
579 260 860 258 
580 860 859 258 
581 260 259 262 
582 259 261 262 
583 261 259 282 
584 282 259 281 
585 262 861 260 
586 861 860 260 
587 262 261 264 
588 261 263 264 
589 263 261 283 
590 283 261 282 
591 264 862 262 
592 862 861 262 
593 264 263 265 
594 284 265 263 
595 285 263 283 
596 284 263 285 
597 265 864 264 
598 864 862 264 
599 265 284 879 
600 265 879 864 
601 266 267 268 
602 267 266 270 
603 268 292 266 
604 266 269 270 
605 269 266 295 
606 266 292 294 
607 295 266 294 
608 267 893 268 
609 270 876 267 
610 267 876 893 
611 268 293 292 
612 268 893 293 
613 270 269 272 
614 269 271 272 
615 271 269 296 
616 296 269 295 
617 272 877 270 
618 877 876 270 
619 273 271 297 
620 297 271 296 
621 878 877 272 
622 274 273 298 
623 298 273 297 
624 275 274 299 
625 299 274 298 
626 276 275 300 
627 300 275 299 
628 277 276 301 
629 301 276 300 
630 278 277 302 
631 302 277 301 
632 279 278 303 
633 303 278 302 
634 280 279 304 
635 304 279 303 
636 281 280 305 
637 305 280 304 
638 282 281 306 
639 306 281 305 
640 283 282 307 
641 307 282 306 
642 285 283 308 
643 308 283 307 
644 284 285 287 
645 287 879 284 
646 285 286 287 
647 286 285 309 
648 309 285 308 
649 287 286 288 
650 310 288 286 
651 311 286 309 
652 310 286 311 
653 287 288 895 
654 881 879 287 
655 287 882 881 
656 287 895 882 
657 288 310 894 
658 288 894 895 
659 289 290 291 
660 290 289 293 
661 291 316 289 
662 289 292 293 
663 292 289 319 
664 289 316 318 
665 319 289 318 
666 290 907 291 
667 293 892 290 
668 290 892 907 
669 291 317 316 
670 291 907 317 
671 294 292 320 
672 320 292 319 
673 893 892 293 
674 295 294 321 
675 321 294 320 
676 296 295 322 
677 322 295 321 
678 297 296 323 
679 323 296 322 
680 298 297 324 
681 324 297 323 
682 299 298 325 
683 325 298 324 
684 300 299 326 
685 326 299 325 
686 301 300 327 
687 327 300 326 
688 302 301 328 
689 328 301 327 
690 303 302 329 
691 329 302 328 
692 304 303 330 
693 330 303 329 
694 305 304 331 
695 331 304 330 
696 306 305 332 
697 332 305 331 
698 307 306 333 
699 333 306 332 
700 308 307 334 
701 334 307 333 
702 309 308 335 
703 335 308 334 
704 311 309 336 
705 336 309 335 
706 310 311 312 
707 312 894 310 
708 337 312 311 
709 336 337 311 
710 312 337 908 
711 312 908 894 
712 313 314 315 
713 314 313 317 
714 315 338 313 
715 313 316 317 
716 316 313 342 
717 313 338 341 
718 342 313 341 
719 314 919 315 
720 317 906 314 
721 314 906 919 
722 315 339 338 
723 315 919 339 
724 318 316 343 
725 343 316 342 
726 907 906 317 
727 319 318 344 
728 344 318 343 
729 320 319 345 
730 345 319 344 
731 321 320 346 
732 346 320 345 
733 322 321 347 
734 347 321 346 
735 323 322 348 
736 348 322 347 
737 324 323 349 
738 349 323 348 
739 325 324 350 
740 350 324 349 
741 326 325 351 
742 351 325 350 
743 327 326 352 
744 352 326 351 
745 328 327 353 
746 353 327 352 
747 329 328 354 
748 354 328 353 
749 330 329 355 
750 355 329 354 
751 331 330 356 
752 356 330 355 
753 332 331 357 
754 357 331 356 
755 333 332 358 
756 358 332 357 
757 334 333 359 
758 359 333 358 
759 335 334 360 
760 360 334 359 
761 336 335 361 
762 361 335 360 
763 362 337 336 
764 363 336 361 
765 362 336 363 
766 337 362 920 
767 908 337 920 
768 338 339 340 
769 365 338 340 
770 341 338 367 
771 367 338 365 
772 339 928 340 
773 339 919 928 
774 366 365 340 
775 340 940 366 
776 928 940 340 
777 342 341 368 
778 368 341 367 
779 343 342 369 
780 369 342 368 
781 344 343 370 
782 370 343 369 
783 345 344 371 
784 371 344 370 
785 346 345 372 
786 372 345 371 
787 347 346 373 
788 373 346 372 
789 348 347 374 
790 374 347 373 
791 349 348 375 
792 375 348 374 
793 350 349 376 
794 376 349 375 
795 351 350 377 
796 377 350 376 
797 352 351 378 
798 378 351 377 
799 353 352 379 
800 379 352 378 
801 354 353 380 
802 380 353 379 
803 355 354 381 
804 381 354 380 
805 356 355 382 
806 382 355 381 
807 357 356 383 
808 383 356 382 
809 358 357 384 
810 384 357 383 
811 359 358 385 
812 385 358 384 
813 360 359 386 
814 386 359 385 
815 361 360 387 
816 387 360 386 
817 363 361 388 
818 388 361 387 
819 362 363 364 
820 364 920 362 
821 389 364 363 
822 388 389 363 
823 364 389 929 
824 364 929 920 
825 366 390 365 
826 367 365 394 
827 365 390 393 
828 394 365 393 
829 366 391 390 
830 366 940 391 
831 368 367 395 
832 395 367 394 
833 369 368 396 
834 396 368 395 
835 370 369 397 
836 397 369 396 
837 371 370 398 
838 398 370 397 
839 372 371 399 
840 399 371 398 
841 373 372 400 
842 400 372 399 
843 374 373 400 
844 401 379 378 
845 380 379 402 
846 402 379 401 
847 381 380 403 
848 403 380 402 
849 382 381 404 
850 404 381 403 
851 383 382 405 
852 405 382 404 
853 384 383 406 
854 406 383 405 
855 385 384 407 
856 407 384 406 
857 386 385 408 
858 408 385 407 
859 387 386 409 
860 409 386 408 
861 388 387 410 
862 410 387 409 
863 411 389 388 
864 410 411 388 
865 389 411 941 
866 929 389 941 
867 390 391 392 
868 392 412 390 
869 393 390 416 
870 390 412 415 
871 416 390 415 
872 391 949 392 
873 391 940 949 
874 392 413 412 
875 392 949 413 
876 394 393 417 
877 417 393 416 
878 395 394 418 
879 418 394 417 
880 396 395 419 
881 419 395 418 
882 397 396 420 
883 420 396 419 
884 398 397 421 
885 421 397 420 
886 399 398 421 
887 422 403 402 
888 404 403 423 
889 423 403 422 
890 405 404 424 
891 424 404 423 
892 406 405 425 
893 425 405 424 
894 407 406 426 
895 426 406 425 
896 408 407 427 
897 427 407 426 
898 409 408 428 
899 428 408 427 
900 410 409 429 
901 429 409 428 
902 430 411 410 
903 429 430 410 
904 411 430 950 
905 941 411 950 
906 412 413 414 
907 414 431 412 
908 415 412 435 
909 412 431 434 
910 435 412 434 
911 413 961 414 
912 413 949 961 
913 414 432 431 
914 414 961 432 
915 416 415 436 
916 436 415 435 
917 417 416 437 
918 437 416 436 
919 418 417 438 
920 438 417 437 
921 419 418 439 
922 439 418 438 
923 420 419 439 
924 440 423 422 
925 424 423 441 
926 441 423 440 
927 425 424 442 
928 442 424 441 
929 426 425 443 
930 443 425 442 
931 427 426 444 
932 444 426 443 
933 428 427 445 
934 445 427 444 
935 429 428 446 
936 446 428 445 
937 447 430 429 
938 446 447 429 
939 430 447 962 
940 950 430 962 
941 431 432 433 
942 433 448 431 
943 434 431 452 
944 431 448 451 
945 452 431 451 
946 432 972 433 
947 432 961 972 
948 433 449 448 
949 433 972 449 
950 435 434 453 
951 453 434 452 
952 436 435 454 
953 454 435 453 
954 437 436 455 
955 455 436 454 
956 438 437 456 
957 456 437 455 
958 439 438 456 
959 441 440 458 
960 458 440 457 
961 442 441 459 
962 459 441 458 
963 443 442 460 
964 460 442 459 
965 444 443 461 
966 461 443 460 
967 445 444 462 
968 462 444 461 
969 446 445 463 
970 463 445 462 
971 464 447 446 
972 463 464 446 
973 447 464 973 
974 962 447 973 
975 448 449 450 
976 450 465 448 
977 451 448 469 
978 448 465 468 
979 469 448 468 
980 449 983 450 
981 449 972 983 
982 450 466 465 
983 450 983 466 
984 452 451 470 
985 470 451 469 
986 453 452 471 
987 471 452 470 
988 454 453 472 
989 472 453 471 
990 455 454 473 
991 473 454 472 
992 456 455 474 
993 474 455 473 
994 475 458 457 
995 459 458 476 
996 476 458 475 
997 460 459 477 
998 477 459 476 
999 461 460 478 
1000 478 460 477 
1001 462 461 479 
1002 479 461 478 
1003 463 462 480 
1004 480 462 479 
1005 481 464 463 
1006 480 481 463 
1007 464 481 984 
1008 973 464 984 
1009 465 466 467 
1010 467 482 465 
1011 468 465 486 
1012 465 482 485 
1013 486 465 485 
1014 466 992 467 
1015 466 983 992 
1016 467 483 482 
1017 467 992 483 
1018 469 468 487 
1019 487 468 486 
1020 470 469 488 
1021 488 469 487 
1022 471 470 489 
1023 489 470 488 
1024 472 471 490 
1025 490 471 489 
1026 473 472 491 
1027 491 472 490 
1028 474 473 491 
1029 476 475 493 
1030 493 475 492 
1031 477 476 494 
1032 494 476 493 
1033 478 477 495 
1034 495 477 494 
1035 479 478 496 
1036 496 478 495 
1037 480 479 497 
1038 497 479 496 
1039 498 481 480 
1040 497 498 480 
1041 481 498 993 
1042 984 481 993 
1043 482 483 484 
1044 484 499 482 
1045 485 482 503 
1046 482 499 502 
1047 503 482 502 
1048 483 1002 484 
1049 483 992 1002 
1050 484 500 499 
1051 484 1002 500 
1052 486 485 504 
1053 504 485 503 
1054 487 486 505 
1055 505 486 504 
1056 488 487 506 
1057 506 487 505 
1058 489 488 507 
1059 507 488 506 
1060 490 489 508 
1061 508 489 507 
1062 491 490 509 
1063 509 490 508 
1064 493 492 511 
1065 511 492 510 
1066 494 493 512 
1067 512 493 511 
1068 495 494 513 
1069 513 494 512 
1070 496 495 514 
1071 514 495 513 
1072 497 496 515 
1073 515 496 514 
1074 516 498 497 
1075 515 516 497 
1076 498 516 1003 
1077 993 498 1003 
1078 499 500 501 
1079 517 499 501 
1080 502 499 519 
1081 519 499 517 
1082 500 1010 501 
1083 500 1002 1010 
1084 518 517 501 
1085 501 1018 518 
1086 1010 1018 501 
1087 503 502 520 
1088 520 502 519 
1089 504 503 521 
1090 521 503 520 
1091 505 504 522 
1092 522 504 521 
1093 506 505 523 
1094 523 505 522 
1095 507 506 524 
1096 524 506 523 
1097 508 507 525 
1098 525 507 524 
1099 509 508 526 
1100 526 508 525 
1101 511 510 528 
1102 528 510 527 
1103 512 511 529 
1104 529 511 528 
1105 513 512 530 
1106 530 512 529 
1107 514 513 531 
1108 531 513 530 
1109 531 515 514 
1110 516 515 533 
1111 532 515 531 
1112 532 533 515 
1113 533 1011 516 
1114 1003 516 1011 
1115 518 534 517 
1116 519 517 538 
1117 517 534 537 
1118 538 517 537 
1119 518 535 534 
1120 518 1018 535 
1121 520 519 539 
1122 539 519 538 
1123 521 520 540 
1124 540 520 539 
1125 522 521 541 
1126 541 521 540 
1127 523 522 542 
1128 542 522 541 
1129 524 523 543 
1130 543 523 542 
1131 525 524 544 
1132 544 524 543 
1133 526 525 545 
1134 545 525 544 
1135 528 527 547 
1136 547 527 546 
1137 529 528 548 
1138 548 528 547 
1139 530 529 549 
1140 549 529 548 
1141 531 530 550 
1142 550 530 549 
1143 551 532 531 
1144 550 551 531 
1145 533 532 1019 
1146 532 551 1019 
1147 533 1019 1011 
1148 534 535 536 
1149 552 534 536 
1150 537 534 554 
1151 554 534 552 
1152 535 1028 536 
1153 535 1018 1028 
1154 553 552 536 
1155 536 1037 553 
1156 1028 1037 536 
1157 538 537 555 
1158 555 537 554 
1159 539 538 556 
1160 556 538 555 
1161 540 539 557 
1162 557 539 556 
1163 541 540 558 
1164 558 540 557 
1165 542 541 559 
1166 559 541 558 
1167 543 542 560 
1168 560 542 559 
1169 544 543 561 
1170 561 543 560 
1171 545 544 562 
1172 562 544 561 
1173 547 546 564 
1174 564 546 563 
1175 548 547 565 
1176 565 547 564 
1177 549 548 566 
1178 566 548 565 
1179 566 550 549 
1180 551 550 568 
1181 567 550 566 
1182 567 568 550 
1183 568 1029 551 
1184 1019 551 1029 
1185 569 552 553 
1186 554 552 571 
1187 571 552 569 
1188 570 569 553 
1189 553 1047 570 
1190 1037 1047 553 
1191 555 554 572 
1192 572 554 571 
1193 556 555 573 
1194 573 555 572 
1195 557 556 574 
1196 574 556 573 
1197 558 557 575 
1198 575 557 574 
1199 559 558 576 
1200 576 558 575 
1201 560 559 577 
1202 577 559 576 
1203 561 560 578 
1204 578 560 577 
1205 562 561 579 
1206 579 561 578 
1207 564 563 582 
1208 580 581 563 
1209 582 563 581 
1210 565 564 583 
1211 583 564 582 
1212 566 565 584 
1213 584 565 583 
1214 585 567 566 
1215 584 585 566 
1216 568 567 1038 
1217 567 585 1038 
1218 568 1038 1029 
1219 586 569 570 
1220 571 569 588 
1221 588 569 586 
1222 587 586 570 
1223 570 1056 587 
1224 1047 1056 570 
1225 572 571 589 
1226 589 571 588 
1227 573 572 590 
1228 590 572 589 
1229 574 573 591 
1230 591 573 590 
1231 575 574 592 
1232 592 574 591 
1233 576 575 593 
1234 593 575 592 
1235 577 576 594 
1236 594 576 593 
1237 578 577 595 
1238 595 577 594 
1239 579 578 596 
1240 596 578 595 
1241 579 596 597 
1242 581 580 599 
1243 599 580 598 
1244 582 581 600 
1245 600 581 599 
1246 583 582 601 
1247 601 582 600 
1248 601 584 583 
1249 585 584 603 
1250 602 584 601 
1251 602 603 584 
1252 603 1048 585 
1253 1038 585 1048 
1254 604 586 587 
1255 588 586 606 
1256 606 586 604 
1257 605 604 587 
1258 587 1066 605 
1259 1056 1066 587 
1260 589 588 607 
1261 607 588 606 
1262 590 589 608 
1263 608 589 607 
1264 591 590 609 
1265 609 590 608 
1266 592 591 610 
1267 610 591 609 
1268 593 592 611 
1269 611 592 610 
1270 594 593 612 
1271 612 593 611 
1272 595 594 613 
1273 613 594 612 
1274 596 595 614 
1275 614 595 613 
1276 597 596 615 
1277 615 596 614 
1278 599 598 618 
1279 616 617 598 
1280 618 598 617 
1281 618 600 599 
1282 601 600 620 
1283 619 600 618 
1284 619 620 600 
1285 602 601 621 
1286 621 601 620 
1287 603 602 1057 
1288 621 1057 602 
1289 603 1057 1048 
1290 622 604 605 
1291 606 604 624 
1292 624 604 622 
1293 623 622 605 
1294 605 1077 623 
1295 1066 1077 605 
1296 607 606 625 
1297 625 606 624 
1298 608 607 626 
1299 626 607 625 
1300 609 608 627 
1301 627 608 626 
1302 610 609 628 
1303 628 609 627 
1304 611 610 629 
1305 629 610 628 
1306 612 611 630 
1307 630 611 629 
1308 613 612 631 
1309 631 612 630 
1310 614 613 632 
1311 632 613 631 
1312 615 614 633 
1313 633 614 632 
1314 615 633 634 
1315 617 616 638 
1316 636 637 616 
1317 638 616 637 
1318 638 618 617 
1319 619 618 640 
1320 639 618 638 
1321 639 640 618 
1322 620 619 1067 
1323 640 1067 619 
1324 620 1068 621 
1325 1067 1068 620 
1326 621 1068 1057 
1327 641 622 623 
1328 624 622 643 
1329 643 622 641 
1330 642 641 623 
1331 623 1088 642 
1332 1077 1088 623 
1333 625 624 644 
1334 644 624 643 
1335 626 625 645 
1336 645 625 644 
1337 627 626 646 
1338 646 626 645 
1339 628 627 647 
1340 647 627 646 
1341 629 628 648 
1342 648 628 647 
1343 630 629 649 
1344 649 629 648 
1345 631 630 650 
1346 650 630 649 
1347 632 631 651 
1348 651 631 650 
1349 633 632 652 
1350 652 632 651 
1351 634 633 653 
1352 653 633 652 
1353 634 653 654 
1354 636 635 659 
1355 657 658 635 
1356 659 635 658 
1357 637 636 660 
1358 660 636 659 
1359 660 638 637 
1360 639 638 662 
1361 661 638 660 
1362 661 662 638 
1363 640 639 1078 
1364 662 1078 639 
1365 640 1078 1067 
1366 641 642 663 
1367 641 665 643 
1368 663 665 641 
1369 642 1100 663 
1370 642 1088 1100 
1371 644 643 666 
1372 666 643 665 
1373 645 644 667 
1374 667 644 666 
1375 646 645 668 
1376 668 645 667 
1377 647 646 669 
1378 669 646 668 
1379 648 647 670 
1380 670 647 669 
1381 649 648 671 
1382 671 648 670 
1383 650 649 672 
1384 672 649 671 
1385 651 650 673 
1386 673 650 672 
1387 652 651 674 
1388 674 651 673 
1389 653 652 675 
1390 675 652 674 
1391 654 653 676 
1392 676 653 675 
1393 655 654 677 
1394 677 654 676 
1395 655 677 678 
1396 657 656 684 
1397 682 683 656 
1398 684 656 683 
1399 658 657 685 
1400 685 657 684 
1401 659 658 686 
1402 686 658 685 
1403 686 660 659 
1404 661 660 688 
1405 687 660 686 
1406 687 688 660 
1407 662 661 1089 
1408 688 1089 661 
1409 662 1089 1078 
1410 663 664 665 
1411 663 1100 664 
1412 689 665 664 
1413 690 689 664 
1414 664 1110 690 
1415 1100 1110 664 
1416 666 665 691 
1417 691 665 689 
1418 667 666 692 
1419 692 666 691 
1420 668 667 693 
1421 693 667 692 
1422 669 668 694 
1423 694 668 693 
1424 670 669 695 
1425 695 669 694 
1426 671 670 696 
1427 696 670 695 
1428 672 671 697 
1429 697 671 696 
1430 673 672 698 
1431 698 672 697 
1432 674 673 699 
1433 699 673 698 
1434 675 674 700 
1435 700 674 699 
1436 676 675 701 
1437 701 675 700 
1438 677 676 702 
1439 702 676 701 
1440 678 677 703 
1441 703 677 702 
1442 679 678 704 
1443 704 678 703 
1444 680 679 705 
1445 705 679 704 
1446 681 680 706 
1447 706 680 705 
1448 682 681 707 
1449 707 681 706 
1450 683 682 708 
1451 708 682 707 
1452 684 683 709 
1453 709 683 708 
1454 685 684 710 
1455 710 684 709 
1456 710 686 685 
1457 687 686 712 
1458 711 686 710 
1459 711 712 686 
1460 688 687 1101 
1461 712 1101 687 
1462 688 1101 1089 
1463 689 690 713 
1464 689 715 691 
1465 713 715 689 
1466 690 1120 713 
1467 690 1110 1120 
1468 692 691 716 
1469 716 691 715 
1470 693 692 717 
1471 717 692 716 
1472 694 693 718 
1473 718 693 717 
1474 695 694 719 
1475 719 694 718 
1476 696 695 720 
1477 720 695 719 
1478 697 696 721 
1479 721 696 720 
1480 698 697 722 
1481 722 697 721 
1482 699 698 723 
1483 723 698 722 
1484 700 699 724 
1485 724 699 723 
1486 701 700 725 
1487 725 700 724 
1488 702 701 726 
1489 726 701 725 
1490 703 702 727 
1491 727 702 726 
1492 704 703 728 
1493 728 703 727 
1494 705 704 729 
1495 729 704 728 
1496 706 705 730 
1497 730 705 729 
1498 707 706 731 
1499 731 706 730 
1500 708 707 732 
1501 732 707 731 
1502 709 708 733 
1503 733 708 732 
1504 733 710 709 
1505 711 710 735 
1506 734 710 733 
1507 734 735 710 
1508 712 711 1111 
1509 735 1111 711 
1510 712 1111 1101 
1511 713 714 715 
1512 713 1120 714 
1513 715 714 736 
1514 714 1130 736 
1515 714 1120 1130 
1516 716 715 736 
1517 716 739 717 
1518 737 716 736 
1519 737 739 716 
1520 718 717 740 
1521 740 717 739 
1522 719 718 741 
1523 741 718 740 
1524 720 719 742 
1525 742 719 741 
1526 721 720 743 
1527 743 720 742 
1528 722 721 744 
1529 744 721 743 
1530 723 722 745 
1531 745 722 744 
1532 724 723 746 
1533 746 723 745 
1534 725 724 747 
1535 747 724 746 
1536 726 725 748 
1537 748 725 747 
1538 727 726 749 
1539 749 726 748 
1540 728 727 750 
1541 750 727 749 
1542 729 728 751 
1543 751 728 750 
1544 730 729 752 
1545 752 729 751 
1546 731 730 753 
1547 753 730 752 
1548 753 732 731 
1549 733 732 755 
1550 754 732 753 
1551 754 755 732 
1552 734 733 756 
1553 756 733 755 
1554 735 734 1121 
1555 734 756 1134 
1556 734 1135 1121 
1557 734 1134 1135 
1558 735 1121 1111 
1559 736 1131 737 
1560 1130 1131 736 
1561 737 738 739 
1562 737 1131 738 
1563 739 738 757 
1564 738 1143 757 
1565 738 1131 1143 
1566 740 739 757 
1567 740 760 741 
1568 758 740 757 
1569 758 760 740 
1570 742 741 761 
1571 761 741 760 
1572 743 742 762 
1573 762 742 761 
1574 744 743 763 
1575 763 743 762 
1576 745 744 764 
1577 764 744 763 
1578 746 745 765 
1579 765 745 764 
1580 747 746 766 
1581 766 746 765 
1582 748 747 767 
1583 767 747 766 
1584 749 748 768 
1585 768 748 767 
1586 750 749 769 
1587 769 749 768 
1588 751 750 770 
1589 770 750 769 
1590 770 752 751 
1591 753 752 772 
1592 771 752 770 
1593 771 772 752 
1594 754 753 773 
1595 773 753 772 
1596 755 754 1132 
1597 754 773 1147 
1598 754 1148 1132 
1599 754 1147 1148 
1600 755 1133 756 
1601 1132 1133 755 
1602 756 1133 1134 
1603 757 1144 758 
1604 1143 1144 757 
1605 758 759 760 
1606 758 1144 759 
1607 760 759 774 
1608 759 1157 774 
1609 759 1144 1157 
1610 761 760 774 
1611 762 761 775 
1612 775 761 774 
1613 763 762 776 
1614 776 762 775 
1615 764 763 777 
1616 777 763 776 
1617 765 764 778 
1618 778 764 777 
1619 766 765 779 
1620 779 765 778 
1621 767 766 780 
1622 780 766 779 
1623 768 767 781 
1624 781 767 780 
1625 769 768 782 
1626 782 768 781 
1627 770 769 783 
1628 783 769 782 
1629 771 770 784 
1630 784 770 783 
1631 772 771 1145 
1632 1145 771 784 
1633 772 1146 773 
1634 1145 1146 772 
1635 773 1146 1147 
1636 774 1158 775 
1637 1157 1158 774 
1638 775 1159 776 
1639 1158 1159 775 
1640 776 1160 777 
1641 1159 1160 776 
1642 777 1161 778 
1643 1160 1161 777 
1644 778 1162 779 
1645 1161 1162 778 
1646 779 1163 780 
1647 1162 1163 779 
1648 780 1164 781 
1649 1163 1164 780 
1650 781 1165 782 
1651 1164 1165 781 
1652 1167 783 782 
1653 1166 782 1165 
1654 1166 1167 782 
1655 784 783 1168 
1656 783 1167 1168 
1657 1145 784 1169 
1658 1169 784 1168 
1659 785 786 787 
1660 786 785 789 
1661 787 806 785 
1662 785 788 789 
1663 788 785 809 
1664 785 806 808 
1665 809 785 808 
1666 786 1205 787 
1667 786 789 1206 
1668 1205 786 1206 
1669 787 807 806 
1670 807 787 1205 
1671 789 788 791 
1672 788 790 791 
1673 790 788 810 
1674 810 788 809 
1675 789 791 1207 
1676 1206 789 1207 
1677 791 790 793 
1678 790 792 793 
1679 792 790 811 
1680 811 790 810 
1681 791 793 1208 
1682 1207 791 1208 
1683 793 792 795 
1684 792 794 795 
1685 794 792 812 
1686 812 792 811 
1687 793 795 1209 
1688 1208 793 1209 
1689 795 794 797 
1690 794 796 797 
1691 796 794 813 
1692 813 794 812 
1693 795 797 1210 
1694 1209 795 1210 
1695 797 796 799 
1696 796 798 799 
1697 798 796 814 
1698 814 796 813 
1699 797 799 1211 
1700 1210 797 1211 
1701 799 798 800 
1702 815 800 798 
1703 816 798 814 
1704 815 798 816 
1705 799 800 1211 
1706 800 815 1222 
1707 800 1222 1211 
1708 801 802 803 
1709 802 801 805 
1710 803 823 801 
1711 801 804 805 
1712 804 801 826 
1713 801 823 825 
1714 826 801 825 
1715 802 1212 803 
1716 802 805 1213 
1717 1212 802 1213 
1718 803 824 823 
1719 803 1226 824 
1720 803 1212 1227 
1721 803 1227 1226 
1722 805 804 807 
1723 804 806 807 
1724 806 804 827 
1725 827 804 826 
1726 805 807 1214 
1727 1213 805 1214 
1728 808 806 828 
1729 828 806 827 
1730 807 1205 1214 
1731 809 808 829 
1732 829 808 828 
1733 810 809 830 
1734 830 809 829 
1735 811 810 831 
1736 831 810 830 
1737 812 811 832 
1738 832 811 831 
1739 813 812 833 
1740 833 812 832 
1741 814 813 834 
1742 834 813 833 
1743 816 814 835 
1744 835 814 834 
1745 815 816 818 
1746 815 818 1223 
1747 1222 815 1223 
1748 816 817 818 
1749 817 816 836 
1750 836 816 835 
1751 818 817 819 
1752 837 819 817 
1753 838 817 836 
1754 837 817 838 
1755 818 819 1223 
1756 819 837 1240 
1757 819 1240 1223 
1758 820 821 822 
1759 821 820 824 
1760 822 845 820 
1761 820 823 824 
1762 823 820 848 
1763 820 845 847 
1764 848 820 847 
1765 821 1224 822 
1766 821 824 1225 
1767 1224 821 1225 
1768 822 846 845 
1769 822 1244 846 
1770 822 1224 1245 
1771 822 1245 1244 
1772 825 823 849 
1773 849 823 848 
1774 824 1226 1225 
1775 826 825 850 
1776 850 825 849 
1777 827 826 851 
1778 851 826 850 
1779 828 827 852 
1780 852 827 851 
1781 829 828 853 
1782 853 828 852 
1783 830 829 854 
1784 854 829 853 
1785 831 830 855 
1786 855 830 854 
1787 832 831 856 
1788 856 831 855 
1789 833 832 857 
1790 857 832 856 
1791 834 833 858 
1792 858 833 857 
1793 835 834 859 
1794 859 834 858 
1795 836 835 860 
1796 860 835 859 
1797 838 836 861 
1798 861 836 860 
1799 837 838 840 
1800 837 840 1241 
1801 1240 837 1241 
1802 838 839 840 
1803 839 838 862 
1804 862 838 861 
1805 840 839 841 
1806 863 841 839 
1807 864 839 862 
1808 863 839 864 
1809 840 841 1241 
1810 841 863 1252 
1811 841 1252 1241 
1812 842 843 844 
1813 843 842 846 
1814 844 868 842 
1815 842 845 846 
1816 845 842 872 
1817 842 868 871 
1818 872 842 871 
1819 843 1242 844 
1820 843 846 1243 
1821 1242 843 1243 
1822 844 869 868 
1823 844 1255 869 
1824 844 1242 1256 
1825 844 1256 1255 
1826 847 845 873 
1827 873 845 872 
1828 846 1244 1243 
1829 848 847 874 
1830 874 847 873 
1831 849 848 875 
1832 875 848 874 
1833 850 849 876 
1834 876 849 875 
1835 851 850 877 
1836 877 850 876 
1837 852 851 878 
1838 878 851 877 
1839 853 852 878 
1840 863 864 866 
1841 863 866 1253 
1842 1252 863 1253 
1843 864 865 866 
1844 879 865 864 
1845 866 865 867 
1846 880 867 865 
1847 881 865 879 
1848 880 865 881 
1849 866 867 1253 
1850 867 880 1264 
1851 867 1264 1253 
1852 868 869 870 
1853 870 886 868 
1854 871 868 889 
1855 868 886 888 
1856 889 868 888 
1857 869 1254 870 
1858 869 1255 1254 
1859 870 887 886 
1860 1254 887 870 
1861 872 871 890 
1862 890 871 889 
1863 873 872 891 
1864 891 872 890 
1865 874 873 892 
1866 892 873 891 
1867 875 874 893 
1868 893 874 892 
1869 876 875 893 
1870 880 881 882 
1871 880 882 1264 
1872 895 1264 882 
1873 883 884 885 
1874 884 883 887 
1875 885 899 883 
1876 883 886 887 
1877 886 883 903 
1878 883 899 902 
1879 903 883 902 
1880 885 884 1266 
1881 887 1267 884 
1882 884 1265 1266 
1883 884 1267 1265 
1884 885 900 899 
1885 1266 900 885 
1886 888 886 904 
1887 904 886 903 
1888 1254 1268 887 
1889 1268 1267 887 
1890 889 888 905 
1891 905 888 904 
1892 890 889 906 
1893 906 889 905 
1894 891 890 907 
1895 907 890 906 
1896 892 891 907 
1897 895 894 897 
1898 894 896 897 
1899 908 896 894 
1900 895 897 1276 
1901 895 1273 1264 
1902 895 1274 1273 
1903 1274 895 1276 
1904 897 896 898 
1905 909 898 896 
1906 910 896 908 
1907 909 896 910 
1908 897 898 1276 
1909 898 909 1284 
1910 898 1284 1276 
1911 899 900 901 
1912 901 912 899 
1913 902 899 916 
1914 899 912 915 
1915 916 899 915 
1916 1277 901 900 
1917 1280 900 1266 
1918 1277 900 1278 
1919 1278 900 1280 
1920 901 913 912 
1921 901 1277 913 
1922 903 902 917 
1923 917 902 916 
1924 904 903 918 
1925 918 903 917 
1926 905 904 919 
1927 919 904 918 
1928 906 905 919 
1929 910 908 921 
1930 921 908 920 
1931 909 910 911 
1932 909 911 1284 
1933 922 911 910 
1934 921 922 910 
1935 911 922 1289 
1936 1284 911 1289 
1937 912 913 914 
1938 923 912 914 
1939 915 912 925 
1940 925 912 923 
1941 1277 914 913 
1942 924 923 914 
1943 914 1294 924 
1944 1277 1285 914 
1945 1285 1294 914 
1946 916 915 926 
1947 926 915 925 
1948 917 916 927 
1949 927 916 926 
1950 918 917 928 
1951 928 917 927 
1952 919 918 928 
1953 929 921 920 
1954 930 922 921 
1955 931 921 929 
1956 930 921 931 
1957 930 1289 922 
1958 924 933 923 
1959 925 923 937 
1960 923 933 936 
1961 937 923 936 
1962 924 934 933 
1963 924 1294 934 
1964 926 925 938 
1965 938 925 937 
1966 927 926 939 
1967 939 926 938 
1968 928 927 940 
1969 940 927 939 
1970 931 929 942 
1971 942 929 941 
1972 930 931 932 
1973 930 932 1296 
1974 930 1295 1289 
1975 930 1296 1295 
1976 943 932 931 
1977 942 943 931 
1978 1303 932 943 
1979 1302 1296 932 
1980 1302 932 1303 
1981 933 934 935 
1982 944 933 935 
1983 936 933 946 
1984 946 933 944 
1985 934 1301 935 
1986 934 1294 1301 
1987 945 944 935 
1988 935 1308 945 
1989 1301 1308 935 
1990 937 936 947 
1991 947 936 946 
1992 938 937 948 
1993 948 937 947 
1994 939 938 949 
1995 949 938 948 
1996 940 939 949 
1997 942 941 951 
1998 951 941 950 
1999 952 943 942 
2000 953 942 951 
2001 952 942 953 
2002 1309 943 952 
2003 1310 1303 943 
2004 1309 1310 943 
2005 945 955 944 
2006 946 944 959 
2007 944 955 958 
2008 959 944 958 
2009 945 956 955 
2010 945 1308 956 
2011 947 946 960 
2012 960 946 959 
2013 948 947 961 
2014 961 947 960 
2015 949 948 961 
2016 951 950 963 
2017 963 950 962 
2018 953 951 964 
2019 964 951 963 
2020 952 953 954 
2021 952 954 1309 
2022 965 954 953 
2023 964 965 953 
2024 954 965 1316 
2025 1309 954 1316 
2026 955 956 957 
2027 957 966 955 
2028 958 955 970 
2029 955 966 969 
2030 970 955 969 
2031 956 1315 957 
2032 956 1308 1315 
2033 957 967 966 
2034 957 1315 967 
2035 959 958 971 
2036 971 958 970 
2037 960 959 972 
2038 972 959 971 
2039 961 960 972 
2040 963 962 974 
2041 974 962 973 
2042 964 963 975 
2043 975 963 974 
2044 976 965 964 
2045 975 976 964 
2046 965 976 1323 
2047 1316 965 1323 
2048 966 967 968 
2049 968 977 966 
2050 969 966 981 
2051 966 977 980 
2052 981 966 980 
2053 967 1322 968 
2054 967 1315 1322 
2055 968 978 977 
2056 968 1322 978 
2057 970 969 982 
2058 982 969 981 
2059 971 970 983 
2060 983 970 982 
2061 972 971 983 
2062 974 973 985 
2063 985 973 984 
2064 975 974 986 
2065 986 974 985 
2066 987 976 975 
2067 986 987 975 
2068 976 987 1330 
2069 1323 976 1330 
2070 977 978 979 
2071 988 977 979 
2072 980 977 990 
2073 990 977 988 
2074 978 1329 979 
2075 978 1322 1329 
2076 989 988 979 
2077 979 1337 989 
2078 1329 1337 979 
2079 981 980 991 
2080 991 980 990 
2081 982 981 992 
2082 992 981 991 
2083 983 982 992 
2084 985 984 994 
2085 994 984 993 
2086 986 985 995 
2087 995 985 994 
2088 996 987 986 
2089 995 996 986 
2090 987 996 1338 
2091 1330 987 1338 
2092 989 997 988 
2093 990 988 1001 
2094 988 997 1000 
2095 1001 988 1000 
2096 989 998 997 
2097 989 1337 998 
2098 991 990 1002 
2099 1002 990 1001 
2100 992 991 1002 
2101 994 993 1004 
2102 1004 993 1003 
2103 995 994 1005 
2104 1005 994 1004 
2105 1006 996 995 
2106 1005 1006 995 
2107 996 1006 1344 
2108 1338 996 1344 
2109 997 998 999 
2110 1007 997 999 
2111 1000 997 1009 
2112 1009 997 1007 
2113 998 1343 999 
2114 998 1337 1343 
2115 1008 1007 999 
2116 999 1349 1008 
2117 1343 1349 999 
2118 1001 1000 1010 
2119 1010 1000 1009 
2120 1002 1001 1010 
2121 1004 1003 1012 
2122 1012 1003 1011 
2123 1005 1004 1013 
2124 1013 1004 1012 
2125 1014 1006 1005 
2126 1013 1014 1005 
2127 1006 1014 1350 
2128 1344 1006 1350 
2129 1015 1007 1008 
2130 1009 1007 1017 
2131 1017 1007 1015 
2132 1016 1015 1008 
2133 1008 1357 1016 
2134 1349 1357 1008 
2135 1010 1009 1018 
2136 1018 1009 1017 
2137 1012 1011 1021 
2138 1019 1020 1011 
2139 1021 1011 1020 
2140 1013 1012 1022 
2141 1022 1012 1021 
2142 1023 1014 1013 
2143 1022 1023 1013 
2144 1014 1023 1358 
2145 1350 1014 1358 
2146 1016 1024 1015 
2147 1017 1015 1028 
2148 1015 1024 1027 
2149 1028 1015 1027 
2150 1016 1025 1024 
2151 1016 1357 1025 
2152 1018 1017 1028 
2153 1020 1019 1030 
2154 1030 1019 1029 
2155 1021 1020 1031 
2156 1031 1020 1030 
2157 1022 1021 1032 
2158 1032 1021 1031 
2159 1033 1023 1022 
2160 1032 1033 1022 
2161 1023 1033 1364 
2162 1358 1023 1364 
2163 1024 1025 1026 
2164 1034 1024 1026 
2165 1027 1024 1036 
2166 1036 1024 1034 
2167 1025 1363 1026 
2168 1025 1357 1363 
2169 1035 1034 1026 
2170 1026 1369 1035 
2171 1363 1369 1026 
2172 1028 1027 1037 
2173 1037 1027 1036 
2174 1030 1029 1040 
2175 1038 1039 1029 
2176 1040 1029 1039 
2177 1031 1030 1041 
2178 1041 1030 1040 
2179 1041 1032 1031 
2180 1033 1032 1043 
2181 1042 1032 1041 
2182 1042 1043 1032 
2183 1033 1043 1364 
2184 1044 1034 1035 
2185 1036 1034 1046 
2186 1046 1034 1044 
2187 1045 1044 1035 
2188 1035 1374 1045 
2189 1369 1374 1035 
2190 1037 1036 1047 
2191 1047 1036 1046 
2192 1039 1038 1049 
2193 1049 1038 1048 
2194 1040 1039 1050 
2195 1050 1039 1049 
2196 1041 1040 1051 
2197 1051 1040 1050 
2198 1052 1042 1041 
2199 1051 1052 1041 
2200 1043 1042 1365 
2201 1042 1052 1370 
2202 1042 1370 1365 
2203 1043 1365 1364 
2204 1053 1044 1045 
2205 1046 1044 1055 
2206 1055 1044 1053 
2207 1054 1053 1045 
2208 1045 1379 1054 
2209 1374 1379 1045 
2210 1047 1046 1056 
2211 1056 1046 1055 
2212 1049 1048 1059 
2213 1057 1058 1048 
2214 1059 1048 1058 
2215 1050 1049 1060 
2216 1060 1049 1059 
2217 1060 1051 1050 
2218 1052 1051 1062 
2219 1061 1051 1060 
2220 1061 1062 1051 
2221 1375 1052 1062 
2222 1370 1052 1375 
2223 1063 1053 1054 
2224 1055 1053 1065 
2225 1065 1053 1063 
2226 1064 1063 1054 
2227 1054 1385 1064 
2228 1379 1385 1054 
2229 1056 1055 1066 
2230 1066 1055 1065 
2231 1058 1057 1070 
2232 1068 1069 1057 
2233 1070 1057 1069 
2234 1059 1058 1071 
2235 1071 1058 1070 
2236 1071 1060 1059 
2237 1061 1060 1073 
2238 1072 1060 1071 
2239 1072 1073 1060 
2240 1061 1380 1062 
2241 1073 1387 1061 
2242 1061 1387 1380 
2243 1381 1375 1062 
2244 1062 1380 1381 
2245 1074 1063 1064 
2246 1065 1063 1076 
2247 1076 1063 1074 
2248 1075 1074 1064 
2249 1064 1391 1075 
2250 1385 1391 1064 
2251 1066 1065 1077 
2252 1077 1065 1076 
2253 1068 1067 1080 
2254 1078 1079 1067 
2255 1080 1067 1079 
2256 1069 1068 1081 
2257 1081 1068 1080 
2258 1070 1069 1082 
2259 1082 1069 1081 
2260 1082 1071 1070 
2261 1072 1071 1084 
2262 1083 1071 1082 
2263 1083 1084 1071 
2264 1073 1072 1386 
2265 1072 1084 1393 
2266 1072 1394 1386 
2267 1072 1393 1394 
2268 1073 1386 1387 
2269 1085 1074 1075 
2270 1076 1074 1087 
2271 1087 1074 1085 
2272 1086 1085 1075 
2273 1075 1398 1086 
2274 1391 1398 1075 
2275 1077 1076 1088 
2276 1088 1076 1087 
2277 1079 1078 1091 
2278 1089 1090 1078 
2279 1091 1078 1090 
2280 1080 1079 1092 
2281 1092 1079 1091 
2282 1092 1081 1080 
2283 1082 1081 1094 
2284 1093 1081 1092 
2285 1093 1094 1081 
2286 1083 1082 1095 
2287 1095 1082 1094 
2288 1084 1083 1392 
2289 1083 1095 1401 
2290 1083 1402 1392 
2291 1083 1401 1402 
2292 1084 1392 1393 
2293 1085 1086 1096 
2294 1085 1098 1087 
2295 1096 1098 1085 
2296 1086 1407 1096 
2297 1086 1398 1407 
2298 1088 1087 1099 
2299 1099 1087 1098 
2300 1088 1099 1100 
2301 1090 1089 1103 
2302 1101 1102 1089 
2303 1103 1089 1102 
2304 1103 1091 1090 
2305 1092 1091 1105 
2306 1104 1091 1103 
2307 1104 1105 1091 
2308 1093 1092 1106 
2309 1106 1092 1105 
2310 1094 1093 1399 
2311 1093 1106 1410 
2312 1093 1411 1399 
2313 1093 1410 1411 
2314 1094 1400 1095 
2315 1399 1400 1094 
2316 1095 1400 1401 
2317 1096 1097 1098 
2318 1096 1407 1097 
2319 1107 1098 1097 
2320 1108 1107 1097 
2321 1097 1417 1108 
2322 1407 1417 1097 
2323 1099 1098 1109 
2324 1109 1098 1107 
2325 1100 1099 1110 
2326 1110 1099 1109 
2327 1102 1101 1113 
2328 1111 1112 1101 
2329 1113 1101 1112 
2330 1113 1103 1102 
2331 1104 1103 1115 
2332 1114 1103 1113 
2333 1114 1115 1103 
2334 1105 1104 1408 
2335 1408 1104 1115 
2336 1105 1409 1106 
2337 1408 1409 1105 
2338 1106 1409 1410 
2339 1107 1108 1116 
2340 1107 1118 1109 
2341 1116 1118 1107 
2342 1108 1427 1116 
2343 1108 1417 1427 
2344 1110 1109 1119 
2345 1119 1109 1118 
2346 1110 1119 1120 
2347 1122 1112 1111 
2348 1121 1122 1111 
2349 1113 1112 1124 
2350 1123 1112 1122 
2351 1123 1124 1112 
2352 1114 1113 1125 
2353 1125 1113 1124 
2354 1114 1418 1115 
2355 1418 1114 1125 
2356 1408 1115 1420 
2357 1115 1418 1419 
2358 1420 1115 1419 
2359 1116 1117 1118 
2360 1116 1427 1117 
2361 1126 1118 1117 
2362 1127 1126 1117 
2363 1117 1437 1127 
2364 1427 1437 1117 
2365 1119 1118 1128 
2366 1128 1118 1126 
2367 1120 1119 1129 
2368 1129 1119 1128 
2369 1120 1129 1130 
2370 1122 1121 1135 
2371 1123 1122 1136 
2372 1136 1122 1135 
2373 1428 1124 1123 
2374 1123 1136 1428 
2375 1125 1124 1432 
2376 1428 1430 1124 
2377 1430 1431 1124 
2378 1124 1431 1432 
2379 1432 1418 1125 
2380 1126 1127 1137 
2381 1126 1139 1128 
2382 1137 1139 1126 
2383 1127 1453 1137 
2384 1127 1437 1453 
2385 1129 1128 1140 
2386 1140 1128 1139 
2387 1130 1129 1141 
2388 1141 1129 1140 
2389 1131 1130 1142 
2390 1142 1130 1141 
2391 1131 1142 1143 
2392 1133 1132 1148 
2393 1134 1133 1149 
2394 1149 1133 1148 
2395 1446 1135 1134 
2396 1134 1149 1446 
2397 1447 1136 1135 
2398 1446 1445 1135 
2399 1445 1447 1135 
2400 1429 1428 1136 
2401 1429 1136 1447 
2402 1137 1138 1139 
2403 1137 1453 1138 
2404 1139 1138 1150 
2405 1138 1468 1150 
2406 1138 1453 1468 
2407 1139 1152 1140 
2408 1150 1152 1139 
2409 1141 1140 1153 
2410 1153 1140 1152 
2411 1142 1141 1154 
2412 1154 1141 1153 
2413 1143 1142 1155 
2414 1155 1142 1154 
2415 1144 1143 1156 
2416 1156 1143 1155 
2417 1144 1156 1157 
2418 1146 1145 1169 
2419 1147 1146 1170 
2420 1170 1146 1169 
2421 1148 1147 1462 
2422 1147 1170 1462 
2423 1149 1148 1444 
2424 1148 1462 1444 
2425 1446 1149 1444 
2426 1150 1151 1152 
2427 1150 1468 1151 
2428 1152 1151 1171 
2429 1151 1477 1171 
2430 1151 1468 1477 
2431 1152 1173 1153 
2432 1171 1173 1152 
2433 1154 1153 1174 
2434 1174 1153 1173 
2435 1155 1154 1175 
2436 1175 1154 1174 
2437 1156 1155 1176 
2438 1176 1155 1175 
2439 1157 1156 1177 
2440 1177 1156 1176 
2441 1158 1157 1178 
2442 1178 1157 1177 
2443 1159 1158 1179 
2444 1179 1158 1178 
2445 1160 1159 1180 
2446 1180 1159 1179 
2447 1161 1160 1181 
2448 1181 1160 1180 
2449 1162 1161 1182 
2450 1182 1161 1181 
2451 1182 1163 1162 
2452 1164 1163 1184 
2453 1183 1163 1182 
2454 1183 1184 1163 
2455 1165 1164 1185 
2456 1185 1164 1184 
2457 1166 1165 1186 
2458 1186 1165 1185 
2459 1167 1166 1474 
2460 1166 1186 1474 
2461 1168 1167 1458 
2462 1167 1474 1458 
2463 1169 1168 1460 
2464 1460 1168 1458 
2465 1170 1169 1461 
2466 1461 1169 1460 
2467 1462 1170 1461 
2468 1171 1172 1173 
2469 1172 1171 1479 
2470 1171 1477 1478 
2471 1171 1478 1479 
2472 1173 1172 1187 
2473 1172 1480 1187 
2474 1172 1479 1480 
2475 1174 1173 1187 
2476 1174 1190 1175 
2477 1188 1174 1187 
2478 1188 1190 1174 
2479 1176 1175 1191 
2480 1191 1175 1190 
2481 1177 1176 1192 
2482 1192 1176 1191 
2483 1178 1177 1193 
2484 1193 1177 1192 
2485 1179 1178 1194 
2486 1194 1178 1193 
2487 1180 1179 1195 
2488 1195 1179 1194 
2489 1195 1181 1180 
2490 1182 1181 1197 
2491 1196 1181 1195 
2492 1196 1197 1181 
2493 1183 1182 1198 
2494 1198 1182 1197 
2495 1469 1184 1183 
2496 1183 1198 1498 
2497 1469 1183 1498 
2498 1185 1184 1469 
2499 1186 1185 1473 
2500 1473 1185 1469 
2501 1474 1186 1473 
2502 1188 1187 1480 
2503 1188 1189 1190 
2504 1189 1188 1482 
2505 1482 1188 1480 
2506 1190 1189 1199 
2507 1189 1499 1199 
2508 1189 1482 1499 
2509 1191 1190 1199 
2510 1192 1191 1200 
2511 1200 1191 1199 
2512 1193 1192 1201 
2513 1201 1192 1200 
2514 1194 1193 1202 
2515 1202 1193 1201 
2516 1195 1194 1203 
2517 1203 1194 1202 
2518 1196 1195 1204 
2519 1204 1195 1203 
2520 1197 1196 1504 
2521 1196 1204 1504 
2522 1198 1197 1496 
2523 1197 1504 1496 
2524 1498 1198 1496 
2525 1200 1199 1499 
2526 1201 1200 1500 
2527 1500 1200 1499 
2528 1202 1201 1501 
2529 1501 1201 1500 
2530 1203 1202 1502 
2531 1502 1202 1501 
2532 1204 1203 1503 
2533 1503 1203 1502 
2534 1504 1204 1503 
2535 1206 1216 1205 
2536 1214 1205 1215 
2537 1216 1215 1205 
2538 1207 1217 1206 
2539 1217 1216 1206 
2540 1208 1218 1207 
2541 1218 1217 1207 
2542 1209 1219 1208 
2543 1219 1218 1208 
2544 1210 1220 1209 
2545 1220 1219 1209 
2546 1211 1221 1210 
2547 1221 1220 1210 
2548 1211 1222 1221 
2549 1213 1227 1212 
2550 1214 1228 1213 
2551 1228 1227 1213 
2552 1215 1229 1214 
2553 1229 1228 1214 
2554 1216 1230 1215 
2555 1230 1229 1215 
2556 1217 1231 1216 
2557 1231 1230 1216 
2558 1218 1232 1217 
2559 1232 1231 1217 
2560 1219 1233 1218 
2561 1233 1232 1218 
2562 1220 1234 1219 
2563 1234 1233 1219 
2564 1221 1235 1220 
2565 1235 1234 1220 
2566 1221 1222 1237 
2567 1236 1235 1221 
2568 1236 1221 1237 
2569 1223 1239 1222 
2570 1239 1237 1222 
2571 1223 1240 1239 
2572 1225 1245 1224 
2573 1226 1246 1225 
2574 1246 1245 1225 
2575 1227 1505 1226 
2576 1246 1226 1505 
2577 1227 1228 1506 
2578 1505 1227 1506 
2579 1228 1229 1507 
2580 1506 1228 1507 
2581 1229 1230 1508 
2582 1507 1229 1508 
2583 1230 1231 1509 
2584 1508 1230 1509 
2585 1231 1232 1510 
2586 1509 1231 1510 
2587 1232 1233 1511 
2588 1510 1232 1511 
2589 1233 1234 1512 
2590 1511 1233 1512 
2591 1234 1235 1513 
2592 1512 1234 1513 
2593 1235 1236 1514 
2594 1513 1235 1514 
2595 1236 1237 1238 
2596 1236 1238 1514 
2597 1237 1247 1238 
2598 1237 1239 1248 
2599 1247 1237 1248 
2600 1238 1247 1527 
2601 1238 1527 1514 
2602 1240 1250 1239 
2603 1250 1248 1239 
2604 1241 1251 1240 
2605 1251 1250 1240 
2606 1241 1252 1251 
2607 1243 1256 1242 
2608 1244 1257 1243 
2609 1257 1256 1243 
2610 1245 1515 1244 
2611 1257 1244 1515 
2612 1245 1246 1516 
2613 1515 1245 1516 
2614 1246 1505 1516 
2615 1247 1248 1249 
2616 1247 1249 1527 
2617 1248 1258 1249 
2618 1248 1250 1259 
2619 1258 1248 1259 
2620 1249 1258 1543 
2621 1249 1543 1527 
2622 1251 1261 1250 
2623 1261 1259 1250 
2624 1252 1262 1251 
2625 1262 1261 1251 
2626 1253 1263 1252 
2627 1263 1262 1252 
2628 1253 1264 1263 
2629 1255 1268 1254 
2630 1256 1528 1255 
2631 1268 1255 1528 
2632 1256 1257 1529 
2633 1528 1256 1529 
2634 1257 1515 1529 
2635 1258 1259 1260 
2636 1258 1260 1543 
2637 1259 1269 1260 
2638 1261 1269 1259 
2639 1260 1269 1563 
2640 1260 1563 1543 
2641 1262 1270 1261 
2642 1270 1269 1261 
2643 1263 1271 1262 
2644 1271 1270 1262 
2645 1264 1272 1263 
2646 1272 1271 1263 
2647 1273 1272 1264 
2648 1265 1544 1266 
2649 1265 1267 1545 
2650 1544 1265 1545 
2651 1280 1266 1544 
2652 1267 1268 1546 
2653 1545 1267 1546 
2654 1268 1528 1546 
2655 1270 1564 1269 
2656 1269 1564 1563 
2657 1270 1271 1567 
2658 1565 1564 1270 
2659 1565 1270 1567 
2660 1271 1272 1568 
2661 1567 1271 1568 
2662 1272 1273 1569 
2663 1568 1272 1569 
2664 1274 1275 1273 
2665 1273 1275 1569 
2666 1274 1281 1275 
2667 1274 1276 1282 
2668 1281 1274 1282 
2669 1275 1281 1590 
2670 1275 1590 1569 
2671 1276 1284 1282 
2672 1277 1278 1279 
2673 1277 1279 1285 
2674 1278 1570 1279 
2675 1278 1280 1571 
2676 1570 1278 1571 
2677 1279 1286 1285 
2678 1286 1279 1570 
2679 1280 1544 1571 
2680 1281 1282 1283 
2681 1281 1283 1590 
2682 1282 1288 1283 
2683 1282 1284 1289 
2684 1288 1282 1289 
2685 1283 1288 1603 
2686 1283 1603 1590 
2687 1285 1286 1287 
2688 1287 1291 1285 
2689 1285 1291 1294 
2690 1286 1591 1287 
2691 1286 1570 1591 
2692 1287 1292 1291 
2693 1292 1287 1591 
2694 1288 1289 1290 
2695 1288 1290 1603 
2696 1289 1295 1290 
2697 1290 1295 1615 
2698 1290 1615 1603 
2699 1291 1292 1293 
2700 1293 1298 1291 
2701 1294 1291 1301 
2702 1291 1298 1301 
2703 1292 1604 1293 
2704 1292 1591 1604 
2705 1293 1299 1298 
2706 1299 1293 1604 
2707 1296 1297 1295 
2708 1295 1297 1615 
2709 1296 1302 1297 
2710 1297 1302 1627 
2711 1297 1627 1615 
2712 1298 1299 1300 
2713 1300 1304 1298 
2714 1301 1298 1308 
2715 1298 1304 1307 
2716 1308 1298 1307 
2717 1299 1616 1300 
2718 1299 1604 1616 
2719 1300 1305 1304 
2720 1305 1300 1616 
2721 1302 1303 1627 
2722 1303 1310 1638 
2723 1627 1303 1638 
2724 1304 1305 1306 
2725 1306 1311 1304 
2726 1307 1304 1315 
2727 1304 1311 1314 
2728 1315 1304 1314 
2729 1305 1628 1306 
2730 1305 1616 1628 
2731 1306 1312 1311 
2732 1312 1306 1628 
2733 1308 1307 1315 
2734 1316 1310 1309 
2735 1317 1310 1316 
2736 1310 1317 1649 
2737 1638 1310 1649 
2738 1311 1312 1313 
2739 1313 1318 1311 
2740 1314 1311 1322 
2741 1311 1318 1321 
2742 1322 1311 1321 
2743 1312 1639 1313 
2744 1312 1628 1639 
2745 1313 1319 1318 
2746 1319 1313 1639 
2747 1315 1314 1322 
2748 1323 1317 1316 
2749 1324 1317 1323 
2750 1317 1324 1660 
2751 1649 1317 1660 
2752 1318 1319 1320 
2753 1320 1325 1318 
2754 1321 1318 1329 
2755 1318 1325 1328 
2756 1329 1318 1328 
2757 1319 1650 1320 
2758 1319 1639 1650 
2759 1320 1326 1325 
2760 1326 1320 1650 
2761 1322 1321 1329 
2762 1330 1324 1323 
2763 1331 1324 1330 
2764 1324 1331 1670 
2765 1660 1324 1670 
2766 1325 1326 1327 
2767 1327 1332 1325 
2768 1328 1325 1336 
2769 1325 1332 1335 
2770 1336 1325 1335 
2771 1326 1661 1327 
2772 1326 1650 1661 
2773 1327 1333 1332 
2774 1333 1327 1661 
2775 1329 1328 1337 
2776 1337 1328 1336 
2777 1338 1331 1330 
2778 1339 1331 1338 
2779 1331 1339 1680 
2780 1670 1331 1680 
2781 1332 1333 1334 
2782 1340 1332 1334 
2783 1335 1332 1342 
2784 1342 1332 1340 
2785 1333 1671 1334 
2786 1333 1661 1671 
2787 1341 1340 1334 
2788 1334 1671 1341 
2789 1336 1335 1343 
2790 1343 1335 1342 
2791 1337 1336 1343 
2792 1344 1339 1338 
2793 1345 1339 1344 
2794 1339 1345 1689 
2795 1680 1339 1689 
2796 1346 1340 1341 
2797 1342 1340 1348 
2798 1348 1340 1346 
2799 1347 1346 1341 
2800 1341 1681 1347 
2801 1671 1681 1341 
2802 1343 1342 1349 
2803 1349 1342 1348 
2804 1350 1345 1344 
2805 1351 1345 1350 
2806 1345 1351 1697 
2807 1689 1345 1697 
2808 1347 1352 1346 
2809 1348 1346 1356 
2810 1346 1352 1355 
2811 1356 1346 1355 
2812 1347 1353 1352 
2813 1353 1347 1690 
2814 1681 1690 1347 
2815 1349 1348 1357 
2816 1357 1348 1356 
2817 1358 1351 1350 
2818 1359 1351 1358 
2819 1351 1359 1705 
2820 1697 1351 1705 
2821 1352 1353 1354 
2822 1360 1352 1354 
2823 1355 1352 1362 
2824 1362 1352 1360 
2825 1353 1698 1354 
2826 1353 1690 1698 
2827 1361 1360 1354 
2828 1354 1698 1361 
2829 1356 1355 1363 
2830 1363 1355 1362 
2831 1357 1356 1363 
2832 1364 1359 1358 
2833 1365 1359 1364 
2834 1359 1365 1713 
2835 1705 1359 1713 
2836 1366 1360 1361 
2837 1362 1360 1368 
2838 1368 1360 1366 
2839 1367 1366 1361 
2840 1361 1706 1367 
2841 1698 1706 1361 
2842 1363 1362 1369 
2843 1369 1362 1368 
2844 1365 1370 1723 
2845 1713 1365 1723 
2846 1371 1366 1367 
2847 1368 1366 1373 
2848 1373 1366 1371 
2849 1372 1371 1367 
2850 1367 1714 1372 
2851 1706 1714 1367 
2852 1369 1368 1374 
2853 1374 1368 1373 
2854 1370 1375 1732 
2855 1723 1370 1732 
2856 1376 1371 1372 
2857 1373 1371 1378 
2858 1378 1371 1376 
2859 1377 1376 1372 
2860 1372 1724 1377 
2861 1714 1724 1372 
2862 1374 1373 1379 
2863 1379 1373 1378 
2864 1375 1381 1732 
2865 1382 1376 1377 
2866 1378 1376 1384 
2867 1384 1376 1382 
2868 1383 1382 1377 
2869 1377 1733 1383 
2870 1724 1733 1377 
2871 1379 1378 1385 
2872 1385 1378 1384 
2873 1381 1380 1742 
2874 1380 1387 1755 
2875 1742 1380 1755 
2876 1381 1742 1732 
2877 1388 1382 1383 
2878 1384 1382 1390 
2879 1390 1382 1388 
2880 1389 1388 1383 
2881 1383 1743 1389 
2882 1733 1743 1383 
2883 1385 1384 1391 
2884 1391 1384 1390 
2885 1387 1386 1394 
2886 1387 1394 1755 
2887 1395 1388 1389 
2888 1390 1388 1397 
2889 1397 1388 1395 
2890 1396 1395 1389 
2891 1389 1756 1396 
2892 1743 1756 1389 
2893 1391 1390 1398 
2894 1398 1390 1397 
2895 1393 1392 1402 
2896 1394 1393 1779 
2897 1393 1402 1779 
2898 1394 1779 1755 
2899 1403 1395 1396 
2900 1397 1395 1405 
2901 1405 1395 1403 
2902 1404 1403 1396 
2903 1396 1780 1404 
2904 1756 1780 1396 
2905 1398 1397 1406 
2906 1406 1397 1405 
2907 1398 1406 1407 
2908 1400 1399 1411 
2909 1401 1400 1412 
2910 1412 1400 1411 
2911 1402 1401 1805 
2912 1401 1412 1805 
2913 1402 1805 1779 
2914 1413 1403 1404 
2915 1405 1403 1415 
2916 1415 1403 1413 
2917 1414 1413 1404 
2918 1404 1806 1414 
2919 1780 1806 1404 
2920 1406 1405 1416 
2921 1416 1405 1415 
2922 1407 1406 1417 
2923 1417 1406 1416 
2924 1409 1408 1420 
2925 1410 1409 1421 
2926 1421 1409 1420 
2927 1411 1410 1826 
2928 1410 1421 1826 
2929 1412 1411 1804 
2930 1411 1826 1804 
2931 1805 1412 1804 
2932 1413 1414 1422 
2933 1413 1424 1415 
2934 1422 1424 1413 
2935 1414 1827 1422 
2936 1806 1827 1414 
2937 1416 1415 1425 
2938 1425 1415 1424 
2939 1417 1416 1426 
2940 1426 1416 1425 
2941 1417 1426 1427 
2942 1419 1418 1847 
2943 1418 1432 1847 
2944 1420 1419 1824 
2945 1419 1847 1824 
2946 1421 1420 1825 
2947 1825 1420 1824 
2948 1826 1421 1825 
2949 1422 1423 1424 
2950 1423 1422 1827 
2951 1433 1424 1423 
2952 1434 1433 1423 
2953 1423 1848 1434 
2954 1423 1827 1848 
2955 1425 1424 1435 
2956 1435 1424 1433 
2957 1426 1425 1436 
2958 1436 1425 1435 
2959 1427 1426 1437 
2960 1437 1426 1436 
2961 1428 1429 1430 
2962 1430 1429 1870 
2963 1429 1447 1870 
2964 1431 1430 1845 
2965 1430 1870 1845 
2966 1432 1431 1846 
2967 1846 1431 1845 
2968 1847 1432 1846 
2969 1433 1434 1448 
2970 1433 1450 1435 
2971 1448 1450 1433 
2972 1434 1871 1448 
2973 1848 1871 1434 
2974 1436 1435 1451 
2975 1451 1435 1450 
2976 1437 1436 1452 
2977 1452 1436 1451 
2978 1437 1452 1453 
2979 1438 1439 1440 
2980 1439 1438 1460 
2981 1440 1441 1438 
2982 1438 1441 1442 
2983 1442 1462 1438 
2984 1438 1461 1460 
2985 1462 1461 1438 
2986 1440 1439 1902 
2987 1439 1460 1459 
2988 1439 1459 1902 
2989 1441 1440 1866 
2990 1440 1902 1866 
2991 1441 1443 1442 
2992 1443 1441 1867 
2993 1867 1441 1866 
2994 1442 1443 1444 
2995 1444 1462 1442 
2996 1443 1445 1444 
2997 1445 1443 1868 
2998 1868 1443 1867 
2999 1444 1445 1446 
3000 1447 1445 1869 
3001 1869 1445 1868 
3002 1870 1447 1869 
3003 1448 1449 1450 
3004 1449 1448 1871 
3005 1450 1449 1463 
3006 1449 1903 1463 
3007 1449 1871 1903 
3008 1451 1450 1463 
3009 1451 1466 1452 
3010 1464 1451 1463 
3011 1464 1466 1451 
3012 1453 1452 1467 
3013 1467 1452 1466 
3014 1453 1467 1468 
3015 1454 1455 1456 
3016 1455 1454 1473 
3017 1456 1457 1454 
3018 1454 1457 1458 
3019 1458 1474 1454 
3020 1454 1474 1473 
3021 1456 1455 1920 
3022 1455 1473 1472 
3023 1455 1472 1920 
3024 1457 1456 1900 
3025 1456 1920 1900 
3026 1457 1459 1458 
3027 1459 1457 1901 
3028 1901 1457 1900 
3029 1458 1459 1460 
3030 1902 1459 1901 
3031 1464 1463 1903 
3032 1464 1465 1466 
3033 1465 1464 1904 
3034 1904 1464 1903 
3035 1466 1465 1475 
3036 1465 1921 1475 
3037 1465 1904 1921 
3038 1467 1466 1475 
3039 1468 1467 1476 
3040 1476 1467 1475 
3041 1477 1468 1476 
3042 1469 1470 1471 
3043 1469 1498 1470 
3044 1471 1472 1469 
3045 1469 1472 1473 
3046 1471 1470 1934 
3047 1470 1498 1497 
3048 1470 1497 1934 
3049 1472 1471 1919 
3050 1471 1934 1919 
3051 1920 1472 1919 
3052 1476 1475 1921 
3053 1477 1476 1922 
3054 1922 1476 1921 
3055 1478 1477 1923 
3056 1923 1477 1922 
3057 1479 1478 1924 
3058 1924 1478 1923 
3059 1479 1481 1480 
3060 1481 1479 1925 
3061 1925 1479 1924 
3062 1480 1481 1482 
3063 1481 1483 1482 
3064 1483 1481 1926 
3065 1926 1481 1925 
3066 1482 1483 1484 
3067 1499 1482 1484 
3068 1483 1485 1484 
3069 1485 1483 1927 
3070 1927 1483 1926 
3071 1484 1485 1486 
3072 1486 1500 1484 
3073 1500 1499 1484 
3074 1485 1487 1486 
3075 1487 1485 1928 
3076 1928 1485 1927 
3077 1486 1487 1488 
3078 1488 1501 1486 
3079 1501 1500 1486 
3080 1487 1489 1488 
3081 1489 1487 1929 
3082 1929 1487 1928 
3083 1488 1489 1490 
3084 1490 1502 1488 
3085 1502 1501 1488 
3086 1489 1491 1490 
3087 1491 1489 1930 
3088 1930 1489 1929 
3089 1490 1491 1492 
3090 1492 1503 1490 
3091 1503 1502 1490 
3092 1491 1493 1492 
3093 1493 1491 1931 
3094 1931 1491 1930 
3095 1492 1493 1494 
3096 1494 1504 1492 
3097 1504 1503 1492 
3098 1493 1495 1494 
3099 1495 1493 1932 
3100 1932 1493 1931 
3101 1494 1495 1496 
3102 1496 1504 1494 
3103 1495 1497 1496 
3104 1497 1495 1933 
3105 1933 1495 1932 
3106 1496 1497 1498 
3107 1934 1497 1933 
3108 1506 1518 1505 
3109 1516 1505 1517 
3110 1518 1517 1505 
3111 1507 1519 1506 
3112 1519 1518 1506 
3113 1508 1520 1507 
3114 1520 1519 1507 
3115 1509 1521 1508 
3116 1521 1520 1508 
3117 1510 1522 1509 
3118 1522 1521 1509 
3119 1511 1523 1510 
3120 1523 1522 1510 
3121 1512 1524 1511 
3122 1524 1523 1511 
3123 1513 1525 1512 
3124 1525 1524 1512 
3125 1514 1526 1513 
3126 1526 1525 1513 
3127 1514 1527 1526 
3128 1516 1531 1515 
3129 1529 1515 1530 
3130 1531 1530 1515 
3131 1517 1532 1516 
3132 1532 1531 1516 
3133 1518 1533 1517 
3134 1533 1532 1517 
3135 1519 1534 1518 
3136 1534 1533 1518 
3137 1520 1535 1519 
3138 1535 1534 1519 
3139 1521 1536 1520 
3140 1536 1535 1520 
3141 1522 1537 1521 
3142 1537 1536 1521 
3143 1523 1538 1522 
3144 1538 1537 1522 
3145 1524 1539 1523 
3146 1539 1538 1523 
3147 1525 1540 1524 
3148 1540 1539 1524 
3149 1526 1541 1525 
3150 1541 1540 1525 
3151 1527 1542 1526 
3152 1542 1541 1526 
3153 1527 1543 1542 
3154 1529 1548 1528 
3155 1546 1528 1547 
3156 1548 1547 1528 
3157 1530 1549 1529 
3158 1549 1548 1529 
3159 1531 1550 1530 
3160 1550 1549 1530 
3161 1532 1551 1531 
3162 1551 1550 1531 
3163 1533 1552 1532 
3164 1552 1551 1532 
3165 1534 1553 1533 
3166 1553 1552 1533 
3167 1535 1554 1534 
3168 1554 1553 1534 
3169 1536 1555 1535 
3170 1555 1554 1535 
3171 1555 1536 1537 
3172 1538 1557 1537 
3173 1556 1555 1537 
3174 1556 1537 1557 
3175 1539 1558 1538 
3176 1558 1557 1538 
3177 1540 1559 1539 
3178 1559 1558 1539 
3179 1541 1560 1540 
3180 1560 1559 1540 
3181 1542 1561 1541 
3182 1561 1560 1541 
3183 1543 1562 1542 
3184 1562 1561 1542 
3185 1563 1562 1543 
3186 1545 1573 1544 
3187 1571 1544 1572 
3188 1573 1572 1544 
3189 1546 1574 1545 
3190 1574 1573 1545 
3191 1574 1546 1547 
3192 1548 1576 1547 
3193 1575 1574 1547 
3194 1575 1547 1576 
3195 1549 1577 1548 
3196 1577 1576 1548 
3197 1550 1578 1549 
3198 1578 1577 1549 
3199 1551 1579 1550 
3200 1579 1578 1550 
3201 1552 1580 1551 
3202 1580 1579 1551 
3203 1553 1581 1552 
3204 1581 1580 1552 
3205 1554 1582 1553 
3206 1582 1581 1553 
3207 1555 1583 1554 
3208 1583 1582 1554 
3209 1556 1584 1555 
3210 1584 1583 1555 
3211 1557 1935 1556 
3212 1584 1556 1935 
3213 1557 1558 1936 
3214 1935 1557 1936 
3215 1558 1559 1937 
3216 1936 1558 1937 
3217 1559 1560 1938 
3218 1937 1559 1938 
3219 1560 1561 1939 
3220 1938 1560 1939 
3221 1561 1562 1940 
3222 1939 1561 1940 
3223 1562 1563 1941 
3224 1940 1562 1941 
3225 1563 1564 1942 
3226 1941 1563 1942 
3227 1565 1566 1564 
3228 1564 1566 1942 
3229 1565 1585 1566 
3230 1565 1567 1586 
3231 1585 1565 1586 
3232 1566 1585 1960 
3233 1566 1960 1942 
3234 1568 1588 1567 
3235 1588 1586 1567 
3236 1569 1589 1568 
3237 1589 1588 1568 
3238 1569 1590 1589 
3239 1571 1593 1570 
3240 1591 1570 1592 
3241 1593 1592 1570 
3242 1572 1594 1571 
3243 1594 1593 1571 
3244 1594 1572 1573 
3245 1574 1596 1573 
3246 1595 1594 1573 
3247 1595 1573 1596 
3248 1575 1597 1574 
3249 1597 1596 1574 
3250 1576 1943 1575 
3251 1597 1575 1943 
3252 1576 1577 1944 
3253 1943 1576 1944 
3254 1577 1578 1945 
3255 1944 1577 1945 
3256 1578 1579 1946 
3257 1945 1578 1946 
3258 1579 1580 1947 
3259 1946 1579 1947 
3260 1580 1581 1948 
3261 1947 1580 1948 
3262 1581 1582 1949 
3263 1948 1581 1949 
3264 1582 1583 1950 
3265 1949 1582 1950 
3266 1583 1584 1951 
3267 1950 1583 1951 
3268 1584 1935 1951 
3269 1585 1586 1587 
3270 1585 1587 1960 
3271 1586 1598 1587 
3272 1586 1588 1599 
3273 1598 1586 1599 
3274 1587 1598 1981 
3275 1587 1981 1960 
3276 1589 1601 1588 
3277 1601 1599 1588 
3278 1590 1602 1589 
3279 1602 1601 1589 
3280 1590 1603 1602 
3281 1592 1606 1591 
3282 1604 1591 1605 
3283 1606 1605 1591 
3284 1593 1607 1592 
3285 1607 1606 1592 
3286 1607 1593 1594 
3287 1595 1609 1594 
3288 1608 1607 1594 
3289 1608 1594 1609 
3290 1596 1961 1595 
3291 1609 1595 1961 
3292 1596 1597 1962 
3293 1961 1596 1962 
3294 1597 1943 1962 
3295 1598 1599 1600 
3296 1598 1600 1981 
3297 1599 1610 1600 
3298 1599 1601 1611 
3299 1610 1599 1611 
3300 1600 1610 2004 
3301 1600 2004 1981 
3302 1602 1613 1601 
3303 1613 1611 1601 
3304 1603 1614 1602 
3305 1614 1613 1602 
3306 1603 1615 1614 
3307 1605 1618 1604 
3308 1616 1604 1617 
3309 1618 1617 1604 
3310 1606 1619 1605 
3311 1619 1618 1605 
3312 1619 1606 1607 
3313 1608 1621 1607 
3314 1620 1619 1607 
3315 1620 1607 1621 
3316 1609 1982 1608 
3317 1621 1608 1982 
3318 1609 1961 1982 
3319 1610 1611 1612 
3320 1610 1612 2004 
3321 1611 1622 1612 
3322 1611 1613 1623 
3323 1622 1611 1623 
3324 1612 1622 2029 
3325 1612 2029 2004 
3326 1614 1625 1613 
3327 1625 1623 1613 
3328 1615 1626 1614 
3329 1626 1625 1614 
3330 1615 1627 1626 
3331 1617 1630 1616 
3332 1628 1616 1629 
3333 1630 1629 1616 
3334 1618 1631 1617 
3335 1631 1630 1617 
3336 1631 1618 1619 
3337 1620 1633 1619 
3338 1632 1631 1619 
3339 1632 1619 1633 
3340 1621 2005 1620 
3341 1633 1620 2005 
3342 1621 1982 2005 
3343 1622 1623 1624 
3344 1622 1624 2029 
3345 1634 1624 1623 
3346 1625 1636 1623 
3347 1636 1634 1623 
3348 1635 1624 1634 
3349 1624 1635 2055 
3350 2029 1624 2055 
3351 1626 1637 1625 
3352 1637 1636 1625 
3353 1627 1638 1626 
3354 1638 1637 1626 
3355 1629 1641 1628 
3356 1639 1628 1640 
3357 1641 1640 1628 
3358 1630 1642 1629 
3359 1642 1641 1629 
3360 1642 1630 1631 
3361 1632 1644 1631 
3362 1643 1642 1631 
3363 1643 1631 1644 
3364 1633 2030 1632 
3365 1644 1632 2030 
3366 1633 2005 2030 
3367 1645 1635 1634 
3368 1636 1647 1634 
3369 1647 1645 1634 
3370 1646 1635 1645 
3371 1635 1646 2084 
3372 2055 1635 2084 
3373 1637 1648 1636 
3374 1648 1647 1636 
3375 1638 1649 1637 
3376 1649 1648 1637 
3377 1640 1652 1639 
3378 1650 1639 1651 
3379 1652 1651 1639 
3380 1641 1653 1640 
3381 1653 1652 1640 
3382 1653 1641 1642 
3383 1643 1655 1642 
3384 1654 1653 1642 
3385 1654 1642 1655 
3386 1644 2056 1643 
3387 1655 1643 2056 
3388 1644 2030 2056 
3389 1645 1656 1646 
3390 1645 1647 1657 
3391 1656 1645 1657 
3392 1646 1656 2106 
3393 1646 2106 2084 
3394 1648 1659 1647 
3395 1659 1657 1647 
3396 1649 1660 1648 
3397 1660 1659 1648 
3398 1651 1663 1650 
3399 1661 1650 1662 
3400 1663 1662 1650 
3401 1652 1664 1651 
3402 1664 1663 1651 
3403 1664 1652 1653 
3404 1654 1666 1653 
3405 1665 1664 1653 
3406 1665 1653 1666 
3407 1655 2085 1654 
3408 1666 1654 2085 
3409 1655 2056 2085 
3410 1656 1657 1658 
3411 1656 1658 2106 
3412 1667 1658 1657 
3413 1659 1669 1657 
3414 1669 1667 1657 
3415 1668 1658 1667 
3416 1658 1668 2125 
3417 2106 1658 2125 
3418 1660 1670 1659 
3419 1670 1669 1659 
3420 1662 1673 1661 
3421 1671 1661 1672 
3422 1673 1672 1661 
3423 1663 1674 1662 
3424 1674 1673 1662 
3425 1674 1663 1664 
3426 1665 1676 1664 
3427 1675 1674 1664 
3428 1675 1664 1676 
3429 1666 2107 1665 
3430 1676 1665 2107 
3431 1666 2085 2107 
3432 1677 1668 1667 
3433 1669 1679 1667 
3434 1679 1677 1667 
3435 1678 1668 1677 
3436 1668 1678 2142 
3437 2125 1668 2142 
3438 1670 1680 1669 
3439 1680 1679 1669 
3440 1672 1682 1671 
3441 1682 1681 1671 
3442 1673 1683 1672 
3443 1683 1682 1672 
3444 1683 1673 1674 
3445 1675 1685 1674 
3446 1684 1683 1674 
3447 1684 1674 1685 
3448 1676 2126 1675 
3449 1685 1675 2126 
3450 1676 2107 2126 
3451 1686 1678 1677 
3452 1679 1688 1677 
3453 1688 1686 1677 
3454 1687 1678 1686 
3455 1678 1687 2158 
3456 2142 1678 2158 
3457 1680 1689 1679 
3458 1689 1688 1679 
3459 1682 1691 1681 
3460 1691 1690 1681 
3461 1691 1682 1683 
3462 1684 1693 1683 
3463 1692 1691 1683 
3464 1692 1683 1693 
3465 1685 2143 1684 
3466 1693 1684 2143 
3467 1685 2126 2143 
3468 1694 1687 1686 
3469 1688 1696 1686 
3470 1696 1694 1686 
3471 1695 1687 1694 
3472 1687 1695 2175 
3473 2158 1687 2175 
3474 1689 1697 1688 
3475 1697 1696 1688 
3476 1691 1700 1690 
3477 1698 1690 1699 
3478 1700 1699 1690 
3479 1701 1691 1692 
3480 1700 1691 1701 
3481 1693 2159 1692 
3482 1692 2159 1701 
3483 1693 2143 2159 
3484 1702 1695 1694 
3485 1696 1704 1694 
3486 1704 1702 1694 
3487 1703 1695 1702 
3488 1695 1703 2190 
3489 2175 1695 2190 
3490 1697 1705 1696 
3491 1705 1704 1696 
3492 1699 1707 1698 
3493 1707 1706 1698 
3494 1700 1708 1699 
3495 1708 1707 1699 
3496 1709 1700 1701 
3497 1708 1700 1709 
3498 1701 2176 1709 
3499 2159 2176 1701 
3500 1710 1703 1702 
3501 1704 1712 1702 
3502 1712 1710 1702 
3503 1711 1703 1710 
3504 1703 1711 2205 
3505 2190 1703 2205 
3506 1705 1713 1704 
3507 1713 1712 1704 
3508 1707 1715 1706 
3509 1715 1714 1706 
3510 1708 1716 1707 
3511 1716 1715 1707 
3512 1717 1708 1709 
3513 1716 1708 1717 
3514 1709 2191 1717 
3515 2176 2191 1709 
3516 1711 1710 1718 
3517 1712 1722 1710 
3518 1710 1721 1718 
3519 1722 1721 1710 
3520 1711 1718 1720 
3521 1711 1720 2205 
3522 1713 1723 1712 
3523 1723 1722 1712 
3524 1715 1725 1714 
3525 1725 1724 1714 
3526 1716 1726 1715 
3527 1726 1725 1715 
3528 1727 1716 1717 
3529 1726 1716 1727 
3530 1717 2206 1727 
3531 2191 2206 1717 
3532 1718 1719 1720 
3533 1728 1719 1718 
3534 1721 1730 1718 
3535 1730 1728 1718 
3536 1720 1719 2219 
3537 1729 1719 1728 
3538 1719 1729 2233 
3539 2219 1719 2233 
3540 1720 2219 2205 
3541 1722 1731 1721 
3542 1731 1730 1721 
3543 1723 1732 1722 
3544 1732 1731 1722 
3545 1725 1734 1724 
3546 1734 1733 1724 
3547 1726 1735 1725 
3548 1735 1734 1725 
3549 1736 1726 1727 
3550 1735 1726 1736 
3551 1727 2220 1736 
3552 2206 2220 1727 
3553 1729 1728 1737 
3554 1730 1741 1728 
3555 1728 1740 1737 
3556 1741 1740 1728 
3557 1729 1737 1739 
3558 1729 1739 2233 
3559 1731 1742 1730 
3560 1742 1741 1730 
3561 1732 1742 1731 
3562 1734 1744 1733 
3563 1744 1743 1733 
3564 1735 1745 1734 
3565 1745 1744 1734 
3566 1746 1735 1736 
3567 1745 1735 1746 
3568 1736 2234 1746 
3569 2220 2234 1736 
3570 1737 1738 1739 
3571 1738 1737 1751 
3572 1740 1753 1737 
3573 1737 1752 1751 
3574 1753 1752 1737 
3575 1739 1738 2248 
3576 1738 1751 1750 
3577 1738 1750 2248 
3578 1739 2248 2233 
3579 1741 1754 1740 
3580 1754 1753 1740 
3581 1742 1755 1741 
3582 1755 1754 1741 
3583 1744 1757 1743 
3584 1757 1756 1743 
3585 1745 1758 1744 
3586 1758 1757 1744 
3587 1759 1745 1746 
3588 1758 1745 1759 
3589 1746 2249 1759 
3590 2234 2249 1746 
3591 1747 1748 1749 
3592 1748 1747 1774 
3593 1749 1750 1747 
3594 1747 1750 1751 
3595 1751 1776 1747 
3596 1747 1775 1774 
3597 1776 1775 1747 
3598 1749 1748 2260 
3599 1748 1774 1773 
3600 1748 1773 2260 
3601 1750 1749 2247 
3602 1749 2260 2247 
3603 2248 1750 2247 
3604 1752 1777 1751 
3605 1777 1776 1751 
3606 1753 1778 1752 
3607 1778 1777 1752 
3608 1754 1779 1753 
3609 1779 1778 1753 
3610 1755 1779 1754 
3611 1757 1781 1756 
3612 1781 1780 1756 
3613 1758 1782 1757 
3614 1782 1781 1757 
3615 1783 1758 1759 
3616 1784 1782 1758 
3617 1783 1784 1758 
3618 1759 2261 1783 
3619 2249 2261 1759 
3620 1760 1761 1762 
3621 1761 1760 1794 
3622 1762 1763 1760 
3623 1760 1763 1764 
3624 1764 1796 1760 
3625 1760 1795 1794 
3626 1796 1795 1760 
3627 1762 1761 2271 
3628 1761 1794 1793 
3629 1793 2271 1761 
3630 1762 2272 1763 
3631 2271 2272 1762 
3632 1763 1765 1764 
3633 1763 2273 1765 
3634 2272 2273 1763 
3635 1764 1765 1766 
3636 1766 1797 1764 
3637 1797 1796 1764 
3638 1765 1767 1766 
3639 2275 1767 1765 
3640 2274 1765 2273 
3641 2274 2275 1765 
3642 1766 1767 1768 
3643 1768 1798 1766 
3644 1798 1797 1766 
3645 1767 1769 1768 
3646 2275 1769 1767 
3647 1768 1769 1770 
3648 1770 1799 1768 
3649 1799 1798 1768 
3650 1769 1771 1770 
3651 1771 1769 2257 
3652 2258 2257 1769 
3653 2258 1769 2275 
3654 1770 1771 1772 
3655 1772 1800 1770 
3656 1800 1799 1770 
3657 1771 1773 1772 
3658 1773 1771 2259 
3659 2259 1771 2257 
3660 1772 1773 1774 
3661 1774 1801 1772 
3662 1801 1800 1772 
3663 2260 1773 2259 
3664 1775 1802 1774 
3665 1802 1801 1774 
3666 1776 1803 1775 
3667 1803 1802 1775 
3668 1777 1804 1776 
3669 1804 1803 1776 
3670 1778 1805 1777 
3671 1805 1804 1777 
3672 1779 1805 1778 
3673 1781 1807 1780 
3674 1807 1806 1780 
3675 1782 1808 1781 
3676 1808 1807 1781 
3677 1784 1809 1782 
3678 1809 1808 1782 
3679 1783 1785 1784 
3680 1785 1783 2261 
3681 1810 1784 1785 
3682 1809 1784 1810 
3683 1785 2276 1810 
3684 1785 2261 2276 
3685 1786 1787 1788 
3686 1787 1786 1811 
3687 1788 1789 1786 
3688 1786 1789 1790 
3689 1790 1815 1786 
3690 1786 1814 1811 
3691 1815 1814 1786 
3692 1788 1787 2284 
3693 1787 1811 1813 
3694 1813 2284 1787 
3695 1788 2285 1789 
3696 2284 2285 1788 
3697 1789 1791 1790 
3698 1789 2286 1791 
3699 2285 2286 1789 
3700 1790 1791 1792 
3701 1792 1816 1790 
3702 1816 1815 1790 
3703 1791 1793 1792 
3704 1791 2287 1793 
3705 2286 2287 1791 
3706 1792 1793 1794 
3707 1794 1817 1792 
3708 1817 1816 1792 
3709 1793 2287 2271 
3710 1795 1818 1794 
3711 1818 1817 1794 
3712 1796 1819 1795 
3713 1819 1818 1795 
3714 1797 1820 1796 
3715 1820 1819 1796 
3716 1798 1821 1797 
3717 1821 1820 1797 
3718 1799 1822 1798 
3719 1822 1821 1798 
3720 1800 1823 1799 
3721 1823 1822 1799 
3722 1801 1824 1800 
3723 1824 1823 1800 
3724 1802 1825 1801 
3725 1825 1824 1801 
3726 1803 1826 1802 
3727 1826 1825 1802 
3728 1804 1826 1803 
3729 1807 1828 1806 
3730 1828 1827 1806 
3731 1808 1829 1807 
3732 1829 1828 1807 
3733 1809 1830 1808 
3734 1830 1829 1808 
3735 1831 1809 1810 
3736 1832 1830 1809 
3737 1831 1832 1809 
3738 1810 2292 1831 
3739 2276 2292 1810 
3740 1811 1812 1813 
3741 1812 1811 1834 
3742 1814 1838 1811 
3743 1811 1837 1834 
3744 1838 1837 1811 
3745 1813 1812 2302 
3746 1812 1834 1836 
3747 1836 2302 1812 
3748 1813 2302 2284 
3749 1815 1839 1814 
3750 1839 1838 1814 
3751 1816 1840 1815 
3752 1840 1839 1815 
3753 1817 1841 1816 
3754 1841 1840 1816 
3755 1818 1842 1817 
3756 1842 1841 1817 
3757 1819 1843 1818 
3758 1843 1842 1818 
3759 1820 1844 1819 
3760 1844 1843 1819 
3761 1821 1845 1820 
3762 1845 1844 1820 
3763 1822 1846 1821 
3764 1846 1845 1821 
3765 1823 1847 1822 
3766 1847 1846 1822 
3767 1824 1847 1823 
3768 1848 1827 1828 
3769 1829 1849 1828 
3770 1849 1848 1828 
3771 1830 1850 1829 
3772 1850 1849 1829 
3773 1832 1851 1830 
3774 1851 1850 1830 
3775 1831 1833 1832 
3776 1833 1831 2292 
3777 1852 1832 1833 
3778 1853 1851 1832 
3779 1852 1853 1832 
3780 1833 2310 1852 
3781 1833 2292 2310 
3782 1834 1835 1836 
3783 1835 1834 1861 
3784 1837 1863 1834 
3785 1834 1862 1861 
3786 1863 1862 1834 
3787 1836 1835 2322 
3788 1835 1861 1860 
3789 2322 1835 1860 
3790 1836 2322 2302 
3791 1838 1864 1837 
3792 1864 1863 1837 
3793 1839 1865 1838 
3794 1865 1864 1838 
3795 1840 1866 1839 
3796 1866 1865 1839 
3797 1841 1867 1840 
3798 1867 1866 1840 
3799 1842 1868 1841 
3800 1868 1867 1841 
3801 1843 1869 1842 
3802 1869 1868 1842 
3803 1844 1870 1843 
3804 1870 1869 1843 
3805 1845 1870 1844 
3806 1849 1872 1848 
3807 1872 1871 1848 
3808 1850 1873 1849 
3809 1873 1872 1849 
3810 1851 1874 1850 
3811 1874 1873 1850 
3812 1853 1875 1851 
3813 1875 1874 1851 
3814 1852 1854 1853 
3815 1854 1852 2310 
3816 1853 1854 1855 
3817 1855 1876 1853 
3818 1876 1875 1853 
3819 1854 1856 1855 
3820 1856 1854 2311 
3821 2311 1854 2310 
3822 1877 1855 1856 
3823 1878 1876 1855 
3824 1877 1878 1855 
3825 1856 2329 1877 
3826 1856 2311 2329 
3827 1857 1858 1859 
3828 1858 1857 1896 
3829 1859 1860 1857 
3830 1857 1860 1861 
3831 1861 1898 1857 
3832 1857 1897 1896 
3833 1898 1897 1857 
3834 2341 1859 1858 
3835 1858 1896 1895 
3836 1858 1895 2341 
3837 1860 1859 2343 
3838 2341 2340 1859 
3839 2340 2342 1859 
3840 1859 2342 2343 
3841 2322 1860 2344 
3842 2344 1860 2343 
3843 1862 1899 1861 
3844 1899 1898 1861 
3845 1863 1900 1862 
3846 1900 1899 1862 
3847 1864 1901 1863 
3848 1901 1900 1863 
3849 1865 1902 1864 
3850 1902 1901 1864 
3851 1866 1902 1865 
3852 1903 1871 1872 
3853 1873 1904 1872 
3854 1904 1903 1872 
3855 1874 1905 1873 
3856 1905 1904 1873 
3857 1875 1906 1874 
3858 1906 1905 1874 
3859 1876 1907 1875 
3860 1907 1906 1875 
3861 1878 1908 1876 
3862 1908 1907 1876 
3863 1877 1879 1878 
3864 1879 1877 2329 
3865 1878 1879 1880 
3866 1880 1909 1878 
3867 1909 1908 1878 
3868 1879 1881 1880 
3869 1881 1879 2330 
3870 2330 1879 2329 
3871 1880 1881 1882 
3872 1882 1910 1880 
3873 1910 1909 1880 
3874 1881 1883 1882 
3875 1883 1881 2331 
3876 2331 1881 2330 
3877 1882 1883 1884 
3878 1884 1911 1882 
3879 1911 1910 1882 
3880 1883 1885 1884 
3881 1885 1883 2332 
3882 2332 1883 2331 
3883 1884 1885 1886 
3884 1886 1912 1884 
3885 1912 1911 1884 
3886 1885 1887 1886 
3887 1887 1885 2333 
3888 2333 1885 2332 
3889 1886 1887 1888 
3890 1888 1913 1886 
3891 1913 1912 1886 
3892 1887 1889 1888 
3893 1889 1887 2334 
3894 2334 1887 2333 
3895 1888 1889 1890 
3896 1890 1914 1888 
3897 1914 1913 1888 
3898 1889 1891 1890 
3899 1891 1889 2335 
3900 2335 1889 2334 
3901 1890 1891 1892 
3902 1892 1915 1890 
3903 1915 1914 1890 
3904 1891 1893 1892 
3905 1893 1891 2337 
3906 2337 1891 2335 
3907 1892 1893 1894 
3908 1894 1916 1892 
3909 1916 1915 1892 
3910 1893 1895 1894 
3911 1895 1893 2339 
3912 2339 1893 2337 
3913 1894 1895 1896 
3914 1896 1917 1894 
3915 1917 1916 1894 
3916 2341 1895 2339 
3917 1897 1918 1896 
3918 1918 1917 1896 
3919 1898 1919 1897 
3920 1919 1918 1897 
3921 1899 1920 1898 
3922 1920 1919 1898 
3923 1900 1920 1899 
3924 1921 1904 1905 
3925 1906 1922 1905 
3926 1922 1921 1905 
3927 1907 1923 1906 
3928 1923 1922 1906 
3929 1908 1924 1907 
3930 1924 1923 1907 
3931 1909 1925 1908 
3932 1925 1924 1908 
3933 1910 1926 1909 
3934 1926 1925 1909 
3935 1911 1927 1910 
3936 1927 1926 1910 
3937 1912 1928 1911 
3938 1928 1927 1911 
3939 1913 1929 1912 
3940 1929 1928 1912 
3941 1914 1930 1913 
3942 1930 1929 1913 
3943 1915 1931 1914 
3944 1931 1930 1914 
3945 1916 1932 1915 
3946 1932 1931 1915 
3947 1917 1933 1916 
3948 1933 1932 1916 
3949 1918 1934 1917 
3950 1934 1933 1917 
3951 1919 1934 1918 
3952 1936 1953 1935 
3953 1951 1935 1952 
3954 1953 1952 1935 
3955 1937 1954 1936 
3956 1954 1953 1936 
3957 1938 1955 1937 
3958 1955 1954 1937 
3959 1939 1956 1938 
3960 1956 1955 1938 
3961 1940 1957 1939 
3962 1957 1956 1939 
3963 1941 1958 1940 
3964 1958 1957 1940 
3965 1942 1959 1941 
3966 1959 1958 1941 
3967 1942 1960 1959 
3968 1944 1964 1943 
3969 1962 1943 1963 
3970 1964 1963 1943 
3971 1945 1965 1944 
3972 1965 1964 1944 
3973 1946 1966 1945 
3974 1966 1965 1945 
3975 1947 1967 1946 
3976 1967 1966 1946 
3977 1948 1968 1947 
3978 1968 1967 1947 
3979 1949 1969 1948 
3980 1969 1968 1948 
3981 1950 1970 1949 
3982 1970 1969 1949 
3983 1951 1971 1950 
3984 1971 1970 1950 
3985 1952 1972 1951 
3986 1972 1971 1951 
3987 1953 1973 1952 
3988 1973 1972 1952 
3989 1954 1974 1953 
3990 1974 1973 1953 
3991 1955 1975 1954 
3992 1975 1974 1954 
3993 1956 1976 1955 
3994 1976 1975 1955 
3995 1957 1977 1956 
3996 1977 1976 1956 
3997 1958 1978 1957 
3998 1978 1977 1957 
3999 1959 1979 1958 
4000 1979 1978 1958 
4001 1960 1980 1959 
4002 1980 1979 1959 
4003 1960 1981 1980 
4004 1962 1984 1961 
4005 1982 1961 1983 
4006 1984 1983 1961 
4007 1963 1985 1962 
4008 1985 1984 1962 
4009 1964 1986 1963 
4010 1986 1985 1963 
4011 1965 1987 1964 
4012 1987 1986 1964 
4013 1966 1988 1965 
4014 1988 1987 1965 
4015 1967 1989 1966 
4016 1989 1988 1966 
4017 1968 1990 1967 
4018 1990 1989 1967 
4019 1969 1991 1968 
4020 1991 1990 1968 
4021 1970 1992 1969 
4022 1992 1991 1969 
4023 1971 1993 1970 
4024 1993 1992 1970 
4025 1972 1994 1971 
4026 1994 1993 1971 
4027 1973 1995 1972 
4028 1995 1994 1972 
4029 1974 1996 1973 
4030 1996 1995 1973 
4031 1975 1997 1974 
4032 1997 1996 1974 
4033 1976 1998 1975 
4034 1998 1997 1975 
4035 1977 1999 1976 
4036 1999 1998 1976 
4037 1978 2000 1977 
4038 2000 1999 1977 
4039 1979 2001 1978 
4040 2001 2000 1978 
4041 1980 2002 1979 
4042 2002 2001 1979 
4043 1981 2003 1980 
4044 2003 2002 1980 
4045 1981 2004 2003 
4046 1983 2007 1982 
4047 2005 1982 2006 
4048 2007 2006 1982 
4049 1984 2008 1983 
4050 2008 2007 1983 
4051 1985 2009 1984 
4052 2009 2008 1984 
4053 1986 2010 1985 
4054 2010 2009 1985 
4055 1987 2011 1986 
4056 2011 2010 1986 
4057 1988 2012 1987 
4058 2012 2011 1987 
4059 1989 2013 1988 
4060 2013 2012 1988 
4061 1990 2014 1989 
4062 2014 2013 1989 
4063 1991 2015 1990 
4064 2015 2014 1990 
4065 1992 2016 1991 
4066 2016 2015 1991 
4067 1993 2017 1992 
4068 2017 2016 1992 
4069 1994 2018 1993 
4070 2018 2017 1993 
4071 1995 2019 1994 
4072 2019 2018 1994 
4073 1996 2020 1995 
4074 2020 2019 1995 
4075 1997 2021 1996 
4076 2021 2020 1996 
4077 1998 2022 1997 
4078 2022 2021 1997 
4079 1999 2023 1998 
4080 2023 2022 1998 
4081 2000 2024 1999 
4082 2024 2023 1999 
4083 2001 2025 2000 
4084 2025 2024 2000 
4085 2002 2026 2001 
4086 2026 2025 2001 
4087 2003 2027 2002 
4088 2027 2026 2002 
4089 2004 2028 2003 
4090 2028 2027 2003 
4091 2004 2029 2028 
4092 2006 2032 2005 
4093 2030 2005 2031 
4094 2032 2031 2005 
4095 2007 2033 2006 
4096 2033 2032 2006 
4097 2008 2034 2007 
4098 2034 2033 2007 
4099 2009 2035 2008 
4100 2035 2034 2008 
4101 2010 2036 2009 
4102 2036 2035 2009 
4103 2011 2037 2010 
4104 2037 2036 2010 
4105 2012 2038 2011 
4106 2038 2037 2011 
4107 2013 2039 2012 
4108 2039 2038 2012 
4109 2014 2040 2013 
4110 2040 2039 2013 
4111 2015 2041 2014 
4112 2041 2040 2014 
4113 2016 2042 2015 
4114 2042 2041 2015 
4115 2017 2043 2016 
4116 2043 2042 2016 
4117 2018 2044 2017 
4118 2044 2043 2017 
4119 2019 2045 2018 
4120 2045 2044 2018 
4121 2020 2046 2019 
4122 2046 2045 2019 
4123 2021 2047 2020 
4124 2047 2046 2020 
4125 2022 2048 2021 
4126 2048 2047 2021 
4127 2023 2049 2022 
4128 2049 2048 2022 
4129 2024 2050 2023 
4130 2050 2049 2023 
4131 2025 2051 2024 
4132 2051 2050 2024 
4133 2026 2052 2025 
4134 2052 2051 2025 
4135 2027 2053 2026 
4136 2053 2052 2026 
4137 2028 2054 2027 
4138 2054 2053 2027 
4139 2029 2055 2028 
4140 2055 2054 2028 
4141 2031 2058 2030 
4142 2056 2030 2057 
4143 2058 2057 2030 
4144 2032 2059 2031 
4145 2059 2058 2031 
4146 2033 2060 2032 
4147 2060 2059 2032 
4148 2034 2061 2033 
4149 2061 2060 2033 
4150 2035 2062 2034 
4151 2062 2061 2034 
4152 2036 2063 2035 
4153 2063 2062 2035 
4154 2063 2036 2037 
4155 2038 2065 2037 
4156 2064 2063 2037 
4157 2064 2037 2065 
4158 2039 2066 2038 
4159 2066 2065 2038 
4160 2040 2067 2039 
4161 2067 2066 2039 
4162 2041 2068 2040 
4163 2068 2067 2040 
4164 2042 2069 2041 
4165 2069 2068 2041 
4166 2043 2070 2042 
4167 2070 2069 2042 
4168 2044 2071 2043 
4169 2071 2070 2043 
4170 2045 2072 2044 
4171 2072 2071 2044 
4172 2045 2046 2074 
4173 2073 2072 2045 
4174 2073 2045 2074 
4175 2047 2076 2046 
4176 2076 2074 2046 
4177 2048 2077 2047 
4178 2077 2076 2047 
4179 2049 2078 2048 
4180 2078 2077 2048 
4181 2050 2079 2049 
4182 2079 2078 2049 
4183 2051 2080 2050 
4184 2080 2079 2050 
4185 2052 2081 2051 
4186 2081 2080 2051 
4187 2053 2082 2052 
4188 2082 2081 2052 
4189 2054 2083 2053 
4190 2083 2082 2053 
4191 2055 2084 2054 
4192 2084 2083 2054 
4193 2057 2087 2056 
4194 2085 2056 2086 
4195 2087 2086 2056 
4196 2058 2088 2057 
4197 2088 2087 2057 
4198 2059 2089 2058 
4199 2089 2088 2058 
4200 2060 2090 2059 
4201 2090 2089 2059 
4202 2061 2091 2060 
4203 2091 2090 2060 
4204 2091 2061 2062 
4205 2063 2093 2062 
4206 2092 2091 2062 
4207 2092 2062 2093 
4208 2064 2094 2063 
4209 2094 2093 2063 
4210 2065 2347 2064 
4211 2094 2064 2347 
4212 2065 2066 2348 
4213 2347 2065 2348 
4214 2066 2067 2349 
4215 2348 2066 2349 
4216 2067 2068 2350 
4217 2349 2067 2350 
4218 2068 2069 2351 
4219 2350 2068 2351 
4220 2069 2070 2352 
4221 2351 2069 2352 
4222 2070 2071 2353 
4223 2352 2070 2353 
4224 2071 2072 2354 
4225 2353 2071 2354 
4226 2072 2073 2355 
4227 2354 2072 2355 
4228 2073 2074 2075 
4229 2073 2075 2355 
4230 2074 2095 2075 
4231 2076 2095 2074 
4232 2075 2095 2367 
4233 2075 2367 2355 
4234 2076 2077 2097 
4235 2096 2095 2076 
4236 2096 2076 2097 
4237 2078 2099 2077 
4238 2099 2097 2077 
4239 2079 2100 2078 
4240 2100 2099 2078 
4241 2080 2101 2079 
4242 2101 2100 2079 
4243 2081 2102 2080 
4244 2102 2101 2080 
4245 2082 2103 2081 
4246 2103 2102 2081 
4247 2083 2104 2082 
4248 2104 2103 2082 
4249 2084 2105 2083 
4250 2105 2104 2083 
4251 2084 2106 2105 
4252 2086 2109 2085 
4253 2107 2085 2108 
4254 2109 2108 2085 
4255 2087 2110 2086 
4256 2110 2109 2086 
4257 2088 2111 2087 
4258 2111 2110 2087 
4259 2089 2112 2088 
4260 2112 2111 2088 
4261 2112 2089 2090 
4262 2091 2114 2090 
4263 2113 2112 2090 
4264 2113 2090 2114 
4265 2092 2115 2091 
4266 2115 2114 2091 
4267 2093 2356 2092 
4268 2115 2092 2356 
4269 2093 2094 2357 
4270 2356 2093 2357 
4271 2094 2347 2357 
4272 2095 2096 2368 
4273 2367 2095 2368 
4274 2096 2097 2098 
4275 2096 2098 2368 
4276 2097 2116 2098 
4277 2097 2099 2117 
4278 2116 2097 2117 
4279 2098 2116 2384 
4280 2098 2384 2368 
4281 2100 2119 2099 
4282 2119 2117 2099 
4283 2101 2120 2100 
4284 2120 2119 2100 
4285 2102 2121 2101 
4286 2121 2120 2101 
4287 2103 2122 2102 
4288 2122 2121 2102 
4289 2104 2123 2103 
4290 2123 2122 2103 
4291 2105 2124 2104 
4292 2124 2123 2104 
4293 2106 2125 2105 
4294 2125 2124 2105 
4295 2108 2128 2107 
4296 2126 2107 2127 
4297 2128 2127 2107 
4298 2109 2129 2108 
4299 2129 2128 2108 
4300 2110 2130 2109 
4301 2130 2129 2109 
4302 2111 2131 2110 
4303 2131 2130 2110 
4304 2131 2111 2112 
4305 2113 2133 2112 
4306 2132 2131 2112 
4307 2132 2112 2133 
4308 2114 2369 2113 
4309 2133 2113 2369 
4310 2114 2115 2370 
4311 2369 2114 2370 
4312 2115 2356 2370 
4313 2116 2117 2118 
4314 2116 2118 2384 
4315 2117 2134 2118 
4316 2117 2119 2135 
4317 2134 2117 2135 
4318 2118 2134 2402 
4319 2118 2402 2384 
4320 2120 2137 2119 
4321 2137 2135 2119 
4322 2121 2138 2120 
4323 2138 2137 2120 
4324 2122 2139 2121 
4325 2139 2138 2121 
4326 2123 2140 2122 
4327 2140 2139 2122 
4328 2124 2141 2123 
4329 2141 2140 2123 
4330 2125 2142 2124 
4331 2142 2141 2124 
4332 2127 2145 2126 
4333 2143 2126 2144 
4334 2145 2144 2126 
4335 2128 2146 2127 
4336 2146 2145 2127 
4337 2129 2147 2128 
4338 2147 2146 2128 
4339 2130 2148 2129 
4340 2148 2147 2129 
4341 2131 2149 2130 
4342 2149 2148 2130 
4343 2150 2131 2132 
4344 2149 2131 2150 
4345 2133 2385 2132 
4346 2132 2385 2150 
4347 2133 2369 2385 
4348 2134 2135 2136 
4349 2134 2136 2402 
4350 2151 2136 2135 
4351 2137 2153 2135 
4352 2153 2151 2135 
4353 2152 2136 2151 
4354 2136 2152 2420 
4355 2402 2136 2420 
4356 2138 2154 2137 
4357 2154 2153 2137 
4358 2139 2155 2138 
4359 2155 2154 2138 
4360 2140 2156 2139 
4361 2156 2155 2139 
4362 2141 2157 2140 
4363 2157 2156 2140 
4364 2142 2158 2141 
4365 2158 2157 2141 
4366 2144 2161 2143 
4367 2159 2143 2160 
4368 2161 2160 2143 
4369 2145 2162 2144 
4370 2162 2161 2144 
4371 2146 2163 2145 
4372 2163 2162 2145 
4373 2147 2164 2146 
4374 2164 2163 2146 
4375 2148 2165 2147 
4376 2165 2164 2147 
4377 2165 2148 2149 
4378 2150 2167 2149 
4379 2166 2165 2149 
4380 2166 2149 2167 
4381 2167 2150 2403 
4382 2385 2403 2150 
4383 2151 2168 2152 
4384 2151 2153 2169 
4385 2168 2151 2169 
4386 2152 2168 2440 
4387 2152 2440 2420 
4388 2154 2171 2153 
4389 2171 2169 2153 
4390 2155 2172 2154 
4391 2172 2171 2154 
4392 2156 2173 2155 
4393 2173 2172 2155 
4394 2157 2174 2156 
4395 2174 2173 2156 
4396 2158 2175 2157 
4397 2175 2174 2157 
4398 2160 2177 2159 
4399 2177 2176 2159 
4400 2161 2178 2160 
4401 2178 2177 2160 
4402 2162 2179 2161 
4403 2179 2178 2161 
4404 2163 2180 2162 
4405 2180 2179 2162 
4406 2164 2181 2163 
4407 2181 2180 2163 
4408 2165 2182 2164 
4409 2182 2181 2164 
4410 2183 2165 2166 
4411 2182 2165 2183 
4412 2167 2421 2166 
4413 2166 2421 2183 
4414 2167 2403 2421 
4415 2168 2169 2170 
4416 2168 2170 2440 
4417 2184 2170 2169 
4418 2171 2186 2169 
4419 2186 2184 2169 
4420 2185 2170 2184 
4421 2170 2185 2460 
4422 2440 2170 2460 
4423 2172 2187 2171 
4424 2187 2186 2171 
4425 2173 2188 2172 
4426 2188 2187 2172 
4427 2174 2189 2173 
4428 2189 2188 2173 
4429 2175 2190 2174 
4430 2190 2189 2174 
4431 2177 2192 2176 
4432 2192 2191 2176 
4433 2178 2193 2177 
4434 2193 2192 2177 
4435 2179 2194 2178 
4436 2194 2193 2178 
4437 2180 2195 2179 
4438 2195 2194 2179 
4439 2181 2196 2180 
4440 2196 2195 2180 
4441 2182 2197 2181 
4442 2197 2196 2181 
4443 2198 2182 2183 
4444 2197 2182 2198 
4445 2183 2441 2198 
4446 2421 2441 2183 
4447 2199 2185 2184 
4448 2186 2201 2184 
4449 2201 2199 2184 
4450 2200 2185 2199 
4451 2185 2200 2480 
4452 2460 2185 2480 
4453 2187 2202 2186 
4454 2202 2201 2186 
4455 2188 2203 2187 
4456 2203 2202 2187 
4457 2189 2204 2188 
4458 2204 2203 2188 
4459 2190 2205 2189 
4460 2205 2204 2189 
4461 2192 2207 2191 
4462 2207 2206 2191 
4463 2193 2208 2192 
4464 2208 2207 2192 
4465 2194 2209 2193 
4466 2209 2208 2193 
4467 2195 2210 2194 
4468 2210 2209 2194 
4469 2196 2211 2195 
4470 2211 2210 2195 
4471 2197 2212 2196 
4472 2212 2211 2196 
4473 2213 2197 2198 
4474 2212 2197 2213 
4475 2198 2461 2213 
4476 2441 2461 2198 
4477 2214 2200 2199 
4478 2201 2216 2199 
4479 2216 2214 2199 
4480 2215 2200 2214 
4481 2200 2215 2500 
4482 2480 2200 2500 
4483 2202 2217 2201 
4484 2217 2216 2201 
4485 2203 2218 2202 
4486 2218 2217 2202 
4487 2204 2219 2203 
4488 2219 2218 2203 
4489 2205 2219 2204 
4490 2207 2221 2206 
4491 2221 2220 2206 
4492 2208 2222 2207 
4493 2222 2221 2207 
4494 2209 2223 2208 
4495 2223 2222 2208 
4496 2210 2224 2209 
4497 2224 2223 2209 
4498 2211 2225 2210 
4499 2225 2224 2210 
4500 2212 2226 2211 
4501 2226 2225 2211 
4502 2227 2212 2213 
4503 2226 2212 2227 
4504 2213 2481 2227 
4505 2461 2481 2213 
4506 2228 2215 2214 
4507 2216 2230 2214 
4508 2230 2228 2214 
4509 2229 2215 2228 
4510 2215 2229 2520 
4511 2500 2215 2520 
4512 2217 2231 2216 
4513 2231 2230 2216 
4514 2218 2232 2217 
4515 2232 2231 2217 
4516 2219 2233 2218 
4517 2233 2232 2218 
4518 2221 2235 2220 
4519 2235 2234 2220 
4520 2222 2236 2221 
4521 2236 2235 2221 
4522 2223 2237 2222 
4523 2237 2236 2222 
4524 2224 2238 2223 
4525 2238 2237 2223 
4526 2225 2239 2224 
4527 2239 2238 2224 
4528 2226 2240 2225 
4529 2240 2239 2225 
4530 2241 2226 2227 
4531 2240 2226 2241 
4532 2227 2501 2241 
4533 2481 2501 2227 
4534 2229 2228 2242 
4535 2230 2246 2228 
4536 2228 2245 2242 
4537 2246 2245 2228 
4538 2229 2242 2244 
4539 2229 2244 2520 
4540 2231 2247 2230 
4541 2247 2246 2230 
4542 2232 2248 2231 
4543 2248 2247 2231 
4544 2233 2248 2232 
4545 2235 2250 2234 
4546 2250 2249 2234 
4547 2236 2251 2235 
4548 2251 2250 2235 
4549 2237 2252 2236 
4550 2252 2251 2236 
4551 2238 2253 2237 
4552 2253 2252 2237 
4553 2239 2254 2238 
4554 2254 2253 2238 
4555 2240 2255 2239 
4556 2255 2254 2239 
4557 2256 2240 2241 
4558 2255 2240 2256 
4559 2241 2521 2256 
4560 2501 2521 2241 
4561 2242 2243 2244 
4562 2257 2243 2242 
4563 2245 2259 2242 
4564 2259 2257 2242 
4565 2244 2243 2539 
4566 2258 2243 2257 
4567 2243 2258 2558 
4568 2539 2243 2558 
4569 2244 2539 2520 
4570 2246 2260 2245 
4571 2260 2259 2245 
4572 2247 2260 2246 
4573 2250 2262 2249 
4574 2262 2261 2249 
4575 2251 2263 2250 
4576 2263 2262 2250 
4577 2252 2264 2251 
4578 2264 2263 2251 
4579 2253 2265 2252 
4580 2265 2264 2252 
4581 2254 2266 2253 
4582 2266 2265 2253 
4583 2255 2267 2254 
4584 2267 2266 2254 
4585 2268 2255 2256 
4586 2269 2267 2255 
4587 2268 2269 2255 
4588 2256 2540 2268 
4589 2521 2540 2256 
4590 2258 2275 2558 
4591 2276 2261 2262 
4592 2263 2277 2262 
4593 2277 2276 2262 
4594 2264 2278 2263 
4595 2278 2277 2263 
4596 2265 2279 2264 
4597 2279 2278 2264 
4598 2266 2280 2265 
4599 2280 2279 2265 
4600 2267 2281 2266 
4601 2281 2280 2266 
4602 2269 2282 2267 
4603 2282 2281 2267 
4604 2268 2270 2269 
4605 2270 2268 2540 
4606 2283 2269 2270 
4607 2282 2269 2283 
4608 2270 2559 2283 
4609 2270 2540 2559 
4610 2272 2271 2289 
4611 2287 2288 2271 
4612 2289 2271 2288 
4613 2289 2273 2272 
4614 2274 2273 2291 
4615 2290 2273 2289 
4616 2290 2291 2273 
4617 2275 2274 2575 
4618 2274 2291 2575 
4619 2275 2575 2558 
4620 2277 2293 2276 
4621 2293 2292 2276 
4622 2278 2294 2277 
4623 2294 2293 2277 
4624 2279 2295 2278 
4625 2295 2294 2278 
4626 2280 2296 2279 
4627 2296 2295 2279 
4628 2281 2297 2280 
4629 2297 2296 2280 
4630 2282 2298 2281 
4631 2298 2297 2281 
4632 2299 2282 2283 
4633 2300 2298 2282 
4634 2299 2300 2282 
4635 2283 2576 2299 
4636 2559 2576 2283 
4637 2285 2284 2304 
4638 2302 2303 2284 
4639 2304 2284 2303 
4640 2286 2285 2305 
4641 2305 2285 2304 
4642 2287 2286 2306 
4643 2306 2286 2305 
4644 2306 2288 2287 
4645 2289 2288 2308 
4646 2307 2288 2306 
4647 2307 2308 2288 
4648 2290 2289 2309 
4649 2309 2289 2308 
4650 2291 2290 2591 
4651 2290 2309 2591 
4652 2291 2591 2575 
4653 2310 2292 2293 
4654 2294 2311 2293 
4655 2311 2310 2293 
4656 2295 2312 2294 
4657 2312 2311 2294 
4658 2296 2313 2295 
4659 2313 2312 2295 
4660 2297 2314 2296 
4661 2314 2313 2296 
4662 2298 2315 2297 
4663 2315 2314 2297 
4664 2300 2316 2298 
4665 2316 2315 2298 
4666 2299 2301 2300 
4667 2301 2299 2576 
4668 2317 2300 2301 
4669 2318 2316 2300 
4670 2317 2318 2300 
4671 2301 2592 2317 
4672 2301 2576 2592 
4673 2303 2302 2324 
4674 2322 2323 2302 
4675 2324 2302 2323 
4676 2324 2304 2303 
4677 2305 2304 2326 
4678 2325 2304 2324 
4679 2325 2326 2304 
4680 2306 2305 2327 
4681 2327 2305 2326 
4682 2307 2306 2328 
4683 2328 2306 2327 
4684 2308 2307 2604 
4685 2307 2328 2604 
4686 2309 2308 2590 
4687 2308 2604 2590 
4688 2591 2309 2590 
4689 2329 2311 2312 
4690 2313 2330 2312 
4691 2330 2329 2312 
4692 2314 2331 2313 
4693 2331 2330 2313 
4694 2315 2332 2314 
4695 2332 2331 2314 
4696 2316 2333 2315 
4697 2333 2332 2315 
4698 2318 2334 2316 
4699 2334 2333 2316 
4700 2317 2319 2318 
4701 2319 2317 2592 
4702 2318 2319 2320 
4703 2320 2335 2318 
4704 2335 2334 2318 
4705 2319 2321 2320 
4706 2321 2319 2593 
4707 2593 2319 2592 
4708 2336 2320 2321 
4709 2337 2335 2320 
4710 2336 2337 2320 
4711 2321 2605 2336 
4712 2321 2593 2605 
4713 2323 2322 2344 
4714 2324 2323 2345 
4715 2345 2323 2344 
4716 2325 2324 2346 
4717 2346 2324 2345 
4718 2326 2325 2612 
4719 2325 2346 2612 
4720 2327 2326 2602 
4721 2326 2612 2602 
4722 2328 2327 2603 
4723 2603 2327 2602 
4724 2604 2328 2603 
4725 2336 2338 2337 
4726 2338 2336 2605 
4727 2337 2338 2339 
4728 2338 2340 2339 
4729 2340 2338 2606 
4730 2606 2338 2605 
4731 2339 2340 2341 
4732 2342 2340 2607 
4733 2607 2340 2606 
4734 2343 2342 2608 
4735 2608 2342 2607 
4736 2344 2343 2609 
4737 2609 2343 2608 
4738 2345 2344 2610 
4739 2610 2344 2609 
4740 2346 2345 2611 
4741 2611 2345 2610 
4742 2612 2346 2611 
4743 2348 2359 2347 
4744 2357 2347 2358 
4745 2359 2358 2347 
4746 2349 2360 2348 
4747 2360 2359 2348 
4748 2350 2361 2349 
4749 2361 2360 2349 
4750 2351 2362 2350 
4751 2362 2361 2350 
4752 2352 2363 2351 
4753 2363 2362 2351 
4754 2353 2364 2352 
4755 2364 2363 2352 
4756 2354 2365 2353 
4757 2365 2364 2353 
4758 2355 2366 2354 
4759 2366 2365 2354 
4760 2355 2367 2366 
4761 2357 2372 2356 
4762 2370 2356 2371 
4763 2372 2371 2356 
4764 2358 2373 2357 
4765 2373 2372 2357 
4766 2359 2374 2358 
4767 2374 2373 2358 
4768 2360 2375 2359 
4769 2375 2374 2359 
4770 2361 2376 2360 
4771 2376 2375 2360 
4772 2362 2377 2361 
4773 2377 2376 2361 
4774 2363 2378 2362 
4775 2378 2377 2362 
4776 2364 2379 2363 
4777 2379 2378 2363 
4778 2365 2380 2364 
4779 2380 2379 2364 
4780 2366 2381 2365 
4781 2381 2380 2365 
4782 2367 2382 2366 
4783 2382 2381 2366 
4784 2368 2383 2367 
4785 2383 2382 2367 
4786 2368 2384 2383 
4787 2370 2387 2369 
4788 2385 2369 2386 
4789 2387 2386 2369 
4790 2371 2388 2370 
4791 2388 2387 2370 
4792 2372 2389 2371 
4793 2389 2388 2371 
4794 2373 2390 2372 
4795 2390 2389 2372 
4796 2374 2391 2373 
4797 2391 2390 2373 
4798 2375 2392 2374 
4799 2392 2391 2374 
4800 2376 2393 2375 
4801 2393 2392 2375 
4802 2377 2394 2376 
4803 2394 2393 2376 
4804 2378 2395 2377 
4805 2395 2394 2377 
4806 2379 2396 2378 
4807 2396 2395 2378 
4808 2380 2397 2379 
4809 2397 2396 2379 
4810 2381 2398 2380 
4811 2398 2397 2380 
4812 2382 2399 2381 
4813 2399 2398 2381 
4814 2383 2400 2382 
4815 2400 2399 2382 
4816 2384 2401 2383 
4817 2401 2400 2383 
4818 2384 2402 2401 
4819 2386 2404 2385 
4820 2404 2403 2385 
4821 2387 2405 2386 
4822 2405 2404 2386 
4823 2388 2406 2387 
4824 2406 2405 2387 
4825 2389 2407 2388 
4826 2407 2406 2388 
4827 2390 2408 2389 
4828 2408 2407 2389 
4829 2391 2409 2390 
4830 2409 2408 2390 
4831 2392 2410 2391 
4832 2410 2409 2391 
4833 2393 2411 2392 
4834 2411 2410 2392 
4835 2394 2412 2393 
4836 2412 2411 2393 
4837 2395 2413 2394 
4838 2413 2412 2394 
4839 2396 2414 2395 
4840 2414 2413 2395 
4841 2397 2415 2396 
4842 2415 2414 2396 
4843 2398 2416 2397 
4844 2416 2415 2397 
4845 2399 2417 2398 
4846 2417 2416 2398 
4847 2400 2418 2399 
4848 2418 2417 2399 
4849 2401 2419 2400 
4850 2419 2418 2400 
4851 2402 2420 2401 
4852 2420 2419 2401 
4853 2404 2423 2403 
4854 2421 2403 2422 
4855 2423 2422 2403 
4856 2405 2424 2404 
4857 2424 2423 2404 
4858 2406 2425 2405 
4859 2425 2424 2405 
4860 2407 2426 2406 
4861 2426 2425 2406 
4862 2408 2427 2407 
4863 2427 2426 2407 
4864 2409 2428 2408 
4865 2428 2427 2408 
4866 2410 2429 2409 
4867 2429 2428 2409 
4868 2411 2430 2410 
4869 2430 2429 2410 
4870 2412 2431 2411 
4871 2431 2430 2411 
4872 2413 2432 2412 
4873 2432 2431 2412 
4874 2414 2433 2413 
4875 2433 2432 2413 
4876 2415 2434 2414 
4877 2434 2433 2414 
4878 2416 2435 2415 
4879 2435 2434 2415 
4880 2417 2436 2416 
4881 2436 2435 2416 
4882 2418 2437 2417 
4883 2437 2436 2417 
4884 2419 2438 2418 
4885 2438 2437 2418 
4886 2420 2439 2419 
4887 2439 2438 2419 
4888 2420 2440 2439 
4889 2422 2442 2421 
4890 2442 2441 2421 
4891 2423 2443 2422 
4892 2443 2442 2422 
4893 2424 2444 2423 
4894 2444 2443 2423 
4895 2425 2445 2424 
4896 2445 2444 2424 
4897 2426 2446 2425 
4898 2446 2445 2425 
4899 2427 2447 2426 
4900 2447 2446 2426 
4901 2428 2448 2427 
4902 2448 2447 2427 
4903 2429 2449 2428 
4904 2449 2448 2428 
4905 2430 2450 2429 
4906 2450 2449 2429 
4907 2431 2451 2430 
4908 2451 2450 2430 
4909 2432 2452 2431 
4910 2452 2451 2431 
4911 2433 2453 2432 
4912 2453 2452 2432 
4913 2434 2454 2433 
4914 2454 2453 2433 
4915 2435 2455 2434 
4916 2455 2454 2434 
4917 2436 2456 2435 
4918 2456 2455 2435 
4919 2437 2457 2436 
4920 2457 2456 2436 
4921 2438 2458 2437 
4922 2458 2457 2437 
4923 2439 2459 2438 
4924 2459 2458 2438 
4925 2440 2460 2439 
4926 2460 2459 2439 
4927 2442 2462 2441 
4928 2462 2461 2441 
4929 2443 2463 2442 
4930 2463 2462 2442 
4931 2444 2464 2443 
4932 2464 2463 2443 
4933 2445 2465 2444 
4934 2465 2464 2444 
4935 2446 2466 2445 
4936 2466 2465 2445 
4937 2447 2467 2446 
4938 2467 2466 2446 
4939 2448 2468 2447 
4940 2468 2467 2447 
4941 2449 2469 2448 
4942 2469 2468 2448 
4943 2450 2470 2449 
4944 2470 2469 2449 
4945 2451 2471 2450 
4946 2471 2470 2450 
4947 2452 2472 2451 
4948 2472 2471 2451 
4949 2453 2473 2452 
4950 2473 2472 2452 
4951 2454 2474 2453 
4952 2474 2473 2453 
4953 2455 2475 2454 
4954 2475 2474 2454 
4955 2456 2476 2455 
4956 2476 2475 2455 
4957 2457 2477 2456 
4958 2477 2476 2456 
4959 2458 2478 2457 
4960 2478 2477 2457 
4961 2459 2479 2458 
4962 2479 2478 2458 
4963 2460 2480 2459 
4964 2480 2479 2459 
4965 2462 2482 2461 
4966 2482 2481 2461 
4967 2463 2483 2462 
4968 2483 2482 2462 
4969 2464 2484 2463 
4970 2484 2483 2463 
4971 2465 2485 2464 
4972 2485 2484 2464 
4973 2466 2486 2465 
4974 2486 2485 2465 
4975 2467 2487 2466 
4976 2487 2486 2466 
4977 2468 2488 2467 
4978 2488 2487 2467 
4979 2469 2489 2468 
4980 2489 2488 2468 
4981 2470 2490 2469 
4982 2490 2489 2469 
4983 2471 2491 2470 
4984 2491 2490 2470 
4985 2472 2492 2471 
4986 2492 2491 2471 
4987 2473 2493 2472 
4988 2493 2492 2472 
4989 2474 2494 2473 
4990 2494 2493 2473 
4991 2475 2495 2474 
4992 2495 2494 2474 
4993 2476 2496 2475 
4994 2496 2495 2475 
4995 2477 2497 2476 
4996 2497 2496 2476 
4997 2478 2498 2477 
4998 2498 2497 2477 
4999 2479 2499 2478 
5000 2499 2498 2478 
5001 2480 2500 2479 
5002 2500 2499 2479 
5003 2482 2502 2481 
5004 2502 2501 2481 
5005 2483 2503 2482 
5006 2503 2502 2482 
5007 2484 2504 2483 
5008 2504 2503 2483 
5009 2485 2505 2484 
5010 2505 2504 2484 
5011 2486 2506 2485 
5012 2506 2505 2485 
5013 2487 2507 2486 
5014 2507 2506 2486 
5015 2488 2508 2487 
5016 2508 2507 2487 
5017 2489 2509 2488 
5018 2509 2508 2488 
5019 2490 2510 2489 
5020 2510 2509 2489 
5021 2491 2511 2490 
5022 2511 2510 2490 
5023 2492 2512 2491 
5024 2512 2511 2491 
5025 2493 2513 2492 
5026 2513 2512 2492 
5027 2494 2514 2493 
5028 2514 2513 2493 
5029 2495 2515 2494 
5030 2515 2514 2494 
5031 2496 2516 2495 
5032 2516 2515 2495 
5033 2497 2517 2496 
5034 2517 2516 2496 
5035 2498 2518 2497 
5036 2518 2517 2497 
5037 2499 2519 2498 
5038 2519 2518 2498 
5039 2500 2520 2499 
5040 2520 2519 2499 
5041 2502 2522 2501 
5042 2522 2521 2501 
5043 2503 2523 2502 
5044 2523 2522 2502 
5045 2504 2524 2503 
5046 2524 2523 2503 
5047 2505 2525 2504 
5048 2525 2524 2504 
5049 2506 2526 2505 
5050 2526 2525 2505 
5051 2507 2527 2506 
5052 2527 2526 2506 
5053 2508 2528 2507 
5054 2528 2527 2507 
5055 2509 2529 2508 
5056 2529 2528 2508 
5057 2510 2530 2509 
5058 2530 2529 2509 
5059 2511 2531 2510 
5060 2531 2530 2510 
5061 2512 2532 2511 
5062 2532 2531 2511 
5063 2513 2533 2512 
5064 2533 2532 2512 
5065 2514 2534 2513 
5066 2534 2533 2513 
5067 2515 2535 2514 
5068 2535 2534 2514 
5069 2516 2536 2515 
5070 2536 2535 2515 
5071 2517 2537 2516 
5072 2537 2536 2516 
5073 2518 2538 2517 
5074 2538 2537 2517 
5075 2519 2539 2518 
5076 2539 2538 2518 
5077 2520 2539 2519 
5078 2522 2541 2521 
5079 2541 2540 2521 
5080 2523 2542 2522 
5081 2542 2541 2522 
5082 2524 2543 2523 
5083 2543 2542 2523 
5084 2525 2544 2524 
5085 2544 2543 2524 
5086 2526 2545 2525 
5087 2545 2544 2525 
5088 2527 2546 2526 
5089 2546 2545 2526 
5090 2528 2547 2527 
5091 2547 2546 2527 
5092 2529 2548 2528 
5093 2548 2547 2528 
5094 2530 2549 2529 
5095 2549 2548 2529 
5096 2531 2550 2530 
5097 2550 2549 2530 
5098 2532 2551 2531 
5099 2551 2550 2531 
5100 2533 2552 2532 
5101 2552 2551 2532 
5102 2534 2553 2533 
5103 2553 2552 2533 
5104 2535 2554 2534 
5105 2554 2553 2534 
5106 2536 2555 2535 
5107 2555 2554 2535 
5108 2537 2556 2536 
5109 2556 2555 2536 
5110 2538 2557 2537 
5111 2557 2556 2537 
5112 2539 2558 2538 
5113 2558 2557 2538 
5114 2559 2540 2541 
5115 2542 2560 2541 
5116 2560 2559 2541 
5117 2543 2561 2542 
5118 2561 2560 2542 
5119 2544 2562 2543 
5120 2562 2561 2543 
5121 2545 2563 2544 
5122 2563 2562 2544 
5123 2546 2564 2545 
5124 2564 2563 2545 
5125 2547 2565 2546 
5126 2565 2564 2546 
5127 2548 2566 2547 
5128 2566 2565 2547 
5129 2549 2567 2548 
5130 2567 2566 2548 
5131 2550 2568 2549 
5132 2568 2567 2549 
5133 2551 2569 2550 
5134 2569 2568 2550 
5135 2552 2570 2551 
5136 2570 2569 2551 
5137 2553 2571 2552 
5138 2571 2570 2552 
5139 2554 2572 2553 
5140 2572 2571 2553 
5141 2555 2573 2554 
5142 2573 2572 2554 
5143 2556 2574 2555 
5144 2574 2573 2555 
5145 2557 2575 2556 
5146 2575 2574 2556 
5147 2558 2575 2557 
5148 2560 2577 2559 
5149 2577 2576 2559 
5150 2561 2578 2560 
5151 2578 2577 2560 
5152 2562 2579 2561 
5153 2579 2578 2561 
5154 2563 2580 2562 
5155 2580 2579 2562 
5156 2564 2581 2563 
5157 2581 2580 2563 
5158 2565 2582 2564 
5159 2582 2581 2564 
5160 2566 2583 2565 
5161 2583 2582 2565 
5162 2567 2584 2566 
5163 2584 2583 2566 
5164 2568 2585 2567 
5165 2585 2584 2567 
5166 2569 2586 2568 
5167 2586 2585 2568 
5168 2570 2587 2569 
5169 2587 2586 2569 
5170 2571 2588 2570 
5171 2588 2587 2570 
5172 2572 2589 2571 
5173 2589 2588 2571 
5174 2573 2590 2572 
5175 2590 2589 2572 
5176 2574 2591 2573 
5177 2591 2590 2573 
5178 2575 2591 2574 
5179 2592 2576 2577 
5180 2578 2593 2577 
5181 2593 2592 2577 
5182 2579 2594 2578 
5183 2594 2593 2578 
5184 2580 2595 2579 
5185 2595 2594 2579 
5186 2581 2596 2580 
5187 2596 2595 2580 
5188 2582 2597 2581 
5189 2597 2596 2581 
5190 2583 2598 2582 
5191 2598 2597 2582 
5192 2584 2599 2583 
5193 2599 2598 2583 
5194 2585 2600 2584 
5195 2600 2599 2584 
5196 2586 2601 2585 
5197 2601 2600 2585 
5198 2587 2602 2586 
5199 2602 2601 2586 
5200 2588 2603 2587 
5201 2603 2602 2587 
5202 2589 2604 2588 
5203 2604 2603 2588 
5204 2590 2604 2589 
5205 2605 2593 2594 
5206 2595 2606 2594 
5207 2606 2605 2594 
5208 2596 2607 2595 
5209 2607 2606 2595 
5210 2597 2608 2596 
5211 2608 2607 2596 
5212 2598 2609 2597 
5213 2609 2608 2597 
5214 2599 2610 2598 
5215 2610 2609 2598 
5216 2600 2611 2599 
5217 2611 2610 2599 
5218 2601 2612 2600 
5219 2612 2611 2600 
5220 2602 2612 2601 
3 1 4 18657
5221 3137 3472 2962 3997 
5222 2626 2845 3665 3704 
5223 2805 2704 3616 3643 
5224 651 632 652 3425 
5225 2662 2841 2985 3001 
5226 2866 2981 2765 3051 
5227 2854 3022 2712 3807 
5228 2657 3188 2868 3844 
5229 3020 3293 2743 3784 
5230 2642 3472 3137 3997 
5231 2549 2918 2530 3948 
5232 2773 3042 3443 3630 
5233 578 579 2968 3210 
5234 2010 3194 2916 3502 
5235 774 3546 3267 3555 
5236 2854 2712 3400 3807 
5237 3802 4086 3462 4096 
5238 648 3573 3565 3930 
5239 1361 3242 2895 3380 
5240 2911 2971 2660 3213 
5241 2644 2834 3428 3651 
5242 2162 3317 2848 3587 
5243 2730 3462 3802 4086 
5244 2925 3124 3048 3434 
5245 1912 3202 3073 4050 
5246 2709 3477 2907 3674 
5247 2626 3665 3507 3996 
5248 2750 3124 2925 3434 
5249 2734 3390 3061 3649 
5250 3061 3539 3149 3888 
5251 2690 2769 3110 3467 
5252 2644 2834 2983 3428 
5253 2410 2430 2411 3761 
5254 2943 3207 3172 3710 
5255 633 652 632 3425 
5256 2664 3094 3752 4179 
5257 2765 3155 3464 3598 
5258 3188 4092 3079 4258 
5259 3251 3283 2952 3936 
5260 1967 3502 1989 4009 
5261 2704 3090 2805 4007 
5262 2654 2941 2989 3336 
5263 87 105 104 3719 
5264 2626 2845 3174 3665 
5265 121 3719 3088 4072 
5266 2859 2686 3080 3387 
5267 2916 3194 2010 3420 
5268 2745 3034 3416 3707 
5269 2992 3658 2887 3743 
5270 1525 3276 3103 4108 
5271 2773 3427 3042 3630 
5272 2626 3174 2845 3704 
5273 2762 3462 3269 3619 
5274 3110 3467 2769 4335 
5275 3003 3519 2964 3962 
5276 1228 1227 1506 2900 
5277 2962 3472 3235 3997 
5278 2823 3076 2943 3172 
5279 2663 3035 3047 3155 
5280 2950 3115 2694 3123 
5281 2105 2083 2104 3617 
5282 2918 3033 2530 3948 
5283 597 3192 596 3656 
5284 2971 2660 3213 4127 
5285 2907 3477 2870 3674 
5286 249 3096 3041 3817 
5287 1680 3501 3215 3912 
5288 2614 2826 3131 3388 
5289 3061 2734 3649 3888 
5290 2662 2853 3545 3607 
5291 2987 3127 2710 3404 
5292 2990 3213 2660 4127 
5293 2644 3011 3377 3424 
5294 2642 3235 3472 3997 
5295 2911 2660 3078 3213 
5296 2990 3078 2660 3213 
5297 2022 2023 3209 3580 
5298 3149 3539 2654 3888 
5299 2162 2848 3317 4205 
5300 3003 3287 2964 3519 
5301 3472 3583 3125 3804 
5302 3281 3436 3183 3981 
5303 3638 3752 3094 4179 
5304 3115 3123 2950 3561 
5305 2767 3271 3106 3399 
5306 2969 3383 804 3645 
5307 2669 2968 3554 3793 
5308 2704 3139 2805 3616 
5309 249 251 3041 4300 
5310 1326 1650 1320 3094 
5311 2834 2644 2983 3011 
5312 2762 3619 3269 3973 
5313 1879 3060 3294 4001 
5314 2645 3172 2943 3207 
5315 3401 3970 3160 4065 
5316 2410 2429 2430 3761 
5317 2619 3559 2792 3933 
5318 2854 3105 3022 3807 
5319 2769 3275 3110 3878 
5320 1512 3103 3007 3880 
5321 2662 3545 2985 3607 
5322 2782 3123 3115 3561 
5323 2639 3910 2910 4174 
5324 2703 2931 3174 3267 
5325 672 673 698 3565 
5326 578 3210 2968 3741 
5327 3352 3575 2758 3634 
5328 2700 3343 2820 3427 
5329 2805 3090 2704 3643 
5330 2946 3349 2729 4075 
5331 697 672 698 3565 
5332 2702 3049 3009 3170 
5333 2750 3434 2925 3992 
5334 2643 2989 4119 4321 
5335 2228 3226 2911 3476 
5336 1257 1256 1529 3848 
5337 2747 3340 3740 4259 
5338 1795 3921 3308 4152 
5339 2272 3151 1762 3482 
5340 2083 2104 3617 4175 
5341 1215 3383 2900 4173 
5342 2530 3033 2918 3614 
5343 2199 2911 3296 3476 
5344 2749 3410 1891 3890 
5345 1525 3103 3880 4108 
5346 1912 3073 1913 4050 
5347 721 720 3565 4082 
5348 3269 3619 3462 3973 
5349 2684 3139 3480 3515 
5350 2687 3172 3542 4260 
5351 2079 2078 2100 3883 
5352 804 3645 3383 4371 
5353 2934 3855 3558 3863 
5354 3177 3203 2864 3838 
5355 2952 3251 2730 3283 
5356 2657 2868 3295 3844 
5357 2626 3174 3067 3665 
5358 2666 3101 3286 3950 
5359 165 148 164 4024 
5360 2663 3035 3155 4160 
5361 2943 3172 3076 3710 
5362 3070 3296 2185 3739 
5363 2804 3101 3330 4257 
5364 2709 2870 3477 3674 
5365 2690 3110 3275 3878 
5366 2012 2013 3502 3543 
5367 2895 3211 1362 3402 
5368 2549 2548 3327 3948 
5369 2876 3142 3063 4157 
5370 2628 3142 2887 3690 
5371 2899 3414 2651 4031 
5372 2697 2964 3519 3962 
5373 2841 3392 3118 3607 
5374 3565 3573 2833 3930 
5375 2854 3400 3105 3807 
5376 2691 2813 3116 3313 
5377 1680 3279 3215 3501 
5378 2734 3061 3390 3525 
5379 2834 2760 2983 3428 
5380 2697 3519 2964 3738 
5381 2697 2832 3505 3540 
5382 2752 3048 3124 3669 
5383 2887 3142 2992 3743 
5384 3058 2804 3708 4176 
5385 2623 3176 3173 3458 
5386 3055 3375 3336 3939 
5387 3061 3525 2734 3888 
5388 105 3485 3088 3719 
5389 579 2968 3210 3656 
5390 2666 3339 3171 3993 
5391 657 2966 3159 4144 
5392 1319 3094 3027 4079 
5393 2201 2186 2911 3120 
5394 2635 2852 3117 3182 
5395 10 8 11 2982 
5396 2691 3116 3322 3605 
5397 2739 3088 3516 3839 
5398 2703 3267 3174 3428 
5399 1569 3517 2872 3544 
5400 2964 3519 3287 3738 
5401 1220 2804 3330 4173 
5402 2765 3464 3155 3816 
5403 2335 3292 2749 3769 
5404 3035 2741 3529 3620 
5405 2765 3598 3464 3816 
5406 2765 3155 3598 4370 
5407 2272 2844 3151 3482 
5408 3061 3390 2941 3649 
5409 2823 3172 2943 4091 
5410 2767 3106 3271 3893 
5411 2650 3622 3086 3675 
5412 2022 2049 2023 3580 
5413 2973 3177 2705 3774 
5414 2749 3292 2335 3410 
5415 2628 3705 3250 3970 
5416 2917 3187 2647 3534 
5417 2752 3048 2925 3124 
5418 2619 2792 3227 3933 
5419 731 3160 3129 3662 
5420 2642 3125 3472 3583 
5421 2767 3271 2978 3893 
5422 12 10 11 2982 
5423 2994 3087 2742 4036 
5424 2639 3158 2910 3910 
5425 3183 3281 2726 3436 
5426 3149 3539 3061 3623 
5427 1402 1083 1392 2984 
5428 3188 3493 2868 3844 
5429 1912 3073 3202 3303 
5430 2994 2742 3125 4036 
5431 2975 3761 2411 4270 
5432 2199 3296 2200 3476 
5433 813 3258 812 3329 
5434 2671 3330 3101 4257 
5435 3740 4163 2747 4259 
5436 3173 3176 2885 3458 
5437 3113 3237 2100 3580 
5438 2846 3299 2977 4268 
5439 3101 3286 2804 3330 
5440 2691 3022 3322 3585 
5441 2964 3003 2617 3287 
5442 3105 3322 3022 3585 
5443 2744 3448 3060 4268 
5444 3087 3125 2742 4036 
5445 3127 3386 2995 4187 
5446 2645 4058 3686 4091 
5447 2935 3148 2730 3412 
5448 1650 3027 1319 3094 
5449 3336 3649 3055 3939 
5450 2822 3740 3340 4259 
5451 2906 2730 3148 3412 
5452 3038 3417 2706 3705 
5453 1869 3218 2821 4249 
5454 38 3485 37 3659 
5455 633 3425 632 3554 
5456 2335 1891 2749 3410 
5457 3788 4031 2899 4115 
5458 3013 3163 2877 3574 
5459 3149 3623 3061 3888 
5460 2117 2119 2099 3113 
5461 3152 3349 2946 4075 
5462 2704 2805 3139 4007 
5463 290 3138 293 3901 
5464 2747 2883 3149 3894 
5465 2829 2758 3352 3575 
5466 1795 3010 3308 3921 
5467 2154 3161 2155 3892 
5468 2130 3178 2930 3829 
5469 293 3560 3901 4341 
5470 2747 3149 2883 3888 
5471 2639 2902 3910 3943 
5472 1361 1360 1366 2895 
5473 1337 998 2835 3581 
5474 2709 3558 3855 3863 
5475 1506 3272 2900 3958 
5476 3269 3802 3462 4096 
5477 2702 3170 3009 3374 
5478 1056 3167 2917 3478 
5479 2900 3383 1215 3812 
5480 2720 3336 3055 3375 
5481 2650 3675 3086 4161 
5482 3055 3336 2720 3649 
5483 2813 3105 3228 3585 
5484 2430 2411 3761 4270 
5485 2670 3964 3600 4214 
5486 1361 2895 3242 3822 
5487 2201 3120 2911 3532 
5488 812 3258 3039 3329 
5489 2655 3705 2966 4288 
5490 2962 2713 3235 3472 
5491 2665 3747 3052 4222 
5492 2922 2705 3177 3774 
5493 2934 2965 2686 3759 
5494 1245 1224 822 3301 
5495 2549 3327 2918 3948 
5496 2185 3070 2200 3296 
5497 3177 3838 2864 4123 
5498 2975 3348 3015 3579 
5499 3539 3623 2808 3985 
5500 2985 3545 3072 3607 
5501 3088 3719 2810 4072 
5502 2710 3127 2987 4060 
5503 2942 3297 2791 3902 
5504 2636 3203 3177 3838 
5505 2804 1220 3330 3938 
5506 1220 1219 2804 4173 
5507 2154 3787 3120 3892 
5508 2632 3104 3412 3804 
5509 2714 3366 3940 4238 
5510 2798 3480 3139 3515 
5511 3076 3542 3172 4260 
5512 2730 3462 3269 3802 
5513 2691 3322 3185 3605 
5514 2947 3443 2839 3985 
5515 2624 3356 3199 3840 
5516 3124 2752 3669 4395 
5517 1403 2993 1395 3212 
5518 2887 2628 3690 4017 
5519 2659 2992 3142 3743 
5520 2712 3838 3230 3976 
5521 2716 3020 2879 3293 
5522 2782 3115 3123 3889 
5523 2751 3265 3458 3542 
5524 3299 3827 2977 3916 
5525 2669 3554 3372 3793 
5526 3022 3322 3105 3856 
5527 3759 3940 3366 4238 
5528 2879 3020 2716 3468 
5529 37 3659 3485 3815 
5530 121 3088 3483 4072 
5531 2978 3271 2767 3399 
5532 2654 2989 2941 3539 
5533 3035 3433 2741 3620 
5534 2666 2926 3101 3171 
5535 2691 3116 2813 3322 
5536 2706 3417 3146 3705 
5537 2624 3199 3356 3512 
5538 2945 3064 2662 3819 
5539 2633 2812 3606 4084 
5540 2686 2965 2934 3746 
5541 249 3041 3096 4300 
5542 1967 2987 3502 4009 
5543 2820 2700 3053 3343 
5544 525 2959 3210 3789 
5545 1525 3103 1512 3880 
5546 2697 2832 3144 3505 
5547 3139 2805 3616 4331 
5548 2694 3123 3115 3889 
5549 3095 3459 3008 3796 
5550 2765 2981 2866 3260 
5551 1913 3073 3931 4050 
5552 2714 3670 3366 4238 
5553 570 1056 2917 3478 
5554 217 3099 202 3225 
5555 2614 3326 2826 3388 
5556 2859 3080 2686 4158 
5557 2010 2916 2011 3502 
5558 1366 3380 2895 3402 
5559 2664 3752 3365 4179 
5560 1760 1762 3151 3308 
5561 2746 3163 3013 3574 
5562 2819 2951 2683 3403 
5563 2865 3044 2656 3311 
5564 2664 3519 3481 3824 
5565 3192 3360 596 3656 
5566 3072 3545 2853 3607 
5567 3336 3375 2794 3939 
5568 2911 3226 2230 3532 
5569 3048 3434 3124 3743 
5570 526 525 2959 3210 
5571 2876 3238 78 3762 
5572 1215 2900 3567 4173 
5573 1220 2804 1219 3938 
5574 2665 2929 3260 3798 
5575 1795 3308 1794 4152 
5576 1354 1360 1361 2895 
5577 2993 3212 1403 3972 
5578 2117 2119 3113 3584 
5579 2885 3176 3173 3495 
5580 2669 2968 3112 3554 
5581 3034 2806 3416 3707 
5582 2635 3117 2852 3574 
5583 2773 3443 3346 3630 
5584 2962 3137 2713 3472 
5585 2615 3613 3118 3696 
5586 2777 3104 2948 3222 
5587 2779 3083 3112 3372 
5588 2950 3123 3017 3561 
5589 1384 3249 2888 3402 
5590 3077 3502 2013 3543 
5591 2700 3427 2820 3750 
5592 2624 3199 3562 3840 
5593 676 702 3221 4317 
5594 2891 3384 3304 4323 
5595 2686 3289 3080 3387 
5596 653 3425 3360 3693 
5597 3091 3235 2732 3264 
5598 2928 3227 2792 3933 
5599 2893 3745 3304 3865 
5600 2640 3035 4233 4267 
5601 2875 3175 2693 3183 
5602 2744 3060 4001 4268 
5603 2887 3658 3373 3743 
5604 2626 2980 3665 3996 
5605 2755 3404 2987 4311 
5606 2666 3101 2926 3286 
5607 2813 3313 2691 3585 
5608 2846 3060 3294 4337 
5609 2697 3380 3277 4134 
5610 3063 3142 2659 4157 
5611 3110 3580 3209 3593 
5612 121 3088 122 3483 
5613 2570 2552 2551 3951 
5614 3600 3964 2858 4214 
5615 2901 3453 1504 3701 
5616 3550 4314 4053 4388 
5617 2666 2926 3171 3339 
5618 2839 3623 3539 3985 
5619 2805 3616 3153 3643 
5620 774 1157 759 3555 
5621 2714 3312 2769 3366 
5622 2429 2430 3761 4270 
5623 3304 3384 2891 3961 
5624 1961 3469 3386 4026 
5625 2736 3458 3265 3542 
5626 2697 2888 3277 3380 
5627 2659 3658 2992 3743 
5628 2811 2859 3387 3920 
5629 2662 3001 3454 3576 
5630 2792 3062 2928 3933 
5631 2659 3063 2876 3142 
5632 2846 3294 3060 4001 
5633 2615 3082 3146 3373 
5634 2689 2840 3138 4230 
5635 2635 3117 2837 3182 
5636 3009 3170 3049 3795 
5637 179 3141 3345 3398 
5638 2216 2911 2230 3532 
5639 263 3066 2939 3627 
5640 2643 3903 2989 4321 
5641 2636 3838 3177 4123 
5642 2680 3191 2910 3672 
5643 2868 3188 1908 3303 
5644 2691 3322 3022 3856 
5645 2312 3879 2294 4020 
5646 2305 2949 3246 3405 
5647 2669 3112 3372 3554 
5648 2694 3106 3399 3954 
5649 1670 3215 1680 3279 
5650 2614 3131 2826 3937 
5651 2822 4163 3740 4259 
5652 260 3627 3297 3765 
5653 2022 3209 3110 3580 
5654 265 2942 879 3066 
5655 2739 3485 3088 3839 
5656 2885 3058 2666 3495 
5657 2666 3171 3101 3568 
5658 2012 3502 2916 3543 
5659 3505 3540 2832 3714 
5660 3229 4086 3802 4096 
5661 263 2939 261 3627 
5662 804 3383 2969 3812 
5663 3151 3589 2844 4184 
5664 2821 3218 1870 4110 
5665 37 3485 54 3815 
5666 839 2998 2942 3765 
5667 2742 3125 3087 3804 
5668 1382 3380 2888 3926 
5669 2753 3618 3488 3690 
5670 2812 4119 2989 4321 
5671 2668 3118 2841 3392 
5672 2799 3349 3152 4075 
5673 3058 3101 2804 4176 
5674 3278 3825 2856 4308 
5675 2661 3228 3105 3585 
5676 2200 3296 3070 3476 
5677 2656 3524 2861 3766 
5678 3147 3310 1754 3379 
5679 2925 3514 2752 4395 
5680 1107 2961 1118 3268 
5681 2814 3084 2905 3922 
5682 3245 3265 2736 3458 
5683 2762 3269 3009 3973 
5684 1760 1762 1761 3151 
5685 3113 3584 2119 3836 
5686 1753 1778 1779 3147 
5687 673 3162 2913 3565 
5688 721 697 2913 3565 
5689 2887 2992 3373 3658 
5690 1869 1870 2821 3218 
5691 2990 3477 3023 4171 
5692 2162 3317 2179 4205 
5693 2480 3070 2185 3739 
5694 3164 2774 3734 3821 
5695 1989 3502 3077 4009 
5696 2750 3124 3434 3743 
5697 2881 3516 3088 3839 
5698 1881 3294 3625 4001 
5699 2618 3477 2990 4171 
5700 2529 2548 2549 3948 
5701 1362 3211 2895 3752 
5702 2644 2802 3011 3424 
5703 2654 2941 3336 3649 
5704 8 2982 3659 3796 
5705 2746 3193 3137 3252 
5706 3009 3795 3049 4004 
5707 2697 3736 3242 3738 
5708 1147 3325 3391 4252 
5709 3583 3804 3472 4098 
5710 1670 1680 3215 3912 
5711 2619 3227 2792 3559 
5712 628 3352 2833 3999 
5713 2853 3527 3072 3607 
5714 2793 3993 4080 4209 
5715 2758 3575 2829 4124 
5716 3277 3380 2888 4134 
5717 628 3731 3352 3999 
5718 2655 3038 2966 3705 
5719 3006 3495 3173 3940 
5720 2629 3967 3062 4021 
5721 2804 3286 3101 3950 
5722 2981 3260 2929 3798 
5723 2727 3707 3280 3763 
5724 3059 4036 2892 4316 
5725 2891 3304 3244 4323 
5726 2885 2666 3176 3495 
5727 2703 3461 3174 4298 
5728 2921 2706 3146 3705 
5729 1219 3938 2804 4173 
5730 3008 3459 3095 3857 
5731 3092 3356 2878 4063 
5732 965 1323 976 2922 
5733 2717 3002 2660 3599 
5734 1505 2900 3848 3958 
5735 2662 3001 2985 3454 
5736 2865 3311 2656 4190 
5737 2773 3042 3107 3443 
5738 2686 3254 3184 4158 
5739 2677 3026 2848 3317 
5740 3271 3390 2978 3893 
5741 633 3360 3425 3554 
5742 2908 2861 3524 3766 
5743 2712 3036 3838 3976 
5744 3007 3103 1512 3938 
5745 2690 3110 2769 3275 
5746 2657 2832 3079 3852 
5747 2776 3210 3238 3792 
5748 2710 2987 3404 4311 
5749 2809 2741 3263 4066 
5750 2690 3333 2769 3467 
5751 2891 3597 3244 3737 
5752 877 3560 2840 3868 
5753 198 3192 4183 4278 
5754 629 2833 628 3352 
5755 3160 3401 2991 3970 
5756 2758 3634 3575 4124 
5757 2948 3222 3104 3927 
5758 2890 3316 2407 4022 
5759 2622 3051 2981 3318 
5760 2893 3304 3534 3865 
5761 2294 3879 3208 4020 
5762 2621 3014 2937 3973 
5763 1376 2888 1382 3380 
5764 2864 3203 3177 4039 
5765 1841 3300 1840 4232 
5766 2697 3144 2832 3572 
5767 2966 3705 2921 4288 
5768 2651 3050 2862 3288 
5769 2888 3212 1390 3926 
5770 748 3221 2802 4188 
5771 2635 2960 3574 4240 
5772 2887 3690 3142 4263 
5773 2615 3146 2992 3373 
5774 2083 2828 2084 4067 
5775 3686 4058 2974 4091 
5776 2651 2899 4031 4115 
5777 2660 2971 2911 3296 
5778 2995 3127 2696 3386 
5779 2797 2696 3291 3702 
5780 2888 3380 1376 3402 
5781 3038 3705 2706 4396 
5782 673 2913 698 3565 
5783 2874 3195 2954 4401 
5784 2839 3061 3539 3623 
5785 2686 3080 3254 4158 
5786 774 3267 1157 3555 
5787 2693 3843 3538 3981 
5788 2857 2698 3266 4160 
5789 2634 2905 3076 3084 
5790 2864 3227 2619 3723 
5791 3187 3534 2917 3835 
5792 2335 2749 1891 3890 
5793 1096 1086 2837 3601 
5794 38 3216 3485 3659 
5795 2702 3009 3049 3290 
5796 3383 3645 2803 4371 
5797 2902 3158 2639 3910 
5798 2733 3488 3618 3690 
5799 2623 3176 3333 3940 
5800 3093 3277 2888 4037 
5801 2981 3051 2866 4243 
5802 2670 2892 4036 4316 
5803 2947 3361 2839 4136 
5804 3170 3374 3818 4006 
5805 3033 3319 2999 4359 
5806 2669 3112 3083 3372 
5807 2635 2837 3117 4037 
5808 2154 3836 3787 3892 
5809 2493 3492 2473 3820 
5810 541 522 542 3197 
5811 3554 3793 2968 4367 
5812 2298 2297 2315 3473 
5813 3049 3290 3009 4004 
5814 179 3345 180 3398 
5815 2839 3443 2947 3553 
5816 2755 2987 3404 4061 
5817 3031 2826 3388 3660 
5818 2662 3576 3454 3839 
5819 2951 2473 3492 3820 
5820 2688 3137 3193 3252 
5821 2664 2895 3365 3752 
5822 2733 3618 3285 3690 
5823 2658 3000 3592 3733 
5824 1157 759 3555 4159 
5825 2909 3239 3141 3913 
5826 3164 3734 3602 3821 
5827 201 3225 3099 3715 
5828 2891 3262 1034 4384 
5829 526 3210 2959 3238 
5830 3443 2808 3623 3985 
5831 1384 2888 1382 3402 
5832 3008 3654 351 3796 
5833 2954 3195 2874 3716 
5834 3047 3155 3035 3464 
5835 2846 3625 3294 4001 
5836 3017 3123 2950 3639 
5837 2670 2994 3059 4036 
5838 2925 3056 2752 3514 
5839 2975 3579 3015 3697 
5840 1841 3456 3300 4232 
5841 3705 3970 2628 4065 
5842 2925 3344 3514 4395 
5843 3448 3606 3395 3724 
5844 3141 3239 2655 4144 
5845 2271 2272 2844 3151 
5846 3020 2743 3700 3784 
5847 2767 2978 3450 3893 
5848 2162 2161 3317 3587 
5849 2906 3412 3148 3430 
5850 1220 1235 3330 3938 
5851 1506 3019 3272 3958 
5852 3196 3856 2649 3932 
5853 1349 3211 2835 3737 
5854 2926 3101 2671 3330 
5855 1226 1246 1505 3848 
5856 1986 3469 3194 3502 
5857 2868 3079 2657 3295 
5858 2426 2407 3316 4022 
5859 2730 3412 2906 3486 
5860 2651 4031 3414 4376 
5861 1343 1337 998 2835 
5862 649 3565 648 3573 
5863 2649 3196 3637 3856 
5864 2492 3492 2493 3820 
5865 1376 1382 2888 3402 
5866 2615 3417 3613 3696 
5867 2271 1762 2272 3151 
5868 2840 3645 877 3868 
5869 2820 3053 2700 3253 
5870 2670 4036 3059 4316 
5871 2664 3752 3094 3822 
5872 2911 3120 2186 3787 
5873 2228 2230 2911 3226 
5874 2928 3062 2792 4021 
5875 2806 2705 3140 4169 
5876 2717 2971 3584 3603 
5877 3280 3518 461 3577 
5878 3507 3665 2800 3996 
5879 2926 3286 3101 3330 
5880 2887 3373 3124 3743 
5881 2806 4014 2705 4169 
5882 3299 3916 2977 4268 
5883 2765 2866 3051 3749 
5884 2829 3112 3083 3725 
5885 3035 3464 3155 4160 
5886 2689 3138 3126 4230 
5887 2645 3223 3695 4058 
5888 2924 3377 3011 3424 
5889 2633 3606 3448 3724 
5890 601 602 621 3864 
5891 3244 3304 2891 3961 
5892 2633 3448 2812 4084 
5893 2623 3173 3176 3940 
5894 2730 2906 3251 3486 
5895 2549 2530 2529 3948 
5896 3127 3404 2987 4061 
5897 202 3099 201 3225 
5898 2746 3013 3193 3574 
5899 2910 3910 3158 4174 
5900 697 698 2913 3565 
5901 2856 3825 3571 4308 
5902 2952 3251 2761 3770 
5903 2853 2662 3545 3819 
5904 3307 3848 3223 4345 
5905 3289 3298 2896 3863 
5906 2776 3210 3792 4017 
5907 2851 3323 3069 3518 
5908 277 249 251 3041 
5909 3429 3920 2811 3944 
5910 2675 3047 2847 3780 
5911 201 186 3225 3715 
5912 3012 3558 2934 3855 
5913 2686 2859 3098 3387 
5914 379 2853 401 3796 
5915 3105 3322 2854 3856 
5916 3103 3176 2666 3495 
5917 2990 3098 3023 3457 
5918 2985 3001 2841 3911 
5919 628 2833 629 3930 
5920 2709 2907 3228 3674 
5921 2680 2910 3191 4143 
5922 3149 3894 2883 4387 
5923 2729 3349 3314 4075 
5924 597 596 579 3656 
5925 2639 3390 2902 3943 
5926 2723 2888 3277 4037 
5927 2658 3733 3592 4293 
5928 2729 3075 3349 3684 
5929 3035 3464 2976 4233 
5930 2830 3526 3408 3884 
5931 2729 3075 2974 3686 
5932 2981 3318 3051 4243 
5933 2950 3561 3017 3639 
5934 2693 3183 3843 3981 
5935 2776 3656 3210 4017 
5936 202 217 201 3099 
5937 2786 2893 3534 3735 
5938 2664 3003 3287 4255 
5939 446 3119 447 3577 
5940 2639 2910 3158 3450 
5941 2078 3113 2100 3883 
5942 2627 3035 3529 3620 
5943 2910 3158 2680 3298 
5944 2976 4233 3464 4267 
5945 2874 3560 3138 3901 
5946 2617 3962 2964 4084 
5947 2159 2160 3026 3317 
5948 1321 3053 3537 3638 
5949 2633 2812 3448 3606 
5950 813 833 812 3258 
5951 3119 461 3518 3577 
5952 1361 1367 3242 3380 
5953 401 2853 379 4071 
5954 3373 3658 3124 3743 
5955 2618 3098 2990 3491 
5956 1135 1134 734 3135 
5957 2859 2811 3429 3920 
5958 2675 2847 3047 3527 
5959 2640 3157 3035 3680 
5960 2695 3648 2989 3903 
5961 2793 4080 3203 4209 
5962 2797 3291 2696 3404 
5963 2664 3287 3003 3519 
5964 2873 3562 3199 3840 
5965 1647 1645 3180 3782 
5966 2664 2895 3752 3822 
5967 2703 3437 3174 3461 
5968 2624 3356 3092 3512 
5969 2011 2916 2010 3420 
5970 3172 3207 2736 3710 
5971 1390 3212 2888 3249 
5972 2852 3574 3447 4138 
5973 2974 3686 3075 4058 
5974 2645 3207 2943 4029 
5975 2640 3680 3035 4267 
5976 1525 1512 1524 3880 
5977 3170 2665 3374 4006 
5978 2791 3297 2942 3765 
5979 2698 3598 3155 4370 
5980 78 61 2876 3762 
5981 3165 3367 2990 3477 
5982 596 3192 597 3360 
5983 2843 3436 3281 3981 
5984 3388 3660 2826 4052 
5985 2830 3408 3059 3884 
5986 2472 2492 2493 3820 
5987 2698 2857 3834 4160 
5988 3390 3450 2978 3893 
5989 2083 3617 2828 4175 
5990 578 579 596 2968 
5991 1361 1354 2895 3822 
5992 1537 3005 3006 3586 
5993 2906 3104 3412 3430 
5994 3365 3752 2835 4179 
5995 525 508 526 2959 
5996 676 3221 2897 4317 
5997 2668 3150 3318 3763 
5998 1147 3248 3325 4252 
5999 2717 2660 3002 4127 
6000 2634 3157 3445 3647 
6001 2811 3387 3198 3920 
6002 2083 3342 2828 4067 
6003 3099 3225 217 4056 
6004 2751 3172 3265 3542 
6005 2022 3110 2049 3580 
6006 3280 3707 2745 3763 
6007 3221 3425 2897 4292 
6008 2691 3274 2929 3818 
6009 2741 2809 3263 4233 
6010 2859 2811 3387 4402 
6011 2912 3108 2850 4109 
6012 3302 3387 2811 4402 
6013 2752 3095 3459 3857 
6014 2645 3172 3207 3632 
6015 2852 3447 3117 4138 
6016 2618 2990 3098 4171 
6017 2860 3481 3519 3824 
6018 61 3434 2876 3762 
6019 2623 3012 3855 4103 
6020 23 10 12 2982 
6021 2937 3014 2621 3500 
6022 2771 3092 3356 3512 
6023 1454 1456 1455 4027 
6024 2985 2982 3839 4054 
6025 2881 3839 3088 4302 
6026 1034 3262 2891 3597 
6027 541 3016 522 3197 
6028 2926 2671 3320 3604 
6029 2693 3183 3175 3843 
6030 3500 3662 2681 4292 
6031 2629 3062 2928 4021 
6032 2665 3052 2879 3798 
6033 2986 3696 3677 4243 
6034 833 3039 812 3258 
6035 1506 2900 1505 3958 
6036 1879 3294 1881 4001 
6037 3006 2756 3495 3940 
6038 2698 3764 3266 4160 
6039 1118 3268 2961 3394 
6040 3425 3676 2897 4292 
6041 2898 3205 3189 3975 
6042 1319 3053 3094 4079 
6043 2614 2826 3361 3937 
6044 2736 3728 3265 3887 
6045 2645 2974 4058 4091 
6046 1647 3180 2815 3782 
6047 3060 3448 2846 4268 
6048 2669 3112 2968 3741 
6049 2817 2327 3246 3405 
6050 2880 3440 2700 3581 
6051 3473 3879 2314 4001 
6052 2709 3228 3012 3558 
6053 2697 2860 3519 3738 
6054 2629 2795 2886 3831 
6055 812 3329 3039 3898 
6056 2615 3417 3038 3705 
6057 2617 3003 2964 3962 
6058 3023 3098 2990 4171 
6059 2814 2905 3084 4264 
6060 2753 2991 3488 3608 
6061 1525 1526 3103 3276 
6062 2857 3266 3764 4160 
6063 2649 2854 3185 3856 
6064 2714 2769 3312 3940 
6065 2860 2697 3242 3738 
6066 2658 3000 3270 3592 
6067 2869 4003 3220 4163 
6068 3464 4233 3035 4267 
6069 2946 3152 2729 3349 
6070 2854 3400 2712 4177 
6071 721 3565 2913 4082 
6072 1805 1401 1402 2984 
6073 2893 3534 3745 3865 
6074 917 918 3830 3837 
6075 2845 3174 2711 3721 
6076 2671 2926 3330 3604 
6077 3199 3356 2873 3840 
6078 3130 3692 2526 3753 
6079 657 3159 2966 3452 
6080 3286 3330 1235 3938 
6081 3107 3346 2773 3443 
6082 2834 2983 2760 3453 
6083 2618 3165 2990 3477 
6084 1343 2835 998 3737 
6085 2813 3849 3228 3998 
6086 36 3659 37 3815 
6087 2877 3071 3003 3698 
6088 3138 3901 3560 4341 
6089 2683 2951 2819 3232 
6090 2680 2910 3298 3672 
6091 2835 3752 3638 4179 
6092 3304 3526 3032 3869 
6093 2615 3146 3417 3705 
6094 2629 2928 3062 3564 
6095 3088 3485 2807 3839 
6096 2685 3665 2800 3786 
6097 2715 2878 3356 4063 
6098 2493 2473 2472 3820 
6099 3485 3088 3719 3815 
6100 401 3545 2853 4071 
6101 2709 2870 3674 3971 
6102 3120 3161 2154 3892 
6103 2639 3158 2902 4143 
6104 2625 3602 3164 3734 
6105 3289 2896 3746 3863 
6106 3023 2990 3367 3477 
6107 2698 3464 3155 3598 
6108 2695 3214 3648 3903 
6109 1320 1650 1319 3094 
6110 2669 3725 3112 3741 
6111 2935 2670 3087 3412 
6112 2662 3064 2945 3946 
6113 2079 2100 3237 3580 
6114 2828 3342 2083 4175 
6115 3225 3715 169 4114 
6116 1876 2868 3294 4258 
6117 447 3119 2923 3577 
6118 1569 2955 2872 3517 
6119 3008 3514 3056 4066 
6120 2651 4031 2818 4115 
6121 3433 3620 3035 4057 
6122 2644 3011 2834 4368 
6123 2736 2933 3728 3887 
6124 807 3383 787 4371 
6125 2814 3376 2905 4264 
6126 3005 3333 3275 4108 
6127 2742 3412 3104 3804 
6128 2632 3412 3104 3430 
6129 2689 4002 2840 4230 
6130 2806 3409 3444 3707 
6131 2686 3254 3080 3289 
6132 2083 4011 2082 4175 
6133 1795 1760 1794 3308 
6134 3352 3731 2833 3999 
6135 2681 3401 3160 4065 
6136 2921 3970 3757 4288 
6137 2634 4176 3708 4257 
6138 1795 1794 3921 4152 
6139 638 637 616 3718 
6140 2832 3540 2697 3572 
6141 2655 3141 2909 3239 
6142 3175 3183 2726 3843 
6143 2643 3667 4268 4321 
6144 198 4183 3693 4278 
6145 2962 3235 2713 3363 
6146 2634 3445 3157 3922 
6147 2648 3042 3220 3750 
6148 3459 3796 3095 3819 
6149 2756 3176 3103 3495 
6150 2977 3299 2846 3827 
6151 3117 3447 2852 3574 
6152 3354 3434 3048 3743 
6153 2662 2853 3607 3819 
6154 3528 3728 3446 3849 
6155 1912 1928 3073 3303 
6156 2686 2896 3387 4171 
6157 2733 3488 3099 3618 
6158 2973 3279 3177 3774 
6159 2923 3409 447 3577 
6160 877 3645 851 3868 
6161 2856 3278 2728 3825 
6162 2771 3356 3199 3512 
6163 1096 2837 1086 4389 
6164 2868 1907 3188 4258 
6165 2407 3316 2890 3954 
6166 2832 2657 3079 3295 
6167 1485 3727 3073 3771 
6168 2698 2857 3266 3834 
6169 2812 4268 3667 4321 
6170 2726 3281 3183 4235 
6171 3008 3056 2809 4066 
6172 2617 3732 3962 4084 
6173 3428 3651 2855 4141 
6174 3183 3436 2726 3843 
6175 3003 2617 3287 4255 
6176 2154 2138 2137 3892 
6177 2774 3595 3164 3734 
6178 3020 3700 3293 3784 
6179 806 3645 804 4371 
6180 2713 3363 3235 3472 
6181 217 3225 202 4056 
6182 2721 3349 3075 3684 
6183 2082 2083 3342 4011 
6184 3036 3355 2885 4148 
6185 3289 3298 2638 3672 
6186 1830 3079 3535 3852 
6187 2934 2686 3366 3759 
6188 2646 3559 3362 3755 
6189 2651 2862 3050 3231 
6190 3499 3527 3072 4071 
6191 2747 4163 3004 4259 
6192 2648 3750 3220 4045 
6193 2832 3852 2657 4383 
6194 3304 3869 3032 4314 
6195 2716 2879 3052 3798 
6196 2786 2893 3735 4323 
6197 2305 3246 2327 3405 
6198 2961 2711 3182 3665 
6199 3128 4053 3550 4314 
6200 676 677 702 4317 
6201 2096 2095 3324 3364 
6202 2700 3569 2880 4284 
6203 2654 3649 3336 3939 
6204 2839 3443 3623 3985 
6205 2861 3204 2656 3292 
6206 3035 3680 3464 4267 
6207 2762 2938 3136 3382 
6208 2659 3124 3048 3669 
6209 2696 3127 2995 3695 
6210 1929 1913 3073 3931 
6211 2887 4017 3690 4263 
6212 2999 3319 3033 4336 
6213 1220 3330 3097 4173 
6214 3174 3428 3267 3833 
6215 633 3360 653 3425 
6216 263 283 261 2939 
6217 2201 2911 2216 3532 
6218 1390 2888 1384 3249 
6219 2677 2848 3026 4193 
6220 2709 3477 2870 3971 
6221 2985 3839 3454 4054 
6222 3148 3412 2935 3430 
6223 2688 3625 3596 3928 
6224 1382 2888 1390 3926 
6225 2966 2921 3705 4396 
6226 2726 3175 2875 3183 
6227 2635 3182 2960 4240 
6228 2879 3052 2665 3747 
6229 2761 3251 2952 3936 
6230 12 23 2982 3545 
6231 2880 2700 3440 3569 
6232 2616 3251 2952 3770 
6233 633 653 3360 3693 
6234 2912 3449 2677 3606 
6235 2912 2850 3606 4109 
6236 11 2982 8 3796 
6237 2649 3637 2854 3856 
6238 2818 4031 2651 4376 
6239 2861 2908 3556 3766 
6240 55 38 3216 3485 
6241 2860 3242 2697 3519 
6242 2980 3735 3534 3811 
6243 2670 3412 2935 3802 
6244 260 3297 860 3765 
6245 2838 3830 918 3837 
6246 2873 2919 3270 4139 
6247 3170 3598 3260 3828 
6248 2673 3526 3304 3869 
6249 2720 3123 3017 3639 
6250 2686 3387 3098 4171 
6251 1730 1742 1731 3310 
6252 1395 3212 2993 3926 
6253 3171 3320 2748 3419 
6254 2621 3374 2937 3500 
6255 2662 2841 3001 3987 
6256 2694 3115 2950 3720 
6257 2907 2816 3974 4180 
6258 2545 2526 3692 3753 
6259 1929 1913 1912 3073 
6260 2842 3421 2987 3520 
6261 2896 3298 3289 3672 
6262 2644 3651 3428 4141 
6263 3250 3705 2628 4192 
6264 2615 3705 3038 4412 
6265 2658 3592 3270 4293 
6266 3096 2741 3439 3533 
6267 2650 3199 3622 3675 
6268 912 3152 2946 3758 
6269 2665 3052 3798 4222 
6270 2808 3539 3149 3623 
6271 2959 3102 490 3431 
6272 1924 3188 2867 3303 
6273 2922 2770 3279 4248 
6274 1907 4092 3188 4258 
6275 2615 3613 2866 3834 
6276 2730 2935 3412 3802 
6277 720 3081 3565 4082 
6278 3011 3424 2802 4292 
6279 2657 3079 3475 3852 
6280 2846 4001 3060 4268 
6281 2185 2480 2200 3070 
6282 3174 3267 2931 3833 
6283 1967 3502 2987 4060 
6284 2621 3424 3676 3793 
6285 2096 3364 3324 3603 
6286 2714 3366 2769 3940 
6287 2839 2754 3443 3553 
6288 3342 4011 2083 4175 
6289 2921 3160 3970 4065 
6290 2199 2911 2184 3296 
6291 3067 3507 2626 3665 
6292 877 851 3645 4341 
6293 3118 3607 3392 3613 
6294 2868 3493 3303 3596 
6295 3053 3343 2664 4354 
6296 2782 3311 2865 4190 
6297 1544 1572 1573 2995 
6298 3157 3445 2957 3922 
6299 3222 3415 2948 4027 
6300 2660 3078 2990 3321 
6301 1228 2900 1506 3272 
6302 596 2968 579 3656 
6303 2411 3422 2975 4270 
6304 2622 3318 2981 3406 
6305 2907 3306 2816 4180 
6306 2795 2629 2886 4283 
6307 2727 3323 2851 3518 
6308 2853 3545 401 3796 
6309 3220 3347 2754 3702 
6310 2947 3553 3361 4136 
6311 1575 1574 1597 3127 
6312 3481 3519 2664 3822 
6313 2962 2713 3137 3805 
6314 2567 2584 2585 2918 
6315 2441 2461 3561 3639 
6316 2850 3449 2912 3606 
6317 2945 3607 2853 3819 
6318 3027 3053 2664 4354 
6319 2313 2314 3879 4001 
6320 1796 1795 3010 3308 
6321 2742 3472 3125 3804 
6322 2984 3147 1412 3594 
6323 2806 3409 3328 3444 
6324 930 921 922 4309 
6325 2908 3687 2624 3969 
6326 2623 2885 3176 3458 
6327 2689 3126 4002 4230 
6328 2657 3079 2868 3188 
6329 2943 3190 2729 3870 
6330 2672 2938 3136 3619 
6331 2619 3227 2864 4039 
6332 2700 2880 3581 4284 
6333 2957 3157 2707 3445 
6334 2716 3293 2879 3798 
6335 2917 2647 3187 4019 
6336 78 62 61 3762 
6337 3195 3359 292 4401 
6338 1741 1754 3310 3379 
6339 2655 4144 3239 4288 
6340 2730 3229 2952 3283 
6341 2665 3170 2929 3274 
6342 2982 2739 3659 3819 
6343 2873 3270 2919 3487 
6344 3312 3655 1970 4357 
6345 2666 3058 2885 3568 
6346 3009 3374 3170 3795 
6347 2645 3632 3207 4029 
6348 2748 3171 3101 3320 
6349 2991 3401 3160 3628 
6350 3319 3675 3033 4336 
6351 387 386 360 4290 
6352 2152 3002 2440 4241 
6353 3188 3413 1923 3490 
6354 3008 3206 351 3654 
6355 2712 3355 3036 4148 
6356 2867 3188 1924 3490 
6357 2921 2706 3705 4396 
6358 2615 3417 2866 3613 
6359 2664 3053 3027 3094 
6360 36 19 3659 3815 
6361 2885 3495 3173 3542 
6362 2635 3182 2837 3730 
6363 3303 3493 2688 3596 
6364 1986 3194 2010 3502 
6365 2659 3354 3048 3743 
6366 2691 3818 2929 3968 
6367 387 360 361 2818 
6368 2896 3289 2686 3387 
6369 2700 2820 3253 3750 
6370 2644 3377 2834 3651 
6371 2912 3736 2697 3738 
6372 3202 3805 3073 4050 
6373 3083 3573 3112 3854 
6374 2264 2263 3208 3338 
6375 3083 3725 3112 4083 
6376 3170 3374 2665 3795 
6377 615 3192 198 4278 
6378 2655 3141 2966 4303 
6379 4053 4314 3244 4388 
6380 2894 3122 2751 3863 
6381 1157 3555 3267 4159 
6382 2687 3006 3007 3495 
6383 2389 2407 2408 2890 
6384 2916 2038 3543 3806 
6385 2650 2890 3348 3761 
6386 2644 3011 2802 4044 
6387 2779 3112 3083 3573 
6388 2916 3502 3077 3543 
6389 2870 3165 2907 3350 
6390 2942 3627 3297 3902 
6391 2840 3560 877 4341 
6392 2718 3056 2925 3344 
6393 3315 2707 3868 3942 
6394 2717 3002 2971 4127 
6395 2662 2945 3607 3946 
6396 1352 1360 1354 2895 
6397 3372 3554 2731 3793 
6398 3076 3172 2823 3958 
6399 2859 2686 3184 4158 
6400 2662 2985 2841 3607 
6401 2670 2994 3412 3802 
6402 3172 3265 3207 3632 
6403 2702 3170 3374 3818 
6404 3265 3458 3245 3558 
6405 3177 3279 2922 3774 
6406 2874 2684 3901 4023 
6407 3514 4066 2663 4095 
6408 390 2958 3090 3885 
6409 2871 3760 3276 4307 
6410 764 2913 744 3726 
6411 1400 1399 1094 4237 
6412 2716 2981 3406 3699 
6413 450 3331 2889 3334 
6414 2921 3757 3159 4288 
6415 1319 3053 1320 3094 
6416 508 2959 525 3789 
6417 2186 2184 2201 2911 
6418 2928 3578 3227 3838 
6419 2691 3322 2813 3585 
6420 1830 3475 3079 3852 
6421 1262 2926 3339 3925 
6422 2925 3048 2752 3641 
6423 2865 2656 3681 4190 
6424 3040 2721 3152 3349 
6425 2730 3283 3470 4406 
6426 2719 3171 3337 3419 
6427 2680 3672 2896 4128 
6428 2657 3475 2993 3852 
6429 2819 3002 2660 3739 
6430 3072 3392 3069 3945 
6431 2562 2865 2579 3753 
6432 870 3797 2963 3837 
6433 2961 3067 2711 3665 
6434 2744 3134 3338 3667 
6435 2670 2892 3087 4036 
6436 918 3830 2838 4219 
6437 3115 3121 2445 3316 
6438 2745 3318 3150 3763 
6439 3245 3458 3012 3558 
6440 3082 3146 2738 3973 
6441 542 3197 522 4208 
6442 2672 2938 3065 3767 
6443 2639 3061 3390 3943 
6444 2904 3031 4094 4250 
6445 2752 3459 3008 3857 
6446 3166 3660 3652 4250 
6447 3624 3855 3012 4103 
6448 2934 3863 3558 4238 
6449 2907 3165 2870 3477 
6450 2680 3191 3672 4128 
6451 3170 3818 2665 4006 
6452 3535 4109 2831 4251 
6453 2765 2866 3749 4370 
6454 2980 3534 2893 3811 
6455 2888 2723 3249 4037 
6456 1405 1403 1395 3212 
6457 1947 2987 3655 4061 
6458 2903 3228 2661 3849 
6459 2905 3376 3084 4264 
6460 1368 1362 3211 3402 
6461 2672 3065 2938 3619 
6462 2648 3894 2869 4125 
6463 2747 3894 3004 4163 
6464 2644 2834 3377 4368 
6465 1412 2984 1805 3147 
6466 3085 3456 3300 3691 
6467 3016 3197 541 3575 
6468 2691 2929 3274 4142 
6469 877 3645 2840 4341 
6470 2867 3493 3188 3844 
6471 2833 3352 629 3573 
6472 2655 2966 3038 4303 
6473 290 293 3138 4341 
6474 444 3119 461 3518 
6475 2909 3483 2655 4194 
6476 3017 2720 3524 4190 
6477 2765 3051 2981 4118 
6478 3047 3464 3035 3816 
6479 2873 3487 2919 4041 
6480 946 3028 3371 4294 
6481 673 2913 3162 3726 
6482 2862 3288 3050 4118 
6483 2638 3122 3851 3863 
6484 2730 3251 2952 3486 
6485 2614 3388 3131 4379 
6486 3120 3787 2801 3892 
6487 2613 3598 3170 3828 
6488 378 379 401 3796 
6489 2703 3267 2983 3546 
6490 2947 2839 3553 4136 
6491 2645 3695 3347 4058 
6492 3103 2756 3880 4108 
6493 180 3345 163 3398 
6494 2661 3245 3012 3558 
6495 2758 2829 3352 3489 
6496 3116 2821 3322 3605 
6497 2097 2098 2116 3324 
6498 1504 1494 1492 2901 
6499 3072 3607 3392 3945 
6500 862 839 2942 3765 
6501 2915 3212 1426 3601 
6502 2614 2826 3326 3361 
6503 2199 2185 2200 3296 
6504 2641 2898 3496 3660 
6505 2767 3418 2944 3893 
6506 2627 3035 3620 4057 
6507 120 3536 3719 4072 
6508 2619 3257 2864 3723 
6509 2994 3486 3412 3802 
6510 2803 3383 2969 3645 
6511 3338 3667 3134 3909 
6512 2675 3050 2899 3323 
6513 3300 3456 2759 4232 
6514 3073 2713 3805 4074 
6515 2977 2744 3473 4001 
6516 2401 2402 2384 3324 
6517 2568 2567 2585 2918 
6518 2868 3493 3295 3844 
6519 2929 3856 3196 3932 
6520 2441 3561 2950 3639 
6521 3085 3116 2821 4343 
6522 2947 3326 2695 3361 
6523 2623 3176 2885 3230 
6524 2639 2902 3390 4143 
6525 2526 2527 3130 3753 
6526 268 292 2874 3560 
6527 2729 3686 2974 4091 
6528 3485 3516 3088 3815 
6529 2670 3087 3964 4214 
6530 2860 3242 3736 3738 
6531 1371 3380 1366 3402 
6532 2665 2929 3170 3260 
6533 3421 3520 2842 4322 
6534 3164 3595 2625 3734 
6535 522 3197 3016 4208 
6536 2668 2841 3118 3987 
6537 2673 3028 2914 3869 
6538 2661 3728 3528 3849 
6539 2671 3101 2957 3445 
6540 2916 3418 2767 3668 
6541 2179 2180 2162 4205 
6542 3205 3350 3189 3975 
6543 2966 3141 2655 4144 
6544 3353 3399 3106 3954 
6545 767 3378 2802 3541 
6546 2184 2199 2201 2911 
6547 3602 3734 3382 3821 
6548 3558 3863 2751 4238 
6549 1220 3097 1209 4173 
6550 3281 3981 3183 4235 
6551 1807 1806 1828 3474 
6552 2628 3401 2920 4116 
6553 461 444 462 3119 
6554 1209 3097 1220 3330 
6555 293 3901 3138 4341 
6556 2885 3976 3036 4148 
6557 3663 3941 3096 3960 
6558 2905 3376 2814 3680 
6559 673 698 2913 3726 
6560 2730 3802 3229 4086 
6561 141 3661 2909 4149 
6562 602 3068 621 3864 
6563 2615 2866 3417 3834 
6564 2670 3059 2994 3408 
6565 3109 3220 2869 4003 
6566 3185 3322 2821 3605 
6567 2633 3814 3448 4084 
6568 3137 3252 2688 4074 
6569 2921 3504 3160 4065 
6570 2591 3156 2590 3246 
6571 3040 3684 2721 3809 
6572 2654 3539 3149 4068 
6573 3227 3578 2928 4021 
6574 2687 3173 3006 3495 
6575 2709 3228 3558 3842 
6576 2761 3283 3251 3936 
6577 2718 3056 3344 4095 
6578 12 3545 2982 3796 
6579 2715 3356 3503 3591 
6580 2850 3108 2912 4185 
6581 2715 3356 2878 3503 
6582 2621 3500 3014 3676 
6583 2777 3235 3091 3264 
6584 2038 2065 3543 3806 
6585 2621 3335 3374 3500 
6586 2795 2886 3143 4283 
6587 1405 1403 3212 3972 
6588 2814 3084 3922 4264 
6589 2696 3347 3220 3702 
6590 2707 3096 3941 3960 
6591 3254 3289 2686 3366 
6592 141 2909 158 3483 
6593 1337 3581 2835 3638 
6594 3535 3900 2831 4109 
6595 1971 1970 1993 3254 
6596 2759 3300 3085 3456 
6597 117 3959 118 4114 
6598 120 3536 119 3719 
6599 2890 2694 3399 3954 
6600 450 449 3334 4365 
6601 3073 3805 2713 3931 
6602 2716 2981 3318 3406 
6603 2638 3298 3289 3863 
6604 1537 3006 3005 3880 
6605 2438 3886 3882 4048 
6606 2264 2251 2263 3338 
6607 2530 2918 2549 3614 
6608 3275 3333 3276 4108 
6609 3180 2676 3617 4299 
6610 2772 2626 3067 3507 
6611 560 3789 3741 4208 
6612 651 3162 673 3565 
6613 2914 3028 2673 4204 
6614 2832 2657 3572 4383 
6615 917 3837 3830 4076 
6616 2819 3154 3403 3599 
6617 3076 3172 2736 3710 
6618 2614 3361 2947 3553 
6619 990 3550 4053 4388 
6620 2908 3524 2861 3923 
6621 2731 2897 3425 3676 
6622 3027 3094 3053 4079 
6623 2645 2974 3223 4058 
6624 2785 3929 3498 4094 
6625 1647 2815 3180 3912 
6626 2676 2828 3617 4088 
6627 2622 2981 3051 4118 
6628 1157 3267 774 3546 
6629 1779 3147 2984 3310 
6630 1503 1504 2901 3642 
6631 3380 3402 2888 4134 
6632 2954 3263 271 4167 
6633 2747 3506 2883 3894 
6634 3300 3456 1841 3691 
6635 2861 3556 2908 3923 
6636 2758 2829 3489 4124 
6637 22 3216 2982 4054 
6638 2904 3214 2695 3903 
6639 2312 3060 3879 4020 
6640 2779 3573 3083 3854 
6641 2874 3359 3195 4401 
6642 3005 3312 2769 3940 
6643 2162 2848 2163 3768 
6644 3012 2934 3558 4238 
6645 2570 2817 2552 3951 
6646 3201 3566 3337 3754 
6647 2968 596 3360 3656 
6648 3440 2700 3581 3644 
6649 2809 2741 4066 4233 
6650 3127 2987 4060 4061 
6651 2084 3180 2828 3617 
6652 3057 3745 3534 3865 
6653 2627 3529 3035 3816 
6654 3337 3419 2862 4104 
6655 2721 3684 3075 4058 
6656 2090 2944 3178 3776 
6657 3516 3719 3088 3815 
6658 2628 3705 4065 4192 
6659 2809 3056 3008 4361 
6660 3032 3304 2880 3961 
6661 2995 3220 4003 4163 
6662 2683 3920 3429 3944 
6663 2793 3230 3838 3976 
6664 2675 2899 3069 3323 
6665 2154 2137 3836 3892 
6666 3029 4209 3578 4283 
6667 1883 2846 3827 4001 
6668 2639 3390 3450 4143 
6669 665 641 643 3111 
6670 3103 3176 2756 3823 
6671 2739 3819 2982 3839 
6672 2651 3288 2862 3513 
6673 2829 3725 3083 4083 
6674 3020 2716 3468 3791 
6675 720 3081 696 3565 
6676 2686 3366 3289 3746 
6677 1056 1047 2917 3167 
6678 2060 2944 2090 3776 
6679 3047 3050 2627 3780 
6680 12 2982 11 3796 
6681 2909 2655 3239 4194 
6682 2662 3607 3118 3946 
6683 2879 3293 3700 3784 
6684 2888 3249 3093 4037 
6685 2808 3443 3346 3985 
6686 2907 3350 3306 3674 
6687 3687 3840 2624 3969 
6688 3071 3365 3003 3698 
6689 3103 3276 2756 4108 
6690 2635 3252 2867 3977 
6691 2626 3665 2980 3704 
6692 2313 3879 3060 4001 
6693 1056 3167 3478 4330 
6694 3395 3667 3338 3909 
6695 2922 3279 3177 4248 
6696 3003 3698 4134 4347 
6697 2656 3292 3204 4130 
6698 2891 3455 3262 4384 
6699 3063 118 3959 4114 
6700 2632 3412 3087 3804 
6701 3109 3683 3220 4003 
6702 2727 3280 2851 3763 
6703 330 3590 331 3788 
6704 2726 3397 3175 3436 
6705 2966 3705 3038 4396 
6706 1369 3402 3211 4384 
6707 2396 3403 2397 3611 
6708 147 3794 3285 4024 
6709 634 615 198 4278 
6710 335 361 360 2818 
6711 2729 2974 3075 3684 
6712 1883 3625 2846 4001 
6713 2767 3450 3418 3893 
6714 3076 3084 2905 3710 
6715 522 3016 3631 4208 
6716 1095 2984 1400 4237 
6717 2621 3462 3619 3973 
6718 2767 3418 2916 3420 
6719 560 3741 3197 4208 
6720 1580 3169 1947 3655 
6721 2781 3549 4110 4151 
6722 2962 2713 3805 3931 
6723 2744 3208 2850 3338 
6724 2897 3221 676 4188 
6725 2729 3190 2943 4093 
6726 2639 2910 3418 4174 
6727 2788 3494 3073 3629 
6728 2639 3910 3061 3943 
6729 877 850 851 4341 
6730 3122 3670 2751 3863 
6731 3194 3291 2822 3418 
6732 2630 3139 3136 3616 
6733 2420 2440 2152 3002 
6734 2948 3104 2777 4146 
6735 2907 3974 3358 4180 
6736 2845 3721 2711 4240 
6737 1876 3294 2868 3625 
6738 2668 3150 2986 3318 
6739 2688 3303 3596 3625 
6740 2768 2932 3493 3814 
6741 3122 3404 3347 4135 
6742 3096 3433 2741 3533 
6743 1481 3510 3727 3771 
6744 3581 3638 3537 4284 
6745 2889 3331 450 4090 
6746 1807 2993 1806 3474 
6747 2890 2650 3086 3761 
6748 2929 2649 3856 3932 
6749 3227 3838 3578 4021 
6750 293 292 289 2874 
6751 247 3096 249 3817 
6752 2893 3770 2980 3811 
6753 1374 3455 3402 4384 
6754 3219 2827 3884 4329 
6755 2932 3193 2768 3493 
6756 2806 3034 3409 3707 
6757 1525 1541 3276 4108 
6758 3395 3448 2812 3606 
6759 3036 3976 2712 4148 
6760 1869 3456 2821 3691 
6761 2994 3125 2742 3435 
6762 570 1056 1047 2917 
6763 3017 3123 2720 4190 
6764 2670 3486 2994 3802 
6765 2868 3188 3079 4258 
6766 2372 2890 3348 3954 
6767 3083 3112 2829 3854 
6768 2818 3414 4031 4376 
6769 2922 3279 1330 3774 
6770 2346 2918 2345 3405 
6771 1492 1503 1504 2901 
6772 121 122 139 3483 
6773 2908 3336 2720 3923 
6774 2954 3716 2874 4230 
6775 2895 2664 3519 3822 
6776 2679 3367 3165 3974 
6777 2814 2905 3157 3922 
6778 2758 3507 3489 4405 
6779 1215 1229 2900 3812 
6780 3064 3095 2739 3819 
6781 2941 2720 3336 3649 
6782 2633 3606 3814 4084 
6783 2925 3056 2718 4085 
6784 3095 3796 3008 3857 
6785 3039 3258 833 3663 
6786 634 198 3693 4278 
6787 2836 3503 3356 3591 
6788 3044 2656 3311 4363 
6789 2090 2944 2060 3178 
6790 2747 3894 3740 4358 
6791 731 707 3129 3160 
6792 3089 3406 2981 3699 
6793 2685 2961 3665 3786 
6794 2990 3165 2679 4348 
6795 390 3090 2958 4120 
6796 2719 2862 3419 4104 
6797 2971 3002 2717 3584 
6798 3032 3526 2830 3633 
6799 292 293 268 2874 
6800 3155 3464 3047 3816 
6801 2851 3150 2668 3763 
6802 2627 3529 3047 3620 
6803 2663 2976 4066 4233 
6804 2619 2864 3257 4039 
6805 8 3659 3095 3796 
6806 2059 3340 2944 3991 
6807 2241 2240 3612 3639 
6808 2645 2943 3172 4091 
6809 3072 3499 2675 3527 
6810 2744 2850 3208 3724 
6811 1249 3286 3103 3339 
6812 328 302 329 3479 
6813 1385 3249 3402 3455 
6814 293 3560 2874 3901 
6815 1227 2900 3301 3848 
6816 2585 2584 2600 2918 
6817 3015 3543 2065 3806 
6818 2584 2599 2918 3327 
6819 2707 3096 3439 3533 
6820 2665 2879 3293 3798 
6821 3116 3322 2821 4343 
6822 2817 2708 3156 3492 
6823 2709 3558 3012 3855 
6824 477 3518 3280 4166 
6825 2673 3304 3745 3865 
6826 3042 3075 2754 3220 
6827 3163 3744 3435 4121 
6828 2811 3920 3198 3944 
6829 1374 3402 1369 4384 
6830 2853 3072 3527 4071 
6831 3592 3733 2949 4293 
6832 2738 3146 3014 3973 
6833 2752 3124 2925 4395 
6834 2697 2912 3505 3736 
6835 1394 1072 1386 2984 
6836 2616 3722 2845 3770 
6837 3265 3887 3728 4385 
6838 119 3536 3063 3719 
6839 2694 3106 3954 4216 
6840 1452 3413 2915 4178 
6841 2729 2963 2946 3190 
6842 3098 3457 2990 3491 
6843 424 425 442 4198 
6844 3096 3433 2707 3941 
6845 2753 3099 3488 3618 
6846 3360 3425 2897 3693 
6847 2867 3188 2868 3303 
6848 464 447 3409 3577 
6849 2767 2944 3418 3420 
6850 2743 3185 3218 3605 
6851 1227 3301 2900 3812 
6852 1362 2895 1360 3752 
6853 2348 3015 2347 3348 
6854 3265 3245 3887 4385 
6855 2792 3559 3062 3933 
6856 1047 2917 3167 3835 
6857 2819 3070 2660 4129 
6858 2929 3274 3170 3818 
6859 1221 1220 1235 3330 
6860 3113 3584 2971 3603 
6861 2758 3854 3352 4405 
6862 3050 3749 3047 4118 
6863 2621 3269 3462 3973 
6864 3077 3502 2987 4009 
6865 2710 3291 3194 3418 
6866 2878 3681 3045 3766 
6867 879 3066 2942 3460 
6868 2926 2671 3101 3320 
6869 2758 3489 3854 4405 
6870 2880 3304 3032 4314 
6871 3123 3524 2720 4190 
6872 3149 3443 2808 3623 
6873 2119 3584 2135 3836 
6874 2743 3218 3185 4062 
6875 1694 3282 1695 3438 
6876 2999 3492 2492 3820 
6877 2615 2945 3613 3834 
6878 2718 3234 2976 3344 
6879 485 3331 3016 4090 
6880 3132 3482 2844 4184 
6881 2777 3222 2948 4027 
6882 2723 3117 2891 3455 
6883 2718 3332 2925 3357 
6884 2734 2941 3390 3649 
6885 3454 3576 2807 3839 
6886 2821 3116 3085 3691 
6887 2650 3348 2975 3761 
6888 96 98 3794 3959 
6889 2621 3424 3793 4172 
6890 2776 3238 3210 4024 
6891 3192 3285 181 3618 
6892 2617 3732 3003 3962 
6893 643 3111 641 3989 
6894 2907 3358 3306 4180 
6895 2983 3267 2703 3428 
6896 1654 3506 2979 3621 
6897 2859 2686 3098 3956 
6898 2623 3759 2965 3855 
6899 3053 3253 1306 3537 
6900 1936 3275 1935 3808 
6901 2744 3338 3395 3667 
6902 2942 2998 839 3636 
6903 1555 1556 3005 3586 
6904 2736 3084 3076 3710 
6905 2614 3361 3553 4136 
6906 2773 3551 3043 4059 
6907 2676 2828 3180 3617 
6908 96 3794 2876 3959 
6909 289 2874 292 3359 
6910 1814 3650 4232 4286 
6911 2738 3146 3082 3373 
6912 2646 3463 2996 3559 
6913 745 764 744 3726 
6914 3256 2708 4105 4129 
6915 3288 3323 3050 4118 
6916 2807 3454 3001 3576 
6917 2730 3470 3037 4406 
6918 3018 3830 3626 4131 
6919 2408 2390 2389 2890 
6920 460 461 478 3518 
6921 2864 3227 3723 4177 
6922 2186 2184 2911 3787 
6923 3095 3659 2982 3796 
6924 3106 3399 3271 4318 
6925 2673 3869 3304 4314 
6926 1830 3852 3535 4251 
6927 1109 3394 2961 3570 
6928 2646 2990 3023 3457 
6929 354 3479 3654 3963 
6930 2693 3213 2911 3538 
6931 3049 3795 2698 4004 
6932 2562 2865 2544 4319 
6933 3328 3409 974 3825 
6934 2753 3690 3401 4278 
6935 2976 2663 4066 4095 
6936 3315 3647 2707 3942 
6937 2947 3214 2695 3326 
6938 3094 3481 2664 3822 
6939 2990 3367 3165 4348 
6940 3022 3105 2854 3856 
6941 2878 3503 3356 4155 
6942 579 3656 3210 4024 
6943 2665 2866 3260 3795 
6944 2959 3431 490 4301 
6945 1948 1580 1947 3655 
6946 2620 2933 3207 3710 
6947 141 158 140 3483 
6948 3244 3304 2786 4323 
6949 2914 2673 3236 4204 
6950 3163 3722 3435 3744 
6951 1993 3254 1970 4357 
6952 2619 3175 3397 3436 
6953 1229 2900 1228 3272 
6954 3251 3283 2761 3470 
6955 2673 2914 3236 3869 
6956 2782 2865 3681 4190 
6957 1742 1380 1381 4162 
6958 3125 3472 2742 4296 
6959 541 3016 3575 4049 
6960 3227 3230 2712 3838 
6961 2745 3280 3034 3707 
6962 1849 3133 1872 3475 
6963 2290 3246 3132 4105 
6964 2994 3087 2670 3412 
6965 2347 3348 3015 3806 
6966 2705 3177 2973 3694 
6967 2696 2797 3347 3702 
6968 1345 2973 3279 3501 
6969 1916 3363 2962 3931 
6970 289 293 2874 3901 
6971 1250 2926 3286 3339 
6972 3201 3598 2765 3816 
6973 2943 2729 3686 3870 
6974 3035 3157 2814 3680 
6975 2910 2680 3158 4143 
6976 2819 3403 2683 3599 
6977 3177 4039 3203 4248 
6978 2881 3516 3064 3658 
6979 2634 3157 2905 3922 
6980 1794 3308 1760 4152 
6981 508 490 2959 3102 
6982 3165 3367 2679 4348 
6983 561 3210 578 3741 
6984 3443 3623 3149 3630 
6985 2641 3660 3496 4052 
6986 2097 2096 2098 3324 
6987 2771 3086 3622 3675 
6988 2923 3119 447 4117 
6989 498 3034 993 4409 
6990 1488 1502 1490 2901 
6991 3681 3687 2656 3766 
6992 1320 3094 3053 3638 
6993 163 3398 3345 3790 
6994 1352 2895 1354 3822 
6995 570 1047 553 2917 
6996 2736 3265 3172 3542 
6997 1046 3167 3262 3597 
6998 3447 4134 3698 4347 
6999 3313 3849 2813 3915 
7000 2622 3089 2981 3566 
7001 1390 1382 1384 2888 
7002 3171 3339 2955 3993 
7003 3160 3757 2921 3970 
7004 2745 3068 2986 3318 
7005 2808 3346 3443 3630 
7006 3356 3503 2836 4155 
7007 2808 3443 3149 3630 
7008 3467 3759 2769 4335 
7009 1912 3202 1911 3303 
7010 2649 3185 2854 4151 
7011 1481 3510 1480 3727 
7012 2971 3584 3113 3836 
7013 2765 3598 3260 4370 
7014 3510 3771 3490 4269 
7015 2971 3002 2660 4127 
7016 3007 3272 1509 3880 
7017 2977 2744 4001 4268 
7018 3194 3418 2916 3502 
7019 2670 2935 3087 4214 
7020 2623 3230 2885 4148 
7021 3020 4237 3791 4285 
7022 850 3645 851 4341 
7023 3042 3075 2721 3522 
7024 141 159 158 2909 
7025 2977 3827 3410 3916 
7026 3084 4147 3076 4260 
7027 2623 2934 3759 3855 
7028 2646 3463 3559 3755 
7029 3787 3836 2801 3892 
7030 2241 3612 3017 3639 
7031 2880 3032 3869 4314 
7032 2781 3549 3261 4110 
7033 2840 2689 3138 3657 
7034 2893 2980 3770 4377 
7035 2990 3321 3078 4247 
7036 1227 1505 2900 3848 
7037 2675 3069 3072 3392 
7038 2925 3344 3056 3514 
7039 2059 3178 2944 3340 
7040 2084 2828 3180 4067 
7041 1090 3700 3468 3791 
7042 3418 3450 2639 3893 
7043 3137 3805 2713 4074 
7044 2445 3121 3115 3801 
7045 2874 292 3359 4401 
7046 509 526 2959 3238 
7047 2375 3348 2374 3761 
7048 3164 3745 2796 4089 
7049 3136 3139 2704 3616 
7050 2552 2817 2570 3846 
7051 160 2909 159 3661 
7052 1349 2835 1343 3737 
7053 3534 3735 2893 3811 
7054 120 3719 121 4072 
7055 2686 3759 2965 3777 
7056 2650 3640 3199 3675 
7057 764 763 744 2913 
7058 247 3439 3096 3817 
7059 2966 4144 2655 4288 
7060 3413 3490 2915 4178 
7061 123 140 3483 4149 
7062 2648 3220 2869 4045 
7063 2635 3447 3117 3574 
7064 2283 2576 2559 3044 
7065 2717 2660 3491 3599 
7066 2681 3160 3129 3504 
7067 2796 3526 3408 3745 
7068 2697 2888 3144 3572 
7069 2728 3328 3409 3444 
7070 2894 3179 3122 3965 
7071 2931 2703 3174 4298 
7072 3052 3696 2986 4243 
7073 2939 4031 3788 4115 
7074 3040 3152 2721 3684 
7075 2251 4164 3338 4327 
7076 3104 3430 2906 3927 
7077 2892 3891 2764 4081 
7078 2686 2965 3746 4217 
7079 2590 3246 3156 3846 
7080 1262 3339 2955 3925 
7081 2701 3994 2928 4165 
7082 2978 3512 3199 3562 
7083 3204 3292 2861 4130 
7084 3199 3512 3399 3622 
7085 2819 2660 3232 4129 
7086 2389 2407 2890 3954 
7087 149 3285 3284 3715 
7088 2706 2937 3146 4222 
7089 2632 3849 3313 3915 
7090 2662 3607 2945 3819 
7091 2932 3596 3493 3814 
7092 2855 3470 2761 3704 
7093 2398 2399 3154 3886 
7094 2627 3047 3529 3816 
7095 990 980 3550 4388 
7096 1321 3537 1329 3638 
7097 2927 3166 3652 4250 
7098 3097 3445 2671 3898 
7099 2845 3770 3722 4240 
7100 2874 3359 289 3901 
7101 2947 3443 3107 3553 
7102 3284 4055 3063 4157 
7103 2736 3207 3172 3265 
7104 2742 3087 2994 3412 
7105 570 3478 2917 3832 
7106 2888 2697 3144 3380 
7107 2822 3291 3194 3918 
7108 2709 3012 3228 4253 
7109 2690 3110 3209 3593 
7110 2877 3698 3003 4347 
7111 2706 3146 3417 4222 
7112 3337 3566 2862 3754 
7113 3050 3323 3288 4008 
7114 1095 1400 1094 4237 
7115 2591 3156 3246 4105 
7116 2850 3114 2677 3395 
7117 1330 3279 2922 4087 
7118 2641 3189 2898 3660 
7119 2830 3633 4121 4411 
7120 2264 2252 2251 3338 
7121 2663 3035 2976 4233 
7122 2750 2925 3124 3332 
7123 2097 2096 3324 3603 
7124 3251 3486 2906 3717 
7125 2685 2800 3167 3786 
7126 3082 3373 2615 3834 
7127 2666 3058 3101 3950 
7128 2948 3415 3222 3927 
7129 3722 3770 3744 3811 
7130 3118 3392 2668 3613 
7131 2907 3165 3367 3974 
7132 3076 4147 3542 4260 
7133 2696 3347 2797 3404 
7134 2650 3199 3399 3622 
7135 3072 3527 2675 3607 
7136 2567 2584 2918 3327 
7137 2616 2845 3722 3800 
7138 2921 3452 3160 3504 
7139 3206 3529 2741 3963 
7140 2739 3095 3064 3669 
7141 650 651 673 3565 
7142 2894 3851 3122 3863 
7143 3208 3879 3060 4020 
7144 3155 3613 2945 3834 
7145 695 670 3565 3930 
7146 1343 1337 2835 3638 
7147 450 3334 2889 4365 
7148 2214 2911 2199 3476 
7149 2772 2626 3461 4298 
7150 2202 3532 2203 4112 
7151 2162 3587 2848 3768 
7152 3031 3388 2764 3496 
7153 3065 4017 2672 4367 
7154 2761 3470 3283 4083 
7155 1912 1911 1928 3303 
7156 3382 3734 3480 3821 
7157 2723 2891 3117 3698 
7158 2627 3620 3433 4057 
7159 1650 1326 1661 3094 
7160 1612 2886 1610 3711 
7161 2948 3415 1473 4027 
7162 2861 2656 3204 3524 
7163 3239 4144 3159 4288 
7164 2235 4185 4164 4327 
7165 3190 3314 2729 3870 
7166 2683 3403 3154 3599 
7167 3013 3551 3163 4411 
7168 3088 3839 2807 4302 
7169 2976 3514 2663 4095 
7170 3062 3559 3362 3933 
7171 3463 3855 3624 4103 
7172 3081 3565 2913 4223 
7173 2700 3427 3750 3935 
7174 1935 3275 3005 3808 
7175 1158 3267 3546 3905 
7176 2639 3450 3158 4143 
7177 1537 1555 3005 3586 
7178 2683 3232 2819 3599 
7179 2835 3365 3211 3752 
7180 2928 3203 3578 3838 
7181 2986 3150 2745 3318 
7182 3101 3445 2671 4257 
7183 2750 3332 3124 3465 
7184 2345 2346 2611 2918 
7185 2705 3694 3393 4123 
7186 2821 3218 3185 3605 
7187 2751 3863 3670 4238 
7188 3496 3660 3388 4052 
7189 2944 3418 2639 3893 
7190 555 3634 572 3832 
7191 615 597 3192 3360 
7192 2618 3270 2919 4339 
7193 2764 3087 2892 4081 
7194 2199 2184 2185 3296 
7195 3814 3962 3732 4084 
7196 2765 3047 3749 4118 
7197 2660 2911 3078 3476 
7198 3386 3469 3127 3918 
7199 3090 3734 3186 3885 
7200 3426 3824 2860 4193 
7201 2814 3376 4264 4287 
7202 2135 3836 3584 4241 
7203 1319 3027 1650 4079 
7204 2728 2856 3407 3513 
7205 2818 4031 2939 4115 
7206 2786 3534 3304 3865 
7207 1502 2901 1488 3727 
7208 2823 4051 3172 4091 
7209 293 268 2874 3560 
7210 3245 3458 2736 3542 
7211 3037 3793 3424 4172 
7212 3215 3501 2701 3912 
7213 2719 3419 3337 4104 
7214 1320 1325 3094 3638 
7215 2622 2981 3089 3406 
7216 3219 3314 2827 4329 
7217 2661 3528 2903 3849 
7218 3770 3811 3722 4240 
7219 3082 3266 2738 3373 
7220 3116 3313 2813 3915 
7221 377 3008 351 3796 
7222 2736 3207 2933 3710 
7223 2675 2899 3499 4198 
7224 447 2923 962 3409 
7225 1228 2900 1229 3812 
7226 2634 2905 3157 3369 
7227 2869 3220 3109 4045 
7228 1869 2821 3456 4249 
7229 2615 2992 3146 3705 
7230 3598 4264 3376 4287 
7231 390 392 2958 3885 
7232 2635 3977 2867 4271 
7233 3047 2627 3620 3780 
7234 1239 3330 2926 3604 
7235 3073 3494 2788 3727 
7236 2902 3158 3910 3943 
7237 2620 3376 2933 3710 
7238 2628 2920 3582 4116 
7239 3488 3608 2991 3742 
7240 292 2874 3560 4401 
7241 2160 2161 3026 3317 
7242 2646 3023 2990 3367 
7243 2830 3633 3059 4121 
7244 2987 3077 2842 3520 
7245 2810 3063 2659 4157 
7246 1046 3262 1044 3597 
7247 2911 3213 3078 3538 
7248 2766 3325 1442 4249 
7249 3314 3884 2827 4329 
7250 3337 3566 2778 4154 
7251 2845 2616 3770 3800 
7252 3101 3171 2748 3568 
7253 2868 3596 3303 3625 
7254 2641 3496 3388 4052 
7255 3031 3326 2764 3388 
7256 2719 3320 3171 3419 
7257 2665 3795 3374 4222 
7258 2934 3289 3366 3746 
7259 3114 3466 2794 4205 
7260 2651 3050 2899 3780 
7261 2675 3050 3047 3780 
7262 2706 3052 3305 3747 
7263 1249 3339 3103 4307 
7264 3059 4121 3633 4411 
7265 2826 3660 3031 4289 
7266 2785 3648 3214 3903 
7267 2842 3655 3312 4357 
7268 2675 2847 3499 3780 
7269 2637 3168 2960 3629 
7270 2666 3176 3103 3756 
7271 25 27 42 4054 
7272 2656 2861 3292 3766 
7273 2441 2198 2461 3639 
7274 3314 3686 2729 3870 
7275 2862 2651 3513 3919 
7276 2665 3293 2929 3798 
7277 2874 2684 3145 3901 
7278 2626 3174 3461 4298 
7279 3468 3700 3020 3791 
7280 268 292 3560 4401 
7281 3578 4021 3029 4283 
7282 2705 3089 3054 4123 
7283 2642 4094 3031 4250 
7284 2821 3549 3185 4110 
7285 2934 3670 3863 4238 
7286 2687 3007 3006 3272 
7287 1502 1503 1490 2901 
7288 2066 2065 3015 3543 
7289 2701 2815 3912 3994 
7290 2772 3067 2626 4298 
7291 1504 3453 2901 3642 
7292 1221 1235 3286 3330 
7293 2634 2905 3084 3922 
7294 2396 3100 3403 3611 
7295 2752 3056 2925 3641 
7296 2920 4017 3065 4367 
7297 2718 3332 3357 4331 
7298 2862 3419 3231 3919 
7299 2718 3952 3359 3980 
7300 2613 3828 3170 3968 
7301 2672 3136 2938 3779 
7302 2904 3442 2695 3897 
7303 3136 2762 3382 3385 
7304 2908 2720 3524 3923 
7305 1092 3791 4237 4285 
7306 1368 3211 1369 3402 
7307 387 360 2818 4290 
7308 2707 3433 2957 3941 
7309 578 561 579 3210 
7310 2648 2869 3220 4125 
7311 3152 3684 3040 3809 
7312 2662 2985 2982 3839 
7313 2740 3576 3118 3799 
7314 2701 3279 3177 3694 
7315 3254 3312 1970 4357 
7316 2837 3182 3117 4186 
7317 2782 2865 3130 3681 
7318 3229 3689 2956 3802 
7319 2657 3188 3844 4271 
7320 2675 3047 3050 3749 
7321 2904 4094 3997 4250 
7322 3418 3450 2767 3668 
7323 2695 3442 3046 3897 
7324 807 787 806 4371 
7325 2049 3110 2022 3883 
7326 3266 3373 3082 3834 
7327 2660 3002 2819 3599 
7328 3020 3468 2879 3700 
7329 2888 2723 3277 4134 
7330 461 3119 462 3577 
7331 2646 2996 3362 3559 
7332 2684 2874 3145 3952 
7333 2760 3168 3508 3642 
7334 2908 2720 3336 3778 
7335 2904 3046 3442 3897 
7336 2666 3101 3058 3568 
7337 2913 3378 763 3546 
7338 2437 2458 2438 3886 
7339 2707 3157 2957 4057 
7340 3076 3084 2736 4147 
7341 3002 3324 2402 4048 
7342 1498 1198 1183 3453 
7343 3125 3435 2994 4197 
7344 2105 3180 2084 3617 
7345 632 3554 651 4126 
7346 2670 3087 2892 3964 
7347 153 3536 3225 4114 
7348 2495 3492 3256 3953 
7349 2652 3304 3032 3961 
7350 2660 3476 3078 3949 
7351 2914 3371 3028 4294 
7352 2159 2177 2160 3317 
7353 1805 1412 1401 2984 
7354 766 747 2802 3726 
7355 3297 3627 2942 3765 
7356 2827 3207 2943 3870 
7357 2293 2294 3208 4020 
7358 3164 3526 2796 3745 
7359 2760 3453 2983 3905 
7360 2710 3194 3291 3918 
7361 2657 3852 2993 4383 
7362 3083 3704 3489 3748 
7363 485 3016 3423 4090 
7364 2754 2839 3702 4136 
7365 3029 4021 3578 4209 
7366 2579 3753 2865 4210 
7367 2764 2892 3087 3891 
7368 1385 3402 1379 3455 
7369 2731 3793 3554 4367 
7370 2707 3433 3096 3533 
7371 2623 3176 3029 3333 
7372 2706 3146 2937 3504 
7373 767 3011 3378 3541 
7374 2641 3306 3350 3674 
7375 3137 3193 2746 4310 
7376 3224 3615 2772 4156 
7377 3375 3612 2240 3639 
7378 2670 3087 2994 4036 
7379 2762 3462 4086 4096 
7380 2792 3227 2928 4021 
7381 509 526 508 2959 
7382 3125 4036 3087 4081 
7383 2880 3440 3032 3569 
7384 2634 3084 3076 4260 
7385 2637 3629 2960 4275 
7386 2658 3033 3675 4336 
7387 450 3331 3334 4040 
7388 3123 3561 2782 4190 
7389 3408 3526 2830 3745 
7390 1947 3655 3169 4061 
7391 2800 3507 3224 3615 
7392 3118 3799 3576 4412 
7393 2742 2906 3104 3412 
7394 764 3378 2913 3726 
7395 2782 3130 2865 3692 
7396 2911 2660 3296 3476 
7397 2862 3231 2651 3919 
7398 2623 3855 2965 4103 
7399 2652 2891 3384 3961 
7400 1727 3241 2912 4185 
7401 2360 2375 2975 3348 
7402 701 676 702 4188 
7403 2663 4066 3035 4233 
7404 508 3102 2959 3789 
7405 3079 2832 3295 3900 
7406 1109 1118 1107 2961 
7407 3021 3324 2095 3364 
7408 2663 3155 2945 4160 
7409 2645 3223 2974 4091 
7410 1358 1364 3774 4162 
7411 1883 2846 3625 3827 
7412 3085 4343 2821 4393 
7413 2905 3369 3076 3511 
7414 3080 3254 2842 3289 
7415 1229 2900 3272 3567 
7416 3083 3112 2669 4083 
7417 2368 2095 2367 3324 
7418 2862 3566 3337 4154 
7419 2623 2885 3458 4148 
7420 2402 2118 2384 3324 
7421 3374 3795 2937 4222 
7422 2650 3640 3675 4161 
7423 2743 3274 3185 3605 
7424 2672 2959 3616 3779 
7425 764 763 2913 3378 
7426 2437 2457 2458 3886 
7427 1542 3103 1526 3276 
7428 2965 2934 3746 3855 
7429 461 479 478 3280 
7430 2783 3827 3299 3916 
7431 2746 3252 3137 4275 
7432 2271 3151 2844 4184 
7433 2060 2944 2059 3178 
7434 3009 3374 3795 3973 
7435 3158 3298 2910 3851 
7436 2754 3553 2839 4136 
7437 2786 3534 3187 3835 
7438 2675 3392 3607 3613 
7439 2785 4094 3498 4310 
7440 1451 3413 2784 3972 
7441 2310 4020 2293 4191 
7442 739 737 716 4403 
7443 2092 3776 3353 3806 
7444 2952 3283 3229 3936 
7445 2715 3033 2918 3948 
7446 3174 3437 2626 3461 
7447 2580 3753 2579 4210 
7448 1502 3642 2901 3727 
7449 2738 3082 3009 3266 
7450 3103 3756 3176 3823 
7451 2848 3557 3026 4193 
7452 2894 3558 2751 3632 
7453 3095 3659 2739 3819 
7454 2710 3418 3194 3502 
7455 2662 3454 2985 3839 
7456 2913 3678 3081 4223 
7457 3082 3795 2937 3973 
7458 2724 3824 3426 4193 
7459 2675 3392 3072 3607 
7460 2945 2615 3118 3946 
7461 2695 3539 2989 3648 
7462 2075 3021 2095 3364 
7463 2897 676 3425 4188 
7464 379 3654 2853 3796 
7465 2848 2794 3466 4205 
7466 832 812 833 3039 
7467 2661 3265 3245 3558 
7468 2873 3270 3487 3983 
7469 3219 3884 3689 4329 
7470 3044 3204 2656 4363 
7471 2623 3624 3012 4103 
7472 3578 3838 2793 4021 
7473 3215 3279 2701 3501 
7474 1971 1970 3254 3312 
7475 2937 3795 3374 3973 
7476 1488 2901 1490 3494 
7477 3032 3440 2700 3569 
7478 2690 3275 2769 3333 
7479 553 3832 2917 4019 
7480 2883 3888 3149 4221 
7481 2654 3336 2989 4119 
7482 656 3159 657 3452 
7483 2648 3427 3042 3750 
7484 1452 3490 3413 4178 
7485 2684 2874 3980 4023 
7486 2765 3050 3047 4118 
7487 2621 3676 3065 3793 
7488 2797 3179 3122 3347 
7489 2985 2841 3607 4394 
7490 2761 3251 2855 3704 
7491 3078 3476 3226 3482 
7492 209 3239 3913 4144 
7493 3173 3309 2751 3542 
7494 2616 2952 3251 3486 
7495 2549 2567 2568 2918 
7496 2975 3086 2650 3761 
7497 2821 4343 3322 4393 
7498 2390 2372 2389 2890 
7499 2705 2922 3177 4014 
7500 2850 2912 3449 4185 
7501 2754 2839 3443 3702 
7502 1685 3426 3026 3621 
7503 2728 3407 2856 3571 
7504 2408 2890 2407 4022 
7505 2567 2918 2549 3327 
7506 2745 3864 3416 3896 
7507 1285 3152 3040 3809 
7508 3007 3495 3006 3880 
7509 350 3206 3008 3713 
7510 1779 2984 1755 3310 
7511 2741 3263 3533 4233 
7512 2779 2913 3565 4223 
7513 2771 3873 3121 4022 
7514 2663 3047 3035 3529 
7515 2034 2061 2944 3991 
7516 3122 3179 2797 3965 
7517 3516 3658 2881 4012 
7518 2945 3459 3064 3819 
7519 2621 3500 3676 4172 
7520 2642 3472 3125 4296 
7521 3058 3708 2804 4260 
7522 3144 3505 2832 3714 
7523 2668 3392 2841 3858 
7524 3103 3495 2666 3950 
7525 2842 3289 3254 3366 
7526 3071 3370 2877 3551 
7527 1967 1966 1989 3502 
7528 2903 3528 3228 3842 
7529 2672 3616 2959 3792 
7530 2736 2933 3376 3710 
7531 2677 3114 2850 3449 
7532 2034 2944 2061 3420 
7533 2813 3228 3105 3772 
7534 3494 3629 2788 3727 
7535 2675 2899 3050 3780 
7536 1342 3638 1343 3752 
7537 375 349 3008 4361 
7538 1760 1763 1762 3308 
7539 2630 3139 3616 4331 
7540 2764 3326 3031 4137 
7541 2954 3263 2809 4233 
7542 2624 3199 3512 3562 
7543 2666 2885 3176 3976 
7544 2637 2960 3722 4275 
7545 1505 3848 3019 3958 
7546 2989 3336 2941 3442 
7547 2912 3241 1727 3736 
7548 1814 4122 2898 4286 
7549 1994 1972 3254 3808 
7550 2663 2945 3155 3527 
7551 2441 2950 3561 3720 
7552 12 401 3545 3796 
7553 2668 2841 3074 3858 
7554 2814 4264 3598 4287 
7555 198 3192 182 4183 
7556 2817 3156 2708 3246 
7557 2345 3405 2918 3703 
7558 2613 3196 3828 3968 
7559 2937 3146 3082 3973 
7560 2624 3512 2978 3562 
7561 3099 3608 3488 3742 
7562 2651 3050 3288 4008 
7563 2615 2945 3118 3613 
7564 2924 3424 3011 4292 
7565 3064 3658 3516 3669 
7566 3440 3581 2880 3644 
7567 2943 3207 2827 4029 
7568 3233 2827 4029 4316 
7569 3489 3704 2980 3748 
7570 3099 217 3742 4056 
7571 2659 3142 2876 3743 
7572 2631 3075 3042 3522 
7573 425 3518 442 4198 
7574 2675 3069 2899 4198 
7575 2664 3094 3027 3481 
7576 3366 3759 2686 3777 
7577 3166 2927 3652 3890 
7578 2690 3276 3275 3333 
7579 2756 3333 3176 3940 
7580 2865 3692 2544 4319 
7581 3090 2774 3734 3885 
7582 2974 3695 3223 4058 
7583 2867 3252 2635 4269 
7584 2828 3564 3180 4282 
7585 3288 4118 2862 4154 
7586 3805 3931 3073 4050 
7587 2664 3287 3824 4255 
7588 3173 3458 2885 3542 
7589 2495 2494 3492 3953 
7590 641 3111 665 3224 
7591 2872 3441 1589 3544 
7592 2764 3125 3087 4081 
7593 3029 2793 4021 4209 
7594 2638 3670 3122 3863 
7595 2618 2919 3270 3487 
7596 61 62 3434 3762 
7597 3517 3544 1283 3862 
7598 2769 3467 3333 3759 
7599 2934 3366 2686 3746 
7600 2641 3496 2898 3850 
7601 2730 3148 2935 3269 
7602 1796 1760 1795 3308 
7603 2901 3168 2936 3642 
7604 2888 3402 2723 4134 
7605 2921 3160 3159 3757 
7606 1972 1971 3254 3808 
7607 3337 3419 3201 3754 
7608 2614 3891 3388 4379 
7609 3082 3417 2866 3834 
7610 2228 2242 3226 3476 
7611 2649 3196 3393 3637 
7612 2906 2730 3251 4047 
7613 2785 3214 3929 4094 
7614 2696 3220 2995 4163 
7615 3209 3580 2795 3593 
7616 3160 3452 3129 3504 
7617 1220 1209 1219 4173 
7618 2784 2657 3079 3475 
7619 3308 3981 1766 4340 
7620 2800 3665 2961 3786 
7621 2631 3526 3032 3633 
7622 1512 3007 1511 3880 
7623 1647 1645 1657 3180 
7624 2625 3229 3283 3936 
7625 3387 4128 3198 4171 
7626 392 391 390 2958 
7627 2665 2866 3795 4222 
7628 3199 2978 3399 3512 
7629 966 3550 2880 3644 
7630 2688 3193 3137 4310 
7631 150 149 3284 3715 
7632 944 959 958 3028 
7633 2921 2966 3159 3452 
7634 2675 3607 2945 3749 
7635 2632 3313 3849 4261 
7636 2298 3473 2315 4010 
7637 2810 3719 3536 4072 
7638 2762 2938 3382 4086 
7639 2935 2730 3269 3802 
7640 3210 3656 2776 4024 
7641 2982 3545 2662 3819 
7642 3447 3698 3117 4138 
7643 852 851 3645 3868 
7644 3396 3659 19 3815 
7645 2228 2911 2214 3476 
7646 2651 3278 2923 3288 
7647 2839 3361 2947 3985 
7648 2718 2925 3332 3344 
7649 1968 1948 2987 4009 
7650 2705 3140 3774 4014 
7651 2981 3089 2778 3566 
7652 2707 3445 3157 3647 
7653 2787 3580 3110 3593 
7654 2890 3121 2694 3316 
7655 2858 3600 3233 3964 
7656 2667 3219 3314 3870 
7657 2879 3293 3020 3700 
7658 839 838 2998 3765 
7659 2814 3680 3376 4287 
7660 2787 3237 3113 3580 
7661 2895 3242 2697 3380 
7662 2877 3370 3071 4138 
7663 3160 3401 2681 3628 
7664 2756 3006 3495 3880 
7665 2677 2850 3395 3606 
7666 2773 3346 3551 4059 
7667 2669 3767 2968 3793 
7668 2616 3435 3722 3744 
7669 2752 3095 3064 3819 
7670 61 3354 2876 3434 
7671 2636 3993 3171 4080 
7672 2615 3118 3038 3696 
7673 2290 2309 3246 4105 
7674 2876 3063 3284 4055 
7675 2865 3130 3681 3753 
7676 2442 3561 3115 3720 
7677 158 157 3483 4194 
7678 2883 3506 2085 3621 
7679 2649 3393 3196 3932 
7680 2375 2975 3348 3761 
7681 2842 3077 2987 4009 
7682 1598 3143 1587 3711 
7683 1907 1875 4092 4258 
7684 2260 3226 3183 3532 
7685 2912 3241 2677 3449 
7686 2910 3450 3191 4143 
7687 2637 3722 3217 4275 
7688 2685 3117 3384 3811 
7689 2878 3840 3687 3969 
7690 2438 3882 3739 4048 
7691 1537 1555 1556 3005 
7692 1506 1505 3019 3958 
7693 2688 3193 2932 3493 
7694 271 3263 2954 3439 
7695 2751 3122 2894 3632 
7696 2870 3350 2907 3674 
7697 3211 3402 2723 3455 
7698 3008 3857 375 4361 
7699 556 2972 557 3634 
7700 1848 3474 3133 3475 
7701 1870 3691 2821 4110 
7702 22 2982 3216 3659 
7703 2550 2549 2568 2918 
7704 2736 3542 3076 4147 
7705 2832 4109 3535 4251 
7706 391 2958 3521 3830 
7707 2429 3761 3086 4270 
7708 2888 3572 3093 4383 
7709 1376 1384 1382 3402 
7710 2701 2973 3279 3694 
7711 181 182 3192 3618 
7712 2314 2977 2315 3473 
7713 379 2853 3654 4071 
7714 1024 3737 2891 4384 
7715 2958 3626 3018 3830 
7716 2866 2765 3260 4370 
7717 2798 3626 3219 3821 
7718 2728 2923 3278 3288 
7719 2740 3118 3038 3799 
7720 2918 3405 2346 3951 
7721 2750 3238 2876 3762 
7722 1647 3782 2815 4360 
7723 2800 3507 3067 3665 
7724 2780 3099 3225 3488 
7725 486 3016 485 3331 
7726 2832 3900 3535 4109 
7727 2699 2906 3148 3430 
7728 351 3008 350 3206 
7729 3267 3546 2703 3555 
7730 2611 2918 2346 3951 
7731 2401 2402 3324 4048 
7732 2929 2665 3274 4142 
7733 3003 3698 3365 4134 
7734 3014 3065 2738 3973 
7735 3009 3795 3082 3973 
7736 328 302 3479 3963 
7737 3177 3279 2973 3694 
7738 2837 3601 1086 4389 
7739 462 479 461 3577 
7740 2856 2728 3571 3825 
7741 3032 3526 3304 4182 
7742 1413 1404 1403 3474 
7743 2742 3472 3804 4098 
7744 2929 3293 2981 3798 
7745 2823 3841 3076 4260 
7746 2876 3063 2659 3354 
7747 2827 3207 3870 4272 
7748 2854 3637 3196 3856 
7749 3017 3561 3123 4190 
7750 2927 2904 3997 4250 
7751 331 332 357 2939 
7752 2038 2012 2916 3543 
7753 3015 2067 3543 3579 
7754 2680 3298 2896 3672 
7755 2049 3580 3110 3883 
7756 3228 3849 2903 3998 
7757 593 3352 592 3575 
7758 3227 2792 3559 3624 
7759 1518 1505 1517 3019 
7760 2637 3508 3411 3651 
7761 2891 1015 3597 3737 
7762 1044 3262 1034 3597 
7763 2873 3751 3487 4041 
7764 3033 3873 3130 4063 
7765 2672 3619 3136 4035 
7766 2687 3019 3006 4374 
7767 3031 3214 2904 4094 
7768 695 3565 3081 3930 
7769 2620 3207 2933 3917 
7770 3070 3296 2660 3476 
7771 498 993 3034 3409 
7772 2733 3142 3250 3488 
7773 2672 3065 3619 4035 
7774 2796 3229 3408 3689 
7775 3529 3620 2741 3963 
7776 2771 3086 3873 4022 
7777 2665 3293 2879 3784 
7778 2585 2568 2918 3951 
7779 3209 3593 2795 3760 
7780 2584 2599 2600 2918 
7781 816 3258 817 3765 
7782 2655 4012 4032 4412 
7783 2271 3589 3151 4184 
7784 265 864 879 2942 
7785 3534 3735 2917 3835 
7786 2697 2895 3380 4134 
7787 3584 3836 2971 4241 
7788 3172 2823 3958 4051 
7789 2441 3561 2442 3720 
7790 2882 3853 4169 4342 
7791 2799 3152 3040 3758 
7792 2696 3004 3702 4125 
7793 2656 4190 3311 4363 
7794 3404 3695 3347 4135 
7795 2649 2854 3637 4151 
7796 2930 2734 3178 3888 
7797 2752 3396 3095 4326 
7798 2784 2993 2657 3475 
7799 825 2969 801 3645 
7800 1528 3307 3223 4345 
7801 3122 3347 3179 3632 
7802 3068 3416 2745 3864 
7803 3830 3837 2838 4076 
7804 2618 3000 3270 4339 
7805 2837 2635 3730 4037 
7806 3155 3899 2945 4160 
7807 2628 2920 3401 3690 
7808 2663 3155 3047 3527 
7809 3677 4034 3864 4332 
7810 2901 3508 3168 3642 
7811 2604 3246 2590 3846 
7812 3118 3607 2945 3946 
7813 2853 2945 3527 3607 
7814 2869 4125 3894 4163 
7815 795 3097 1210 3329 
7816 665 3224 3111 3906 
7817 2765 3155 3047 3816 
7818 2995 3683 2721 3684 
7819 2701 2815 3994 4165 
7820 2066 2038 2065 3543 
7821 2731 2897 3676 4116 
7822 2817 2708 3492 3733 
7823 3760 3823 2690 4283 
7824 2681 3160 3504 4065 
7825 3130 3873 3033 3948 
7826 2914 3432 3028 4204 
7827 2625 3229 3936 4089 
7828 2660 2717 3491 4127 
7829 2579 2865 2562 4319 
7830 2982 2985 2662 3545 
7831 259 2939 281 3590 
7832 2624 3778 2908 3872 
7833 1928 1929 1912 3073 
7834 2644 2802 3424 4044 
7835 2632 3804 3091 4098 
7836 2979 3552 1654 3621 
7837 3014 3146 2937 3973 
7838 3076 3958 2823 4260 
7839 3030 3205 3189 4122 
7840 2426 3316 3121 4022 
7841 2834 3453 2760 3508 
7842 2672 3616 3136 3779 
7843 2621 3676 3424 4172 
7844 3740 3894 3506 4358 
7845 1820 3261 3010 3691 
7846 3394 3510 3497 4242 
7847 1228 1229 1214 3812 
7848 1994 1972 1971 3254 
7849 2398 3154 3403 3886 
7850 2634 3076 2905 3369 
7851 2734 3525 3178 3888 
7852 2768 3447 3277 3844 
7853 2619 3397 3257 3436 
7854 2693 2911 3213 4304 
7855 585 3416 3864 3896 
7856 3420 3776 2092 3806 
7857 2880 3550 966 4388 
7858 2750 2876 3238 3743 
7859 1537 3880 3005 4108 
7860 976 965 2922 3571 
7861 2665 3260 2866 3798 
7862 3097 3330 2804 4173 
7863 3081 3678 2703 4223 
7864 3634 3731 589 3989 
7865 2337 2339 3769 3890 
7866 2802 3378 766 3726 
7867 2903 3528 3446 3849 
7868 2754 3347 3220 4058 
7869 2614 3326 2947 3361 
7870 1345 3279 2973 3774 
7871 2954 4167 271 4401 
7872 2355 3021 2354 3611 
7873 3164 3236 2914 4005 
7874 3328 3774 3140 4014 
7875 3004 3894 4125 4163 
7876 2701 3912 2815 4165 
7877 3446 3964 3087 4214 
7878 3049 3598 3376 4287 
7879 1985 3194 1986 3469 
7880 2381 2398 2399 3611 
7881 1883 1881 3625 4001 
7882 2668 2986 3677 4243 
7883 3244 3597 1015 3737 
7884 2725 3189 3030 3205 
7885 2615 2945 3834 3899 
7886 3949 4105 2708 4129 
7887 1518 1506 3019 3272 
7888 2685 3167 2800 3735 
7889 2703 3081 2913 3678 
7890 2697 3242 2895 3519 
7891 2911 3226 3078 3476 
7892 3116 3605 2691 3895 
7893 2893 3534 2980 4377 
7894 2800 3067 2961 3665 
7895 2019 3254 3184 3563 
7896 2721 3220 3109 3683 
7897 1488 2901 3494 3727 
7898 2458 3882 2438 3886 
7899 486 504 485 3016 
7900 3121 3622 2771 4022 
7901 2644 2983 3011 3378 
7902 2100 3237 3113 3836 
7903 1620 2869 3740 4003 
7904 2915 3490 3413 4271 
7905 3392 3607 2841 3945 
7906 2982 3659 2739 3839 
7907 2649 2929 3856 4142 
7908 2744 3395 2850 3724 
7909 3271 3893 3106 4318 
7910 142 160 159 3661 
7911 2670 3408 2994 3486 
7912 1075 1086 3601 4389 
7913 2668 2851 3392 3858 
7914 3352 3575 593 3877 
7915 3028 3432 2673 4204 
7916 2625 3382 3602 3734 
7917 2917 2800 3735 3996 
7918 3040 3152 1294 3758 
7919 3169 3655 2987 4061 
7920 2925 2718 3357 4276 
7921 3221 2897 3676 4292 
7922 2876 3063 4055 4157 
7923 901 912 913 3152 
7924 3164 3236 4005 4329 
7925 2850 4164 4185 4327 
7926 2721 3075 3042 3220 
7927 2689 3369 2840 4002 
7928 2869 3894 2648 4045 
7929 912 3758 2946 4076 
7930 1994 3254 2019 3563 
7931 3112 3725 2669 4083 
7932 3073 3202 2688 3805 
7933 172 2997 189 3225 
7934 3016 3423 2972 4049 
7935 2696 3004 4125 4163 
7936 2700 3750 3522 3935 
7937 2658 3356 3471 4139 
7938 2891 2652 3384 3698 
7939 1096 3990 2837 4389 
7940 2813 3306 3228 3772 
7941 3045 3681 2656 3766 
7942 3012 3558 3228 4253 
7943 3125 2742 3435 4296 
7944 2966 3159 4144 4288 
7945 1755 3310 2984 4162 
7946 2748 3337 3171 3419 
7947 2773 3043 3630 4059 
7948 817 3258 2998 3765 
7949 2687 3006 3173 4374 
7950 2747 2883 3635 3888 
7951 2894 3528 3558 3632 
7952 2037 2916 2011 3420 
7953 2875 3438 3183 4107 
7954 2809 3195 2954 3716 
7955 3313 4214 3849 4261 
7956 3124 3344 2925 4395 
7957 2647 3057 2988 3748 
7958 2716 3699 3406 4312 
7959 2909 3141 2655 3799 
7960 2922 3279 2770 4087 
7961 2663 2976 3035 4160 
7962 2836 3030 4155 4277 
7963 2036 2010 3194 3420 
7964 2657 2784 3079 4092 
7965 2752 3064 3095 3669 
7966 2655 3799 3141 4303 
7967 676 3221 702 4188 
7968 2650 2919 3191 4041 
7969 2850 2744 3338 3395 
7970 485 3016 503 3423 
7971 2719 3337 3171 4104 
7972 3004 3061 2747 4259 
7973 3289 3863 2934 4322 
7974 2392 2411 2393 2975 
7975 1521 1509 3272 3880 
7976 2678 3013 3163 4411 
7977 3740 3991 2006 4026 
7978 2637 3717 3217 3722 
7979 509 3238 2959 4301 
7980 3298 3863 3842 3971 
7981 2798 2953 3219 3626 
7982 2800 3665 2685 3735 
7983 2638 3863 3289 4322 
7984 390 3706 3090 4120 
7985 2769 3110 3563 3878 
7986 702 3628 3221 4317 
7987 2637 3722 3721 3800 
7988 2887 3582 2628 4017 
7989 3210 3656 2968 3767 
7990 2764 2903 3255 3388 
7991 2929 3818 3170 3968 
7992 3004 3291 2696 3702 
7993 2782 3130 3092 3681 
7994 2981 2866 3798 4243 
7995 729 705 3160 3628 
7996 3538 3843 2843 3981 
7997 3336 3923 2908 4196 
7998 2699 2906 3430 3927 
7999 2398 3403 3154 3611 
8000 3189 3205 2898 4122 
8001 1924 3303 2867 3771 
8002 1626 3544 3215 3862 
8003 2742 2994 3435 3717 
8004 2926 2666 3286 3339 
8005 78 3238 80 3762 
8006 2718 2976 3234 3716 
8007 1506 1227 1505 2900 
8008 2184 3296 2911 3787 
8009 1165 1166 3415 4368 
8010 3164 4005 3821 4329 
8011 2211 3375 3055 3653 
8012 2646 3367 2996 3463 
8013 1563 3143 2871 3760 
8014 3773 4180 3358 4407 
8015 2627 3050 3047 3754 
8016 2226 3375 2240 3639 
8017 557 2972 556 4049 
8018 2842 4009 3655 4357 
8019 3388 3496 3031 3660 
8020 2760 2936 3168 3642 
8021 2675 3613 3607 3749 
8022 570 2917 553 3832 
8023 2747 3506 3894 4358 
8024 2745 3068 3318 3406 
8025 2618 3270 3000 3592 
8026 3185 3218 2940 4062 
8027 1524 1525 3880 4108 
8028 3234 3515 3980 4267 
8029 2732 3235 3091 3583 
8030 2360 3348 2975 3579 
8031 2728 3444 3409 3707 
8032 553 2917 1047 3835 
8033 2660 3002 2971 3296 
8034 2668 3677 3696 4243 
8035 2682 3166 3030 3189 
8036 253 278 251 3041 
8037 3044 2865 3681 4210 
8038 2661 3228 2903 3528 
8039 859 3765 3297 4300 
8040 2624 3092 3356 3840 
8041 3124 3669 3658 4395 
8042 244 271 2954 3439 
8043 1382 1377 3380 3926 
8044 3361 3910 3158 3943 
8045 2723 2891 4366 4384 
8046 3060 3448 2744 3724 
8047 2729 2963 3190 4093 
8048 2700 3253 3040 3522 
8049 2623 3855 3012 4238 
8050 2991 3757 3160 3970 
8051 3071 3698 2877 4138 
8052 3565 3930 2833 4223 
8053 2778 3089 3054 4154 
8054 3108 2831 4109 4251 
8055 3084 4176 4147 4260 
8056 2855 3251 2761 3470 
8057 2921 3970 3705 4065 
8058 3401 3690 2920 4278 
8059 2852 3384 3117 3811 
8060 2805 3357 3332 4331 
8061 1490 1503 1492 2901 
8062 3054 3337 2778 4154 
8063 2817 3246 2949 3405 
8064 336 361 335 2818 
8065 244 242 271 3439 
8066 2559 3311 3044 4319 
8067 2833 3573 3565 4223 
8068 2758 3352 3731 4405 
8069 3098 3387 3198 4171 
8070 2211 2212 3055 3375 
8071 2659 3658 3124 3669 
8072 2868 3188 2867 3493 
8073 1662 3426 3027 3481 
8074 526 545 3210 3238 
8075 2682 4155 3030 4277 
8076 555 2972 556 3634 
8077 2773 3630 3346 4059 
8078 3210 3238 545 4024 
8079 1501 3642 1502 3727 
8080 2814 3157 2905 3680 
8081 3741 3789 2825 4208 
8082 2723 3698 3447 4134 
8083 209 3913 3141 4144 
8084 2753 3192 3618 3690 
8085 3073 3727 2788 3771 
8086 2756 3103 3007 3495 
8087 3112 3573 2829 3854 
8088 3464 3764 2698 4160 
8089 2791 2998 3785 3941 
8090 653 2897 3425 3693 
8091 2894 3179 3528 3632 
8092 2886 3831 2828 4282 
8093 2716 3406 3068 4312 
8094 2667 3626 2953 4131 
8095 302 3479 3041 3590 
8096 2958 2684 3626 4023 
8097 2967 3149 2654 3557 
8098 2684 2953 3126 3515 
8099 2819 2660 3070 3739 
8100 2256 3017 3612 4363 
8101 3079 3535 2832 3900 
8102 2917 3167 2800 3478 
8103 3039 2671 3445 3898 
8104 3015 3348 2348 3579 
8105 2992 3142 2628 3250 
8106 2036 2010 2009 3194 
8107 2644 4047 3651 4141 
8108 1385 3249 1384 3402 
8109 2741 3433 3035 3533 
8110 3259 3901 2684 4023 
8111 2241 2226 2240 3639 
8112 3122 3421 3309 3670 
8113 3113 4127 2971 4218 
8114 1777 1752 1751 3379 
8115 2913 3081 2703 4082 
8116 2808 3149 3539 4068 
8117 649 648 629 3573 
8118 2628 2887 3142 4192 
8119 3006 1521 3272 3880 
8120 2748 3101 2957 3320 
8121 2785 3498 3929 4310 
8122 542 522 523 4208 
8123 2664 3481 3027 3824 
8124 2650 3199 2919 4041 
8125 2621 3793 3037 4172 
8126 794 813 812 3329 
8127 2632 3087 3412 4214 
8128 2060 2059 2944 3991 
8129 3402 3455 3211 4384 
8130 3732 3977 3574 4347 
8131 2894 2751 3558 3863 
8132 696 3081 695 3565 
8133 2850 2677 3449 3606 
8134 834 859 3663 3765 
8135 862 838 839 3765 
8136 2675 3749 3050 4118 
8137 2991 3401 2753 3488 
8138 2895 2723 3402 4134 
8139 2650 3191 2919 3640 
8140 3426 3481 1683 4073 
8141 2688 3493 2932 3596 
8142 3026 3426 4073 4193 
8143 1971 3312 3254 3808 
8144 2333 3827 2977 4001 
8145 2920 3582 3065 4017 
8146 1163 1162 779 3378 
8147 2906 3148 2730 4047 
8148 1845 3261 1844 3691 
8149 3136 3382 3139 3385 
8150 1469 3415 2948 3453 
8151 2951 3492 2999 3820 
8152 2635 3093 3447 3844 
8153 3111 3224 641 3989 
8154 2647 3423 3187 4019 
8155 2765 3047 3050 3754 
8156 2796 3408 3526 3884 
8157 3540 3572 3295 3962 
8158 807 3383 804 3812 
8159 2858 3964 3446 4214 
8160 335 2818 360 3709 
8161 2705 3054 3089 3444 
8162 2721 2995 3220 3683 
8163 1118 2961 1109 3394 
8164 3038 3799 3118 4412 
8165 3332 3124 3465 4106 
8166 1936 1558 3005 3275 
8167 2947 3361 2695 3985 
8168 2890 3353 3348 3954 
8169 2864 3177 3694 4039 
8170 2348 2065 2347 3015 
8171 2614 3361 3158 3937 
8172 2670 2956 3689 3802 
8173 2791 3433 3096 3941 
8174 2670 3600 2935 4214 
8175 1442 2766 1438 3325 
8176 2723 2891 3698 4366 
8177 1872 3475 3133 4092 
8178 3220 3750 3109 4045 
8179 3243 3995 3553 4313 
8180 2647 2917 3534 4124 
8181 2651 3780 2899 4115 
8182 2162 2161 2179 3317 
8183 3086 2771 3622 4022 
8184 2632 3849 3915 4261 
8185 2101 2079 2100 3237 
8186 3180 4030 2676 4299 
8187 314 317 3259 4219 
8188 615 596 597 3360 
8189 3106 3353 2115 3776 
8190 2645 3955 3686 4058 
8191 2759 3646 3456 3915 
8192 3267 3428 2760 3833 
8193 1352 1360 2895 3752 
8194 2615 3417 3082 3834 
8195 2882 3853 3368 3982 
8196 993 3034 3409 4409 
8197 2674 3393 2705 3694 
8198 1706 1361 1367 3242 
8199 2802 3378 3011 3541 
8200 2826 4052 3660 4289 
8201 861 3627 260 3765 
8202 3140 3328 1006 3774 
8203 2649 3856 3185 4142 
8204 2721 3220 2995 4058 
8205 2651 2899 3050 4008 
8206 2446 2445 3121 3316 
8207 1733 3380 3144 3505 
8208 2309 2591 2590 3246 
8209 3553 3995 3107 4313 
8210 201 217 216 3099 
8211 3532 4107 2203 4112 
8212 2706 3052 3747 4222 
8213 1685 3026 2126 3621 
8214 2845 2980 3770 3811 
8215 2345 3405 3703 4228 
8216 686 3305 3452 3718 
8217 3093 3572 2657 4383 
8218 2672 3656 3210 3767 
8219 3054 3089 2778 4123 
8220 861 2942 3627 3765 
8221 2919 2873 4041 4139 
8222 2778 3337 3201 3566 
8223 2161 2143 2160 3026 
8224 2736 3172 3076 3542 
8225 379 378 3654 3796 
8226 2804 3101 3058 3950 
8227 2828 3180 3782 4282 
8228 2012 2011 2038 2916 
8229 2661 3228 3528 3842 
8230 439 3153 438 3357 
8231 3252 4074 3137 4275 
8232 2925 4085 2718 4276 
8233 2257 3226 3476 3482 
8234 3048 3124 2659 3743 
8235 3062 3967 2792 4021 
8236 2643 3923 3336 4196 
8237 2803 3445 3097 3898 
8238 1367 1714 3242 3380 
8239 200 3099 3618 3715 
8240 825 2969 3645 3657 
8241 2619 3227 2928 3933 
8242 2390 2373 2890 3761 
8243 1338 1330 3279 3774 
8244 2956 3229 3602 3689 
8245 2992 3373 3146 4192 
8246 2968 3793 3767 4367 
8247 2720 3055 3826 4399 
8248 2656 3044 2865 3681 
8249 1416 1426 3212 3601 
8250 2314 2977 3473 4001 
8251 1936 3005 1935 3275 
8252 983 450 466 4365 
8253 2877 3163 3013 3551 
8254 2613 3196 3729 3828 
8255 1647 3180 1657 3912 
8256 2688 3202 3625 3928 
8257 3454 3874 73 4025 
8258 816 817 3258 3604 
8259 2695 3214 2904 3897 
8260 2888 3277 3093 3572 
8261 2159 2160 2143 3026 
8262 2731 3162 3424 3425 
8263 2772 3461 2626 3507 
8264 2980 3665 2685 3811 
8265 2655 2997 4032 4069 
8266 2634 2957 3445 3922 
8267 2700 3537 3644 4351 
8268 983 3334 449 4365 
8269 2709 3228 2907 3947 
8270 1685 1675 3426 3621 
8271 1229 1215 2900 3567 
8272 2908 3923 3556 4196 
8273 990 3550 3128 4053 
8274 2813 3313 3585 3849 
8275 3021 3154 2367 3324 
8276 3023 3746 2965 4217 
8277 2697 3277 2888 3572 
8278 3059 3995 3243 4313 
8279 36 19 37 3659 
8280 708 3129 3160 3452 
8281 804 2969 801 3812 
8282 2900 3841 2823 4260 
8283 3362 3755 3062 3908 
8284 2901 3629 3494 3727 
8285 2680 3158 3131 3298 
8286 3112 3372 3554 4126 
8287 3101 3171 2926 3320 
8288 2077 2047 2076 4344 
8289 3201 3337 2748 3419 
8290 2985 3607 3072 4394 
8291 2919 3199 2650 3640 
8292 2898 3189 3166 3660 
8293 607 589 3731 3989 
8294 3456 3116 3915 4070 
8295 423 403 404 3072 
8296 3366 3759 2769 3940 
8297 2705 3774 2922 4014 
8298 1158 3267 1157 3546 
8299 3048 3354 28 3434 
8300 3086 3761 2975 4270 
8301 3043 3071 2773 3343 
8302 3347 3632 3122 4135 
8303 2457 3882 2458 3886 
8304 1142 2931 3907 4159 
8305 2847 3620 3529 3963 
8306 1580 1947 3169 4061 
8307 2958 3259 2684 4023 
8308 2980 3704 2845 3770 
8309 2550 2918 2568 3951 
8310 2506 2526 3130 3692 
8311 179 3141 178 3345 
8312 159 2909 160 3913 
8313 2809 3008 3713 4361 
8314 2623 2934 3855 4238 
8315 2798 3382 3480 3821 
8316 2630 3136 3139 3385 
8317 3199 3640 2919 3675 
8318 2660 3002 3296 3739 
8319 403 404 3072 3499 
8320 2706 3417 3038 4396 
8321 2726 2875 3175 3986 
8322 3398 3790 546 4332 
8323 649 629 630 3573 
8324 3411 3508 2834 3651 
8325 2618 3198 4128 4171 
8326 3025 3048 2659 3354 
8327 2614 3937 3158 3965 
8328 543 3789 560 4208 
8329 2632 3104 3804 4098 
8330 2773 3343 3071 3935 
8331 2888 3249 2723 3402 
8332 2752 3095 3396 3669 
8333 3011 3378 2983 3547 
8334 2874 3359 3952 3980 
8335 2398 3154 2399 3611 
8336 2705 3393 3089 4123 
8337 766 746 747 3726 
8338 2741 3035 4066 4233 
8339 1908 2868 1907 3188 
8340 3041 3479 302 3963 
8341 3161 2875 4112 4299 
8342 528 3074 511 3858 
8343 2707 2957 3433 4057 
8344 2672 2938 3767 3779 
8345 3197 3741 2825 4208 
8346 2614 3131 3937 3965 
8347 1510 3007 1509 3880 
8348 2668 3074 2841 3987 
8349 2048 2049 2022 3883 
8350 2858 3728 3446 3964 
8351 682 3160 3159 3452 
8352 3952 4000 3357 4276 
8353 169 3225 186 3715 
8354 2445 3115 2465 3801 
8355 2446 3121 2426 3316 
8356 747 748 2802 4188 
8357 1493 3494 1495 3931 
8358 3076 3511 3369 3841 
8359 3199 3356 2771 3675 
8360 1714 1706 1367 3242 
8361 2893 3534 3057 3745 
8362 3026 3587 2126 3621 
8363 2715 2918 3327 3948 
8364 52 3815 3025 4170 
8365 2895 2664 3365 3519 
8366 3090 2774 3480 3734 
8367 2731 3425 3424 4292 
8368 794 3329 812 3898 
8369 2584 2583 2599 3327 
8370 2616 3744 3722 3770 
8371 2747 3623 3149 3888 
8372 2570 3846 2817 3951 
8373 2618 3198 2919 4128 
8374 2814 3157 3035 4057 
8375 2298 3473 4010 4390 
8376 913 3152 912 3758 
8377 3168 3629 2901 3727 
8378 2990 3078 3213 4348 
8379 2710 2916 3418 3502 
8380 479 3280 461 3577 
8381 2639 3291 3910 4174 
8382 2393 2975 2411 3422 
8383 2646 2996 3213 3362 
8384 585 567 3416 3896 
8385 2623 3029 3176 3230 
8386 708 3129 707 3160 
8387 2851 2668 3150 3858 
8388 1916 1932 3363 3931 
8389 2838 3837 918 4219 
8390 2549 2918 2550 3614 
8391 2742 3412 2994 3717 
8392 2673 3526 3164 3745 
8393 3363 3588 2777 4333 
8394 3122 3179 2894 3632 
8395 2867 4269 2635 4271 
8396 2802 3221 748 3541 
8397 2794 2848 3653 4205 
8398 2006 3740 3340 3991 
8399 2635 3844 3447 3977 
8400 2736 3265 3245 3887 
8401 3219 2827 3689 3884 
8402 2742 3104 2906 3411 
8403 2878 3687 3681 3766 
8404 1190 1175 1191 3671 
8405 424 442 3069 4198 
8406 2651 3414 2899 4008 
8407 2241 2256 3017 3612 
8408 2683 3429 3100 3944 
8409 2924 3676 3500 4172 
8410 158 3913 175 4194 
8411 2667 3314 3190 3870 
8412 92 73 3874 4025 
8413 3075 3349 2721 3522 
8414 3413 3490 3188 4271 
8415 2196 2211 2212 3055 
8416 2731 3372 3162 3554 
8417 3227 3559 3400 3624 
8418 3065 2672 4017 4035 
8419 3071 3569 3370 3935 
8420 3171 3993 2955 4080 
8421 3357 3952 2805 4000 
8422 2642 3214 3031 4094 
8423 2347 3015 2065 3806 
8424 2704 3102 3186 3734 
8425 2618 3487 3270 4113 
8426 1502 1503 2901 3642 
8427 426 3119 443 3518 
8428 2808 2989 3539 3648 
8429 2847 2675 3499 3527 
8430 2161 2144 2143 3026 
8431 2751 3458 3265 3558 
8432 3457 4127 3113 4218 
8433 3219 3626 2667 3821 
8434 2695 3442 2904 3903 
8435 2882 3791 3020 4237 
8436 1814 2898 3650 4286 
8437 2785 2989 3648 3903 
8438 1037 3167 3597 3835 
8439 2929 3828 3196 3968 
8440 2995 3220 3683 4003 
8441 2764 3255 2903 4261 
8442 2839 3061 3004 3910 
8443 3238 3792 3743 4263 
8444 2672 3465 3616 3792 
8445 3172 2751 3309 3542 
8446 1142 3907 1131 4159 
8447 1323 1330 976 2922 
8448 763 2913 3546 4082 
8449 3391 3415 1166 4368 
8450 3130 3873 2771 4063 
8451 3186 3734 2774 3885 
8452 2862 2719 3419 3919 
8453 2337 2335 1891 3890 
8454 2706 3417 3052 4222 
8455 3035 3529 2741 4066 
8456 2877 3370 3163 3551 
8457 3578 4021 2793 4209 
8458 2752 3669 3396 4326 
8459 2036 2009 2035 3194 
8460 450 983 449 4365 
8461 1845 3261 3691 4110 
8462 706 730 705 3160 
8463 2700 3253 3522 3750 
8464 2632 3091 3646 4098 
8465 2696 3702 3220 4125 
8466 3209 3580 2023 4042 
8467 2688 3202 3073 3303 
8468 2808 3509 2989 3648 
8469 2672 3465 3136 3616 
8470 2676 3180 2828 3564 
8471 985 974 3328 3409 
8472 2687 3006 3019 3272 
8473 2943 4093 3190 4408 
8474 2691 3274 3185 4142 
8475 3071 3370 2773 3935 
8476 2797 3347 3122 3404 
8477 2981 3798 3318 4243 
8478 3009 3269 2702 3374 
8479 2754 3107 3042 3443 
8480 2878 3503 3045 3681 
8481 2943 3207 2620 3870 
8482 490 3102 489 3431 
8483 251 278 277 3041 
8484 2876 3238 3743 4263 
8485 2972 4019 2647 4124 
8486 183 181 3285 3618 
8487 2964 3962 3814 4084 
8488 1714 3242 3380 3505 
8489 2982 3659 3095 3819 
8490 3058 2804 3881 4260 
8491 52 3396 3815 4170 
8492 2786 2893 3304 3534 
8493 2372 2890 2373 3348 
8494 2061 3420 2944 3776 
8495 1090 3020 3700 3791 
8496 2990 2679 3165 4247 
8497 2737 3016 3813 4279 
8498 2067 2066 3015 3543 
8499 2900 2823 3958 4260 
8500 430 962 447 2923 
8501 2038 2916 2037 3806 
8502 2725 3270 3592 4293 
8503 3290 3876 3385 4038 
8504 2904 2927 3652 4250 
8505 2974 3307 3223 4187 
8506 2201 2202 3120 3532 
8507 2701 2928 3203 4165 
8508 2515 3256 2495 3492 
8509 3032 2880 3569 3961 
8510 2652 3384 3304 3961 
8511 2989 3442 2941 3539 
8512 3350 3974 3205 4349 
8513 2786 3735 3534 3835 
8514 2894 3842 3298 3863 
8515 737 2970 716 4403 
8516 2856 2728 3278 3513 
8517 2628 2753 3488 3690 
8518 1814 4232 3300 4286 
8519 2892 3446 3087 3891 
8520 109 3874 3661 4025 
8521 1574 3386 3127 4187 
8522 2719 2856 3636 3919 
8523 2659 3025 3063 3719 
8524 2990 3165 2618 3321 
8525 2983 2644 3678 4044 
8526 479 497 496 4213 
8527 2802 3424 3162 3425 
8528 2844 3151 3482 4247 
8529 2654 3466 2967 3557 
8530 2723 2895 3211 4134 
8531 2832 2657 3295 3572 
8532 1958 3209 4042 4266 
8533 2696 3220 3347 4058 
8534 2917 2647 4019 4124 
8535 2500 2200 2480 3070 
8536 1964 3469 1986 3502 
8537 2743 3185 3274 4142 
8538 1130 2931 3570 4202 
8539 1454 3415 3222 4027 
8540 3427 3750 2648 4045 
8541 2701 4039 3177 4248 
8542 2928 3838 3227 4039 
8543 3446 3728 2775 3964 
8544 2873 3487 3751 3983 
8545 2750 3743 3238 3792 
8546 1403 3474 2993 3972 
8547 3085 3867 3915 4343 
8548 3166 3652 3200 3890 
8549 1805 1402 1779 2984 
8550 1968 1948 1947 2987 
8551 2858 3233 3728 3964 
8552 2811 2859 3429 4402 
8553 2667 2953 3219 3870 
8554 2013 3077 1989 3502 
8555 2805 3643 3357 4000 
8556 2912 2697 3540 3738 
8557 538 2972 537 3423 
8558 2516 2515 2536 3156 
8559 3607 3613 2945 3749 
8560 3041 251 3297 4300 
8561 3774 4162 1364 4338 
8562 158 157 140 3483 
8563 2893 2952 3770 4244 
8564 555 2972 3634 3832 
8565 1404 2993 1403 3474 
8566 2763 3257 3397 3436 
8567 3005 2756 3333 4108 
8568 2709 3863 3746 3971 
8569 1811 3166 3650 4122 
8570 1733 1724 3380 3505 
8571 2694 2890 3316 3954 
8572 3152 3349 2721 3684 
8573 3660 4052 4043 4289 
8574 3042 2754 3443 4125 
8575 559 558 541 3197 
8576 3308 3921 2816 4152 
8577 3274 2665 3818 4006 
8578 3136 3240 2938 3779 
8579 2866 3613 3417 3696 
8580 1841 1840 1867 4232 
8581 3083 2761 3704 3748 
8582 1654 1666 3506 3621 
8583 2685 3786 3262 4186 
8584 3204 4130 2861 4391 
8585 3302 3543 2067 3579 
8586 3493 3596 3295 3814 
8587 3075 3684 2974 4058 
8588 2716 3068 3699 4312 
8589 2876 4055 3142 4157 
8590 3155 3527 2945 3749 
8591 2066 3015 2348 3579 
8592 2798 3602 3382 3821 
8593 2634 4176 3084 4260 
8594 2373 3348 2890 3761 
8595 2720 3017 3612 3639 
8596 2898 3496 3660 3850 
8597 2445 2465 2466 3801 
8598 466 450 4090 4365 
8599 2733 3250 3142 4157 
8600 2616 2994 3486 3717 
8601 3137 2746 3498 4310 
8602 430 2923 447 4117 
8603 2652 3698 2891 4366 
8604 2811 3640 3387 3697 
8605 2904 3652 3031 4250 
8606 2698 3266 3009 3795 
8607 1924 1908 3188 3303 
8608 2730 3412 3486 3802 
8609 3141 3913 3239 4144 
8610 43 2985 59 4054 
8611 1756 2993 3144 3926 
8612 1569 2872 1568 3544 
8613 2889 4090 450 4365 
8614 2647 2988 3057 4306 
8615 2272 2271 2844 4184 
8616 2655 3705 3250 4012 
8617 2685 3735 2980 3811 
8618 2646 3755 3362 3908 
8619 2803 2969 3383 4097 
8620 2843 3010 3773 4180 
8621 2954 3195 2809 4167 
8622 3540 3295 3814 3962 
8623 2765 2981 3566 4118 
8624 3447 3574 2877 4138 
8625 2730 3283 3251 3470 
8626 2684 3515 3126 3980 
8627 2508 3948 3873 4295 
8628 2761 3470 3083 3704 
8629 377 350 351 3008 
8630 2946 3758 3371 4076 
8631 2778 3566 3089 4154 
8632 2710 2916 3502 4369 
8633 2241 3017 2256 4363 
8634 2632 4214 3313 4261 
8635 2846 3448 3060 4337 
8636 3520 4274 2842 4322 
8637 2733 3225 3099 3488 
8638 1301 1294 934 3758 
8639 2694 3954 3316 4216 
8640 2722 3080 3289 3387 
8641 2002 2003 1980 4203 
8642 2651 3231 3050 3780 
8643 2654 3939 3336 4119 
8644 2712 3530 3036 4328 
8645 2367 3154 3021 3611 
8646 2972 3423 2647 4019 
8647 2772 4156 3615 4202 
8648 3099 2733 3618 3715 
8649 2814 3598 3201 3816 
8650 2730 2952 3229 3486 
8651 2688 3137 3341 4310 
8652 2941 3390 3271 3826 
8653 1107 1098 2961 3268 
8654 1232 3007 1510 3938 
8655 2883 3894 3506 4387 
8656 2799 3040 3152 3349 
8657 1210 3329 3097 3330 
8658 1215 1214 1229 3812 
8659 3314 3349 3075 4140 
8660 2833 3731 3352 4405 
8661 1869 2821 1870 3691 
8662 3167 3262 2685 3786 
8663 1807 3474 1828 3475 
8664 2731 3676 3425 4292 
8665 3006 3272 1520 4145 
8666 1159 1158 3546 3905 
8667 2998 3258 2671 3941 
8668 2917 2800 3167 3735 
8669 2834 3411 2948 3508 
8670 2992 3705 2615 4412 
8671 418 3357 3643 4000 
8672 2719 3513 2862 4104 
8673 2747 3061 3004 3623 
8674 3352 3854 2833 4405 
8675 2180 3653 3768 4205 
8676 418 3357 3153 3643 
8677 2780 3225 3099 4056 
8678 3456 3915 3646 4070 
8679 767 3011 780 3378 
8680 2685 3811 3665 4240 
8681 2827 3686 3314 3870 
8682 3061 3525 2747 4259 
8683 2755 3404 3127 4061 
8684 2107 2883 3587 3984 
8685 3722 3744 2852 3811 
8686 2876 3434 3354 3743 
8687 2828 4011 3342 4175 
8688 2802 3726 747 4188 
8689 1490 2901 1492 3494 
8690 2655 3705 4012 4412 
8691 2211 3055 2196 3653 
8692 2998 3258 817 3604 
8693 2871 1563 3760 4307 
8694 1146 1145 772 3247 
8695 3556 3923 2643 4196 
8696 2954 2809 3263 4167 
8697 160 3345 2909 3661 
8698 2660 3296 3070 3739 
8699 3045 3503 2878 3766 
8700 3841 4097 3369 4260 
8701 2672 3792 3210 4017 
8702 2623 3333 3029 4103 
8703 2930 3178 2110 3635 
8704 2641 3189 3660 4052 
8705 528 3150 3074 3858 
8706 2355 2354 3021 4101 
8707 2647 3813 2988 4306 
8708 2674 3368 3853 3982 
8709 2743 3293 3020 4062 
8710 966 3644 2880 4388 
8711 1498 3453 2948 3701 
8712 2684 3126 2953 4023 
8713 2702 3818 3374 4077 
8714 852 3645 3315 3868 
8715 2896 3298 2680 3487 
8716 2921 3159 3160 3452 
8717 2712 3976 3230 4148 
8718 2922 3774 3328 4014 
8719 2723 3211 2895 3402 
8720 2551 2569 2570 3951 
8721 2896 3477 3746 3971 
8722 2771 3356 3092 4063 
8723 2938 2762 3136 3619 
8724 3282 3438 1694 3673 
8725 2907 3306 3228 3674 
8726 3067 2772 3615 4202 
8727 1239 3286 2926 3330 
8728 3123 3687 3524 4190 
8729 2880 3550 3028 4281 
8730 251 253 3041 3297 
8731 1574 2995 3386 4187 
8732 1024 2891 1015 3597 
8733 2718 3234 3344 4331 
8734 2689 2943 3511 4408 
8735 1232 3567 3007 3938 
8736 2828 3782 2886 4282 
8737 2347 3353 3348 3806 
8738 3448 3814 2932 4084 
8739 1796 3308 3010 4099 
8740 2847 3529 3206 3963 
8741 2719 2862 3513 3919 
8742 2877 3732 3574 4347 
8743 2289 3132 2290 3246 
8744 3333 3467 3029 4103 
8745 3300 3691 1841 3921 
8746 2753 3488 3099 3608 
8747 900 899 901 3152 
8748 2621 2937 3374 3973 
8749 3111 3381 666 3906 
8750 2355 2366 3021 3611 
8751 305 331 304 3590 
8752 944 3371 3028 4281 
8753 834 3663 3258 3765 
8754 2764 2903 3446 4261 
8755 2941 2734 3390 3826 
8756 331 3590 2939 3788 
8757 109 92 3874 4025 
8758 3009 3266 3082 3795 
8759 1754 3147 1779 3310 
8760 1013 3328 3140 3861 
8761 320 292 294 3195 
8762 3009 3082 2738 3973 
8763 2620 3870 3207 4272 
8764 2853 3008 3459 3796 
8765 2634 2957 3922 4176 
8766 1714 3380 1724 3505 
8767 2876 3354 2659 3743 
8768 2902 3361 3158 3943 
8769 330 304 331 3590 
8770 2851 3280 2745 3763 
8771 987 2922 3328 3571 
8772 1756 3144 2993 3852 
8773 2895 3402 3380 4134 
8774 716 2970 737 3907 
8775 2671 3320 2998 3941 
8776 2726 3183 2875 3438 
8777 1289 3862 3781 4309 
8778 3277 3447 3093 3844 
8779 1248 1247 1249 3286 
8780 485 504 503 3016 
8781 2962 3805 3137 3997 
8782 2954 3533 3263 4233 
8783 3235 3363 2962 3914 
8784 2704 3240 3136 3779 
8785 3087 4036 2892 4081 
8786 2720 3826 3639 4399 
8787 2396 3100 2414 3403 
8788 2826 3326 3031 3388 
8789 2891 2723 3455 4384 
8790 2718 3952 3357 4276 
8791 3563 3808 3275 3878 
8792 859 3663 3765 4300 
8793 3092 3130 2782 3889 
8794 1165 3011 3391 4368 
8795 946 959 3028 4294 
8796 1075 3601 3249 4389 
8797 2527 2507 2506 3130 
8798 2776 3192 2920 3690 
8799 722 744 721 2913 
8800 1345 3279 1339 3501 
8801 3070 3949 2660 4129 
8802 434 435 453 3431 
8803 2822 3418 3291 4259 
8804 1239 3604 2926 4373 
8805 2964 3814 3606 4084 
8806 2964 3540 2697 3738 
8807 2761 3704 2980 3770 
8808 245 247 275 3817 
8809 2868 3079 3295 3900 
8810 2110 2930 2130 3178 
8811 3165 2870 3477 4113 
8812 2843 3308 3010 4180 
8813 2881 4012 3658 4412 
8814 2761 2980 3704 3748 
8815 3041 3096 2741 3817 
8816 2661 3012 3245 3807 
8817 2693 2911 3226 3538 
8818 1454 1473 3415 4027 
8819 3037 3148 2730 3462 
8820 2715 2918 3033 3591 
8821 2645 2943 3686 4029 
8822 3025 3354 3063 4181 
8823 2788 3727 3510 3771 
8824 2559 2270 2283 3204 
8825 2747 3149 3623 3894 
8826 2836 4228 3030 4277 
8827 2541 3311 2559 4319 
8828 1726 2912 1727 3736 
8829 2952 3745 3408 4244 
8830 209 3239 208 3913 
8831 3490 3510 1479 3771 
8832 1015 2891 1024 3737 
8833 2779 3678 2913 4223 
8834 2896 3746 3477 4171 
8835 2872 3544 3517 4080 
8836 2617 3287 2967 3924 
8837 2948 3415 2834 3453 
8838 1165 3391 1166 4368 
8839 2720 3017 3524 3612 
8840 2705 3177 3694 4123 
8841 2912 3606 3540 4109 
8842 196 3141 179 3398 
8843 275 274 245 3817 
8844 244 2954 271 4401 
8845 479 496 3280 4213 
8846 2980 3534 2917 4124 
8847 2685 3665 3182 4240 
8848 27 3545 42 4054 
8849 2616 3435 2994 3717 
8850 1584 3312 3005 3586 
8851 2639 3418 2910 3450 
8852 2844 3482 2272 4184 
8853 511 528 510 3074 
8854 2865 3692 3130 3753 
8855 2617 2964 3287 3924 
8856 2754 3220 3702 4125 
8857 670 648 3565 3930 
8858 2784 3133 1435 3972 
8859 861 2942 862 3627 
8860 201 3099 200 3715 
8861 2694 3121 2890 3622 
8862 3228 3306 2813 3998 
8863 2875 4150 4112 4299 
8864 423 3072 404 4198 
8865 8 3095 9 3796 
8866 2906 3486 3412 3717 
8867 2647 3057 3813 4306 
8868 2659 4012 2810 4157 
8869 2697 3505 3242 3736 
8870 1881 3294 1879 3625 
8871 1610 1612 1611 2886 
8872 2720 3524 3123 3687 
8873 305 2939 331 3590 
8874 2896 3487 2680 4128 
8875 2847 3654 3479 3963 
8876 3124 3332 2925 3344 
8877 2698 3082 3266 3795 
8878 2845 3704 3174 3800 
8879 2614 2947 3326 3891 
8880 3718 4034 617 4392 
8881 3197 3016 4279 4291 
8882 391 3521 940 3830 
8883 2693 3538 3226 3981 
8884 3033 3614 2999 4013 
8885 2473 2474 2951 3492 
8886 2444 3115 2445 3316 
8887 3446 3728 2858 3849 
8888 3116 3456 3085 3691 
8889 2567 2548 2566 3327 
8890 2688 2932 3193 4310 
8891 3207 3233 2933 3917 
8892 2600 2585 2918 3951 
8893 3028 3440 2880 4281 
8894 3708 3881 2804 4260 
8895 2951 3679 2473 3820 
8896 377 376 350 3008 
8897 2929 3293 2665 4142 
8898 2791 3258 2998 3941 
8899 3227 3400 2619 3723 
8900 2737 3197 3016 4279 
8901 729 3628 3160 3662 
8902 2375 2359 2374 3348 
8903 3447 3844 2768 3977 
8904 2876 3284 3063 3959 
8905 2784 3475 3079 4092 
8906 1173 3497 2936 3510 
8907 2635 2960 3252 3574 
8908 2650 3348 2890 4355 
8909 1583 3312 1584 3586 
8910 1159 3546 2983 3905 
8911 620 3068 2986 3864 
8912 3608 3693 2753 4317 
8913 1165 3415 3547 4368 
8914 2621 3014 3065 3676 
8915 2725 3350 3205 4349 
8916 2692 3325 3775 3784 
8917 2655 3038 3799 4303 
8918 1994 3254 3563 3808 
8919 2671 2957 3101 3320 
8920 455 473 454 3431 
8921 2764 3087 3125 3804 
8922 2752 3459 3095 3819 
8923 2143 3026 2144 3587 
8924 2327 3405 2817 3951 
8925 2675 3499 2899 3780 
8926 1840 1866 1867 4232 
8927 2652 3032 3569 3961 
8928 558 541 3197 3575 
8929 2753 3693 3401 4317 
8930 2704 3102 2959 3431 
8931 3331 3595 3334 4040 
8932 2676 3564 2828 4088 
8933 2667 3190 2953 3870 
8934 3388 3891 2903 4379 
8935 3025 2659 3063 3354 
8936 450 3334 449 4040 
8937 1047 3167 1037 3835 
8938 2537 2536 3156 3256 
8939 2440 2460 2170 3739 
8940 3289 3746 2934 3863 
8941 2707 2957 3445 3941 
8942 907 3138 290 3901 
8943 832 3039 833 3663 
8944 2778 3828 3196 3932 
8945 2936 3168 2901 3727 
8946 1513 1512 3103 3938 
8947 2620 3233 3207 3917 
8948 2960 3721 2637 3722 
8949 2818 2939 3709 4305 
8950 1705 2973 1351 3501 
8951 1055 1046 3167 3262 
8952 2800 3067 3507 3615 
8953 1342 1343 1349 3752 
8954 2938 2625 3240 3382 
8955 2648 3623 3443 3630 
8956 2755 3309 3122 3421 
8957 2771 3675 3356 4063 
8958 2815 3912 1647 4360 
8959 3077 2842 3520 4274 
8960 461 3280 478 3518 
8961 2779 3372 3162 3678 
8962 509 3762 3238 4301 
8963 3446 3528 2775 3728 
8964 3126 3980 2874 4023 
8965 2559 3044 3311 4363 
8966 2796 3164 3236 3526 
8967 2774 4005 3164 4204 
8968 445 462 444 3119 
8969 2393 2975 3422 3810 
8970 2686 3746 2896 4171 
8971 3047 3527 3155 3749 
8972 1495 3494 3363 3931 
8973 1451 1435 2784 3133 
8974 2970 3081 2703 3461 
8975 2670 3964 2892 4316 
8976 3395 3606 2850 3724 
8977 767 766 2802 3378 
8978 3217 3717 3435 3722 
8979 2389 2890 2372 3954 
8980 2960 3182 2711 4240 
8981 2075 3021 3364 4101 
8982 3039 2707 3941 3960 
8983 3722 3811 2852 4240 
8984 2621 3462 3065 3619 
8985 2655 4032 3250 4069 
8986 2704 3240 3102 3734 
8987 2992 3705 3250 4192 
8988 2650 3199 4041 4239 
8989 2764 3087 3446 3891 
8990 10 24 22 2982 
8991 2909 3239 3913 4194 
8992 2769 3275 3005 3333 
8993 2764 3446 2903 3891 
8994 2695 3326 3214 3897 
8995 2506 2526 2527 3130 
8996 2710 3502 3520 4369 
8997 302 3041 278 3590 
8998 2704 3139 3136 3382 
8999 2393 3422 2394 3810 
9000 2693 3213 2996 3362 
9001 2079 3237 2101 4011 
9002 2764 3031 3496 4137 
9003 2618 2919 3487 4128 
9004 2101 3237 2100 3836 
9005 2618 3321 3165 3592 
9006 2955 3339 1261 4064 
9007 2662 3607 2841 3987 
9008 2710 3418 2916 4369 
9009 3651 4047 2855 4141 
9010 1390 3212 1397 3926 
9011 3492 3733 2999 4211 
9012 2644 3372 3037 4141 
9013 3192 3618 182 4183 
9014 2809 3713 3008 4066 
9015 2658 3471 3356 4293 
9016 2743 3293 3274 3784 
9017 2577 3044 2578 4319 
9018 2682 3166 3189 3660 
9019 2712 3838 3530 4177 
9020 3408 3745 2830 4244 
9021 1848 3133 1849 3475 
9022 2613 3170 3598 4353 
9023 2509 2530 2510 3033 
9024 2804 3330 3286 3938 
9025 2943 3190 3870 4408 
9026 2062 3420 2092 3806 
9027 578 596 595 2968 
9028 1528 3223 3307 4187 
9029 2951 3403 2454 3679 
9030 3654 3796 3008 4206 
9031 3170 3274 2665 3818 
9032 2748 3320 2957 3419 
9033 2729 3349 3152 3684 
9034 2632 3646 3104 4098 
9035 2402 3324 3002 3584 
9036 3122 3851 2894 3965 
9037 1024 1016 3737 4384 
9038 2816 3350 2907 3974 
9039 2651 3288 2923 4376 
9040 2942 3066 264 3627 
9041 3875 3980 3515 4267 
9042 3056 3666 2718 4085 
9043 2738 3065 3014 3582 
9044 2615 3146 3082 3417 
9045 2559 2283 3044 3204 
9046 2615 3038 3417 3696 
9047 2067 3015 2066 3579 
9048 2748 3036 3337 3729 
9049 2708 2817 3246 3733 
9050 2774 2958 3480 4005 
9051 3491 3599 2683 3920 
9052 3017 2656 3204 4363 
9053 1662 3027 1650 3481 
9054 3813 4279 3016 4291 
9055 2662 3001 3576 3987 
9056 2824 3696 3052 4396 
9057 2972 3016 4049 4291 
9058 996 1006 3328 3774 
9059 2960 2711 3721 4240 
9060 1306 3253 3053 4079 
9061 2667 3219 2953 3626 
9062 2890 3086 2650 3622 
9063 2951 3403 2819 3953 
9064 189 3225 2997 4056 
9065 2870 3165 3350 4113 
9066 1654 2979 1642 3552 
9067 2874 2954 4230 4401 
9068 432 3885 414 4040 
9069 477 4166 476 4265 
9070 1807 2993 3474 3475 
9071 2621 3148 3037 3462 
9072 2333 3410 2977 3827 
9073 3138 2874 3901 4023 
9074 2885 3542 3245 4147 
9075 679 680 3628 3757 
9076 3129 3160 2681 3662 
9077 1879 3294 3060 4020 
9078 3460 3636 2856 3919 
9079 2621 3065 3014 3973 
9080 2946 2963 2729 3797 
9081 2875 3161 2676 3282 
9082 2657 3572 3093 3844 
9083 2515 3156 3256 3492 
9084 1510 3007 1232 3567 
9085 1806 2993 1404 3474 
9086 3078 3476 3132 3949 
9087 2933 3233 3207 3728 
9088 3052 3305 2824 4396 
9089 2011 2916 2012 3502 
9090 2975 3422 2811 4161 
9091 3372 3470 3037 4141 
9092 656 682 3159 3452 
9093 1073 1387 1386 2984 
9094 2092 2115 3353 3776 
9095 1727 3449 3241 4185 
9096 2327 2817 2603 3951 
9097 2976 3344 3234 3764 
9098 3298 3487 2896 3971 
9099 925 912 915 4076 
9100 3326 3388 2614 3891 
9101 2636 3171 3036 3337 
9102 141 140 123 4149 
9103 2355 2354 2366 3611 
9104 2943 2620 3207 3710 
9105 2907 3358 3367 3947 
9106 2925 3434 3048 4362 
9107 1330 987 976 2922 
9108 2811 3198 3387 3640 
9109 1772 3281 3981 4099 
9110 1876 2868 1908 3625 
9111 354 3654 353 3963 
9112 2623 3012 3624 4148 
9113 1037 553 1047 3835 
9114 990 991 1002 3128 
9115 258 860 260 3297 
9116 2684 2874 3952 3980 
9117 2763 3397 2726 3436 
9118 3088 3483 2909 4149 
9119 2661 3228 3558 4253 
9120 2721 3109 3220 3750 
9121 2729 2943 4091 4093 
9122 3574 3732 3193 3977 
9123 679 3628 2991 3757 
9124 3107 3443 2754 3553 
9125 3040 3522 3253 3750 
9126 2975 2811 3422 3810 
9127 2806 3444 4014 4169 
9128 2965 3746 3023 3855 
9129 3231 3419 2719 3919 
9130 163 546 3398 3790 
9131 2660 3070 3476 3949 
9132 2614 3553 2947 3891 
9133 2093 2092 3353 3806 
9134 2795 3342 2886 3831 
9135 2750 2876 3434 3762 
9136 2709 3842 3558 3863 
9137 653 2897 676 3425 
9138 3041 2741 3620 3963 
9139 2622 3323 3288 4118 
9140 2700 3644 3040 4351 
9141 3009 3269 2762 4096 
9142 2719 2856 3513 4104 
9143 2660 2819 3232 3599 
9144 2502 3561 3311 4100 
9145 2644 3428 2983 3678 
9146 3065 3619 2738 3973 
9147 2654 3149 3888 4221 
9148 3320 3785 2998 3941 
9149 3207 3265 2775 3632 
9150 1951 1935 3005 3808 
9151 2975 3640 2811 3697 
9152 2879 3305 688 3468 
9153 2684 2953 3515 3626 
9154 2775 3207 3233 3728 
9155 2626 3067 3174 4298 
9156 2816 3306 2907 3350 
9157 3276 3333 2756 4108 
9158 1768 3981 2843 4099 
9159 200 3618 184 3715 
9160 2877 3163 3370 4138 
9161 2687 3542 3058 4260 
9162 2292 1833 2310 4191 
9163 3034 3861 3409 4409 
9164 3229 3408 2952 4089 
9165 2689 4093 2943 4408 
9166 2697 3519 2895 4134 
9167 2828 2886 3782 4067 
9168 2715 3681 3130 3753 
9169 2735 3788 2899 4115 
9170 1258 3339 1249 4307 
9171 3321 3000 3949 4207 
9172 1413 3474 1403 3972 
9173 3526 3745 3304 4182 
9174 593 592 575 3575 
9175 2629 4021 3578 4283 
9176 52 3025 51 4170 
9177 2652 3698 3071 4138 
9178 2954 2809 3716 4233 
9179 1013 3140 1022 3861 
9180 2314 3473 2296 3879 
9181 537 3423 2972 4019 
9182 3260 3598 3170 3795 
9183 319 318 289 3359 
9184 2667 2953 3190 4131 
9185 2681 3221 2897 3676 
9186 2631 3349 3075 3522 
9187 1948 3655 2987 4009 
9188 2814 3464 3598 3816 
9189 2060 2061 2944 3776 
9190 512 529 511 3150 
9191 2743 3274 3293 4142 
9192 2816 3921 3308 4180 
9193 2853 3796 3459 3819 
9194 1556 1537 3005 4108 
9195 3569 3581 2880 4284 
9196 1589 3441 2872 4064 
9197 2811 3387 3302 3697 
9198 2697 3505 2912 3540 
9199 1730 3379 3310 3673 
9200 2725 3592 2949 4293 
9201 2383 2367 3154 3324 
9202 2468 4022 2467 4295 
9203 2826 3937 3562 4201 
9204 2989 3509 2785 3648 
9205 2673 3236 3164 3526 
9206 2650 3640 2975 3697 
9207 2721 3522 3040 3750 
9208 2878 2715 3503 3681 
9209 555 556 573 3634 
9210 3242 3822 3519 4334 
9211 2825 3741 3725 3767 
9212 244 3439 2954 3868 
9213 2796 3602 3229 3689 
9214 2714 3312 3005 3940 
9215 278 3041 253 3297 
9216 202 201 186 3225 
9217 2847 3527 3499 4071 
9218 1283 3517 1590 3544 
9219 3236 3884 3314 4329 
9220 2959 2704 3431 3616 
9221 582 3864 4034 4332 
9222 3368 3853 2882 4237 
9223 2695 3872 2941 3943 
9224 2506 3692 3130 3801 
9225 2077 2076 3603 4344 
9226 2686 3289 2896 3746 
9227 2986 3068 2745 3864 
9228 991 3128 981 4365 
9229 2942 2735 3902 4115 
9230 3229 3876 4086 4096 
9231 3285 3618 3192 3690 
9232 2680 3487 3298 3971 
9233 3423 3813 2647 4090 
9234 132 3284 149 3285 
9235 3203 3838 2928 4039 
9236 1698 1361 3242 3822 
9237 528 511 3150 3858 
9238 2659 3516 3025 3719 
9239 2786 3128 3865 4314 
9240 1065 3262 3167 3786 
9241 2972 3575 557 3634 
9242 1666 2085 3506 3621 
9243 2798 3876 3602 4038 
9244 3085 3915 3116 4343 
9245 2034 2944 3420 3991 
9246 31 28 3048 3354 
9247 2851 3323 2727 3763 
9248 2728 3707 3409 4273 
9249 2922 3571 965 3781 
9250 2959 3238 3210 3792 
9251 2315 3473 2977 4010 
9252 3497 3510 1152 4242 
9253 2622 3566 2981 4118 
9254 3466 3509 2812 4119 
9255 2616 3722 3717 3800 
9256 2390 2890 2408 3761 
9257 22 40 3216 4054 
9258 2372 2390 2373 2890 
9259 3057 3865 2889 4204 
9260 2712 3036 3530 3838 
9261 3231 3902 2735 4115 
9262 2761 2952 3770 4377 
9263 3168 3727 2936 4212 
9264 2079 3580 3237 4011 
9265 748 767 747 2802 
9266 80 78 96 3238 
9267 1830 1808 3852 4251 
9268 2305 2949 2306 3246 
9269 2941 3336 2720 3778 
9270 3235 2777 3363 3588 
9271 442 3518 3069 4198 
9272 3418 3520 2910 4369 
9273 2867 3844 3188 4271 
9274 2942 2735 3627 3902 
9275 2780 3488 3225 4069 
9276 2695 2941 3442 3539 
9277 2981 2716 3293 3699 
9278 3658 4012 2992 4412 
9279 2815 2928 3578 4282 
9280 2396 2379 3100 3611 
9281 2445 2466 3121 3801 
9282 2654 3466 3557 4221 
9283 1805 2984 1779 3147 
9284 200 199 184 3618 
9285 1525 1513 1512 3103 
9286 3191 3450 2910 3668 
9287 2264 3208 3879 4280 
9288 2768 3493 3295 3814 
9289 2952 3936 3229 4089 
9290 3029 3756 3176 3976 
9291 2656 3017 4190 4363 
9292 3057 2889 3595 4204 
9293 1820 1844 3261 3691 
9294 2647 3057 3748 4377 
9295 1727 1726 1736 2912 
9296 804 801 2969 3645 
9297 2591 3246 2309 4105 
9298 3626 3830 2838 4131 
9299 415 3090 435 3885 
9300 2959 3210 2672 3792 
9301 2202 3120 3532 4112 
9302 2961 3786 2685 4186 
9303 1496 1504 3453 3701 
9304 404 3072 3499 4198 
9305 2181 3653 3055 3768 
9306 2826 3562 4043 4201 
9307 132 149 130 3285 
9308 2725 3189 3205 3350 
9309 2834 3428 3651 4220 
9310 1034 2891 1024 3597 
9311 2771 3033 3319 3675 
9312 2154 2172 2155 4112 
9313 2947 3648 3346 3985 
9314 2657 3188 2784 4092 
9315 3602 3876 2956 4038 
9316 2640 3716 2954 4230 
9317 3032 3522 3440 4256 
9318 3449 4185 2235 4327 
9319 2245 2228 2242 3226 
9320 3466 4068 3509 4119 
9321 2703 3546 2983 3678 
9322 1689 1339 3279 3501 
9323 3049 3598 3170 4353 
9324 245 3439 247 3817 
9325 3181 3773 3358 4407 
9326 2652 2891 3961 4366 
9327 361 2818 336 4117 
9328 3162 3554 3372 4126 
9329 313 3145 341 4120 
9330 2994 3412 3486 3717 
9331 3206 3263 2741 3713 
9332 2438 2458 3739 3882 
9333 527 546 3790 4332 
9334 3285 3618 2733 3715 
9335 2630 3344 3234 4331 
9336 2651 3231 3780 4115 
9337 2937 2692 3500 4006 
9338 1536 3586 3006 4145 
9339 3015 3302 3543 3697 
9340 1727 2912 1736 4185 
9341 3290 3385 2849 3515 
9342 3381 3461 3081 4403 
9343 2727 3323 3288 3707 
9344 2889 3865 3128 4204 
9345 3151 3205 1791 4152 
9346 2860 4073 3426 4193 
9347 2757 3367 3358 3947 
9348 2705 3694 2973 3853 
9349 2648 3149 3623 3630 
9350 3012 3463 2757 3947 
9351 101 3063 118 3959 
9352 651 3554 3162 4126 
9353 2874 3359 3145 3952 
9354 2956 3602 3219 3689 
9355 3118 3576 3946 4412 
9356 2759 3116 3085 3915 
9357 3328 974 3571 3825 
9358 2618 3592 3165 4113 
9359 2989 3509 2808 4068 
9360 2284 3030 3351 4228 
9361 2983 3378 2644 4044 
9362 2066 2039 2038 3543 
9363 2857 3373 3266 3834 
9364 1165 3547 3011 4368 
9365 2696 3386 3127 3918 
9366 2682 3200 3166 3652 
9367 2691 2929 3856 3968 
9368 1333 1671 1661 3094 
9369 3717 3722 2637 3800 
9370 3042 3220 2754 4125 
9371 1158 1157 774 3546 
9372 22 2982 24 4054 
9373 1879 2330 3060 4001 
9374 23 2982 26 4054 
9375 1235 1236 1221 3286 
9376 2892 3059 3243 4313 
9377 3055 3375 2212 3639 
9378 3065 3793 3676 4367 
9379 3036 3171 2748 3337 
9380 3051 3318 2622 3763 
9381 2959 3238 2750 3762 
9382 3142 3488 2733 3690 
9383 3112 2779 3372 4126 
9384 3153 3431 455 3643 
9385 208 3239 209 4144 
9386 3192 3285 2776 4024 
9387 3245 3542 2736 4147 
9388 2830 3370 3633 4411 
9389 686 685 658 3452 
9390 2860 3519 3481 3822 
9391 2695 3648 2947 3985 
9392 2745 3707 3406 3763 
9393 2927 3914 3235 3997 
9394 2843 3981 3281 4099 
9395 2912 3540 3108 4109 
9396 2716 2981 3293 3798 
9397 1032 1031 1021 3859 
9398 2845 3665 2980 3811 
9399 2038 2011 2037 2916 
9400 3350 3674 2870 4052 
9401 2793 3029 3230 3976 
9402 2666 3171 3568 3993 
9403 2865 3311 2782 3692 
9404 3176 3230 3029 3976 
9405 3029 2793 3756 3976 
9406 2622 3089 3566 4154 
9407 2375 2376 2360 2975 
9408 299 3713 298 3817 
9409 109 3661 108 4025 
9410 3174 3704 2855 3800 
9411 2617 2967 3287 4059 
9412 2786 3865 3304 4314 
9413 2951 3492 2474 3953 
9414 2996 3358 2757 3367 
9415 2305 2306 2327 3246 
9416 232 3523 3742 4056 
9417 3196 3828 2929 3932 
9418 2771 3622 3199 3675 
9419 3803 3820 2951 4372 
9420 2664 3287 3519 3824 
9421 2657 4364 3093 4383 
9422 834 859 858 3663 
9423 3394 3497 1152 4242 
9424 3007 3103 2756 3880 
9425 2852 3574 3163 3722 
9426 1791 3205 3151 3589 
9427 824 2969 3301 3812 
9428 57 3216 58 4025 
9429 2685 3117 3262 4323 
9430 2974 3684 2729 3797 
9431 278 3041 3297 3590 
9432 1870 1845 3691 4110 
9433 1757 3714 3144 3852 
9434 2550 3614 2918 3951 
9435 2659 3516 2810 4012 
9436 3542 4147 3058 4260 
9437 86 3025 67 3815 
9438 2986 3068 2716 3318 
9439 2817 3846 2603 3951 
9440 2420 2152 2136 3002 
9441 2264 3338 3208 4280 
9442 1379 3402 1374 3455 
9443 2273 3482 3132 4184 
9444 2474 3492 2494 3953 
9445 2707 3315 3039 3445 
9446 117 3284 3959 4114 
9447 3277 4134 3447 4347 
9448 2839 3910 3361 3943 
9449 1662 1673 3426 3481 
9450 164 183 181 3285 
9451 2704 3090 3480 3734 
9452 2909 3141 2740 3345 
9453 2988 3748 3057 3936 
9454 2643 4268 3299 4321 
9455 2695 3214 2947 3648 
9456 3219 3602 2956 4038 
9457 3613 3834 3155 4370 
9458 3220 4125 2869 4163 
9459 545 3238 114 4024 
9460 2710 3520 3418 4369 
9461 1680 1689 3279 3501 
9462 2289 3132 3246 4184 
9463 2958 392 3521 3885 
9464 2746 3163 3574 3722 
9465 1873 1849 1872 3475 
9466 1175 1174 3497 3671 
9467 2618 3270 3592 4113 
9468 2162 2144 2161 3587 
9469 2675 3323 3051 4118 
9470 2138 2154 2155 3892 
9471 2641 3674 3350 4052 
9472 3201 2765 3598 3828 
9473 454 455 3431 3643 
9474 3206 3654 3008 4206 
9475 656 683 682 3452 
9476 2987 3169 2755 3421 
9477 2961 3067 2800 3615 
9478 2728 3407 3054 3513 
9479 3658 3946 2881 4412 
9480 2747 3635 3178 3888 
9481 2706 2921 3146 3504 
9482 2995 3695 3127 4187 
9483 2156 4112 2173 4299 
9484 2509 2529 2530 3033 
9485 2759 3085 3116 3456 
9486 3065 4017 3582 4035 
9487 944 946 3028 3371 
9488 2992 3250 2628 4192 
9489 2627 3050 3231 3780 
9490 2878 3092 3681 3687 
9491 3718 4033 617 4034 
9492 274 3263 273 3439 
9493 3089 3393 2778 4123 
9494 2715 3356 3591 4063 
9495 3068 3416 603 4226 
9496 2180 3653 2181 3768 
9497 2672 3656 3767 4367 
9498 1544 3683 2995 3684 
9499 578 2968 595 3741 
9500 2755 2987 3421 4311 
9501 2941 3539 2695 3943 
9502 2688 3341 2932 4310 
9503 3263 3439 274 3817 
9504 1250 2926 1251 4373 
9505 2736 3376 3084 3710 
9506 576 593 575 3575 
9507 2859 3184 2686 3956 
9508 1163 1162 3378 3547 
9509 2828 3831 3564 4282 
9510 2878 3356 3092 3840 
9511 3639 3826 2950 4399 
9512 2639 3418 3291 4174 
9513 2654 3557 3149 4221 
9514 1679 3501 1680 3912 
9515 2613 3376 3049 3598 
9516 3035 3529 3047 3816 
9517 2095 3021 2367 3324 
9518 557 3575 2972 4049 
9519 2774 3595 3186 4040 
9520 1967 1966 3502 4060 
9521 2660 3078 3321 3949 
9522 2952 3408 3229 3486 
9523 2941 3778 3271 4325 
9524 2955 4080 3993 4209 
9525 677 3628 702 4317 
9526 2653 3358 3773 4180 
9527 2741 3713 3263 4066 
9528 2759 3456 3116 3915 
9529 2734 3893 3271 4318 
9530 2634 3369 4097 4260 
9531 1369 1368 1362 3211 
9532 2733 4069 3250 4157 
9533 2950 3123 2694 4318 
9534 3153 3357 2805 3643 
9535 3677 3864 3150 4332 
9536 2846 2783 3299 3928 
9537 2759 3091 3255 3850 
9538 2085 3506 2883 3984 
9539 3003 3071 2877 4255 
9540 3254 3366 2686 3777 
9541 2210 3114 3909 4205 
9542 2796 3408 3229 4089 
9543 2911 3078 3226 3538 
9544 2948 3411 3104 4146 
9545 3355 3729 2748 4264 
9546 3385 3515 3290 4038 
9547 2885 3458 3245 3542 
9548 2908 3556 3766 4196 
9549 2928 3994 2815 4165 
9550 3634 589 3832 3989 
9551 3002 3739 2440 4241 
9552 2996 3367 2757 3463 
9553 1190 1174 1175 3671 
9554 2826 3751 3562 3937 
9555 2354 3021 3429 3611 
9556 274 3439 245 3817 
9557 2867 3303 2868 3493 
9558 1996 1974 1973 3808 
9559 2817 3733 3492 4211 
9560 3085 3691 3300 3921 
9561 3114 3317 2208 3449 
9562 861 260 860 3765 
9563 1620 3740 2869 4102 
9564 1712 3310 3501 3673 
9565 3343 3569 3071 3935 
9566 2529 2530 3033 3948 
9567 2860 3242 3519 4334 
9568 2728 3407 3571 4014 
9569 3280 3518 2851 4166 
9570 3400 3723 3227 4177 
9571 2201 2202 2186 3120 
9572 3215 3279 1660 4087 
9573 3193 3493 3252 3977 
9574 2775 4029 3243 4316 
9575 2560 2559 2577 3044 
9576 3136 2762 3385 4200 
9577 3110 3467 2787 3593 
9578 250 856 252 3096 
9579 1359 1351 1705 2973 
9580 2666 3568 2885 3976 
9581 2945 3064 3899 3946 
9582 2567 2549 2548 3327 
9583 2910 3158 3450 4143 
9584 2677 3241 2912 3738 
9585 3842 3863 2709 3971 
9586 366 391 3830 4120 
9587 4077 4214 3600 4346 
9588 3117 3262 2891 3455 
9589 2907 3367 3165 3477 
9590 2745 3150 2851 3763 
9591 2720 3639 3055 4399 
9592 2684 3480 3139 4007 
9593 1879 3060 2329 4020 
9594 2900 4097 3841 4260 
9595 2996 3181 2757 3358 
9596 1285 3684 3152 3809 
9597 2638 3421 3122 3670 
9598 3614 3951 2551 4211 
9599 2107 2108 2085 3984 
9600 554 537 555 2972 
9601 3459 3899 3514 4160 
9602 2688 3596 2932 3928 
9603 2986 3150 2668 3677 
9604 2664 3824 3043 4255 
9605 1994 2018 2019 3254 
9606 2876 3354 61 3959 
9607 2840 3369 2689 3657 
9608 2958 3018 3626 4005 
9609 1323 2922 3781 4087 
9610 2656 3045 3044 3681 
9611 3469 3918 3386 4026 
9612 1917 2962 3363 3914 
9613 3029 2871 4209 4283 
9614 859 860 3297 3765 
9615 2092 3420 2062 3776 
9616 2915 3413 1436 3972 
9617 3125 2994 4036 4197 
9618 3036 2748 3355 3729 
9619 1661 1662 1650 3481 
9620 1967 1968 1947 2987 
9621 2780 3099 3742 4056 
9622 2933 2736 3376 3887 
9623 3882 3886 2819 4048 
9624 2826 4043 4052 4289 
9625 527 3790 3074 4332 
9626 2948 3453 2901 3701 
9627 2675 3051 3749 4118 
9628 2754 3220 3075 4058 
9629 374 375 3857 4361 
9630 633 653 652 3425 
9631 2312 2294 2311 4020 
9632 508 2959 490 4301 
9633 1351 2973 1345 3501 
9634 2744 3338 3134 4280 
9635 3721 3800 2855 4220 
9636 158 2909 159 3913 
9637 2751 3265 3172 3632 
9638 2755 3169 3019 4374 
9639 3323 3707 2727 3763 
9640 1944 3127 3469 4060 
9641 898 4308 1276 4309 
9642 1760 3308 3151 4152 
9643 2722 3302 3080 3387 
9644 939 3018 927 3830 
9645 2361 2360 2975 3579 
9646 2600 2599 2611 2918 
9647 2812 3509 3466 3924 
9648 3189 4043 3660 4052 
9649 2644 3378 3011 4044 
9650 2761 3704 3770 3800 
9651 2618 3000 3321 3592 
9652 1835 3890 4246 4277 
9653 2922 3571 3407 4014 
9654 2066 2065 2348 3015 
9655 528 3074 3150 4332 
9656 2466 2446 2445 3121 
9657 595 596 614 3554 
9658 455 3431 3153 4301 
9659 166 3285 184 3618 
9660 2653 3322 4343 4393 
9661 2298 4390 4010 4391 
9662 2866 3795 3082 4370 
9663 2680 3131 3158 3937 
9664 2879 3305 3052 3747 
9665 1908 2868 1876 4258 
9666 271 273 297 3263 
9667 3097 3445 2803 3708 
9668 2733 3488 3250 4069 
9669 3187 3423 2647 4090 
9670 2618 4128 3487 4171 
9671 2714 2842 3312 3366 
9672 3043 3824 3287 4255 
9673 3040 3750 3253 3809 
9674 946 3371 4028 4294 
9675 2761 3251 3704 3800 
9676 2626 3489 2980 3996 
9677 3290 3515 2849 4038 
9678 3413 3972 2915 4364 
9679 2684 3234 3515 3980 
9680 3003 2664 3071 4255 
9681 166 3285 149 3715 
9682 3005 3006 2756 3880 
9683 2603 2817 2327 3846 
9684 3090 3431 2704 3643 
9685 2704 3139 3382 3480 
9686 2672 3210 3656 4017 
9687 2980 2761 3770 4377 
9688 131 3794 147 4024 
9689 172 2997 3225 4072 
9690 2978 4041 3199 4239 
9691 184 3618 3285 3715 
9692 2825 3210 3767 3779 
9693 2941 3271 3778 3826 
9694 150 3715 3284 4114 
9695 3064 3819 2739 3839 
9696 2646 3367 2990 4348 
9697 2628 2753 3401 3488 
9698 3034 2806 3861 4409 
9699 2897 2681 3401 3628 
9700 438 418 3153 3643 
9701 1075 1086 1398 3601 
9702 2777 3588 3264 4333 
9703 2678 3059 4313 4411 
9704 1507 1229 1228 3272 
9705 1352 1355 1362 3752 
9706 2716 3318 2981 3798 
9707 2633 2932 3448 3814 
9708 2790 3820 3803 4372 
9709 2722 3543 3302 3697 
9710 2698 3598 3260 3795 
9711 2675 3050 3323 4118 
9712 949 3018 939 3830 
9713 2684 3980 3126 4023 
9714 1830 1850 3079 3475 
9715 3097 2671 3445 4257 
9716 2658 3675 3033 4063 
9717 2887 3465 3373 4035 
9718 2943 2827 3686 4029 
9719 3024 3282 1694 3673 
9720 3027 3426 1663 3552 
9721 2802 3424 3425 4292 
9722 2695 3361 3326 3897 
9723 1065 3262 3786 3990 
9724 508 490 509 4301 
9725 3125 3435 4197 4296 
9726 2636 3838 3036 3993 
9727 120 137 3536 4072 
9728 1195 3453 3642 3905 
9729 3033 3873 2509 3948 
9730 1967 1968 2987 4009 
9731 2661 3585 3728 3849 
9732 2690 3593 3209 3760 
9733 2704 3186 3090 3734 
9734 2690 3823 3029 4283 
9735 2655 4012 3250 4032 
9736 966 968 3644 4388 
9737 2815 3564 2928 4282 
9738 3506 3740 2869 3894 
9739 1377 1376 1382 3380 
9740 2855 3721 3174 3800 
9741 2682 3652 3166 3660 
9742 1883 3625 1882 3827 
9743 2739 3516 3485 3815 
9744 3207 3632 2775 4029 
9745 688 3305 2879 4111 
9746 438 3153 418 3357 
9747 2776 2920 3192 3656 
9748 3393 3637 2864 3694 
9749 2767 2916 3668 3806 
9750 2003 4203 3711 4266 
9751 1174 2936 1173 3497 
9752 3408 3486 2670 3802 
9753 3387 3697 3640 4128 
9754 2921 3159 2966 4288 
9755 338 313 341 4120 
9756 2398 3403 2416 3886 
9757 2850 3724 3606 4109 
9758 2623 3029 3230 4103 
9759 3017 3561 3311 4363 
9760 3055 3639 2212 4399 
9761 2665 3293 3274 4142 
9762 2036 3194 2035 3420 
9763 2771 3033 3675 4063 
9764 2700 3343 3427 3935 
9765 2894 3528 3179 4379 
9766 2837 3730 3182 4046 
9767 2752 3056 3008 3514 
9768 3023 3463 2646 4217 
9769 2676 3161 2875 3712 
9770 2467 4022 3121 4295 
9771 2702 3269 3009 4096 
9772 721 744 743 2913 
9773 3033 2999 3614 4359 
9774 2730 3037 3470 4047 
9775 2873 3471 3356 4139 
9776 958 3028 959 4294 
9777 1130 3907 2931 4202 
9778 2875 4107 3532 4112 
9779 2661 3558 3228 3842 
9780 2677 2912 3606 3738 
9781 1826 1421 1410 3594 
9782 2454 3403 2951 3953 
9783 2750 2925 3332 3992 
9784 2713 3494 3629 4074 
9785 2780 2997 3250 4069 
9786 2631 3522 3032 4256 
9787 3263 3439 2741 3533 
9788 2961 3665 3182 4186 
9789 2943 3511 3076 3841 
9790 2740 3345 3141 3398 
9791 2440 3739 3296 4241 
9792 3506 3621 2883 4387 
9793 3537 3581 1329 3638 
9794 3562 3751 2826 4043 
9795 2862 3419 3337 3754 
9796 2440 2170 3296 3739 
9797 954 965 3571 3781 
9798 1536 1521 1520 3006 
9799 3448 4268 2812 4321 
9800 3308 3921 3010 4180 
9801 3071 3370 2652 4138 
9802 1282 3517 1288 3862 
9803 2660 3949 3232 4129 
9804 2821 3691 3261 4110 
9805 666 3381 3111 3999 
9806 2634 3369 3157 3647 
9807 3073 3629 3494 4074 
9808 2728 3054 3407 4014 
9809 2904 3214 3031 3897 
9810 2722 3387 3289 3672 
9811 2861 3556 3292 3766 
9812 2841 2985 3911 4394 
9813 2661 3022 3105 3807 
9814 2765 3566 2981 3828 
9815 477 494 476 4166 
9816 2675 3392 3613 3749 
9817 1833 2310 4191 4381 
9818 2941 2902 3390 3943 
9819 552 3832 553 4019 
9820 2654 3149 2967 4068 
9821 363 361 336 4117 
9822 1301 934 935 4281 
9823 2613 3196 3968 4328 
9824 3482 4247 3151 4340 
9825 2930 3635 2883 3888 
9826 2938 3240 3136 3382 
9827 3096 3439 2741 3817 
9828 2840 3645 3647 4097 
9829 2972 3016 2647 3423 
9830 2506 3801 3130 4295 
9831 3107 4313 3059 4411 
9832 2855 3174 3721 4220 
9833 2676 3180 3564 3994 
9834 2762 3385 3290 3876 
9835 2651 3278 3288 3513 
9836 165 3192 597 4024 
9837 2676 3180 3994 4030 
9838 2856 2719 3513 3919 
9839 2468 3873 4022 4295 
9840 3084 3376 2905 3710 
9841 3358 3974 2679 4180 
9842 2701 3694 3177 4039 
9843 2842 2714 3312 3655 
9844 691 666 692 3906 
9845 3093 4364 3212 4383 
9846 2402 2118 3324 3584 
9847 548 529 549 3896 
9848 3334 3885 432 4040 
9849 1436 1426 2915 3972 
9850 3052 3696 3417 4396 
9851 3012 3855 3463 3947 
9852 2647 3748 3534 4377 
9853 2646 2996 3367 4348 
9854 1528 3848 3307 4345 
9855 2751 3122 3309 3670 
9856 2874 4230 3560 4401 
9857 2773 3043 3343 3427 
9858 603 3416 585 4226 
9859 593 3573 3352 3877 
9860 2442 2443 2422 3115 
9861 2034 3420 3194 3991 
9862 1509 3272 3007 3567 
9863 1568 2872 1569 2955 
9864 2731 3425 3360 3554 
9865 2775 3243 3964 4316 
9866 2860 3519 3822 4334 
9867 3093 3572 3277 3844 
9868 2135 3787 3836 4241 
9869 3004 3061 2839 3623 
9870 2773 3071 3043 4255 
9871 2926 3604 3320 4373 
9872 3232 3321 3000 3949 
9873 12 401 23 3545 
9874 2716 3052 2986 3318 
9875 259 2939 3590 3627 
9876 1478 1923 3413 3490 
9877 2778 3089 2981 3932 
9878 576 593 3575 3877 
9879 1694 3024 1686 3282 
9880 2750 3238 2959 3792 
9881 3686 3955 3075 4058 
9882 1988 2013 1989 3502 
9883 1301 3040 1294 3758 
9884 1130 2931 1141 3570 
9885 3652 3660 3031 4250 
9886 3103 2756 3276 3823 
9887 3058 3495 2885 3542 
9888 2729 2974 3307 4091 
9889 391 2958 392 3521 
9890 2942 2998 2719 3785 
9891 1294 3040 1285 3152 
9892 2508 2509 3873 3948 
9893 3097 3329 795 3898 
9894 1908 1907 2868 4258 
9895 2768 3193 2932 3732 
9896 3676 4116 3065 4367 
9897 2627 3620 3780 3902 
9898 190 189 2997 4056 
9899 2604 2308 2590 3246 
9900 2891 3384 3117 3698 
9901 1815 1814 3300 4286 
9902 2480 2185 2460 3739 
9903 2909 3345 160 3913 
9904 2868 3303 1908 3625 
9905 555 573 572 3634 
9906 3103 3276 1542 4307 
9907 2628 3250 3142 3488 
9908 3057 4089 3164 4306 
9909 2297 2314 2315 3473 
9910 2637 3217 3629 4275 
9911 2661 3105 3022 3585 
9912 2692 3135 3325 3784 
9913 3290 2956 3876 4038 
9914 2725 3351 3030 3471 
9915 3041 3479 2847 3620 
9916 2998 3320 2671 3604 
9917 839 864 862 2942 
9918 3260 3795 2866 4370 
9919 1323 3781 1316 4087 
9920 561 3210 3741 3789 
9921 2306 3246 2949 4184 
9922 1398 3212 1397 3249 
9923 387 2818 361 4117 
9924 2836 3030 3471 4155 
9925 3223 4187 1528 4345 
9926 1488 3494 1487 3727 
9927 633 634 653 3693 
9928 2943 3870 3511 4408 
9929 3079 2832 3535 3852 
9930 1916 1917 2962 3363 
9931 2798 3602 3219 4038 
9932 3073 2788 3629 4074 
9933 2797 3851 3122 3965 
9934 2791 3096 3663 3941 
9935 2695 3442 2941 3872 
9936 2925 3357 4085 4276 
9937 1662 1663 3027 3426 
9938 1044 3455 1035 4384 
9939 3024 3501 1679 3912 
9940 3010 3691 3261 4393 
9941 2800 2917 3478 3996 
9942 1342 1349 1348 3752 
9943 3206 3713 325 3817 
9944 722 2913 698 3726 
9945 673 3162 674 3726 
9946 2943 3076 2823 3841 
9947 326 3206 325 3817 
9948 3560 4230 2954 4401 
9949 2775 3728 3233 3964 
9950 2764 2903 3388 3891 
9951 2703 2931 3267 4159 
9952 2853 3459 2945 3819 
9953 3366 2934 3759 4238 
9954 2735 2942 3627 4115 
9955 3091 3264 2732 3850 
9956 2898 3650 3166 4122 
9957 2625 3164 4089 4306 
9958 2805 3332 3153 3616 
9959 3088 3485 2739 3516 
9960 3470 4047 3037 4141 
9961 2958 3626 3480 4005 
9962 2687 3309 3173 3542 
9963 3205 3974 3151 4349 
9964 1951 3005 3312 3808 
9965 2107 2085 2883 3984 
9966 2893 3770 3744 4244 
9967 1190 2936 1174 3671 
9968 1451 3133 2784 4375 
9969 2414 3403 3100 3679 
9970 3026 4073 3241 4193 
9971 2847 3047 3620 3780 
9972 3183 3226 2260 3981 
9973 3271 3390 2734 3826 
9974 1536 1535 1555 3586 
9975 2825 3767 3240 3779 
9976 2644 3377 3011 4368 
9977 3364 3603 2076 4344 
9978 2635 2960 3182 3685 
9979 2704 3136 3240 3382 
9980 3221 3628 728 3662 
9981 3260 3598 2765 3828 
9982 2120 2101 2100 3836 
9983 1841 1867 3456 4232 
9984 2893 3770 2952 4377 
9985 2669 3372 3083 3470 
9986 2941 2720 3649 3826 
9987 621 3068 620 3864 
9988 357 2939 332 3709 
9989 264 2942 265 3066 
9990 2721 3220 3042 3750 
9991 2730 3148 3269 3462 
9992 2621 3065 3462 3793 
9993 2639 3418 2944 4259 
9994 2855 3083 3470 3704 
9995 2702 3009 3290 4096 
9996 2691 3185 3322 3856 
9997 2692 3866 3335 4006 
9998 2886 3342 2828 3831 
9999 2349 3348 2360 3579 
10000 373 3056 400 4085 
10001 1713 3310 2973 3501 
10002 2083 2054 3342 4067 
10003 1200 1201 2936 3671 
10004 3009 4096 2762 4200 
10005 2907 3772 3358 3947 
10006 2686 3777 2965 4217 
10007 2747 3178 3525 3888 
10008 2910 3191 3668 3672 
10009 3463 2965 3855 4103 
10010 2906 3412 2742 3717 
10011 2612 2611 2346 3951 
10012 2444 2424 3115 3316 
10013 3090 3480 2774 3885 
10014 2795 2629 3593 3831 
10015 265 879 284 3066 
10016 1024 2891 1034 4384 
10017 2283 2576 3044 4130 
10018 1653 1654 1642 3552 
10019 471 490 489 3431 
10020 425 3414 3518 4198 
10021 378 377 351 3796 
10022 222 3239 235 3523 
10023 252 3096 856 3663 
10024 2657 3188 4271 4364 
10025 3054 3444 2705 4014 
10026 2729 3314 3075 4140 
10027 76 3001 94 3454 
10028 2628 3488 3142 3690 
10029 2664 3003 3071 3365 
10030 2709 3746 3477 3971 
10031 3059 3107 3995 4313 
10032 2889 3334 3331 3595 
10033 459 460 477 4265 
10034 1371 1367 1366 3380 
10035 2644 3037 4047 4141 
10036 1951 3005 1584 3312 
10037 2156 2173 2174 4299 
10038 2795 3760 3593 4283 
10039 3216 3454 58 4025 
10040 2693 3175 2875 3712 
10041 1109 3570 2961 3615 
10042 3061 3910 2839 3943 
10043 2700 3440 3040 3644 
10044 2910 3520 3418 4174 
10045 3014 3500 2937 3504 
10046 869 868 870 2963 
10047 3414 4008 2651 4376 
10048 2376 2361 2360 2975 
10049 2587 3846 2570 3951 
10050 325 3206 350 3713 
10051 2911 2693 3532 4304 
10052 2997 2655 3483 4194 
10053 2996 3463 2757 3559 
10054 3131 3388 2826 4052 
10055 1295 1296 3781 3862 
10056 3082 3795 2866 4222 
10057 3231 2719 3419 3785 
10058 1680 1689 1339 3279 
10059 2461 2198 2213 3639 
10060 1096 1407 1086 3601 
10061 498 481 993 3409 
10062 3229 3486 3408 3802 
10063 3298 3842 3131 3971 
10064 1509 3007 1510 3567 
10065 2626 3437 3174 3704 
10066 2830 3370 3032 3633 
10067 2618 2919 3198 4339 
10068 3076 3841 3369 4260 
10069 464 447 973 3409 
10070 416 415 390 3090 
10071 2712 3227 3838 4177 
10072 3063 3959 3284 4114 
10073 2774 3334 4005 4204 
10074 2747 3740 3340 4358 
10075 3064 3516 2739 3669 
10076 3170 3260 2929 3828 
10077 2628 3401 2753 3690 
10078 3235 3588 2927 4250 
10079 3575 3634 2972 4124 
10080 3235 2927 3997 4250 
10081 2951 3803 3679 3820 
10082 2748 3171 3036 3568 
10083 1175 3671 3497 4386 
10084 2756 3006 3005 3940 
10085 2550 2551 3614 3951 
10086 2552 2817 3846 4211 
10087 3128 3432 982 4365 
10088 3115 3121 2694 3889 
10089 2664 3071 3043 3343 
10090 2760 3428 3267 3905 
10091 2627 3231 3050 3754 
10092 2673 3865 3057 4204 
10093 2757 3463 3012 3624 
10094 3124 3465 2887 3743 
10095 2673 3304 3526 3745 
10096 2784 2657 2993 4364 
10097 2817 2999 3733 4211 
10098 3029 3333 2690 3467 
10099 1 3857 3095 4326 
10100 2729 3075 3314 3349 
10101 3006 3940 3173 4374 
10102 2646 3362 3213 4218 
10103 426 3414 3119 3518 
10104 282 281 259 2939 
10105 2983 3428 2703 3678 
10106 2742 3804 3104 4098 
10107 2701 3215 3912 4165 
10108 522 504 505 3016 
10109 3028 3432 3550 4314 
10110 3265 3558 3528 3632 
10111 142 143 160 3661 
10112 2655 3250 2997 4069 
10113 2210 3909 3653 4205 
10114 2916 2767 3420 3806 
10115 823 2969 3657 3871 
10116 1944 3127 4060 4061 
10117 2899 3780 2735 4115 
10118 2792 3559 3463 3755 
10119 2795 3143 2886 3711 
10120 2755 3695 3404 4135 
10121 3023 3098 2686 4217 
10122 471 3431 489 4320 
10123 2968 3767 3656 4367 
10124 1948 1581 1580 3655 
10125 2777 3222 4027 4333 
10126 2733 3225 3488 4069 
10127 2740 3141 2909 3799 
10128 2821 3456 3116 3691 
10129 2210 3114 2224 3909 
10130 595 2968 596 3554 
10131 2120 3237 2101 3836 
10132 3052 3417 2866 4222 
10133 1306 3253 4079 4297 
10134 141 123 124 4149 
10135 2913 3162 2779 3565 
10136 1442 3456 2766 4249 
10137 2957 3941 3433 4380 
10138 3171 3389 2636 4080 
10139 2783 2846 3299 3827 
10140 3108 3540 2832 4109 
10141 244 272 3868 4401 
10142 2832 3108 4109 4251 
10143 2759 3850 3255 3867 
10144 538 555 537 2972 
10145 1557 1935 1936 3005 
10146 1402 1393 1779 2984 
10147 2928 2815 3578 4165 
10148 3073 3494 1489 3931 
10149 2987 3502 3077 3520 
10150 2696 4125 3220 4163 
10151 2840 2969 3645 4097 
10152 3180 3617 2125 4299 
10153 2720 2908 3524 3778 
10154 2621 3619 3065 3973 
10155 1390 1397 3212 3249 
10156 2683 3599 3491 4245 
10157 2003 1980 4203 4266 
10158 2927 3997 2904 4189 
10159 3873 3948 3130 4295 
10160 2685 3665 2980 3735 
10161 674 673 651 3162 
10162 1671 3481 3094 3822 
10163 3015 3543 2722 3697 
10164 2771 3889 3130 4063 
10165 2967 3509 3466 4068 
10166 3448 3724 3060 4337 
10167 11 8 9 3796 
10168 378 351 3654 3796 
10169 2382 3154 2367 3611 
10170 2997 2810 4069 4072 
10171 3332 3344 3124 4106 
10172 3131 3298 3158 3965 
10173 3308 2679 3974 4180 
10174 2312 2295 2294 3879 
10175 102 119 3063 3719 
10176 3130 3889 3092 4063 
10177 2741 3263 3206 3817 
10178 3141 4033 225 4144 
10179 2730 3148 3037 4047 
10180 3414 3518 3069 4008 
10181 2739 3485 3659 3815 
10182 2360 2359 2375 3348 
10183 3043 4059 3551 4255 
10184 2691 3856 2929 4142 
10185 2750 3616 2959 4301 
10186 2313 2314 2296 3879 
10187 184 3285 166 3715 
10188 2469 2449 3873 4270 
10189 2737 3186 3595 4040 
10190 2440 3002 2420 3739 
10191 2443 2423 2422 3115 
10192 3263 3713 3206 3817 
10193 3277 3447 2768 4347 
10194 55 38 56 3216 
10195 3426 3481 2860 3824 
10196 2899 3323 3050 4008 
10197 2800 3478 3167 4330 
10198 2725 3471 3270 4293 
10199 3275 3563 2769 3808 
10200 3368 4237 3020 4285 
10201 2720 3612 3375 3639 
10202 2941 3390 3061 3943 
10203 2936 3497 1174 3671 
10204 1504 1204 3453 3642 
10205 2813 3915 3867 4343 
10206 2784 3413 1451 4375 
10207 615 634 3360 4278 
10208 2961 3268 1098 3990 
10209 1876 1878 3294 3625 
10210 3285 3794 2776 4024 
10211 2937 3795 3082 4222 
10212 2983 3378 1162 3547 
10213 2116 2097 3324 3584 
10214 2711 3067 2961 3570 
10215 1214 1215 3383 3812 
10216 2734 3106 3893 4318 
10217 1948 1947 2987 3655 
10218 2952 2893 3745 4244 
10219 2721 3750 3040 3809 
10220 3567 3938 1233 4173 
10221 505 3016 504 3631 
10222 1736 2912 1735 4185 
10223 3346 3929 2947 4313 
10224 2879 2716 3052 3468 
10225 3236 2796 3884 4329 
10226 2719 3389 2856 4104 
10227 2856 3636 3460 4308 
10228 3039 3258 2671 3329 
10229 472 490 3431 4301 
10230 3454 3839 3216 4054 
10231 2239 3134 2254 3612 
10232 2794 3667 3395 3909 
10233 6 9 8 3095 
10234 2894 3131 3298 3842 
10235 73 58 3454 4025 
10236 3074 3150 2668 3858 
10237 1361 1706 1698 3242 
10238 244 3868 2954 4401 
10239 2785 3648 3013 3929 
10240 1906 1907 1875 4092 
10241 3271 3390 2941 4325 
10242 558 3197 559 3575 
10243 376 3008 377 3796 
10244 1686 3282 3024 4030 
10245 3290 4038 2849 4168 
10246 3158 3937 3131 3965 
10247 2587 2603 3846 3951 
10248 2731 3676 3793 4367 
10249 2839 3539 3061 3943 
10250 2085 2107 2883 3621 
10251 682 683 3160 3452 
10252 2722 3302 3387 3697 
10253 2688 3252 3193 3493 
10254 2705 2674 3694 3853 
10255 3059 2678 4121 4411 
10256 508 509 2959 4301 
10257 2179 2161 2178 3317 
10258 2965 2646 3463 4217 
10259 2084 1646 1635 3180 
10260 1660 3215 1670 3279 
10261 2650 3086 2975 4161 
10262 2779 3162 2913 3678 
10263 2315 2977 2314 4001 
10264 2177 2159 2176 3317 
10265 3122 2755 3404 4135 
10266 2426 3121 2446 4022 
10267 3234 3716 2976 4267 
10268 2865 3753 3681 4324 
10269 3306 3358 2907 3772 
10270 2821 3218 3605 4249 
10271 3097 3445 3708 4257 
10272 2854 3322 3185 3856 
10273 2668 3392 2851 3763 
10274 1371 1376 3380 3402 
10275 2693 2875 3183 3532 
10276 2811 3579 2975 3697 
10277 3187 2647 3813 4090 
10278 172 3225 171 4072 
10279 3103 3823 3276 4307 
10280 3334 3432 2889 4365 
10281 3139 3234 2630 3385 
10282 2636 3036 3171 3993 
10283 3497 3510 3394 4212 
10284 3335 3500 2692 4006 
10285 765 746 766 3726 
10286 2290 3132 2291 4105 
10287 1412 1401 2984 3594 
10288 2075 2095 2074 3364 
10289 101 118 100 3959 
10290 2748 2957 3101 4176 
10291 2788 3629 3168 3727 
10292 2954 3868 2707 3942 
10293 1330 2922 1323 4087 
10294 504 3016 486 3631 
10295 2746 3574 2960 3722 
10296 3491 3920 2683 4245 
10297 187 202 186 3225 
10298 3515 3875 3126 3980 
10299 2694 3399 3106 4318 
10300 2196 2212 2197 3055 
10301 2705 2973 3774 3853 
10302 2737 4040 3631 4320 
10303 1418 3218 2940 4110 
10304 2960 3168 2637 3721 
10305 666 3381 692 3906 
10306 2640 3980 3875 4267 
10307 1961 1596 3386 3469 
10308 2762 4086 3876 4096 
10309 3046 4043 3562 4201 
10310 917 3830 927 4076 
10311 2090 3776 3178 3829 
10312 657 635 2966 4144 
10313 2701 3203 2928 4039 
10314 3332 3616 2805 4331 
10315 3028 2673 3432 4314 
10316 2836 3351 3030 4228 
10317 949 3521 3018 3830 
10318 2143 2144 2126 3587 
10319 2732 3264 3235 3588 
10320 1339 3279 1345 3774 
10321 2908 3442 3336 4196 
10322 2239 3375 3134 3612 
10323 3540 3900 2832 4109 
10324 2741 3206 3713 4066 
10325 2958 4007 2684 4120 
10326 3071 2652 3569 4366 
10327 2862 3337 3054 4154 
10328 2642 3137 3341 3997 
10329 2897 4116 3360 4278 
10330 2613 3376 3598 4264 
10331 2780 3757 3970 4288 
10332 2364 3429 3100 3611 
10333 2508 3130 3948 4295 
10334 3569 4179 3071 4366 
10335 2951 2683 3403 3679 
10336 100 118 117 3959 
10337 2881 3064 3839 3946 
10338 2911 3532 3120 4304 
10339 852 878 851 3868 
10340 2908 3336 3442 3778 
10341 3366 3670 2934 4238 
10342 864 2942 839 3636 
10343 1258 1248 1249 3339 
10344 3017 2501 3561 4363 
10345 2647 3016 2972 4291 
10346 3043 3071 2664 4255 
10347 2622 3406 3707 3763 
10348 3235 3588 3363 3914 
10349 744 2913 763 4082 
10350 2516 3156 2536 3256 
10351 2625 2938 3240 3979 
10352 2643 3336 2989 3442 
10353 2626 2980 3489 3704 
10354 2095 2075 2367 3021 
10355 3013 3163 2746 4197 
10356 2688 3202 3303 3625 
10357 1730 3310 1731 3673 
10358 2652 3032 3304 4182 
10359 86 3719 3025 3815 
10360 2757 3358 3772 3947 
10361 836 816 817 3765 
10362 3057 3595 3164 4204 
10363 3008 3056 2752 3857 
10364 1753 3147 1754 3379 
10365 1352 3752 2895 3822 
10366 3086 2771 3319 3675 
10367 3422 3944 2811 4161 
10368 2992 3142 2887 4192 
10369 2880 3644 3550 4281 
10370 2401 2383 3154 3324 
10371 2446 2425 2445 3316 
10372 1460 3325 2766 4016 
10373 744 2913 722 3726 
10374 2616 2994 3435 4244 
10375 1518 1506 1505 3019 
10376 2974 2729 3307 3797 
10377 2707 2954 3439 3868 
10378 2851 2745 3280 4166 
10379 28 3048 3434 4362 
10380 2814 3464 3035 3680 
10381 3096 4300 3041 4356 
10382 2728 3288 3278 3513 
10383 522 3631 523 4208 
10384 2707 3315 3445 3647 
10385 2765 2981 3260 3828 
10386 2615 3373 2992 3658 
10387 2706 3452 2921 3504 
10388 2684 3234 3139 3515 
10389 2847 3654 3527 4071 
10390 2914 3018 4005 4075 
10391 2062 2092 2093 3806 
10392 216 229 3608 3742 
10393 2697 3572 3540 3962 
10394 755 3247 3129 3248 
10395 3021 2683 3429 3611 
10396 3033 2771 3873 4063 
10397 2689 3511 2943 3841 
10398 2866 3834 3613 4370 
10399 2174 4112 4150 4299 
10400 672 650 673 3565 
10401 2709 3947 3012 4253 
10402 3025 3815 3396 4170 
10403 2658 3471 3270 4139 
10404 1056 3478 587 4330 
10405 999 1349 1343 3737 
10406 2787 3580 3113 3883 
10407 201 200 185 3715 
10408 2913 3546 3678 4044 
10409 3105 3807 2757 4253 
10410 3164 4005 2914 4204 
10411 3128 4053 3187 4365 
10412 299 325 3713 3817 
10413 2136 3002 2152 4241 
10414 2704 3480 3382 3734 
10415 2977 3410 2333 4010 
10416 2509 3033 2489 3873 
10417 2366 2367 2355 3021 
10418 2453 2951 2454 3679 
10419 3515 2849 4038 4168 
10420 983 3432 3334 4365 
10421 2787 3062 3237 3831 
10422 2718 3344 3332 4331 
10423 3176 3029 3333 3823 
10424 2630 3234 3344 3764 
10425 235 3239 3159 3523 
10426 938 939 949 3018 
10427 2747 2883 3506 3635 
10428 511 3074 510 3858 
10429 2930 3649 2734 3888 
10430 1343 998 999 3737 
10431 2955 3389 3171 4080 
10432 2392 2393 2375 2975 
10433 2965 3759 2934 3855 
10434 2767 3106 3353 3399 
10435 634 3693 3360 4278 
10436 2560 3044 2577 4319 
10437 2750 3153 3616 4301 
10438 2806 3409 3034 3861 
10439 643 641 622 3989 
10440 2686 3098 3023 4171 
10441 2037 2916 3420 3806 
10442 73 57 58 4025 
10443 3057 3936 3748 4377 
10444 441 424 442 3069 
10445 2664 3343 3053 4179 
10446 8 6 3095 3659 
10447 2473 2951 2453 3679 
10448 2869 3740 3506 4102 
10449 3170 3828 2929 3968 
10450 2899 2735 3780 3788 
10451 2684 3259 3145 3901 
10452 3005 3275 1558 4108 
10453 859 858 3663 4300 
10454 2753 3401 2991 4317 
10455 3039 3941 3663 3960 
10456 804 3383 807 4371 
10457 1355 1356 3211 3752 
10458 2620 3207 3233 4272 
10459 58 3216 40 4054 
10460 2354 3429 3021 4101 
10461 2402 2420 2136 3002 
10462 35 3396 52 4170 
10463 2640 2954 3716 4233 
10464 2891 3262 3117 4323 
10465 2991 3608 2753 4317 
10466 2982 3216 3839 4054 
10467 2711 3182 2960 3685 
10468 2084 3180 1635 4067 
10469 2615 3373 3658 3899 
10470 2967 3466 3509 3924 
10471 1807 1780 1806 2993 
10472 2061 2060 2944 3991 
10473 2541 2559 3311 4363 
10474 2972 3423 538 4049 
10475 1929 3073 1489 3931 
10476 1503 1204 1504 3642 
10477 2840 3647 3369 4097 
10478 2960 3168 2788 3629 
10479 1661 3094 1671 3481 
10480 3217 2637 3629 4078 
10481 1520 3006 1521 3272 
10482 2682 3471 3030 4155 
10483 2732 3660 3166 4250 
10484 3048 3354 3025 4170 
10485 2843 4180 3773 4407 
10486 2674 3637 3393 3694 
10487 2860 3822 3481 4334 
10488 2234 4164 2235 4185 
10489 2559 2270 3204 4363 
10490 373 374 400 3056 
10491 2897 3360 2731 3425 
10492 3506 3894 2869 4102 
10493 2958 3830 391 4120 
10494 2907 3477 2709 3947 
10495 2860 3824 3287 4193 
10496 3081 3930 3565 4223 
10497 2709 3674 3842 3971 
10498 1460 2766 3222 4016 
10499 2629 3029 4021 4283 
10500 2621 3462 3037 3793 
10501 124 3661 141 4149 
10502 542 559 541 3197 
10503 3241 4073 2860 4193 
10504 2665 3274 3293 3784 
10505 2173 4112 2174 4299 
10506 2791 3785 2942 3902 
10507 2673 3128 3865 4204 
10508 2685 3735 3811 4323 
10509 2661 3528 3558 3842 
10510 2672 3767 3210 3779 
10511 2936 3642 1500 3727 
10512 2866 3613 3051 3749 
10513 981 3128 982 4365 
10514 2711 3067 2931 3174 
10515 1731 3310 1722 3673 
10516 2646 2990 3457 4127 
10517 1065 1055 3167 3262 
10518 289 3359 318 3901 
10519 2411 2430 3422 4270 
10520 2737 3595 3331 4040 
10521 2840 3369 2969 4097 
10522 2994 4121 3435 4244 
10523 2105 2106 2084 3180 
10524 2625 3283 2938 3979 
10525 298 3713 3263 3817 
10526 3016 3813 3423 4090 
10527 1414 1806 1404 3474 
10528 158 175 157 4194 
10529 944 3758 3371 4281 
10530 3249 3455 1385 4389 
10531 3007 3495 3103 3950 
10532 2107 3587 2883 3621 
10533 3484 3826 3055 4399 
10534 653 676 2897 4317 
10535 2899 3069 3323 4008 
10536 2775 3265 3207 3728 
10537 3267 3428 2983 3905 
10538 2125 4030 3180 4299 
10539 2293 3208 2277 4191 
10540 3211 3455 2723 4384 
10541 2953 4131 3626 4408 
10542 512 3150 511 4166 
10543 1103 1115 1114 3609 
10544 3243 3553 2892 4313 
10545 3387 3640 3198 4128 
10546 3039 3315 2803 3445 
10547 3040 3253 2700 4351 
10548 2662 3118 3607 3987 
10549 3029 3756 2793 4209 
10550 633 3360 634 3693 
10551 2916 3543 3015 3806 
10552 2858 4214 4077 4346 
10553 861 862 262 3627 
10554 76 94 74 3454 
10555 2960 3252 2788 3685 
10556 2945 3899 2615 3946 
10557 2481 2227 2501 3017 
10558 3530 3729 3036 4328 
10559 3162 3678 3372 4044 
10560 2650 4041 3191 4239 
10561 2807 3576 3001 4254 
10562 2857 3373 3834 3899 
10563 486 3016 3331 3631 
10564 1612 2886 3711 4067 
10565 3124 2887 3465 4106 
10566 2192 3317 2191 3449 
10567 435 3431 3090 3643 
10568 1195 3642 1194 3905 
10569 2559 3204 3044 4363 
10570 3069 3414 2899 4198 
10571 2995 4003 3386 4163 
10572 2881 3658 3064 3946 
10573 2642 3997 4094 4250 
10574 2413 2414 3100 3679 
10575 3364 3920 2717 3956 
10576 1726 1735 1736 2912 
10577 2613 3729 3196 4328 
10578 374 3857 3056 4361 
10579 862 2942 264 3627 
10580 232 3742 3523 3757 
10581 869 2963 870 3797 
10582 2659 3516 3658 3669 
10583 3086 3873 2449 4270 
10584 2704 2959 3102 3779 
10585 2424 2423 3115 3316 
10586 2648 3042 3443 4125 
10587 2246 3226 2260 3532 
10588 2730 3470 3251 4047 
10589 2735 3479 3041 3620 
10590 3009 3290 4096 4200 
10591 2638 3520 3421 4322 
10592 3115 3561 2950 3720 
10593 3756 3823 3103 4307 
10594 171 172 189 3225 
10595 1215 3567 1216 4173 
10596 3068 2716 3318 3406 
10597 1064 3249 1385 4389 
10598 2667 4005 3236 4329 
10599 455 473 3431 4301 
10600 653 654 676 4317 
10601 250 856 3096 3960 
10602 2781 3261 3548 4110 
10603 2750 3434 2876 3743 
10604 2693 3226 3183 3981 
10605 2628 3142 2992 4192 
10606 970 955 958 3028 
10607 2615 3834 3373 3899 
10608 3373 4035 3465 4199 
10609 3013 3648 2785 4400 
10610 2619 3362 3175 3843 
10611 3377 3424 2924 4172 
10612 1327 1333 1661 3094 
10613 2710 3418 3520 4174 
10614 2503 3311 3692 4100 
10615 2744 3448 3395 3724 
10616 2676 3712 2875 3986 
10617 3251 3717 3651 3800 
10618 2836 3356 4155 4293 
10619 1655 2979 1654 3506 
10620 2626 3507 3489 3996 
10621 2665 3798 2866 4222 
10622 1304 1315 1314 3537 
10623 3029 3593 2690 4283 
10624 2580 2595 3753 4210 
10625 1755 1754 1779 3310 
10626 1288 3517 1283 3862 
10627 2650 2975 3640 4161 
10628 2881 4032 4012 4412 
10629 3187 3534 2786 3865 
10630 2693 3120 2875 3532 
10631 1735 3505 2912 3736 
10632 3130 3948 3033 4063 
10633 791 1207 3097 4371 
10634 393 3090 390 3706 
10635 2474 2454 2453 2951 
10636 319 292 3195 3359 
10637 1452 1467 3413 3490 
10638 1514 3103 3286 3938 
10639 2810 2997 4032 4072 
10640 2748 3201 3419 3664 
10641 479 3280 3577 4213 
10642 1291 3809 3040 4351 
10643 3078 3132 2844 3949 
10644 508 507 489 3102 
10645 247 250 3096 3439 
10646 2893 3057 3534 4377 
10647 1276 898 897 4308 
10648 2898 3189 2641 3975 
10649 653 676 675 3425 
10650 3056 3857 3008 4361 
10651 2890 3399 3353 3954 
10652 2836 3591 3356 4293 
10653 2742 3411 2906 3717 
10654 1647 1634 1645 3782 
10655 2703 4159 2970 4298 
10656 2738 3973 3619 4200 
10657 2347 2094 3353 3806 
10658 1495 3363 3494 3701 
10659 274 273 242 3439 
10660 3363 3494 2713 3931 
10661 2725 2949 3351 4293 
10662 674 3162 3425 3726 
10663 1500 2936 1201 3642 
10664 479 3577 497 4213 
10665 3105 3400 2757 3807 
10666 2726 3438 2875 3986 
10667 538 556 555 2972 
10668 3558 3842 2894 3863 
10669 2492 2512 4211 4359 
10670 767 766 747 2802 
10671 217 216 3099 3742 
10672 2801 3062 3712 4088 
10673 767 2802 748 3541 
10674 2934 3366 3289 4322 
10675 2791 3941 3785 4380 
10676 2883 3635 2930 3984 
10677 2718 3344 2976 4095 
10678 2671 3039 3329 3898 
10679 2647 3534 3057 4377 
10680 2395 2394 3422 3810 
10681 2625 3382 2938 4086 
10682 2780 3250 2997 4288 
10683 3116 3456 2821 3605 
10684 1363 1355 1356 3211 
10685 3163 3551 3370 4411 
10686 2043 3080 2042 4402 
10687 2383 2368 2367 3324 
10688 2886 3342 2795 3711 
10689 2883 3149 3557 4221 
10690 3387 3672 2722 4128 
10691 2623 3940 3759 4238 
10692 3235 3264 2777 3588 
10693 2783 2846 3827 3928 
10694 2798 3515 2953 3626 
10695 1702 1695 1703 3438 
10696 3240 3767 2825 3979 
10697 1055 1044 1046 3262 
10698 1621 3386 1608 4003 
10699 443 3119 444 3518 
10700 2614 3158 3361 4136 
10701 2912 3540 3505 3714 
10702 526 114 545 3238 
10703 2685 3182 3665 4186 
10704 2096 2076 3364 3603 
10705 2667 3190 4075 4131 
10706 2808 3346 3648 3985 
10707 1291 3040 1301 4351 
10708 2943 3511 2620 3710 
10709 1796 1797 3308 4099 
10710 2750 3465 3124 3743 
10711 2640 3126 3875 3980 
10712 1435 1451 2784 3972 
10713 2816 3306 3085 4180 
10714 3031 3660 3652 4289 
10715 2446 2426 2425 3316 
10716 2667 3314 3219 4329 
10717 2474 2453 2473 2951 
10718 2748 3084 3355 4264 
10719 719 3081 720 4082 
10720 653 3693 654 4317 
10721 2208 3317 3114 4205 
10722 611 3352 593 3573 
10723 258 859 860 3297 
10724 836 3258 816 3765 
10725 2623 3458 3012 4148 
10726 2987 2710 3502 3520 
10727 2335 3410 3292 4010 
10728 1556 3005 1557 4108 
10729 1200 1201 1500 2936 
10730 2772 3461 3507 4405 
10731 2983 3546 3267 3905 
10732 2830 4121 3370 4411 
10733 3069 3323 2851 3392 
10734 2560 2559 3044 4319 
10735 2622 3288 3323 3707 
10736 97 3238 96 3794 
10737 2848 2794 3653 3939 
10738 3190 4093 2963 4408 
10739 3480 3626 2958 4007 
10740 592 3575 3352 3634 
10741 2785 3929 3013 4310 
10742 3190 3837 2838 4408 
10743 879 2942 864 3460 
10744 554 2972 555 3832 
10745 985 974 986 3328 
10746 2202 2218 2203 3532 
10747 3459 3514 2663 4160 
10748 2308 2309 2590 3246 
10749 2952 2616 3770 4244 
10750 2799 3349 4075 4256 
10751 653 2897 3693 4317 
10752 1248 3286 1249 3339 
10753 290 3138 892 4341 
10754 3236 3884 3526 4256 
10755 1906 3188 1907 4092 
10756 2696 3291 3004 4163 
10757 2932 2768 3732 3814 
10758 1536 1535 3586 4145 
10759 2659 3658 3516 4012 
10760 489 3431 3102 4320 
10761 61 45 3354 3434 
10762 2949 3246 2817 3733 
10763 3006 3272 3007 3880 
10764 2819 3232 2951 4129 
10765 3038 3118 2740 4225 
10766 3358 3772 3306 4180 
10767 2761 3770 3251 3800 
10768 2773 3107 3042 3633 
10769 3410 3827 2783 3916 
10770 3080 3302 2042 4402 
10771 3679 3803 2790 3820 
10772 958 3432 3028 4294 
10773 1044 1035 1034 4384 
10774 3175 2726 3436 3843 
10775 3153 3357 439 3992 
10776 2361 3579 2975 3810 
10777 42 44 43 2985 
10778 2880 3581 3569 3961 
10779 2847 3620 3479 3780 
10780 2713 3363 3472 4146 
10781 2646 3213 2996 4348 
10782 2920 3065 4116 4367 
10783 921 3571 3825 4308 
10784 1065 1063 3262 3990 
10785 2677 3395 3114 3466 
10786 3235 3914 2962 3997 
10787 2874 3138 3126 4023 
10788 1702 1694 1695 3438 
10789 1676 1675 2126 3621 
10790 3136 3616 2704 3779 
10791 2987 2755 3169 4061 
10792 375 348 349 4361 
10793 2652 3071 3698 4366 
10794 3189 3983 3471 4043 
10795 1452 1453 3490 4178 
10796 527 510 528 3074 
10797 1118 3394 1109 3570 
10798 508 489 490 3102 
10799 2579 4210 2865 4319 
10800 610 611 629 3352 
10801 2642 3341 3137 3498 
10802 2943 2620 3511 3870 
10803 3064 3459 2945 3899 
10804 1525 1540 1541 4108 
10805 4 3396 3095 3659 
10806 263 264 3066 3627 
10807 2803 3039 3445 3898 
10808 2633 3448 2932 3596 
10809 1845 1821 1820 3261 
10810 2774 3334 3595 4040 
10811 2911 2693 3226 3532 
10812 2516 2515 3156 3256 
10813 2880 3440 3028 3869 
10814 1568 2872 1589 3544 
10815 2877 3698 3447 4138 
10816 3117 3698 3384 4138 
10817 2210 2209 2224 3114 
10818 314 906 317 4219 
10819 3145 313 3901 4120 
10820 2710 3469 3127 4060 
10821 3013 2746 3193 4310 
10822 1096 1097 1407 3601 
10823 2393 2412 2394 3422 
10824 2700 3253 3053 3537 
10825 747 3726 724 4188 
10826 2510 3033 2530 4359 
10827 716 3381 2970 3907 
10828 2788 3727 3168 4212 
10829 3498 4094 3341 4310 
10830 2330 2329 1879 3060 
10831 2980 3665 2845 3704 
10832 2699 3148 2906 3377 
10833 86 87 3719 3815 
10834 658 3452 2966 3718 
10835 3911 3945 457 4262 
10836 3160 3628 680 3757 
10837 2863 3335 3866 4006 
10838 2682 3189 3471 4043 
10839 798 816 814 3329 
10840 2723 3447 3277 4134 
10841 3136 3619 2762 4200 
10842 2660 3321 2990 3491 
10843 2684 2958 3626 4007 
10844 2850 4185 3449 4327 
10845 2636 3337 3036 3530 
10846 2642 3125 3583 4137 
10847 2773 3043 3551 4255 
10848 2690 3467 3110 3593 
10849 3246 4184 3132 4207 
10850 1760 3151 1761 4152 
10851 3100 3403 2683 3679 
10852 2642 3341 3498 4094 
10853 657 2966 658 3452 
10854 3338 3909 2223 4327 
10855 2630 3385 3234 3764 
10856 2912 3714 1735 4185 
10857 2748 3355 3084 3568 
10858 2980 2917 3534 3735 
10859 1227 2900 1228 3812 
10860 23 26 2982 3545 
10861 601 621 620 3864 
10862 610 629 628 3352 
10863 2723 4366 3211 4384 
10864 2864 3838 3203 4039 
10865 2671 2957 3320 3941 
10866 2022 3110 3209 3878 
10867 3010 3261 1820 4099 
10868 380 354 381 3499 
10869 2489 3033 2509 4359 
10870 3121 3316 2890 4022 
10871 2627 3780 3231 3902 
10872 2085 3635 3506 3984 
10873 3785 3941 3320 4380 
10874 2692 2937 3747 4006 
10875 2578 3044 2577 4210 
10876 23 24 10 2982 
10877 3212 3249 1398 3601 
10878 615 3360 3192 4278 
10879 2337 1891 1893 3890 
10880 2788 3168 2960 4212 
10881 2983 3678 3378 4044 
10882 610 3352 628 3731 
10883 2678 3929 3346 4313 
10884 52 3396 35 3815 
10885 2901 3453 2948 4078 
10886 2634 3076 3369 4260 
10887 186 201 185 3715 
10888 2908 3442 3046 3872 
10889 3034 3280 2745 4213 
10890 1279 1286 1570 3683 
10891 2755 3019 3309 4374 
10892 2769 3563 3275 3878 
10893 2642 3472 3235 3583 
10894 3044 3681 3045 4210 
10895 2637 3217 3411 4078 
10896 3244 4053 2786 4314 
10897 3138 3560 2874 4230 
10898 1519 3272 3019 4145 
10899 2656 3292 3045 3766 
10900 2963 3837 3190 4408 
10901 2879 2692 3747 3784 
10902 1584 3005 1556 3586 
10903 1498 1469 2948 3453 
10904 2997 2810 4032 4069 
10905 2794 3114 3395 3466 
10906 3114 2223 3909 4327 
10907 3721 3722 2960 4240 
10908 2646 3213 2990 4127 
10909 1053 3455 3262 4389 
10910 1097 3268 1108 3601 
10911 3052 3417 2706 4396 
10912 2667 3190 3314 4075 
10913 2725 3351 3471 4293 
10914 2444 2445 2424 3316 
10915 3591 3703 3405 4228 
10916 1187 1174 1188 2936 
10917 2871 3823 3760 4283 
10918 4147 4176 3058 4260 
10919 3012 3855 2934 4238 
10920 3086 3675 3319 4161 
10921 1250 3286 1248 3339 
10922 3289 3387 2896 3672 
10923 3363 3588 1918 3914 
10924 2933 3728 3887 4385 
10925 76 59 75 3911 
10926 2457 2456 3882 3886 
10927 166 149 167 3715 
10928 181 183 182 3618 
10929 3198 3387 3098 3920 
10930 1311 3053 1306 3537 
10931 3288 3323 2727 4008 
10932 529 3150 512 4166 
10933 2821 3322 3185 3549 
10934 3541 3662 3247 4292 
10935 2754 3075 3042 3995 
10936 2794 3375 3336 3923 
10937 3177 4080 3407 4248 
10938 335 336 2818 4305 
10939 2930 3888 2883 4221 
10940 2838 3837 3531 4408 
10941 417 418 3643 4000 
10942 2702 3917 3049 4353 
10943 2996 3843 3181 4407 
10944 2681 3676 2897 4116 
10945 2818 3709 335 4305 
10946 1526 1513 1525 3103 
10947 1992 1993 1970 4357 
10948 2914 4028 3371 4294 
10949 2670 3233 3600 3964 
10950 2948 3508 3411 4078 
10951 2523 2503 3311 3692 
10952 570 587 1056 3478 
10953 2629 3831 2886 4282 
10954 814 813 796 3329 
10955 2293 2311 2294 4020 
10956 1075 1398 3249 3601 
10957 3174 3721 2845 3800 
10958 3092 3681 3130 4063 
10959 2841 3607 3118 3987 
10960 2961 3570 3394 4046 
10961 994 3409 3328 3861 
10962 2695 2989 3442 3903 
10963 3052 2866 3798 4222 
10964 2636 4080 3177 4248 
10965 2914 4005 3334 4204 
10966 346 3666 321 4361 
10967 2642 3498 3125 3929 
10968 2063 3420 2062 3806 
10969 3114 3449 2208 4327 
10970 2806 3444 3406 3707 
10971 3357 4085 420 4362 
10972 3162 3425 2731 3554 
10973 3178 3829 3776 3893 
10974 173 4072 156 4194 
10975 3471 4155 3356 4293 
10976 2821 3605 3456 4249 
10977 2191 3317 3241 3449 
10978 3117 3384 2852 4138 
10979 1438 2766 1442 3456 
10980 1756 2993 1780 3852 
10981 2619 3559 3362 3843 
10982 2848 3557 3466 4221 
10983 967 957 966 3644 
10984 3270 4336 4139 4339 
10985 3430 4077 3313 4214 
10986 447 962 973 3409 
10987 3117 3455 2723 4037 
10988 2762 3269 3462 4096 
10989 2746 2960 3574 4275 
10990 2792 3227 3230 3624 
10991 3401 4065 2681 4116 
10992 1218 3567 1233 4173 
10993 3006 3586 3005 3940 
10994 3023 3477 3367 3947 
10995 3121 4022 3873 4295 
10996 2795 3143 3760 4283 
10997 3224 3906 665 4156 
10998 2914 3371 3018 4075 
10999 1130 1141 1129 3570 
11000 3068 2882 3699 4312 
11001 3087 3412 2742 3804 
11002 349 3713 3008 4361 
11003 1994 1971 1993 3254 
11004 2811 4195 3302 4402 
11005 1406 3212 1398 3601 
11006 3100 3429 2683 3611 
11007 1683 3426 1673 3481 
11008 2646 2990 3213 4348 
11009 2337 1893 2339 3890 
11010 2393 2411 2412 3422 
11011 2635 3252 2960 3685 
11012 2395 3422 3100 3810 
11013 178 3345 3141 3913 
11014 3104 3411 2948 3927 
11015 58 3454 3216 4054 
11016 2827 2943 3686 3870 
11017 2703 2931 4159 4298 
11018 2889 3128 3432 4204 
11019 1187 1173 2936 3510 
11020 305 281 2939 3590 
11021 2970 3381 716 4403 
11022 391 949 940 3521 
11023 2949 3351 2305 4184 
11024 300 326 3817 3963 
11025 2713 3073 3494 4074 
11026 663 641 665 3224 
11027 2135 3787 2153 3836 
11028 2619 2928 3227 4039 
11029 2770 3517 3389 4309 
11030 2349 2348 2360 3348 
11031 2709 3228 3947 4253 
11032 2763 3397 3024 3986 
11033 2627 3816 3035 4057 
11034 1621 1608 1607 4003 
11035 993 3409 3861 4409 
11036 3385 3764 2630 4200 
11037 2958 2684 3259 4120 
11038 2298 2297 3473 4390 
11039 3011 3377 2924 4368 
11040 1488 1487 1486 3727 
11041 2699 3430 3104 3927 
11042 1396 1395 1403 2993 
11043 2825 3741 3210 3789 
11044 2393 2376 2375 2975 
11045 1671 3094 1341 3822 
11046 886 887 870 3797 
11047 2729 2943 3686 4091 
11048 2979 3621 3506 4387 
11049 2842 2714 3655 4322 
11050 3016 2647 3423 3813 
11051 3036 3355 2748 3568 
11052 3146 3373 2738 4192 
11053 80 96 97 3238 
11054 3333 3759 3467 4103 
11055 301 277 3041 3817 
11056 2678 3163 3013 4197 
11057 3081 2703 3461 4223 
11058 20 37 19 3659 
11059 2763 3310 3147 3379 
11060 3010 3085 2653 4180 
11061 3065 3462 2938 3619 
11062 426 443 425 3518 
11063 856 3663 3096 3960 
11064 3136 3385 4199 4200 
11065 3421 3670 2714 4374 
11066 3011 3378 2802 4044 
11067 39 56 38 3216 
11068 3239 3523 2997 4288 
11069 1339 1338 3279 3774 
11070 2489 3873 3033 4359 
11071 2748 3922 2957 4176 
11072 2818 2651 3066 4376 
11073 2712 3230 3227 3624 
11074 3775 3866 2692 4006 
11075 2401 3324 3154 4048 
11076 2645 3632 3347 4135 
11077 2986 3864 3677 4034 
11078 2770 4080 3544 4165 
11079 2638 4274 3520 4322 
11080 2659 3142 2992 4012 
11081 2625 3979 3240 4306 
11082 2421 2950 2441 3720 
11083 2534 3846 3156 4211 
11084 2855 3800 3651 4220 
11085 3221 3628 2897 4317 
11086 2790 4336 3820 4372 
11087 2637 3651 3411 3717 
11088 3320 3604 2998 4373 
11089 2168 2440 2170 3296 
11090 3314 3884 3236 4256 
11091 2869 4045 3109 4102 
11092 1521 3006 1536 3880 
11093 3001 3454 2807 3874 
11094 2848 3768 3653 4205 
11095 2454 3403 2434 3679 
11096 859 3297 256 4300 
11097 3255 3915 3849 4261 
11098 2661 3558 3012 4253 
11099 2665 2879 3747 3784 
11100 2903 3966 3528 4379 
11101 3240 3767 2938 3779 
11102 3062 3831 3564 4088 
11103 2757 3358 3181 3772 
11104 390 3090 415 3885 
11105 3252 3493 2867 3977 
11106 42 3545 2985 4054 
11107 686 3452 3305 4111 
11108 1524 1512 1511 3880 
11109 1621 1607 1620 4003 
11110 444 443 426 3119 
11111 2687 3172 3309 3542 
11112 3111 3731 644 3999 
11113 2655 3483 2909 4032 
11114 3129 2681 3500 3662 
11115 3345 3398 2740 3790 
11116 2042 2043 2016 3080 
11117 3104 3927 3222 4382 
11118 1142 2931 1130 3907 
11119 2621 3335 3500 4172 
11120 3027 3481 3426 3824 
11121 2806 3444 3328 4014 
11122 2691 3313 3116 3895 
11123 2692 2937 3500 3747 
11124 923 3371 3758 4076 
11125 1963 1986 1964 3469 
11126 3017 3204 2656 3524 
11127 666 692 3381 3999 
11128 1007 3244 1015 3737 
11129 2917 3187 3835 4019 
11130 2685 3117 3182 4186 
11131 3487 4128 2896 4171 
11132 2135 2153 2137 3836 
11133 3035 3533 3433 4057 
11134 537 2972 554 4019 
11135 2786 3597 3244 4323 
11136 171 189 188 3225 
11137 2796 3526 3236 3884 
11138 3062 3362 2801 3712 
11139 2761 3936 2952 4377 
11140 2631 3042 3075 3995 
11141 2991 2780 3488 3742 
11142 2898 3660 2732 3850 
11143 1780 2993 1807 3852 
11144 2773 3551 3071 4255 
11145 2645 3347 3955 4058 
11146 2729 3307 2963 4093 
11147 2626 3461 3437 3854 
11148 842 3531 2963 3871 
11149 2706 3305 3052 4396 
11150 2752 3064 3459 3819 
11151 3358 4180 2679 4407 
11152 839 2998 840 3636 
11153 452 3431 453 4320 
11154 2956 3233 2670 3689 
11155 3483 4032 2997 4072 
11156 2501 2227 2241 3017 
11157 2973 4162 3774 4338 
11158 2630 3136 3385 4199 
11159 3179 2775 3528 3632 
11160 2492 4211 2999 4359 
11161 767 780 3011 3541 
11162 2376 2361 2975 3810 
11163 2264 3208 2278 3879 
11164 2774 3521 2958 4005 
11165 2260 3183 2247 3532 
11166 732 731 707 3129 
11167 2453 2454 2433 3679 
11168 382 383 405 3788 
11169 2529 3033 2509 3948 
11170 1271 2955 1270 4064 
11171 205 2997 190 4194 
11172 2971 3296 3002 4241 
11173 2720 3687 3123 3778 
11174 3365 3698 3071 4366 
11175 2610 2918 2599 3327 
11176 3091 3235 2777 4098 
11177 2209 3114 2210 4205 
11178 824 823 2969 3812 
11179 2661 3245 3022 3807 
11180 1522 1510 1509 3880 
11181 2778 3337 3054 4123 
11182 2708 3132 3246 4105 
11183 2948 3453 2834 3508 
11184 2786 3304 3244 4314 
11185 3035 3157 3533 4057 
11186 2973 3310 1713 4162 
11187 3033 3614 2530 4359 
11188 2154 3120 2172 4112 
11189 2895 3519 3365 4134 
11190 2618 3098 3198 4171 
11191 612 3573 593 3877 
11192 190 205 189 4056 
11193 3074 3790 3398 4332 
11194 2722 3668 3191 3672 
11195 2684 3626 3480 4007 
11196 1679 3024 1688 3501 
11197 2701 3912 3024 3994 
11198 2664 3824 3027 4354 
11199 3145 2684 4007 4120 
11200 2789 3394 3510 4212 
11201 2240 3375 2239 3612 
11202 3300 3650 2898 4286 
11203 2752 3048 3669 4326 
11204 1994 2019 1995 3563 
11205 886 3797 870 3837 
11206 3270 3471 2658 4293 
11207 2683 3679 2951 3803 
11208 2990 3491 3457 4127 
11209 830 831 3960 4227 
11210 2698 3764 3464 4287 
11211 1950 3312 3586 3655 
11212 3369 3511 2689 3841 
11213 552 569 553 3832 
11214 3346 3551 3013 4411 
11215 1655 1654 2979 4102 
11216 2699 3377 2924 4172 
11217 435 3090 415 3643 
11218 3137 3805 3341 3997 
11219 1988 1989 1966 3502 
11220 2702 3374 3269 4077 
11221 2268 3204 2256 3612 
11222 2875 3120 2693 3712 
11223 2818 3066 2939 4305 
11224 2711 3570 2961 4046 
11225 814 3258 813 3329 
11226 2223 3338 2237 3909 
11227 3446 3528 2903 3966 
11228 2682 3189 3030 3471 
11229 804 826 801 3645 
11230 601 620 2986 3864 
11231 3023 3367 2646 3463 
11232 2602 2327 2603 3951 
11233 2900 3301 2969 3812 
11234 2858 3585 3313 3849 
11235 3517 3544 2770 4080 
11236 2897 2731 3360 4116 
11237 2858 3728 3585 3849 
11238 522 521 504 3016 
11239 2683 3100 3679 3944 
11240 2803 3445 3315 3647 
11241 3155 3749 3613 4370 
11242 721 2913 743 4082 
11243 2774 3480 3821 4005 
11244 2636 3407 3177 4080 
11245 2534 3156 3492 4211 
11246 3314 4075 3349 4256 
11247 2842 3366 2714 4322 
11248 3744 3745 2893 4244 
11249 1201 3642 2936 3671 
11250 2984 3853 3368 4237 
11251 2670 2935 3600 3802 
11252 2848 3317 3026 3587 
11253 1044 3262 1053 3455 
11254 22 3216 39 3659 
11255 2678 3346 3013 4411 
11256 3613 3749 2866 4370 
11257 256 859 258 3297 
11258 2492 3492 2999 4211 
11259 3292 2861 4130 4391 
11260 351 350 325 3206 
11261 1 3095 3396 4326 
11262 2858 3600 4214 4346 
11263 2875 3532 3120 4112 
11264 2629 2795 3593 4283 
11265 3045 3503 3766 3769 
11266 1575 1597 1943 3469 
11267 76 3001 3454 3911 
11268 2043 4158 3080 4402 
11269 443 444 461 3518 
11270 2709 3674 3228 3842 
11271 3020 3368 2882 4237 
11272 2625 3283 3229 4086 
11273 2368 2096 2095 3324 
11274 2931 3497 1141 3570 
11275 3026 3426 1685 4073 
11276 2789 3510 3394 4242 
11277 2745 3150 2986 3864 
11278 742 719 720 4082 
11279 34 52 51 4170 
11280 2107 3587 2108 3984 
11281 2874 3195 3359 3716 
11282 2223 2237 3338 4327 
11283 2911 2971 3213 4304 
11284 2817 3492 3156 4211 
11285 2912 3505 1735 3714 
11286 3150 3858 511 4166 
11287 2673 3304 3865 4314 
11288 2916 3418 3194 3420 
11289 2808 3539 2989 4068 
11290 2837 3268 4046 4186 
11291 3234 3385 3139 3515 
11292 2621 3269 3148 3462 
11293 1116 1117 3268 3394 
11294 2842 2987 3421 3655 
11295 2710 3520 2987 4311 
11296 2777 3264 3091 3646 
11297 148 131 147 4024 
11298 2750 2959 3762 4301 
11299 1815 3300 1814 4232 
11300 759 1157 1144 4159 
11301 2952 3486 2616 4244 
11302 2877 4255 3732 4347 
11303 3116 3915 2813 4343 
11304 3045 3292 2656 4018 
11305 1512 1511 3007 3938 
11306 2705 3774 3140 3853 
11307 2644 3377 3651 4047 
11308 2811 3429 4195 4402 
11309 2395 2413 3100 3422 
11310 2906 3651 3251 3717 
11311 1516 1517 1505 3019 
11312 2643 3442 2989 3903 
11313 1037 3167 1036 3597 
11314 498 3034 497 3577 
11315 2305 3351 2949 3405 
11316 2969 2803 3645 4097 
11317 357 2939 3709 4031 
11318 2611 2610 2345 2918 
11319 2960 2788 3252 4275 
11320 2942 3902 3231 4115 
11321 278 253 279 3297 
11322 2406 3316 2407 3954 
11323 3094 3638 1332 3752 
11324 2929 3260 2981 3828 
11325 2580 2579 2595 4210 
11326 2762 3876 3290 4096 
11327 1655 1654 2085 3506 
11328 663 3224 665 4156 
11329 3626 3821 3480 4005 
11330 3382 3385 2762 3876 
11331 2030 1632 1644 4358 
11332 2622 4118 3288 4154 
11333 2693 3183 3226 3532 
11334 2703 3267 3555 4159 
11335 2408 3761 2890 4022 
11336 1564 2871 1563 3143 
11337 3012 3624 3463 3855 
11338 3083 3372 2779 4141 
11339 2629 3564 3831 4282 
11340 2623 3624 3230 4148 
11341 2749 3652 3969 4196 
11342 2674 3368 2984 3853 
11343 146 527 546 3790 
11344 2626 3489 3083 3704 
11345 2823 2943 3841 4093 
11346 791 789 1207 4371 
11347 561 562 579 3210 
11348 2976 3464 3035 4160 
11349 2676 3994 3282 4030 
11350 1826 3548 1421 3594 
11351 2941 3390 2902 4325 
11352 27 42 3545 4394 
11353 2927 3588 3235 3914 
11354 2765 3749 3155 4370 
11355 2782 3681 3092 4190 
11356 3026 2677 3241 3317 
11357 595 3554 3112 3741 
11358 2751 3558 3265 3632 
11359 2840 2969 3369 3657 
11360 823 3657 820 3871 
11361 190 2997 205 4056 
11362 215 3099 3608 3618 
11363 3164 3595 3057 4306 
11364 2106 3180 2105 3617 
11365 1109 1107 1098 2961 
11366 393 416 3090 3706 
11367 2950 2694 3720 4318 
11368 2682 3840 3969 4289 
11369 3046 3840 3562 4043 
11370 3235 3472 3363 4146 
11371 2327 2326 3405 3951 
11372 826 825 801 3645 
11373 2748 3337 3201 3729 
11374 2644 3377 3037 3424 
11375 2114 2115 3106 4216 
11376 2632 3430 3313 4214 
11377 2980 3748 3534 4124 
11378 2666 3495 3058 3950 
11379 2088 3635 3178 4358 
11380 2713 3494 3363 3701 
11381 2648 3220 3042 4125 
11382 1544 2995 2974 3684 
11383 3158 3910 3361 4136 
11384 2830 3370 3163 4182 
11385 2860 3519 3287 3824 
11386 2945 3613 3155 3749 
11387 2758 3489 3352 3854 
11388 2838 3626 4131 4408 
11389 3531 3837 2963 4408 
11390 804 801 805 3812 
11391 2943 2689 3841 4093 
11392 1391 1385 1064 3249 
11393 3448 3667 2812 4268 
11394 3395 3466 2677 3924 
11395 3281 3773 2843 4099 
11396 1584 1951 1935 3005 
11397 2989 3509 2812 4321 
11398 2741 3439 3263 3817 
11399 3252 3574 2960 4275 
11400 2914 3236 3164 4204 
11401 1988 2012 2013 3502 
11402 2986 3068 620 3468 
11403 2738 3065 3582 4035 
11404 476 4166 3858 4265 
11405 927 3018 939 4076 
11406 3015 3579 3302 3697 
11407 2688 2932 3341 3928 
11408 3308 2843 3981 4340 
11409 2401 2384 2383 3324 
11410 2679 3151 4247 4340 
11411 2811 3100 3429 3944 
11412 3331 3631 2737 4040 
11413 3270 3000 4336 4339 
11414 349 350 376 3008 
11415 611 593 612 3573 
11416 2782 3889 3123 4190 
11417 2107 2127 2128 3587 
11418 2888 3212 3093 3249 
11419 3076 2905 3511 3710 
11420 2636 3177 3203 4248 
11421 1080 1068 1081 3791 
11422 2349 2066 2348 3579 
11423 3171 3389 2955 3925 
11424 2670 3233 2956 3600 
11425 2701 3279 2973 3501 
11426 2673 3057 3164 4204 
11427 1440 1438 1441 3456 
11428 2923 3278 2651 4376 
11429 3078 3949 2844 4247 
11430 2375 2392 2975 3761 
11431 2310 2293 2292 4191 
11432 1651 3027 1663 3552 
11433 3107 3346 2947 4313 
11434 1953 1935 1952 3808 
11435 2077 3603 3883 4344 
11436 2725 3983 3350 4113 
11437 1572 1571 1594 4003 
11438 39 3216 38 3659 
11439 1142 1130 1131 3907 
11440 1037 536 553 3835 
11441 528 511 529 3150 
11442 278 3297 279 3590 
11443 3128 2786 4053 4314 
11444 2135 2153 3787 4241 
11445 2689 3369 2969 3657 
11446 2119 2117 2135 3584 
11447 2859 3098 3387 3920 
11448 2040 2067 3302 3543 
11449 3021 2717 3364 3920 
11450 2759 3255 3091 3915 
11451 1258 1259 1248 3339 
11452 2647 3534 3187 3865 
11453 2872 3544 4080 4165 
11454 3235 3583 3472 4098 
11455 1596 3127 1574 3386 
11456 2136 2402 3002 4241 
11457 814 796 798 3329 
11458 294 3195 292 4401 
11459 2937 3146 3014 3504 
11460 3014 3146 2738 4192 
11461 1511 1510 3007 3938 
11462 3375 3653 2794 3939 
11463 765 766 3378 3726 
11464 2653 3358 3181 3773 
11465 2349 2348 3348 3579 
11466 357 3788 2939 4031 
11467 992 991 981 4365 
11468 2726 3175 3397 3986 
11469 1427 1108 3268 3601 
11470 1151 3510 3490 4242 
11471 2717 3021 3599 3920 
11472 460 3518 477 4265 
11473 2939 3066 2818 4115 
11474 1657 3912 3180 4030 
11475 2945 2675 3527 3607 
11476 3562 3840 3046 3872 
11477 2662 3839 3064 3946 
11478 2495 2474 2494 3953 
11479 3090 3186 2704 3431 
11480 2812 4084 3448 4321 
11481 2627 3419 3231 3754 
11482 1349 3211 1348 3752 
11483 3891 3966 2903 4379 
11484 1820 3010 1819 3691 
11485 2837 3730 3093 4037 
11486 728 750 727 3221 
11487 1489 3073 1487 3494 
11488 3379 3438 1729 4235 
11489 2209 2223 2224 3114 
11490 4 19 3396 3659 
11491 426 425 3414 3518 
11492 2703 3428 3174 3437 
11493 2695 3539 3648 3985 
11494 2110 2930 3635 3984 
11495 2625 2988 3283 3979 
11496 1994 3563 1995 3808 
11497 2752 3008 3459 3514 
11498 3297 3627 2735 3902 
11499 2816 3308 3151 3974 
11500 2983 3546 3378 3678 
11501 1015 1024 1016 3737 
11502 1141 3497 2931 4386 
11503 3287 4059 2967 4410 
11504 2657 3079 3188 4092 
11505 2741 3096 3041 4356 
11506 2829 3352 3573 3877 
11507 726 3221 748 4188 
11508 3188 3490 2867 4271 
11509 2782 3092 3889 4190 
11510 3290 3876 2956 4096 
11511 2693 3213 3362 4304 
11512 3401 3488 2991 3970 
11513 2914 4005 3236 4075 
11514 354 3479 381 3499 
11515 2145 3587 2162 3768 
11516 2413 3100 3422 3679 
11517 1514 1513 3103 3938 
11518 1146 772 773 3247 
11519 891 3531 3138 4219 
11520 732 3129 755 3247 
11521 2797 3158 3910 4174 
11522 3132 3476 3070 3949 
11523 3155 3834 2945 3899 
11524 3256 3953 3492 4129 
11525 1396 2993 1756 3926 
11526 2707 3439 2954 3533 
11527 2698 3266 3082 3834 
11528 2986 2668 3318 4243 
11529 3003 3962 3732 4347 
11530 2614 3965 3158 4136 
11531 1396 1403 1404 2993 
11532 2837 3601 3093 3730 
11533 595 2968 3554 3741 
11534 3049 3170 2702 4353 
11535 3043 4059 3287 4410 
11536 1963 1985 1986 3469 
11537 2727 3518 3280 3577 
11538 2872 3203 4080 4209 
11539 2984 3310 3147 4234 
11540 2626 3461 3854 4405 
11541 1160 3378 2983 3546 
11542 221 222 235 3523 
11543 216 3608 3099 3742 
11544 2682 3660 3189 4043 
11545 1632 4102 1644 4358 
11546 2842 3312 3254 4357 
11547 2703 3081 2970 3555 
11548 2633 3295 3540 3900 
11549 3245 2736 3887 4147 
11550 611 629 3352 3573 
11551 3055 3653 3375 3939 
11552 5 3095 1 3857 
11553 2816 3205 3350 3974 
11554 2798 3219 2953 4038 
11555 2725 3030 3351 4315 
11556 3680 4168 3376 4287 
11557 2272 1762 1763 3482 
11558 3129 3500 3247 3662 
11559 2849 3234 3385 3764 
11560 2042 3302 3080 4236 
11561 3206 3817 326 3963 
11562 1387 1061 1380 2984 
11563 3178 3635 2930 3888 
11564 2631 3032 3522 3935 
11565 2960 3629 2788 4275 
11566 3626 4005 3018 4131 
11567 2645 3179 3347 3632 
11568 2685 3665 2961 4186 
11569 3105 2813 3772 4343 
11570 2099 2100 2078 3113 
11571 299 325 298 3713 
11572 2085 2086 3635 3984 
11573 1046 1044 1034 3597 
11574 2367 2382 2383 3154 
11575 3161 3282 2875 4299 
11576 473 472 454 3431 
11577 1727 3241 1717 3736 
11578 2997 3225 2780 4056 
11579 302 278 303 3590 
11580 3506 4102 3740 4358 
11581 3245 3887 3355 4147 
11582 3300 4232 3650 4286 
11583 1345 2973 1351 3774 
11584 2655 2997 3250 4288 
11585 2618 2990 3321 3491 
11586 3122 3309 2755 4135 
11587 1691 1683 3481 4073 
11588 994 985 3328 3409 
11589 2741 3533 3035 4233 
11590 868 842 2963 3847 
11591 824 2969 823 3301 
11592 2746 3435 3163 3722 
11593 3053 3537 3638 4284 
11594 861 862 2942 3765 
11595 3050 3231 2862 3754 
11596 1916 1932 1933 3363 
11597 1642 2979 1654 4102 
11598 2738 3009 3973 4200 
11599 3250 4032 2810 4069 
11600 2749 3766 3556 4196 
11601 2689 2963 4093 4408 
11602 1069 2882 3791 3860 
11603 1982 3740 2006 4026 
11604 1741 1755 1742 3310 
11605 3059 3633 3107 4411 
11606 3197 3741 560 3877 
11607 1091 1078 1079 3791 
11608 3419 3664 3201 3754 
11609 3059 4036 2994 4121 
11610 2617 3003 3732 4255 
11611 3081 3930 3381 4403 
11612 741 3081 719 4082 
11613 3211 3365 2895 3752 
11614 2856 3571 3407 4309 
11615 2673 3432 3128 4204 
11616 3124 3373 2887 4106 
11617 2624 3687 2908 3778 
11618 2690 3333 3029 3823 
11619 2841 3858 3392 4265 
11620 1646 2084 2106 3180 
11621 31 3354 3048 4170 
11622 1474 1186 1166 3415 
11623 3179 3347 2797 3702 
11624 2711 2960 3721 4212 
11625 3014 3500 2681 3676 
11626 3168 2637 3508 3629 
11627 3370 4138 3163 4182 
11628 2749 2904 3652 4196 
11629 3023 2709 3477 3947 
11630 2527 3130 3753 3948 
11631 2860 3738 3241 4193 
11632 2017 4158 3254 4357 
11633 2910 3672 3668 4369 
11634 2829 3573 3112 3877 
11635 2642 3498 3137 4296 
11636 644 3111 625 3731 
11637 3201 2748 3729 4264 
11638 2619 3175 3362 3933 
11639 2837 3093 3601 4037 
11640 2644 3428 3678 4141 
11641 2690 3760 3276 3823 
11642 2924 3541 3247 4292 
11643 1013 1005 3328 3861 
11644 1929 1487 1489 3073 
11645 541 522 3016 4049 
11646 561 3741 560 3789 
11647 2635 3685 3182 3730 
11648 1507 1228 1506 3272 
11649 3057 2673 3745 3865 
11650 3189 3350 2641 3975 
11651 3036 3568 3171 3993 
11652 2645 3172 4051 4091 
11653 2723 3402 3249 3455 
11654 2393 2376 2975 3810 
11655 2676 3712 3062 4088 
11656 3600 4077 2935 4214 
11657 1727 2206 3241 3449 
11658 3979 4279 3240 4306 
11659 2625 3595 3164 4306 
11660 1341 3094 1340 3752 
11661 1640 3552 4015 4079 
11662 2649 3932 2929 4142 
11663 1064 1385 3455 4389 
11664 2831 3208 3060 4020 
11665 2183 2441 2421 2950 
11666 2832 3540 3295 3900 
11667 5 3857 1 4326 
11668 2617 2964 3924 4084 
11669 1558 1557 1936 3005 
11670 3074 3790 510 4262 
11671 3506 3635 2883 3984 
11672 2712 3227 3400 3624 
11673 2961 4046 3268 4186 
11674 2687 3173 3309 4374 
11675 2858 3849 3313 4214 
11676 2850 3338 3208 4164 
11677 3142 3690 2733 4055 
11678 2788 2960 3685 4212 
11679 3046 3969 3840 4289 
11680 31 3048 28 4362 
11681 2925 4085 3357 4362 
11682 716 3906 3381 3907 
11683 2794 2848 3466 3939 
11684 2714 3586 3006 3940 
11685 112 510 3790 4262 
11686 2202 2187 2186 3120 
11687 2515 2514 3156 3492 
11688 2836 3703 3591 4228 
11689 2982 3545 2853 3796 
11690 1780 1404 1806 2993 
11691 119 118 101 3063 
11692 2757 3181 2996 3559 
11693 2600 2918 2611 3951 
11694 1919 3588 3363 4333 
11695 3361 3910 2839 4136 
11696 2847 3479 3041 3963 
11697 3365 3071 4179 4366 
11698 952 3571 942 3781 
11699 2969 3841 2900 4097 
11700 2872 2955 1568 4064 
11701 3668 3806 3015 4355 
11702 1291 1294 1301 3040 
11703 3233 4029 2827 4272 
11704 2043 2016 3080 4158 
11705 2691 3273 3022 3585 
11706 3308 2679 4180 4407 
11707 3164 3236 2673 4204 
11708 2835 3581 3569 4284 
11709 2904 4094 3916 4189 
11710 2621 3037 3148 4172 
11711 2202 2187 3120 4112 
11712 2816 3151 3205 3974 
11713 2215 2200 3070 3476 
11714 3535 3852 2832 4251 
11715 2679 3367 3358 4348 
11716 3208 4164 2277 4191 
11717 2767 3806 3668 4355 
11718 2759 3085 3867 3915 
11719 2761 2980 3748 4377 
11720 2093 2063 2062 3806 
11721 2687 3309 3019 4374 
11722 3538 4340 2843 4407 
11723 1735 2912 1726 3736 
11724 2724 3426 3026 4193 
11725 1743 1733 1383 3144 
11726 3065 3676 3014 4116 
11727 3448 4084 2932 4321 
11728 2672 3210 2959 3779 
11729 1996 2021 1997 3563 
11730 2643 3299 3903 4321 
11731 3040 2721 3349 3522 
11732 1588 3441 4064 4398 
11733 912 923 3758 4076 
11734 2701 3203 4039 4248 
11735 3271 3399 2978 3512 
11736 481 464 3409 3577 
11737 594 612 593 3877 
11738 2623 3759 2934 4238 
11739 2708 3246 3132 4207 
11740 3077 3520 3502 4369 
11741 216 229 215 3608 
11742 3645 4227 2803 4371 
11743 2819 3403 3154 3886 
11744 2774 3821 3164 4005 
11745 1385 1384 1378 3402 
11746 3820 4336 2999 4372 
11747 2373 2358 2357 3348 
11748 2970 3081 3461 4403 
11749 2904 3442 3046 4196 
11750 2944 3991 3340 4259 
11751 2653 3306 3772 4180 
11752 2712 3036 3355 4328 
11753 2704 3186 3102 3431 
11754 2735 3479 3620 3780 
11755 93 92 73 3874 
11756 2619 3400 3227 3559 
11757 1793 3151 1791 4152 
11758 3311 4190 3017 4363 
11759 2635 4269 3730 4271 
11760 3386 3740 2869 4003 
11761 2759 3091 3264 3646 
11762 2840 3138 4230 4341 
11763 2619 3181 3559 3843 
11764 2379 2364 3100 3611 
11765 1199 1189 1190 2936 
11766 2947 3891 3553 4081 
11767 2986 3318 3052 4243 
11768 2622 3707 3323 3763 
11769 2257 3476 2258 3482 
11770 3057 3595 2889 3813 
11771 2667 3236 4005 4075 
11772 2642 3125 3498 4296 
11773 2698 4004 3764 4287 
11774 2770 3389 3407 4309 
11775 2645 3347 3179 3955 
11776 301 276 277 3817 
11777 2604 2328 3246 3846 
11778 2727 3119 3518 3577 
11779 3219 3689 3602 4329 
11780 1741 3310 1730 3379 
11781 2397 3403 2398 3611 
11782 1642 3552 2979 4015 
11783 52 67 51 3025 
11784 2773 3427 3343 3935 
11785 1755 2984 1380 4162 
11786 2858 4077 3313 4346 
11787 2769 3333 3005 3940 
11788 2871 3756 3029 4209 
11789 3187 4053 1002 4365 
11790 3372 3424 3162 4044 
11791 2193 3317 2208 4205 
11792 2663 3459 3008 3514 
11793 3421 3520 2638 4311 
11794 1501 1500 3642 3727 
11795 3310 3379 2763 3673 
11796 3446 2903 3891 3966 
11797 2995 3386 2696 4163 
11798 2503 2502 3311 4100 
11799 3574 3977 3447 4347 
11800 3024 2701 3501 3912 
11801 3360 3693 2897 4278 
11802 2702 4346 3917 4353 
11803 2641 3350 3189 4052 
11804 2954 3439 3263 3533 
11805 1675 1685 2126 3621 
11806 3013 3498 2746 4310 
11807 2634 3708 3445 4257 
11808 2961 3182 2711 4046 
11809 3044 4210 2578 4319 
11810 2969 3301 2900 3841 
11811 390 393 416 3090 
11812 2785 3509 2989 4321 
11813 816 3258 814 3329 
11814 1655 1643 1642 4102 
11815 2694 3121 3115 3316 
11816 2878 3766 3503 3769 
11817 1599 1610 2886 3711 
11818 1619 4102 4003 4224 
11819 1848 1872 1849 3133 
11820 2578 4210 2579 4319 
11821 2038 2039 2012 3543 
11822 2332 2333 2315 2977 
11823 741 719 742 4082 
11824 420 3992 3357 4362 
11825 3005 3880 2756 4108 
11826 2454 2434 2433 3679 
11827 2818 4117 387 4290 
11828 2843 3181 3843 4407 
11829 1330 1324 1331 3279 
11830 1958 3760 3209 4266 
11831 2627 3754 3047 3816 
11832 589 3634 590 3731 
11833 3008 3796 376 3857 
11834 2941 3442 3336 3778 
11835 2905 3875 3710 4168 
11836 1180 2983 1181 3905 
11837 2913 2703 3546 4082 
11838 2459 2438 2458 3739 
11839 1791 3151 1793 3589 
11840 731 730 3160 3662 
11841 2452 2432 2431 3679 
11842 2257 3226 2242 3476 
11843 3359 4000 3952 4276 
11844 2808 3346 3630 4059 
11845 2741 3817 3206 3963 
11846 1362 1355 3211 3752 
11847 2456 3882 3886 3953 
11848 2834 3651 3508 4220 
11849 1232 1233 1218 3567 
11850 80 3238 509 3762 
11851 2813 3322 3105 3585 
11852 1882 3625 1884 3827 
11853 2218 2202 2217 3532 
11854 2780 3225 2997 4069 
11855 3228 3674 3306 3998 
11856 986 987 3328 3571 
11857 1432 3218 1418 4110 
11858 963 975 974 3571 
11859 984 993 481 3409 
11860 2694 3399 3271 3512 
11861 2994 3408 3059 4121 
11862 2971 3836 3787 4241 
11863 2666 3286 3103 3950 
11864 2473 3679 2453 3820 
11865 731 730 706 3160 
11866 3204 3612 2269 4390 
11867 1705 1713 2973 3501 
11868 2682 3200 3969 4155 
11869 2979 4045 3894 4102 
11870 1352 1362 1360 3752 
11871 1755 1779 1394 2984 
11872 1331 1338 1330 3279 
11873 1744 3505 3144 3714 
11874 3324 3584 2097 3603 
11875 2647 3187 3813 3865 
11876 823 2969 825 3657 
11877 2738 3266 3009 4200 
11878 3179 3243 2754 3553 
11879 747 746 724 3726 
11880 2689 3531 2963 4408 
11881 3168 3721 2960 4212 
11882 2925 3992 3434 4362 
11883 2771 3092 3889 4063 
11884 2690 3276 3333 3823 
11885 2731 3162 3372 3424 
11886 2642 3137 3472 4296 
11887 2910 3672 3520 3851 
11888 2693 2996 3213 3538 
11889 2099 3113 2078 3883 
11890 1583 1951 1584 3312 
11891 2855 3704 3251 3800 
11892 3194 3469 2710 3502 
11893 2435 3403 2434 3953 
11894 3039 3960 831 4227 
11895 569 570 553 3832 
11896 2758 3996 3832 4124 
11897 2794 3134 3375 3923 
11898 123 140 122 3483 
11899 2676 2875 3282 3986 
11900 1884 3625 3202 3827 
11901 2797 3851 3158 4174 
11902 3240 2737 3734 4306 
11903 3440 3644 2880 4281 
11904 842 2963 3847 3871 
11905 1324 3279 1330 4087 
11906 2896 4128 3387 4171 
11907 3172 2751 3632 4135 
11908 1691 4073 3481 4334 
11909 796 813 794 3329 
11910 59 3454 2985 3911 
11911 349 376 375 3008 
11912 1362 1363 1369 3211 
11913 2910 3158 3851 4174 
11914 342 318 343 3359 
11915 2357 3348 2347 3353 
11916 2920 3690 3192 4278 
11917 3487 4041 2680 4128 
11918 2495 2496 2475 3953 
11919 3003 3365 2664 3519 
11920 2671 3445 2957 3941 
11921 1460 1438 2766 3325 
11922 579 3210 562 4024 
11923 139 122 140 3483 
11924 2658 3356 3675 4063 
11925 2799 3028 2914 3371 
11926 3178 3340 2058 4358 
11927 2856 4132 3636 4308 
11928 3022 3245 2661 4385 
11929 2789 4046 3394 4212 
11930 2264 2278 2279 3879 
11931 2851 3150 2745 4166 
11932 1581 3169 1580 3655 
11933 1743 3144 1383 3926 
11934 282 259 261 2939 
11935 3578 4165 2815 4282 
11936 4003 4102 2869 4224 
11937 2256 3612 3204 4363 
11938 1776 3281 3147 3379 
11939 2927 3890 3166 4246 
11940 3508 3629 2637 4078 
11941 2817 3405 2949 4013 
11942 2935 3802 3269 4096 
11943 2050 2024 4042 4203 
11944 2315 2332 2977 4001 
11945 2681 3676 3500 4292 
11946 1873 3475 1872 4092 
11947 1594 1571 1593 4003 
11948 3410 3556 2977 3916 
11949 2075 3364 2074 4101 
11950 522 3016 505 3631 
11951 1528 3307 2974 4187 
11952 1744 3144 1757 3714 
11953 2996 3559 3181 3843 
11954 744 743 2913 4082 
11955 3179 3243 2775 4029 
11956 330 3479 3590 3788 
11957 228 3608 229 3742 
11958 2080 2079 2101 4011 
11959 3732 3814 2768 3962 
11960 2269 3204 2268 3612 
11961 3249 3601 3093 4037 
11962 2872 3517 2955 4080 
11963 3685 3730 2635 4269 
11964 3063 4114 3284 4157 
11965 1285 3040 1291 3809 
11966 3214 3903 2904 4094 
11967 1332 3638 1335 3752 
11968 2727 3034 3280 3707 
11969 3019 3272 3006 4145 
11970 2683 3154 3021 3599 
11971 2501 2481 3017 3561 
11972 3109 4045 4015 4102 
11973 1331 1339 1338 3279 
11974 3194 3420 2944 3991 
11975 3046 3442 2908 4196 
11976 3159 3239 235 4144 
11977 2935 3600 3802 4096 
11978 1611 1612 1622 4067 
11979 3047 3529 2847 3620 
11980 2617 2967 3509 3924 
11981 2781 3436 3281 3773 
11982 2367 2075 2355 3021 
11983 2774 3885 3334 4040 
11984 2694 3271 3399 4318 
11985 2857 3514 3899 4160 
11986 1023 3140 1014 3774 
11987 2896 3672 3387 4128 
11988 2720 3524 3687 3778 
11989 2673 3164 3057 3745 
11990 1826 3147 3548 3594 
11991 2624 3840 3562 3872 
11992 3093 3212 2888 4383 
11993 3091 3255 2764 4261 
11994 2646 3457 3023 4217 
11995 2732 3166 2898 3650 
11996 2659 3048 3025 3669 
11997 1207 3383 3097 4371 
11998 3674 3842 3131 4379 
11999 2834 2948 3411 3927 
12000 2677 3606 3395 3924 
12001 2935 3412 3087 4214 
12002 3221 4188 3425 4292 
12003 508 507 3102 3789 
12004 3106 2385 4216 4404 
12005 2629 3564 3062 3831 
12006 2475 2474 2495 3953 
12007 2789 2915 3730 4271 
12008 770 771 784 3247 
12009 3042 3107 2754 3995 
12010 76 3454 59 3911 
12011 710 733 3129 3248 
12012 2730 3037 3462 4406 
12013 1509 1521 1522 3880 
12014 262 862 264 3627 
12015 2659 3124 3658 3743 
12016 1987 1986 2011 3502 
12017 459 3518 460 4265 
12018 2658 3270 3000 4336 
12019 2938 3767 3240 3979 
12020 195 178 3141 3913 
12021 2762 3382 3876 4086 
12022 2841 3392 3945 4265 
12023 383 405 3788 4031 
12024 3328 3409 2806 3861 
12025 2893 3745 3057 4377 
12026 3028 3371 2799 4281 
12027 2692 3248 3135 3784 
12028 3151 3308 2816 4152 
12029 1393 1394 1779 2984 
12030 1866 3456 1867 4232 
12031 3737 3961 2835 4388 
12032 2734 2941 3649 3826 
12033 3219 3870 2953 4038 
12034 3193 3252 2746 3574 
12035 2629 2928 3578 4021 
12036 1974 3275 1954 3808 
12037 2208 3114 2209 4205 
12038 2620 3710 3875 4168 
12039 2768 3295 3572 3962 
12040 2645 3179 3632 3955 
12041 2537 3256 3156 4105 
12042 850 3657 3645 4341 
12043 2785 3903 3214 4094 
12044 857 252 856 3663 
12045 3140 3774 1364 4338 
12046 2887 2738 3373 4192 
12047 2659 3142 4012 4157 
12048 3466 3939 2848 4221 
12049 3534 3748 2980 4377 
12050 2771 3873 3130 4295 
12051 2706 3452 3305 3718 
12052 2680 3131 3751 3971 
12053 2722 3289 3080 4274 
12054 3088 3485 105 4149 
12055 950 962 430 2923 
12056 1200 1191 1192 3671 
12057 3179 3702 2797 4136 
12058 2798 3139 3382 3385 
12059 3342 3711 2003 4203 
12060 3031 3583 3496 4137 
12061 3140 3859 1022 3861 
12062 2878 3766 3200 3969 
12063 3668 3672 2722 4369 
12064 2822 3340 3991 4259 
12065 2654 2967 3466 4068 
12066 3085 4180 3306 4343 
12067 3010 2843 3773 4099 
12068 1655 2979 3506 4102 
12069 1950 1582 1949 3655 
12070 2633 3900 3540 4109 
12071 1583 1950 1951 3312 
12072 2787 3062 3831 3967 
12073 3916 4094 2783 4189 
12074 4236 4274 3080 4357 
12075 493 476 494 4166 
12076 2692 3247 3129 3500 
12077 3602 3689 2796 4329 
12078 2825 4208 3102 4279 
12079 2741 3041 3817 3963 
12080 2941 2902 3872 4325 
12081 3021 3429 2683 3920 
12082 2765 3047 3155 3749 
12083 3105 3228 2661 4253 
12084 3322 3549 2821 4393 
12085 1044 1045 1035 3455 
12086 3015 3543 3302 3579 
12087 2759 3264 3091 3850 
12088 3437 3854 3461 4223 
12089 263 285 283 2939 
12090 2623 3759 3333 4103 
12091 2827 3314 3219 3870 
12092 2665 3260 3170 3795 
12093 3125 3804 3583 4137 
12094 3281 3436 2843 3773 
12095 2218 2203 3532 4107 
12096 3336 3375 2720 3923 
12097 3422 3810 2811 3944 
12098 3159 3160 682 3757 
12099 2895 3365 3211 4134 
12100 3358 3367 2996 4348 
12101 2792 3463 3559 3624 
12102 2615 3038 3118 4412 
12103 3764 4267 3464 4287 
12104 2250 2235 2234 4164 
12105 2705 3393 2674 3982 
12106 3077 4274 4236 4357 
12107 2699 2924 3335 4172 
12108 2765 3201 3566 3828 
12109 1631 1618 4015 4102 
12110 2699 2924 3377 4368 
12111 2625 2988 3979 4306 
12112 2613 3968 3170 4353 
12113 2901 3508 3453 4078 
12114 3252 3685 2635 4269 
12115 1669 1679 1680 3912 
12116 2514 2534 3156 3492 
12117 458 457 3945 4262 
12118 178 196 195 3141 
12119 2755 3421 3169 4374 
12120 1982 3386 3740 4026 
12121 2875 3712 3175 3986 
12122 2861 4010 3473 4390 
12123 3681 3753 2715 4324 
12124 2988 4279 3813 4291 
12125 1321 1318 3053 3638 
12126 2857 3658 3373 3899 
12127 2991 3608 228 3742 
12128 2932 2633 3596 3814 
12129 3089 3699 2981 3932 
12130 2705 4014 3177 4123 
12131 2705 3853 3140 4169 
12132 3298 3851 2894 3863 
12133 3094 3752 1341 3822 
12134 3191 2680 4041 4128 
12135 2643 2989 3336 4119 
12136 2652 3370 3071 3569 
12137 3070 3132 3949 4105 
12138 3229 3802 2956 4096 
12139 1357 1356 1348 3211 
12140 3527 3654 2853 4071 
12141 62 47 3434 3762 
12142 988 990 4053 4388 
12143 3266 2630 3764 4200 
12144 2941 3778 2720 3826 
12145 1535 1554 1555 3586 
12146 2718 3359 3195 3716 
12147 3167 3735 3597 3835 
12148 2647 3534 3748 4124 
12149 2681 3500 3014 3504 
12150 2655 3239 2997 4288 
12151 869 868 2963 3847 
12152 349 350 3008 3713 
12153 3456 3646 2766 4070 
12154 2985 3454 59 4054 
12155 2757 3772 3181 4153 
12156 987 976 2922 3571 
12157 2183 2198 2441 4399 
12158 3166 3890 3200 4277 
12159 2620 3233 3917 4272 
12160 2632 3255 3091 4261 
12161 2702 3290 3049 3917 
12162 2681 2897 3401 4116 
12163 3126 3138 2874 4230 
12164 2689 3511 3369 4002 
12165 3318 3798 3052 4243 
12166 2625 2938 3283 4086 
12167 2944 3178 3776 3893 
12168 282 261 283 2939 
12169 2050 4042 3580 4203 
12170 2685 3262 3117 4186 
12171 261 2939 259 3627 
12172 3278 3460 3066 3845 
12173 2881 3839 3576 3946 
12174 2645 3686 2943 4091 
12175 423 3945 3072 4198 
12176 1653 1654 3552 3621 
12177 666 665 3111 3906 
12178 3282 4150 2875 4299 
12179 2711 3174 2931 3833 
12180 2725 3030 3189 3471 
12181 1173 1174 1187 2936 
12182 2975 2811 3640 4161 
12183 374 3641 3056 3857 
12184 51 4170 3025 4181 
12185 2125 2106 2105 3617 
12186 264 862 864 2942 
12187 190 189 172 2997 
12188 927 3830 3018 4076 
12189 2227 2241 3017 3639 
12190 51 67 66 3025 
12191 2754 3347 3179 3702 
12192 173 2997 4072 4194 
12193 2620 2953 3870 4038 
12194 2793 3838 3036 3976 
12195 2713 3217 3137 4074 
12196 3040 3349 2799 3440 
12197 2639 3525 3061 4259 
12198 1689 1345 1339 3501 
12199 23 24 2982 4054 
12200 3145 3259 2684 4120 
12201 2619 3362 3559 3933 
12202 2227 2226 2241 3639 
12203 3091 3496 3255 3850 
12204 2136 2134 2402 3584 
12205 812 832 811 3039 
12206 1654 1666 2085 3506 
12207 600 3864 2986 4034 
12208 2904 3997 4094 4189 
12209 2978 3450 3390 4143 
12210 421 420 4085 4362 
12211 2639 3525 2944 3893 
12212 1950 3586 1582 3655 
12213 2774 3186 3885 4040 
12214 2844 3132 4184 4207 
12215 2367 3021 2366 3611 
12216 1611 2886 1612 4067 
12217 3103 3286 2666 3339 
12218 119 101 102 3063 
12219 3313 4077 3273 4346 
12220 3032 2830 3526 4182 
12221 289 292 319 3359 
12222 2642 3031 3214 4137 
12223 3393 3694 2864 4123 
12224 2818 336 4117 4305 
12225 1130 1142 1141 2931 
12226 777 763 3378 3546 
12227 2768 3277 3572 3844 
12228 2747 3623 3004 3894 
12229 2325 2612 2346 3951 
12230 2716 3052 3318 3798 
12231 3120 3532 2693 4304 
12232 3253 3537 2700 4351 
12233 3023 3477 2709 3746 
12234 2822 3918 3194 4026 
12235 2641 3388 3255 3998 
12236 1501 1502 1488 3727 
12237 285 283 2939 3709 
12238 3131 3674 3388 4052 
12239 850 877 876 4341 
12240 2970 3461 2703 4298 
12241 2965 3463 3023 4217 
12242 2136 3584 2402 4241 
12243 2807 3001 3874 4254 
12244 2156 3161 4112 4299 
12245 2981 3293 2929 3932 
12246 2887 2628 3582 4192 
12247 2143 2126 3026 3587 
12248 2870 3350 3983 4113 
12249 2451 3679 3422 3820 
12250 2728 3409 3328 3825 
12251 2913 3378 3546 4044 
12252 559 3575 3197 3877 
12253 2530 2549 2550 3614 
12254 3416 3859 2806 4409 
12255 2698 3834 3155 4160 
12256 2990 4247 3078 4348 
12257 2717 3599 3491 3920 
12258 2970 3461 3381 4403 
12259 2936 3727 3510 4212 
12260 1589 1588 3441 4064 
12261 3338 4164 2850 4327 
12262 3082 3834 2866 4370 
12263 2932 3814 3732 4084 
12264 3040 2799 3758 4281 
12265 2898 3166 2732 3660 
12266 3389 3517 2770 4080 
12267 2598 2610 2599 3327 
12268 1351 2973 1359 3774 
12269 3191 2722 3672 4128 
12270 2654 2989 3539 4068 
12271 3186 2737 3595 3734 
12272 2633 3606 3724 4109 
12273 2183 2441 2950 4399 
12274 2683 3198 3920 3944 
12275 2889 3813 3187 3865 
12276 940 3521 949 3830 
12277 341 3145 367 4120 
12278 3400 3624 2757 3807 
12279 795 1209 1210 3097 
12280 3562 3872 3046 4201 
12281 46 3762 456 3992 
12282 3747 4006 2937 4222 
12283 3473 4133 2861 4390 
12284 2720 3055 3649 3826 
12285 1065 3786 1076 3990 
12286 2832 3295 3540 3572 
12287 216 215 3099 3608 
12288 3069 3945 3392 4265 
12289 3255 3388 2903 3998 
12290 812 3039 811 3898 
12291 2981 3699 3293 3932 
12292 3207 4029 3233 4272 
12293 2904 3969 3652 4196 
12294 2721 3075 3220 4058 
12295 1460 2766 1438 3222 
12296 2876 3743 3142 4263 
12297 2423 2444 2424 3115 
12298 1916 2962 1917 3914 
12299 2753 3401 3693 4278 
12300 3739 3882 2819 4048 
12301 2118 2116 2384 3324 
12302 3129 3504 2706 3747 
12303 3182 3730 3685 4046 
12304 1870 3218 1430 4110 
12305 2801 3237 3062 4088 
12306 1950 3312 1583 3586 
12307 2531 2530 2550 3614 
12308 3132 3476 3078 3482 
12309 3357 3992 2925 4362 
12310 3244 3597 2891 4323 
12311 3479 3499 2899 3788 
12312 2615 3658 2992 4412 
12313 2958 3521 3018 4005 
12314 2435 3886 3403 3953 
12315 2728 2923 3288 4273 
12316 244 271 272 4401 
12317 2683 3679 3803 3944 
12318 2956 3602 3229 3876 
12319 2990 2679 4247 4348 
12320 3010 3308 2843 4099 
12321 2797 3122 3851 4311 
12322 373 374 3056 4361 
12323 3019 3169 2755 3682 
12324 2735 3780 3231 4115 
12325 497 3577 3034 4213 
12326 2333 2315 2977 4010 
12327 2946 3190 2963 3837 
12328 1479 3510 1481 3771 
12329 2686 3184 3254 3777 
12330 764 777 763 3378 
12331 300 327 326 3963 
12332 2817 2949 3733 4013 
12333 2856 2719 3636 4132 
12334 2930 3939 3649 4221 
12335 3106 3776 2113 3829 
12336 3321 3592 3000 4207 
12337 1974 3275 3808 3878 
12338 2663 3514 3008 4066 
12339 205 3523 2997 4194 
12340 160 143 3345 3661 
12341 3110 2769 3777 4335 
12342 234 3159 241 3523 
12343 2958 2774 3480 3885 
12344 2462 2463 3115 4100 
12345 2987 3520 3421 4311 
12346 2720 3375 3612 3923 
12347 1262 1270 1271 2955 
12348 3250 4012 3142 4157 
12349 1010 3187 500 3835 
12350 3569 3581 2835 3961 
12351 3389 3517 2955 3925 
12352 1819 3010 1818 3691 
12353 2197 3055 2212 4399 
12354 2615 3946 3658 4412 
12355 2826 3031 3326 3897 
12356 2655 2997 3483 4032 
12357 2732 3031 3496 3660 
12358 2515 2495 2494 3492 
12359 2776 3690 2920 4017 
12360 2828 3782 3180 4067 
12361 2755 3309 3421 4374 
12362 2999 3820 2492 4359 
12363 2239 2254 2255 3612 
12364 3487 3751 2680 4041 
12365 2431 3422 2451 3679 
12366 2256 3204 2268 4363 
12367 1101 712 687 4111 
12368 3060 3208 2831 3724 
12369 2420 3002 2402 4048 
12370 3179 3955 3243 4029 
12371 2631 3522 3042 3633 
12372 962 3409 2923 3825 
12373 2598 2599 2583 3327 
12374 2827 3233 4272 4316 
12375 695 3081 719 3930 
12376 2706 3129 3452 3504 
12377 2750 3465 3743 3792 
12378 3311 3561 2782 4100 
12379 2593 3044 2592 4018 
12380 1251 2926 1262 3925 
12381 1924 1925 3303 3771 
12382 3515 4038 3875 4168 
12383 4015 4102 1618 4224 
12384 2754 3702 3179 4136 
12385 2941 3872 2902 3943 
12386 150 167 149 3715 
12387 1426 2915 3601 4178 
12388 1830 1829 1850 3475 
12389 3282 2676 4030 4299 
12390 2816 3205 3151 4152 
12391 3457 4218 3113 4231 
12392 2717 3457 3603 3956 
12393 3157 3369 2905 4002 
12394 2631 3032 3526 4256 
12395 2725 3350 3165 4113 
12396 2887 3743 3465 3792 
12397 2096 2097 2076 3603 
12398 2972 4049 3575 4291 
12399 2045 3364 3184 4101 
12400 2426 2427 2407 4022 
12401 2758 2972 3634 4124 
12402 2429 3761 2428 4022 
12403 3689 4272 3233 4316 
12404 1160 777 3378 3546 
12405 3091 2764 3804 4261 
12406 2845 3811 3770 4240 
12407 1055 1053 1044 3262 
12408 3167 2917 3735 3835 
12409 2719 2998 2942 3636 
12410 2495 3256 2496 3953 
12411 3004 3894 3623 4125 
12412 2181 3768 3055 4397 
12413 2716 3020 3699 3791 
12414 674 3726 3425 4188 
12415 1103 1089 1090 3700 
12416 2624 2978 3512 4325 
12417 2184 2169 3296 3787 
12418 3042 3427 2773 3935 
12419 556 2972 538 4049 
12420 2476 2496 3256 3953 
12421 2273 2272 3482 4184 
12422 2935 4077 3430 4214 
12423 801 825 823 2969 
12424 627 3731 628 3999 
12425 2452 2472 2473 3820 
12426 2699 3148 3335 3430 
12427 2837 4046 3182 4186 
12428 2830 3163 3744 4182 
12429 2653 3085 3010 4393 
12430 3042 3633 3522 3935 
12431 2710 3469 3194 3918 
12432 2758 3731 3111 4405 
12433 3535 4191 1831 4251 
12434 1398 1406 1397 3212 
12435 2871 3143 1564 4064 
12436 2792 3230 3029 4103 
12437 2442 3115 2422 3720 
12438 994 993 3409 3861 
12439 2717 3603 3364 3956 
12440 3259 3901 313 4120 
12441 2670 3600 2956 3802 
12442 2506 3130 2507 4295 
12443 2604 2307 2308 3246 
12444 2762 2938 3462 3619 
12445 1575 3127 1597 3469 
12446 2645 3347 3695 4135 
12447 2677 3026 3241 4193 
12448 42 2985 43 4054 
12449 2869 3894 4045 4102 
12450 3411 3651 2834 3927 
12451 2849 4267 3764 4287 
12452 1171 1479 3490 3510 
12453 2695 3442 2989 3539 
12454 2671 3329 3097 3898 
12455 3395 3448 2744 3667 
12456 2746 3217 3137 4296 
12457 3551 3732 2877 4255 
12458 2746 3163 3435 4197 
12459 2778 2981 3566 3828 
12460 374 348 375 4361 
12461 3063 3536 2810 3719 
12462 290 892 293 4341 
12463 3102 4208 2737 4279 
12464 2669 3037 3372 3470 
12465 3269 3374 3009 3973 
12466 625 3731 3111 3989 
12467 3324 3364 2717 3603 
12468 3581 2835 3961 4388 
12469 2022 3209 1998 3878 
12470 576 3575 559 3877 
12471 2943 3076 3511 3710 
12472 2700 3040 3440 3522 
12473 3378 3678 3546 4044 
12474 878 877 851 3868 
12475 3714 3852 1782 4251 
12476 2021 1997 3563 3878 
12477 3123 3889 3092 4190 
12478 2878 3200 3766 3769 
12479 3425 4188 2802 4292 
12480 2629 2928 3564 3578 
12481 834 835 859 3765 
12482 178 179 196 3141 
12483 264 864 265 2942 
12484 2860 3481 3426 4073 
12485 1587 3143 1598 4398 
12486 215 214 3618 4183 
12487 3102 3186 2737 4320 
12488 3004 3623 2839 4125 
12489 1348 3211 1356 3752 
12490 2755 3019 3223 4051 
12491 1165 1166 1186 3415 
12492 249 247 250 3096 
12493 3115 3316 2423 3720 
12494 3651 3800 2637 4220 
12495 2820 3552 2979 3783 
12496 3186 4040 2737 4320 
12497 3699 4169 3406 4312 
12498 2769 3563 3110 3777 
12499 3115 3801 3121 3889 
12500 2068 2040 2067 3302 
12501 1872 4092 3133 4375 
12502 2429 3086 3761 4022 
12503 2723 3211 3365 4134 
12504 2863 3866 3775 4006 
12505 1953 1974 1954 3808 
12506 2746 3137 3217 4275 
12507 526 545 525 3210 
12508 2708 3246 3156 4105 
12509 2522 3311 2502 4363 
12510 806 804 807 4371 
12511 3538 3981 2843 4340 
12512 992 981 982 4365 
12513 2904 3046 3969 4196 
12514 3102 3240 2825 4279 
12515 2414 2396 2395 3100 
12516 1118 1128 3394 3570 
12517 3114 2794 3395 3909 
12518 2860 3481 4073 4334 
12519 864 3460 2942 3636 
12520 2668 3051 3392 3763 
12521 2638 3520 3672 3851 
12522 2812 3924 3606 4084 
12523 3731 3999 3111 4405 
12524 2780 2991 3488 3970 
12525 732 707 708 3129 
12526 1320 3053 1318 3638 
12527 2832 3540 3108 3714 
12528 94 3454 3001 3874 
12529 749 748 3221 3541 
12530 4015 4045 2979 4102 
12531 86 67 3025 4181 
12532 2712 3355 4148 4328 
12533 1589 1590 1569 3544 
12534 3111 3224 2772 3906 
12535 2657 2784 3188 4364 
12536 2130 2930 2110 3984 
12537 3245 4148 3355 4328 
12538 301 3817 3041 3963 
12539 3012 3458 3245 4148 
12540 2638 3122 3421 4311 
12541 1756 3144 1743 3926 
12542 2462 3115 2442 3561 
12543 3209 3760 2795 4266 
12544 801 2969 823 3812 
12545 3178 3340 2747 3525 
12546 2946 3152 899 3797 
12547 3560 4230 3138 4341 
12548 3181 2843 3773 4407 
12549 3058 3568 3101 4176 
12550 2973 3694 2674 3853 
12551 3613 3696 2866 4243 
12552 156 4072 3483 4194 
12553 2816 3308 3974 4180 
12554 2013 2012 2039 3543 
12555 2833 3999 3731 4405 
12556 3661 3874 2807 4025 
12557 2827 4272 3689 4316 
12558 2913 3678 3162 4044 
12559 3134 2794 3667 3923 
12560 2887 3582 2738 4192 
12561 2818 3066 3845 4376 
12562 252 3096 3663 4300 
12563 3564 3831 2828 4088 
12564 3477 3746 3023 4171 
12565 2434 3403 2454 3953 
12566 2760 3168 2936 3833 
12567 2756 3495 3007 3880 
12568 2769 3366 3254 3777 
12569 102 120 119 3719 
12570 2976 3514 3344 4160 
12571 1664 3426 1675 3621 
12572 2802 3541 3011 4292 
12573 3183 4107 3438 4235 
12574 3665 3811 2845 4240 
12575 3309 3670 3421 4374 
12576 2986 3052 2716 3468 
12577 1210 3097 1209 3330 
12578 3344 3514 2857 4160 
12579 2762 4096 3290 4200 
12580 565 3150 3864 4332 
12581 2444 2465 2445 3115 
12582 2675 3051 3323 3392 
12583 3306 3772 2813 4343 
12584 2784 3972 3413 4364 
12585 1786 4122 1814 4286 
12586 3072 2853 3545 4071 
12587 2616 3486 3251 3717 
12588 2887 3373 2738 4035 
12589 1964 3469 3502 4060 
12590 1091 3020 1090 3791 
12591 2946 3837 902 4076 
12592 2831 3108 4191 4251 
12593 2962 3363 2713 3931 
12594 3144 3714 2832 3852 
12595 149 147 130 3285 
12596 3117 3262 2837 4186 
12597 3022 3273 2691 3968 
12598 2795 3580 3209 4042 
12599 2956 3876 3229 4096 
12600 2851 3280 2727 3518 
12601 2719 3785 3231 3919 
12602 3261 3691 2821 4393 
12603 2900 3383 3708 4173 
12604 3136 4199 3619 4200 
12605 2099 3603 3113 3883 
12606 1663 3426 1664 3552 
12607 382 3499 3788 4198 
12608 2626 3083 3437 3704 
12609 3392 3858 2851 4265 
12610 1670 3215 1659 3912 
12611 1295 1289 1290 3862 
12612 2842 3254 3080 4357 
12613 699 674 700 4188 
12614 3255 3388 2641 3496 
12615 247 249 276 3817 
12616 1320 1318 1325 3638 
12617 2899 3414 3069 4008 
12618 2739 3396 3095 3669 
12619 1130 3570 1129 4202 
12620 2836 3030 3351 3471 
12621 2658 4139 3270 4336 
12622 3172 3309 2751 4135 
12623 2997 3239 2655 4194 
12624 3484 3649 3055 3826 
12625 3258 3329 816 3604 
12626 3098 2717 3920 3956 
12627 3003 3732 4255 4347 
12628 3154 3324 3021 3599 
12629 2711 3394 3570 4046 
12630 3473 4010 2861 4133 
12631 2868 3079 3900 4258 
12632 2002 1980 4042 4203 
12633 285 3709 2939 4305 
12634 497 3034 498 4213 
12635 2946 4075 3190 4131 
12636 3231 3419 2862 3754 
12637 2238 2223 2237 3909 
12638 2630 3234 3139 4331 
12639 3305 3452 2706 4111 
12640 1047 1036 1037 3167 
12641 3551 4059 3346 4400 
12642 2911 3787 2971 4304 
12643 1602 1589 3441 3544 
12644 504 3016 521 4049 
12645 3235 3091 3583 4098 
12646 1017 3835 3597 4053 
12647 3632 3955 3179 4029 
12648 1632 2030 1633 4358 
12649 1883 1882 1884 3827 
12650 2816 3085 3306 3975 
12651 2829 3575 3352 3877 
12652 137 120 138 4072 
12653 2880 3644 3581 4388 
12654 3054 3337 2862 4104 
12655 1879 1881 2330 4001 
12656 3109 3750 3253 4297 
12657 622 641 3224 3989 
12658 1696 1686 1694 3024 
12659 2631 3633 3032 3935 
12660 559 3197 560 3877 
12661 3589 3592 2844 4207 
12662 3096 3439 250 3960 
12663 729 705 730 3160 
12664 232 3742 231 4056 
12665 2034 2035 3194 3420 
12666 3189 3350 2870 4052 
12667 2476 2475 2496 3953 
12668 2972 3832 554 4019 
12669 3369 3511 2905 4002 
12670 2654 3649 3939 4221 
12671 2654 3939 3466 4221 
12672 2640 3875 3126 4002 
12673 2646 4217 2965 4231 
12674 2890 3399 2694 3622 
12675 330 331 356 3788 
12676 1885 2333 2332 4001 
12677 2654 4068 3466 4119 
12678 456 3762 3153 3992 
12679 546 163 146 3790 
12680 405 382 3788 4198 
12681 2767 2978 3399 4239 
12682 1696 3501 3024 3673 
12683 1481 1480 1482 3727 
12684 1757 1782 3714 3852 
12685 3114 3909 3338 4327 
12686 3373 3465 4106 4199 
12687 2990 3165 3321 4247 
12688 108 4025 3661 4149 
12689 3581 3644 968 4388 
12690 2515 2535 2536 3156 
12691 2613 3887 3022 4385 
12692 2904 2749 4189 4196 
12693 3049 2933 3917 4168 
12694 412 435 434 3885 
12695 2637 3411 3508 4078 
12696 1655 1642 1654 4102 
12697 363 4117 336 4305 
12698 869 2963 3797 3847 
12699 2342 3045 3503 4324 
12700 3062 3564 2928 3933 
12701 2215 3070 2520 3476 
12702 45 48 63 3354 
12703 2904 3652 2927 4189 
12704 3238 3794 114 4024 
12705 1848 1828 3474 3475 
12706 2717 3021 3324 3599 
12707 591 3634 3352 3731 
12708 1200 1192 1201 3671 
12709 1964 1986 1987 3502 
12710 3759 3777 2769 4335 
12711 2624 3271 3123 3778 
12712 2718 3716 3234 3980 
12713 1033 1043 1032 3140 
12714 2720 3612 3524 3923 
12715 2846 3294 3625 4337 
12716 3050 2765 3754 4118 
12717 1414 1404 1413 3474 
12718 2676 3062 3712 3933 
12719 2697 3540 2964 3962 
12720 3500 3504 3129 3747 
12721 3326 3891 2947 4081 
12722 1451 1436 3413 3972 
12723 2719 3171 3389 4104 
12724 2959 2704 3616 3779 
12725 299 326 325 3817 
12726 1116 3268 1118 3394 
12727 3278 3513 2651 3919 
12728 2663 3529 3035 4066 
12729 1385 1391 1384 3249 
12730 2786 3187 3128 4053 
12731 3191 3640 2650 3697 
12732 1389 1396 1756 3926 
12733 2801 3062 3237 3908 
12734 462 3119 445 3577 
12735 3411 3651 2906 3717 
12736 2408 2407 2427 4022 
12737 3578 4209 3451 4283 
12738 3130 3681 2715 4063 
12739 2454 2951 2474 3953 
12740 3097 3329 2671 3330 
12741 3853 3982 2882 4169 
12742 2636 4104 3337 4123 
12743 3109 2869 4102 4224 
12744 58 40 41 4054 
12745 3053 3253 2820 4079 
12746 434 3885 3186 4040 
12747 2711 3685 2960 4212 
12748 2889 3187 3813 4090 
12749 173 190 172 2997 
12750 2858 3313 3273 4346 
12751 2742 3411 3217 3472 
12752 3072 3545 422 4071 
12753 3056 3514 3344 4095 
12754 2662 3576 3118 3987 
12755 3122 2751 3309 4135 
12756 1474 1454 1473 3415 
12757 441 3069 442 4265 
12758 1437 1452 2915 4178 
12759 2653 3773 3010 4180 
12760 2731 4116 3676 4367 
12761 3034 2727 3280 3577 
12762 2133 3106 2385 4216 
12763 2306 2949 2305 4184 
12764 2469 3873 3319 4270 
12765 2837 3601 3249 4037 
12766 2698 3260 3598 4370 
12767 3113 3836 3237 3908 
12768 1426 1437 2915 4178 
12769 635 658 657 2966 
12770 3049 3376 2933 4168 
12771 554 555 572 3832 
12772 3187 3835 1010 4053 
12773 2770 3407 3389 4080 
12774 2434 2454 2455 3953 
12775 3337 4104 3054 4123 
12776 172 173 2997 4072 
12777 2899 3499 3479 3780 
12778 2778 3196 3393 3932 
12779 3181 3358 2996 4407 
12780 3118 2945 3607 3613 
12781 272 271 269 4401 
12782 2622 3318 3406 3763 
12783 444 426 427 3119 
12784 600 582 3864 4034 
12785 3490 3510 2789 4242 
12786 3257 3637 2781 3978 
12787 1927 3073 1928 3303 
12788 2519 2499 2498 3882 
12789 592 610 591 3352 
12790 2914 3236 2799 4075 
12791 35 52 34 4170 
12792 1772 3981 3281 4235 
12793 3209 2795 4042 4266 
12794 2973 3694 2701 3934 
12795 2866 3260 2981 3798 
12796 1390 1398 1397 3249 
12797 2682 3969 3840 4155 
12798 1395 2993 1396 3926 
12799 74 3454 94 3874 
12800 374 400 3056 3641 
12801 2839 3623 3443 4125 
12802 2043 2017 2016 4158 
12803 542 543 560 4208 
12804 2042 3080 2016 4236 
12805 3093 3212 2915 3601 
12806 728 727 703 3628 
12807 3140 3328 2806 3861 
12808 954 3571 952 3781 
12809 3203 2793 3578 3838 
12810 2721 3042 3522 3750 
12811 2792 3230 3227 4021 
12812 2535 2515 2514 3156 
12813 235 3159 234 3523 
12814 2812 3466 3395 3924 
12815 2953 3626 2684 4023 
12816 246 3868 854 3960 
12817 2823 3301 2900 3848 
12818 2820 3343 3053 4354 
12819 1632 1633 4102 4358 
12820 2945 3459 2853 3527 
12821 2382 2367 2366 3611 
12822 3156 3246 2817 3846 
12823 3012 3558 3458 4238 
12824 2129 2130 3984 4397 
12825 106 105 3485 4149 
12826 1282 1288 1289 3862 
12827 3115 2782 3801 3889 
12828 403 3072 422 4071 
12829 3032 3370 3569 3935 
12830 2683 3021 3154 3611 
12831 2307 2604 2328 3246 
12832 2958 3480 3090 3885 
12833 2942 2791 3765 3785 
12834 2903 3842 3674 4379 
12835 3024 3397 2701 3994 
12836 111 3001 112 3790 
12837 1091 1090 1078 3791 
12838 2705 3054 4014 4123 
12839 527 3074 528 4332 
12840 2021 3563 3110 3878 
12841 2908 3778 3442 3872 
12842 1439 3222 1438 3957 
12843 301 300 3817 3963 
12844 1295 3781 1289 3862 
12845 529 3896 3150 4166 
12846 1023 1014 1358 3774 
12847 2791 3297 3765 4300 
12848 248 250 3439 3960 
12849 2883 3984 2930 4221 
12850 2798 3385 3876 4038 
12851 2076 2047 2046 4344 
12852 1927 1485 3073 3771 
12853 2907 3367 3477 3947 
12854 3595 3813 3057 4306 
12855 2539 2243 2244 3476 
12856 2750 2959 3616 3792 
12857 2624 3092 3123 3512 
12858 2783 4094 3997 4189 
12859 1614 3544 3441 4360 
12860 2632 3091 3255 3915 
12861 2655 4032 3799 4412 
12862 241 3159 682 3757 
12863 2960 2746 3722 4275 
12864 2395 2394 2413 3422 
12865 2775 3632 3179 4029 
12866 2151 3296 3787 4241 
12867 3170 3273 2702 4353 
12868 332 2939 306 3709 
12869 3740 4102 1633 4358 
12870 2669 3372 3037 3793 
12871 1439 1438 3456 3957 
12872 3003 4255 2877 4347 
12873 1114 1418 1125 3609 
12874 3138 3901 3259 4023 
12875 3299 2783 3916 4094 
12876 3111 3507 3224 3989 
12877 3033 3591 2918 4013 
12878 228 227 229 3608 
12879 2949 3592 3589 4207 
12880 3174 3437 2855 3704 
12881 3181 3772 3358 4153 
12882 2785 3299 3903 4094 
12883 1796 1795 1819 3010 
12884 2684 3139 3234 3952 
12885 3180 3564 2815 4282 
12886 2755 3223 3019 3682 
12887 1712 3501 1704 3673 
12888 3385 4004 3764 4200 
12889 1064 1385 1054 3455 
12890 2768 3977 3732 4347 
12891 3026 3426 2724 3621 
12892 22 39 21 3659 
12893 2915 3212 3093 4364 
12894 3250 3705 2992 4012 
12895 3190 4131 2953 4408 
12896 2313 2312 3060 3879 
12897 2451 3820 3422 4270 
12898 963 3571 974 3825 
12899 3131 2826 3751 4052 
12900 188 3225 189 4056 
12901 2809 3666 3195 4095 
12902 3179 3965 2894 4379 
12903 3099 3225 2733 3715 
12904 728 3221 727 3628 
12905 1660 3279 1324 4087 
12906 2075 2355 3021 4101 
12907 675 3425 676 4188 
12908 2395 2413 2414 3100 
12909 2970 4159 3907 4298 
12910 484 499 3187 3423 
12911 2932 4310 3341 4321 
12912 3078 3321 3949 4247 
12913 2993 3475 1807 3852 
12914 834 3258 835 3765 
12915 3177 3407 2636 4123 
12916 3057 3745 3164 4089 
12917 2871 3276 3760 3823 
12918 1811 1814 1786 4122 
12919 1733 3144 1744 3505 
12920 326 351 325 3206 
12921 3021 3920 3364 4101 
12922 2632 3091 3804 4261 
12923 3126 3138 2689 4023 
12924 2842 4274 3077 4357 
12925 2763 3024 3397 3934 
12926 2973 2701 3501 3934 
12927 2624 3562 2978 4325 
12928 1916 2962 1915 3931 
12929 2796 3689 3884 4329 
12930 2773 3370 3071 3551 
12931 353 354 380 3654 
12932 2718 2976 3716 4095 
12933 3138 2840 3657 4341 
12934 3410 3688 1891 3890 
12935 2421 2183 2950 4404 
12936 3283 3936 2761 4083 
12937 1536 3006 1537 3880 
12938 2751 3458 3173 3542 
12939 987 996 986 3328 
12940 478 495 477 3280 
12941 2685 3811 3384 4323 
12942 2834 3011 2983 3547 
12943 2963 3797 2946 3837 
12944 3462 3793 3065 4406 
12945 3135 3248 2692 3325 
12946 2652 3032 3370 3569 
12947 3421 3655 2714 4322 
12948 1702 1694 3438 3673 
12949 1688 3024 1696 3501 
12950 2910 3450 3418 3668 
12951 3002 3599 3324 4048 
12952 2816 3350 3205 3975 
12953 3061 2639 3390 3525 
12954 3166 4246 2732 4250 
12955 2620 3870 3219 4038 
12956 3249 3601 2837 4389 
12957 3027 4079 3053 4354 
12958 949 3018 3521 4028 
12959 2807 3485 3088 4149 
12960 1163 780 3011 3378 
12961 3284 3285 2733 3715 
12962 2067 2068 3302 3579 
12963 1322 1311 1314 3537 
12964 805 807 804 3812 
12965 3346 3648 2947 3929 
12966 2812 3448 3395 3667 
12967 2764 3388 3255 3496 
12968 1359 2973 1713 4162 
12969 2385 3106 2133 4404 
12970 943 952 942 3781 
12971 2697 3144 3380 3505 
12972 2682 3200 3652 3969 
12973 2789 3490 2915 4271 
12974 458 4262 3945 4265 
12975 3024 3912 1677 4030 
12976 2985 3545 42 4394 
12977 2749 3410 3890 4189 
12978 1819 1795 1818 3010 
12979 2613 3968 4353 4385 
12980 861 262 260 3627 
12981 3365 3698 2723 4134 
12982 3181 3773 3723 4153 
12983 1997 1996 3563 3878 
12984 1527 1526 1542 3103 
12985 2364 2365 3429 3611 
12986 2913 3546 2703 3678 
12987 2560 2541 2559 4319 
12988 3161 3617 2139 4175 
12989 2432 3422 2431 3679 
12990 1181 1180 1160 2983 
12991 2635 3117 3447 4037 
12992 2413 2394 2412 3422 
12993 2842 3080 4274 4357 
12994 2852 3722 3163 3744 
12995 3362 3712 3062 3933 
12996 2754 3702 3443 4125 
12997 2667 3821 4005 4329 
12998 2909 3345 2740 4254 
12999 3023 3457 3098 4217 
13000 3029 3230 2792 4021 
13001 2342 3503 3703 4324 
13002 3033 2918 3614 4013 
13003 2680 3751 3487 3971 
13004 3853 2882 4237 4342 
13005 3001 3790 111 3874 
13006 2224 3114 2223 3909 
13007 3514 3899 3459 4395 
13008 2442 2463 2443 3115 
13009 3241 3449 2912 4185 
13010 2769 3759 3333 3940 
13011 2647 3813 3057 3865 
13012 228 655 3608 4317 
13013 2739 3485 3216 3659 
13014 2537 2516 2536 3256 
13015 3453 3508 2948 4078 
13016 2978 4143 3390 4325 
13017 2617 3551 4059 4255 
13018 280 257 281 3590 
13019 503 3423 3016 4049 
13020 891 873 892 3138 
13021 1760 1764 1763 3308 
13022 2757 3012 3947 4253 
13023 2768 3572 3295 3844 
13024 2724 3552 3027 4354 
13025 3233 3600 2858 4346 
13026 2830 3745 3744 4244 
13027 2924 3500 3676 4292 
13028 2133 2385 2369 4216 
13029 2953 3126 3515 3875 
13030 2630 3616 3332 4331 
13031 3194 3418 2944 3420 
13032 2938 3462 3065 4406 
13033 3320 3925 2926 4373 
13034 2627 3902 3785 4380 
13035 1664 3552 3426 3621 
13036 2677 3241 3738 4193 
13037 3180 3912 2815 4030 
13038 2867 3977 3844 4271 
13039 1401 1400 2984 3594 
13040 473 472 3431 4301 
13041 1266 1265 884 3684 
13042 1996 1973 3563 3808 
13043 1633 3740 1620 4102 
13044 2707 3533 3157 4057 
13045 2683 3599 3021 3920 
13046 22 24 40 4054 
13047 2449 3086 2429 4022 
13048 147 131 130 3794 
13049 2651 2818 3066 4115 
13050 2718 4085 3666 4276 
13051 3056 3641 400 4085 
13052 2668 3318 3051 3763 
13053 2930 3768 3055 3939 
13054 3007 3272 2687 3881 
13055 2834 3453 3415 3547 
13056 2713 3137 3217 3472 
13057 1163 3378 3011 3547 
13058 521 3016 522 4049 
13059 1338 996 987 3774 
13060 3086 2975 4161 4270 
13061 2752 3095 3857 4326 
13062 2138 2155 2139 3892 
13063 3173 3940 2623 4238 
13064 46 3434 3762 3992 
13065 3201 3337 2778 3729 
13066 595 613 3112 3554 
13067 2870 3350 3189 3983 
13068 1517 3019 1516 4345 
13069 2725 3351 2949 3589 
13070 120 121 138 4072 
13071 2981 3828 2778 3932 
13072 1132 1133 1148 3248 
13073 505 504 486 3631 
13074 306 2939 282 3709 
13075 500 484 499 3187 
13076 2682 4043 3840 4289 
13077 1279 3684 1285 3809 
13078 2910 3668 3418 4369 
13079 2641 3850 2898 3975 
13080 2781 3261 3773 3988 
13081 2843 3308 4180 4407 
13082 2349 2067 2066 3579 
13083 498 497 480 3577 
13084 2755 3309 3019 4051 
13085 296 271 4167 4401 
13086 2691 3313 3273 3585 
13087 285 2939 263 3066 
13088 3073 2688 3303 4215 
13089 2794 3134 3667 3909 
13090 3056 3666 373 4361 
13091 2649 2674 3978 4151 
13092 2844 3132 3078 3482 
13093 112 510 129 3790 
13094 2757 3400 3105 4153 
13095 2810 4012 3250 4157 
13096 2739 3659 3396 3815 
13097 86 67 87 3815 
13098 296 3263 297 4167 
13099 4 1 3095 3396 
13100 2738 3619 3065 4035 
13101 955 3028 969 3550 
13102 2849 3385 3234 3515 
13103 2126 1685 2143 3026 
13104 450 448 3331 4040 
13105 2978 3450 3191 4239 
13106 1015 3597 3244 4053 
13107 2767 3353 3776 3806 
13108 789 3383 1207 4371 
13109 32 15 31 4362 
13110 257 3590 3297 3627 
13111 1334 1340 1341 3094 
13112 2706 3747 3305 4111 
13113 3371 3758 2799 4281 
13114 2787 3237 3062 3908 
13115 2737 3240 3102 4279 
13116 3128 3187 2786 3865 
13117 2357 2347 2094 3353 
13118 567 550 568 3416 
13119 2333 2977 2332 4001 
13120 1677 3024 1679 3912 
13121 23 26 24 4054 
13122 3028 3550 2880 4314 
13123 2683 2951 3232 3803 
13124 820 824 823 3301 
13125 3832 3996 2917 4124 
13126 3036 3530 3337 3729 
13127 1388 1382 1390 3926 
13128 541 521 522 4049 
13129 549 529 530 3896 
13130 1479 1480 1481 3510 
13131 3493 3844 2867 3977 
13132 3530 3838 2864 4177 
13133 3119 3414 426 4290 
13134 3013 3346 3648 4400 
13135 1498 1496 3453 3701 
13136 2114 3106 2369 4216 
13137 2906 3251 3651 4047 
13138 1888 3688 3827 4050 
13139 3000 3733 2658 4336 
13140 2613 3022 3968 4385 
13141 3032 3370 2830 4182 
13142 3114 3395 3338 3909 
13143 2932 3341 3299 4321 
13144 2854 3105 3400 4153 
13145 816 3329 798 3604 
13146 3005 3275 2769 3808 
13147 209 210 225 3141 
13148 3046 2908 3969 4196 
13149 1499 1200 1500 2936 
13150 1113 1101 1102 3700 
13151 1173 1152 3497 3510 
13152 3149 2648 3894 4387 
13153 2624 3123 3092 3687 
13154 1519 1520 3272 4145 
13155 1535 1554 3586 4145 
13156 247 248 250 3439 
13157 119 3536 136 4114 
13158 3528 3966 3179 4379 
13159 2724 3557 3026 3621 
13160 3253 3750 3109 3809 
13161 2618 3198 3098 4245 
13162 2653 3549 3322 4393 
13163 2014 3077 2013 3543 
13164 127 128 3345 3874 
13165 2765 3754 3201 3816 
13166 2742 3411 3472 4098 
13167 196 3141 3398 4033 
13168 2630 3136 3465 3616 
13169 3128 3432 2673 4314 
13170 1384 1376 1378 3402 
13171 2880 3032 3440 3869 
13172 2208 2223 2209 3114 
13173 2829 2988 3725 4083 
13174 2815 3912 3215 4165 
13175 1017 3597 1015 4053 
13176 2728 3278 2923 3825 
13177 1511 1232 1510 3938 
13178 51 50 4170 4181 
13179 2625 3283 2988 3936 
13180 15 3048 31 4362 
13181 2804 3708 3567 3881 
13182 3610 3775 3325 3784 
13183 2689 3126 3511 4002 
13184 2702 3273 3170 3818 
13185 2853 3459 3008 4206 
13186 2743 3293 4062 4142 
13187 2455 2435 2434 3953 
13188 2950 3826 3484 4399 
13189 2176 3241 2191 3317 
13190 153 154 3225 3536 
13191 2179 3317 2178 4205 
13192 2798 3139 3385 3515 
13193 3494 3629 2901 4078 
13194 3163 4138 3744 4182 
13195 2978 3390 3271 4325 
13196 2885 3245 3355 4147 
13197 1928 1927 1485 3073 
13198 1544 2974 1265 3684 
13199 2468 3873 2448 4022 
13200 1478 3413 1477 3490 
13201 2011 1986 2010 3502 
13202 2807 3485 3216 3839 
13203 1075 1391 1064 3249 
13204 2325 2346 3405 3951 
13205 3335 3430 3148 4378 
13206 2744 3473 4133 4268 
13207 497 479 480 3577 
13208 103 120 102 3719 
13209 3085 2816 3921 3975 
13210 3299 3916 3903 4094 
13211 3095 3796 2982 3819 
13212 2791 3765 3663 4300 
13213 2736 3084 3376 3887 
13214 1889 1888 3688 3827 
13215 2431 2451 2452 3679 
13216 3324 3599 3154 4048 
13217 3273 3313 2858 3585 
13218 1452 1453 1467 3490 
13219 2685 3384 3117 4323 
13220 3145 3952 3359 4000 
13221 2725 3205 3030 4315 
13222 3000 2618 3321 4245 
13223 1611 3441 2886 3782 
13224 3047 3754 2765 3816 
13225 2890 2650 3399 3622 
13226 3180 2815 3994 4030 
13227 2671 3258 3039 3941 
13228 2785 2989 3903 4321 
13229 3237 3836 2801 3908 
13230 2774 2958 3521 3885 
13231 969 3028 970 3550 
13232 2328 2603 2327 3846 
13233 2862 3050 3754 4118 
13234 2931 3067 2711 3570 
13235 1830 1850 1851 3079 
13236 2238 2237 3338 3909 
13237 2787 3467 3110 4335 
13238 2434 3403 2433 3679 
13239 2017 3080 2016 4158 
13240 3213 4218 3362 4304 
13241 2678 4036 3059 4121 
13242 2961 3394 3268 4046 
13243 2022 2021 3110 3878 
13244 907 892 290 3138 
13245 171 3225 154 4072 
13246 3299 3341 2783 4094 
13247 1705 1713 1359 2973 
13248 3113 3603 3457 4231 
13249 831 3039 832 3960 
13250 1342 1340 1332 3752 
13251 45 28 48 3354 
13252 2858 3313 4077 4214 
13253 2763 3024 3673 3986 
13254 1056 1066 3167 4330 
13255 3564 3578 2928 4282 
13256 2143 3026 1685 4073 
13257 3084 3887 3355 4264 
13258 3340 3740 2031 4358 
13259 2030 3740 1633 4358 
13260 382 404 3499 4198 
13261 2900 2823 3848 3958 
13262 500 3187 501 3835 
13263 830 3960 3315 4227 
13264 1005 995 1006 3328 
13265 3373 2738 4035 4199 
13266 2706 3452 3718 4396 
13267 2665 4006 3747 4222 
13268 864 866 865 3636 
13269 2820 3027 3552 4354 
13270 1712 3310 1713 3501 
13271 2133 2369 3106 4216 
13272 2758 3507 3111 3989 
13273 2428 2449 2429 4022 
13274 1045 3455 1053 4389 
13275 3253 3809 3109 4297 
13276 2749 3292 3410 3556 
13277 2770 3215 3862 4087 
13278 2928 3994 2701 4039 
13279 405 3788 4031 4198 
13280 2978 2767 3450 4239 
13281 708 3160 683 3452 
13282 3015 3668 2916 3806 
13283 2656 3687 3524 3766 
13284 1961 3386 1982 4026 
13285 1328 1318 1329 3638 
13286 2698 3009 3266 4004 
13287 2534 2535 2514 3156 
13288 2507 3130 2527 3948 
13289 3360 3554 2968 4367 
13290 773 772 753 3247 
13291 2650 2890 3399 4355 
13292 1250 2926 1239 3286 
13293 1311 1321 3053 3537 
13294 3031 2732 3496 3583 
13295 1382 1383 1377 3926 
13296 2853 2982 3796 3819 
13297 1830 3079 1851 3535 
13298 2252 2251 3338 4327 
13299 907 290 291 3901 
13300 1349 1357 3211 3737 
13301 592 3352 591 3634 
13302 2088 3178 2058 4358 
13303 729 728 3628 3662 
13304 3130 3801 2782 3889 
13305 1045 1044 1053 3455 
13306 3438 3673 3282 3986 
13307 3089 3444 3054 4154 
13308 3134 3375 2239 3909 
13309 1250 1239 2926 4373 
13310 2778 3530 3337 4123 
13311 2669 3725 3767 3979 
13312 3479 3780 2735 3788 
13313 2443 2444 2423 3115 
13314 1942 3143 1563 3760 
13315 2623 3230 3624 4103 
13316 2700 3440 3032 3935 
13317 832 831 811 3039 
13318 3046 3652 2904 3969 
13319 2649 3637 2674 4151 
13320 3029 3467 2690 3593 
13321 2719 3925 3320 4373 
13322 1812 3166 1811 4122 
13323 257 259 281 3590 
13324 980 977 3550 4388 
13325 2771 3319 3033 3873 
13326 3631 4040 469 4320 
13327 1766 3308 1797 4099 
13328 2423 2422 3115 3720 
13329 1764 1763 3308 4340 
13330 3244 3737 997 4388 
13331 3013 3551 2617 3732 
13332 729 3160 730 3662 
13333 3039 3663 832 3960 
13334 2639 3450 3390 3893 
13335 2977 3916 3556 4268 
13336 128 3790 3345 3874 
13337 2725 3589 2949 3592 
13338 3336 3667 2794 3923 
13339 2283 3044 3204 4130 
13340 2780 3742 3523 4056 
13341 1558 3275 1559 4108 
13342 510 492 3858 4262 
13343 2048 2047 2077 4344 
13344 147 130 3285 3794 
13345 222 235 3239 4144 
13346 1009 1017 1007 4053 
13347 2592 2577 2576 3044 
13348 2662 3819 3064 3839 
13349 750 3221 728 3662 
13350 2731 3424 3676 4292 
13351 3078 3538 3213 4348 
13352 2114 2369 2370 4216 
13353 3306 3674 2641 3998 
13354 2672 3767 3065 4367 
13355 3146 4065 3705 4192 
13356 2235 4164 2250 4327 
13357 2061 2062 3420 3776 
13358 2707 3445 3039 3941 
13359 3109 4102 4015 4224 
13360 2714 3005 3586 3940 
13361 296 271 3263 4167 
13362 3116 3456 2766 4070 
13363 2797 3404 3122 4311 
13364 3362 3712 2693 4304 
13365 2827 3243 4029 4316 
13366 575 3575 592 3634 
13367 1030 1020 1031 1021 
13368 2904 3031 3652 4289 
13369 2709 3855 3012 3947 
13370 731 706 707 3160 
13371 2083 2084 2054 4067 
13372 3082 3417 3146 4222 
13373 2676 3175 3712 3986 
13374 2854 3549 3723 4151 
13375 2781 3773 3281 3988 
13376 3043 3427 2773 3630 
13377 2619 2928 3397 3933 
13378 3383 3812 2900 4097 
13379 2613 4353 3887 4385 
13380 3119 3414 2727 3518 
13381 3261 3549 2821 4110 
13382 1927 3073 3303 3771 
13383 2901 3642 2936 3727 
13384 3014 2738 3582 4192 
13385 452 3186 3431 4320 
13386 2910 3298 3672 3851 
13387 3215 3279 2770 4248 
13388 2932 3596 3448 3928 
13389 3161 2139 3892 4175 
13390 2817 3156 3846 4211 
13391 1250 1251 1240 4373 
13392 2972 3832 2917 4124 
13393 2768 3447 3977 4347 
13394 2879 2692 3248 3747 
13395 883 2946 3797 3837 
13396 2924 3500 3335 4172 
13397 2114 2370 2115 4216 
13398 2996 2693 3362 3843 
13399 1283 3544 1603 3862 
13400 503 3016 504 4049 
13401 3356 3675 3199 4139 
13402 3077 3502 2916 4369 
13403 2753 3618 3192 4183 
13404 1793 3151 2271 3589 
13405 1911 3303 3202 3625 
13406 833 813 834 3258 
13407 2973 4162 3853 4234 
13408 1363 1362 1355 3211 
13409 2654 2989 4068 4119 
13410 2864 3838 3530 4123 
13411 1469 1183 3415 3453 
13412 86 3025 3719 4181 
13413 2829 3573 3352 3854 
13414 2354 3429 2365 3611 
13415 2587 2602 2603 3951 
13416 3042 2773 3633 3935 
13417 2694 3271 3123 3512 
13418 2878 3969 3200 4155 
13419 3147 3594 2984 3978 
13420 2937 2706 3504 3747 
13421 526 97 114 3238 
13422 2749 3200 3766 3969 
13423 2627 3785 3419 4380 
13424 2758 3832 2972 4124 
13425 1096 1085 3990 4389 
13426 2686 3023 3746 4171 
13427 1160 2983 1159 3546 
13428 3194 3918 3469 4026 
13429 3093 3447 3277 4037 
13430 3338 3909 3134 4280 
13431 2768 3572 3277 3962 
13432 2905 3710 3376 4168 
13433 3360 4116 2920 4278 
13434 485 3423 482 4090 
13435 2924 2699 3335 4252 
13436 2096 2076 2095 3364 
13437 1096 1086 1085 4389 
13438 3191 3450 2978 4143 
13439 2822 3991 3740 4026 
13440 2973 3853 2674 4234 
13441 2667 4005 3626 4131 
13442 1075 3249 1064 4389 
13443 1340 3094 1332 3752 
13444 1943 1576 1575 3469 
13445 2501 3017 2241 4363 
13446 3217 3435 2746 3722 
13447 3143 3711 1598 4398 
13448 3257 3436 2763 4350 
13449 2145 2144 2162 3587 
13450 2674 3694 2973 4234 
13451 3638 4179 3053 4284 
13452 3014 2681 4065 4116 
13453 112 111 94 3001 
13454 2982 3216 3659 3839 
13455 3254 3312 2842 3366 
13456 2793 3203 3578 4209 
13457 2840 3645 3315 3647 
13458 3059 3884 3243 3995 
13459 2240 2239 2255 3612 
13460 320 319 292 3195 
13461 2662 3576 3839 3946 
13462 3410 3556 3292 4010 
13463 2886 2629 3451 4283 
13464 3772 4153 3105 4343 
13465 2119 2100 2099 3113 
13466 2222 2208 3449 4327 
13467 2681 3129 3500 3504 
13468 257 259 3590 3627 
13469 1437 1436 1426 2915 
13470 2856 3389 2719 4132 
13471 2115 2114 3106 3776 
13472 3376 3680 2905 4168 
13473 2515 2494 2514 3492 
13474 2982 3545 26 4054 
13475 2795 3760 3143 4266 
13476 3055 3649 2930 3939 
13477 1371 1372 1367 3380 
13478 249 3096 252 4300 
13479 3492 3953 2951 4129 
13480 2897 3425 3221 4188 
13481 2640 3942 2954 4233 
13482 40 58 57 3216 
13483 1351 1345 1697 3501 
13484 2687 3172 3958 4051 
13485 2644 3424 3372 4044 
13486 1581 1582 3586 3655 
13487 2940 3548 1419 4110 
13488 2630 3465 3332 3616 
13489 2360 2348 2359 3348 
13490 3268 3394 1117 4242 
13491 1140 1152 3394 3497 
13492 2859 3920 3364 3956 
13493 3106 3776 3829 3893 
13494 1670 1669 1680 3912 
13495 1640 1652 3552 4079 
13496 931 3571 2856 4309 
13497 2744 2977 3473 4268 
13498 2619 3397 2928 4039 
13499 2914 2799 3371 4075 
13500 2653 3358 3772 4153 
13501 2831 4109 3208 4164 
13502 567 550 3416 3896 
13503 3114 2677 3317 3449 
13504 2707 3533 2954 3942 
13505 373 3666 3056 4085 
13506 2849 3515 3234 4267 
13507 2871 3823 3756 4307 
13508 2944 3525 2639 4259 
13509 2687 3495 3058 3542 
13510 471 472 490 3431 
13511 2490 2470 2469 3319 
13512 2829 3083 3489 3748 
13513 2553 2554 2534 3156 
13514 127 3345 3661 3874 
13515 2254 4280 2266 4390 
13516 793 3097 795 3898 
13517 2770 3407 2922 3781 
13518 2625 3240 3734 4306 
13519 2631 3349 3314 4140 
13520 415 435 412 3885 
13521 3204 4390 2269 4391 
13522 3373 3465 2887 4106 
13523 2155 3161 2139 3892 
13524 1424 3133 3474 3972 
13525 2764 3496 3583 4137 
13526 2675 3051 3392 3749 
13527 2628 3014 3582 4065 
13528 3287 3519 2860 3738 
13529 118 119 136 4114 
13530 2899 3780 3479 3788 
13531 2833 3854 3461 4405 
13532 1141 2931 1142 4386 
13533 2863 3430 3313 4070 
13534 3063 3536 4114 4157 
13535 2879 3248 2692 3784 
13536 1929 1489 1930 3931 
13537 2626 3507 3461 4405 
13538 2997 3523 205 4056 
13539 2871 3276 3823 4307 
13540 2378 2379 2363 3100 
13541 2694 3121 3622 3889 
13542 1065 1053 1055 3262 
13543 2766 3646 3456 3957 
13544 2643 3336 3442 4196 
13545 2937 2706 3747 4222 
13546 3028 2880 3869 4314 
13547 2718 3666 3056 4095 
13548 1944 1576 1943 3469 
13549 899 2946 912 3152 
13550 3658 3899 3064 3946 
13551 3018 3371 2914 4028 
13552 1562 1542 3276 4307 
13553 2658 3033 3591 4063 
13554 1327 1661 1326 3094 
13555 2803 3708 3445 4097 
13556 2788 3771 3510 4269 
13557 3539 3943 2839 3985 
13558 2756 3333 3276 3823 
13559 246 3439 3868 3960 
13560 2619 3181 3400 3559 
13561 2626 3437 3083 3854 
13562 542 560 3197 4208 
13563 491 3762 509 4301 
13564 2687 3881 3958 4260 
13565 2196 3055 2181 3653 
13566 3660 4043 2682 4289 
13567 3395 3606 2812 3924 
13568 3178 2734 3829 3893 
13569 66 3025 67 4181 
13570 3463 3624 2792 4103 
13571 3546 3555 774 4082 
13572 1374 1368 1369 3402 
13573 390 415 412 3885 
13574 2948 2777 4027 4146 
13575 3753 4210 2595 4324 
13576 3080 3289 2842 4274 
13577 493 3858 476 4166 
13578 2774 3480 3734 3821 
13579 2717 3324 3021 3364 
13580 2778 3729 3196 3828 
13581 988 4053 3244 4388 
13582 527 510 3074 3790 
13583 2645 3695 3223 4135 
13584 183 166 184 3618 
13585 2966 3718 3452 4396 
13586 2679 4348 3358 4407 
13587 2086 3506 2085 3635 
13588 255 279 253 3297 
13589 2022 1997 2021 3878 
13590 154 3225 3536 4072 
13591 1299 1604 3809 4297 
13592 1268 2974 1528 3307 
13593 1065 1063 1053 3262 
13594 1876 1908 1878 3625 
13595 2476 3256 2496 3882 
13596 306 282 307 3709 
13597 2826 3131 3751 3937 
13598 1831 4191 3535 4381 
13599 1917 3363 1918 3914 
13600 2701 3177 3279 4248 
13601 3688 3890 3410 4189 
13602 2718 3195 3666 3716 
13603 3315 3645 2840 3868 
13604 3418 3668 2916 4369 
13605 2426 2407 2406 3316 
13606 2296 2314 2297 3473 
13607 970 3028 958 3432 
13608 2633 3540 3295 3814 
13609 3106 3829 2734 3893 
13610 2076 2046 3364 4344 
13611 2143 2159 3026 4073 
13612 1398 1086 1407 3601 
13613 1951 1952 1935 3808 
13614 2634 3445 3708 4097 
13615 1816 3300 1817 3921 
13616 2890 3622 3121 4022 
13617 3723 3773 3549 4153 
13618 3595 3734 2737 4306 
13619 2727 4273 4008 4376 
13620 2671 3258 2998 3604 
13621 3010 3921 3085 4180 
13622 2695 3046 3442 3872 
13623 541 3575 558 4049 
13624 2647 2988 3813 4291 
13625 2892 3553 3891 4081 
13626 1385 1378 1379 3402 
13627 2795 4011 3580 4203 
13628 3179 3528 2775 3966 
13629 3666 3716 3195 4095 
13630 1452 1436 2915 3413 
13631 1772 1748 3981 4235 
13632 25 42 43 4054 
13633 2815 3564 3180 3994 
13634 3082 3146 2937 4222 
13635 3304 3961 3244 4314 
13636 2857 3899 3514 4395 
13637 1158 1178 3267 3905 
13638 2799 3040 3440 4281 
13639 2775 3233 3207 4029 
13640 2120 3237 3836 3892 
13641 1879 1877 3294 4020 
13642 2699 3377 2906 3927 
13643 2732 3660 3496 3850 
13644 2192 2176 2191 3317 
13645 1614 1602 3441 3544 
13646 3195 3666 2809 4361 
13647 3217 3472 3411 4146 
13648 215 214 199 3618 
13649 2705 3982 3853 4169 
13650 1915 2962 3914 4050 
13651 2008 2035 2009 3194 
13652 1266 1280 1544 3684 
13653 250 252 249 3096 
13654 2825 3767 3725 3979 
13655 2828 3342 2886 4067 
13656 2932 3732 3904 4084 
13657 2627 3231 3419 3785 
13658 334 360 359 3709 
13659 2823 3307 3223 4091 
13660 469 3631 3331 4040 
13661 1432 1418 1847 4110 
13662 1572 2995 1571 4003 
13663 3859 3861 2806 4409 
13664 1524 1540 1525 4108 
13665 3187 3423 501 4019 
13666 67 3025 52 3815 
13667 3085 3921 2816 4180 
13668 2849 3875 3515 4267 
13669 2464 2465 2444 3115 
13670 624 625 644 3111 
13671 1651 1650 1663 3027 
13672 625 3111 624 3989 
13673 1915 3931 2962 4050 
13674 2654 2930 3649 4221 
13675 205 206 3523 4194 
13676 235 234 221 3523 
13677 548 3150 529 3896 
13678 2831 4191 3535 4251 
13679 3131 2894 3298 3965 
13680 39 38 21 3659 
13681 2576 2577 2559 3044 
13682 2777 3104 4098 4146 
13683 2903 3255 3849 4261 
13684 1090 1089 3468 3700 
13685 1056 587 1066 4330 
13686 2785 3341 4310 4321 
13687 2892 3243 3059 4316 
13688 3365 3519 3003 4134 
13689 1729 1728 1719 3438 
13690 2911 3296 2971 3787 
13691 2893 2952 3745 4377 
13692 2514 2534 3492 4211 
13693 2653 3181 3358 4153 
13694 2636 3530 3036 3838 
13695 2428 2448 2449 4022 
13696 135 118 136 4114 
13697 2627 3231 3785 3902 
13698 2439 2438 3739 4048 
13699 2772 3507 3111 4405 
13700 2887 2738 3582 4035 
13701 595 3112 594 3741 
13702 3540 3814 2964 3962 
13703 2208 2193 2192 3317 
13704 3254 3312 2769 3808 
13705 2663 3459 2945 3527 
13706 1510 1511 3007 3880 
13707 22 40 39 3216 
13708 2476 3256 3882 3953 
13709 215 3618 3608 4183 
13710 1131 737 738 2970 
13711 2519 2498 2518 3882 
13712 2808 3648 3539 3985 
13713 2631 3526 3884 4256 
13714 2462 3115 3561 4100 
13715 3222 3927 3415 4382 
13716 3012 3245 3807 4148 
13717 2593 2577 3044 4210 
13718 3108 3540 2912 3714 
13719 2682 3200 4155 4277 
13720 2867 3493 3252 4215 
13721 1695 1694 1687 3282 
13722 1483 3727 1485 3771 
13723 1584 1935 1556 3005 
13724 2820 3552 3783 4354 
13725 2792 3755 3463 4103 
13726 959 4028 960 4294 
13727 2700 3522 3440 3935 
13728 2991 3628 3160 3757 
13729 588 3832 589 3989 
13730 453 3431 471 4320 
13731 1065 1076 1063 3990 
13732 1696 3024 1694 3673 
13733 3117 3384 2891 4323 
13734 800 3329 1211 3604 
13735 2652 3370 3032 4182 
13736 765 3378 764 3726 
13737 2639 3291 3418 4259 
13738 2900 3708 3567 4173 
13739 1889 1887 1888 3827 
13740 2046 3184 2045 3364 
13741 2313 3060 2330 4001 
13742 1889 3688 3410 3827 
13743 3173 3940 2714 4374 
13744 468 3331 469 3631 
13745 2748 3419 2957 3664 
13746 2919 3640 3191 4128 
13747 1010 1002 3187 4053 
13748 431 414 3885 4040 
13749 2820 4079 3253 4297 
13750 381 3499 3479 3788 
13751 1576 3127 1575 3469 
13752 541 558 540 4049 
13753 2946 2729 3152 3797 
13754 2289 2273 3132 4184 
13755 3223 3307 2974 4091 
13756 1324 1660 1670 3279 
13757 3333 3759 2623 3940 
13758 1327 1326 1325 3094 
13759 3088 4149 2909 4302 
13760 2957 3320 3941 4380 
13761 741 3081 3555 4403 
13762 2139 3161 2140 3617 
13763 1285 1294 1291 3040 
13764 3296 3739 3002 4241 
13765 66 51 3025 4181 
13766 3112 3573 612 3877 
13767 2954 3942 3533 4233 
13768 1989 2013 2014 3077 
13769 238 679 237 2991 
13770 2849 3764 3385 4004 
13771 445 3119 446 3577 
13772 228 3608 2991 4317 
13773 2746 3574 3252 4275 
13774 2745 3896 3280 4166 
13775 1775 3281 1776 4235 
13776 2736 3084 3887 4147 
13777 2730 3229 3283 4086 
13778 2620 3875 4038 4168 
13779 3306 3350 2816 3975 
13780 2649 2674 3368 3978 
13781 3051 3613 3392 3749 
13782 2743 3609 3020 3700 
13783 3180 2815 3782 4282 
13784 2836 4155 3200 4277 
13785 1950 1583 1582 3586 
13786 2711 3497 3394 4212 
13787 2675 2945 3527 3749 
13788 3687 3766 2878 3969 
13789 2887 3373 2992 4192 
13790 2675 3323 3069 3392 
13791 2764 3255 3091 3496 
13792 2745 3416 3034 4213 
13793 731 3129 732 3662 
13794 3393 3637 3196 4177 
13795 2774 3334 3521 4005 
13796 3054 2728 3513 4154 
13797 3405 3591 2918 3703 
13798 2534 2533 2553 3846 
13799 2821 3549 3261 4393 
13800 2876 3142 4055 4263 
13801 3358 4348 2996 4407 
13802 1909 1908 3303 3625 
13803 839 838 840 2998 
13804 1590 3517 1569 3544 
13805 3669 4170 3396 4326 
13806 1131 3907 2970 4159 
13807 3083 3470 2761 4083 
13808 1238 1236 1514 3938 
13809 510 3858 3074 4262 
13810 2728 3054 3444 4154 
13811 745 765 764 3726 
13812 2718 3716 3666 4095 
13813 3051 2668 3392 3613 
13814 2149 3484 2131 4397 
13815 1936 1937 1558 3275 
13816 2683 3232 3599 4245 
13817 3376 3887 3084 4264 
13818 3130 3889 2771 4295 
13819 2932 3448 3299 3928 
13820 1686 1696 1688 3024 
13821 2948 3701 2901 4078 
13822 3123 3271 2624 3512 
13823 2679 3151 3308 3974 
13824 2522 2502 2501 4363 
13825 1630 1631 1617 4015 
13826 2927 4246 3166 4250 
13827 2813 3322 3116 4343 
13828 2634 3647 3445 4097 
13829 2842 3655 3421 4322 
13830 2730 3486 3229 3802 
13831 1916 1933 1917 3363 
13832 1866 3957 3456 4232 
13833 1974 1954 3275 3878 
13834 2858 3728 3233 4346 
13835 2766 3456 3116 3605 
13836 2629 3029 3593 3967 
13837 2798 2953 3515 4038 
13838 2766 3222 3646 3957 
13839 2713 3629 3494 4078 
13840 864 865 3460 3636 
13841 3355 3887 3084 4147 
13842 3133 3475 2784 4092 
13843 537 517 3423 4019 
13844 2997 3523 2780 4288 
13845 1234 1220 1219 3938 
13846 795 793 1209 3097 
13847 2125 3180 2106 3617 
13848 1764 1796 1797 3308 
13849 2880 3244 3961 4314 
13850 2900 3708 3383 4097 
13851 3813 4279 2988 4306 
13852 1396 1404 1780 2993 
13853 2869 3386 4003 4163 
13854 436 3431 435 3643 
13855 434 431 3885 4040 
13856 1649 3215 1660 4087 
13857 3799 4032 2881 4412 
13858 3037 3372 2644 3424 
13859 2674 3637 3257 3978 
13860 485 465 3331 4090 
13861 2774 3186 3595 3734 
13862 2713 3217 4078 4146 
13863 196 211 3141 4033 
13864 3041 2735 3620 4356 
13865 2622 3444 3089 4154 
13866 2999 2951 3820 4372 
13867 3128 1002 4053 4365 
13868 2644 3037 3377 4047 
13869 2950 3720 2421 4404 
13870 1453 3490 4178 4242 
13871 2853 3796 3654 4206 
13872 1231 1509 1510 3567 
13873 757 3555 2970 4403 
13874 1970 3312 1950 3655 
13875 3066 3919 2651 4115 
13876 2722 3543 3015 3668 
13877 1276 4308 2856 4309 
13878 2618 4245 3000 4339 
13879 3048 3025 3669 4170 
13880 2617 3509 2967 4059 
13881 2906 3651 3411 3927 
13882 3069 3518 442 4265 
13883 2045 4101 3184 4158 
13884 1396 1780 1756 2993 
13885 1661 1672 1673 3481 
13886 3510 3727 2788 4212 
13887 3069 3518 3414 4198 
13888 123 105 106 4149 
13889 2908 3766 3687 3969 
13890 2681 2897 3221 3628 
13891 2728 3288 3707 4273 
13892 2664 3343 3043 4354 
13893 1097 1108 1417 3601 
13894 1231 1510 1232 3567 
13895 2864 3838 3227 4177 
13896 1210 1209 1220 3330 
13897 2705 3089 3393 3982 
13898 2592 2593 2577 3044 
13899 2658 3356 3591 4293 
13900 1709 1717 3241 3736 
13901 2491 2492 3820 4359 
13902 216 200 201 3099 
13903 2492 2493 3492 4211 
13904 3834 3899 3155 4160 
13905 2734 2930 3484 3649 
13906 3160 3628 2681 3662 
13907 940 366 391 3830 
13908 2658 3591 3033 4013 
13909 1787 1788 3030 4122 
13910 1877 1879 2329 4020 
13911 2503 2502 2523 3311 
13912 3005 2769 3312 3808 
13913 3129 2706 3452 4111 
13914 183 3285 166 3618 
13915 2669 3470 3083 4083 
13916 1695 3438 3282 4150 
13917 2843 3181 3436 3843 
13918 840 3636 2998 4373 
13919 2494 2473 2493 3492 
13920 3018 3521 2958 3830 
13921 1064 3455 1054 4389 
13922 3523 3742 2780 3757 
13923 5 4 1 3095 
13924 2880 4314 3550 4388 
13925 532 3416 4213 4409 
13926 1814 3650 1838 4232 
13927 2944 3420 2767 3776 
13928 2591 2290 2291 4105 
13929 2829 3748 2988 4083 
13930 1879 3294 1880 3625 
13931 1929 1930 1913 3931 
13932 2793 3230 3029 4021 
13933 1118 1119 1128 3570 
13934 3161 3617 2676 4299 
13935 251 253 3297 4300 
13936 544 525 545 3210 
13937 2637 3411 3217 3717 
13938 3093 3249 3212 3601 
13939 2838 4023 3626 4408 
13940 3153 3762 456 4301 
13941 2667 3219 3821 4329 
13942 2759 3867 3255 3915 
13943 1613 1614 1602 3441 
13944 3113 3237 2787 3908 
13945 2914 3521 3334 4005 
13946 7 376 3796 3857 
13947 2128 2108 3587 3984 
13948 2989 2812 3509 4119 
13949 3237 3831 3062 4088 
13950 744 763 743 4082 
13951 499 501 3187 3423 
13952 3081 3555 2703 4082 
13953 101 83 84 3959 
13954 3037 3793 3462 4406 
13955 2707 3039 3315 3960 
13956 634 3693 198 4183 
13957 2045 2074 3364 4101 
13958 2864 3637 3257 3694 
13959 2877 3574 3447 4347 
13960 1116 1118 1117 3394 
13961 2793 3036 3838 3993 
13962 3177 4014 3054 4123 
13963 3019 3958 3848 4051 
13964 3166 3200 2682 4277 
13965 3123 3778 3271 3826 
13966 3054 3407 3177 4123 
13967 1201 1192 1193 3671 
13968 3282 3994 3024 4030 
13969 3013 3648 3346 3929 
13970 986 975 987 3571 
13971 420 3357 397 4085 
13972 3196 3637 2854 4177 
13973 422 3545 3072 4394 
13974 2643 3923 3556 4133 
13975 811 3039 831 4227 
13976 2923 3825 3278 3845 
13977 2928 3578 3203 4165 
13978 3403 3886 2819 3953 
13979 2644 3372 3678 4044 
13980 1727 2206 3449 4185 
13981 2770 3544 3215 4165 
13982 1646 1645 1635 3180 
13983 382 3499 381 3788 
13984 2830 3744 3745 4182 
13985 2885 3230 3176 3976 
13986 1746 1735 3714 4185 
13987 165 597 579 4024 
13988 2880 3961 3304 4314 
13989 2979 3552 2820 4015 
13990 2768 3814 3295 3962 
13991 3540 3606 2912 3738 
13992 1092 3791 1081 4237 
13993 2246 2260 2247 3532 
13994 1715 3242 3505 3736 
13995 2776 2920 3656 4017 
13996 2904 3897 3031 4289 
13997 171 170 153 3225 
13998 3217 3722 2746 4275 
13999 2660 3232 3321 3491 
14000 2445 2425 2424 3316 
14001 3127 2755 3682 3695 
14002 3280 3896 2745 4213 
14003 3008 3459 2663 4206 
14004 282 2939 283 3709 
14005 906 907 317 4219 
14006 2622 3406 3089 3444 
14007 3228 3306 2907 3772 
14008 2421 2442 2422 3720 
14009 2898 3650 3300 3850 
14010 3127 3695 3682 4187 
14011 2717 3491 3098 3920 
14012 2682 3652 3660 4289 
14013 3007 2687 3495 3881 
14014 3219 3602 2798 3821 
14015 2654 3466 3939 4119 
14016 198 615 182 3192 
14017 873 3138 891 3531 
14018 2878 3503 3200 3769 
14019 1208 791 1207 3097 
14020 495 514 513 4213 
14021 2640 3875 3680 4267 
14022 1729 3379 1728 3438 
14023 375 3008 376 3857 
14024 556 557 574 3634 
14025 3241 3317 2677 3449 
14026 885 900 1266 3152 
14027 3384 3744 2852 4182 
14028 3457 3603 2884 4231 
14029 2719 3320 2998 4373 
14030 2775 3528 3446 3966 
14031 3344 3764 2857 4106 
14032 2844 3949 3321 4247 
14033 2700 3569 3343 3935 
14034 997 3737 999 4388 
14035 2870 3751 3131 3971 
14036 2947 4081 3553 4313 
14037 2664 3043 3824 4354 
14038 664 663 665 4156 
14039 2641 3350 3306 3975 
14040 2785 3341 3299 4094 
14041 3034 3409 3707 4273 
14042 1967 2987 1947 4060 
14043 2772 3224 3111 3507 
14044 2751 3458 3558 4238 
14045 2836 3471 3351 4293 
14046 2994 2616 3486 4244 
14047 2973 3774 3853 4338 
14048 86 66 67 4181 
14049 3856 3968 3196 4328 
14050 178 160 161 3345 
14051 2122 2139 3617 4175 
14052 2383 2400 2401 3154 
14053 3058 3881 2804 3950 
14054 2660 3491 2990 4127 
14055 61 3354 63 3959 
14056 3411 4078 3217 4146 
14057 1519 3019 1518 4145 
14058 3840 4043 3046 4289 
14059 3024 3282 3673 3986 
14060 2657 4271 3093 4364 
14061 2760 2983 3428 3905 
14062 1989 2014 1990 3077 
14063 1944 4060 1945 4061 
14064 3122 3632 2751 4135 
14065 2754 3179 3553 4136 
14066 2853 3545 2982 3819 
14067 2729 4091 3307 4093 
14068 1485 1487 1928 3073 
14069 3560 3868 272 4401 
14070 1201 1193 3642 3671 
14071 3408 3884 3689 4316 
14072 2613 3022 3887 4328 
14073 3356 3471 2873 4155 
14074 2638 3851 3122 4311 
14075 1006 1014 3140 3774 
14076 2718 3359 3952 4276 
14077 3670 3863 2638 4322 
14078 3097 3383 1207 4173 
14079 2697 3380 3242 3505 
14080 1663 1650 1662 3027 
14081 1118 1109 1119 3570 
14082 3384 3744 2893 3811 
14083 2909 2740 3799 4254 
14084 1437 1452 1436 2915 
14085 2754 3075 3955 4058 
14086 1619 1620 1607 4003 
14087 2861 3556 3923 4133 
14088 3013 2617 3551 4400 
14089 2729 3075 3686 4140 
14090 2754 3243 3179 3955 
14091 2610 2345 2918 3703 
14092 3110 3580 2787 3883 
14093 3098 3956 2686 4217 
14094 2646 2965 3755 4231 
14095 2061 2033 2060 3991 
14096 2699 3104 3430 4382 
14097 679 2991 238 3757 
14098 1885 3827 2333 4001 
14099 2674 3257 3637 3694 
14100 3250 4012 2810 4032 
14101 3130 2715 3753 3948 
14102 1373 1368 1374 3402 
14103 3370 4121 3163 4411 
14104 2725 3189 3350 3983 
14105 2402 3584 3002 4241 
14106 2776 3285 3192 3690 
14107 2798 3382 3139 3480 
14108 2885 3355 3036 3568 
14109 2058 2089 2059 3178 
14110 2636 3530 3838 4123 
14111 2811 3100 3810 4195 
14112 2508 3130 2507 3948 
14113 2872 3578 3451 4282 
14114 368 367 341 3145 
14115 2984 3853 4162 4234 
14116 3783 3894 2648 4387 
14117 2692 3866 3325 4252 
14118 2922 2770 3781 4087 
14119 3085 3921 3300 3975 
14120 2379 2364 2363 3100 
14121 3104 3222 2777 3646 
14122 2977 4010 3473 4133 
14123 502 482 503 3423 
14124 2452 2473 2453 3820 
14125 2893 3745 3744 4182 
14126 2653 4343 3085 4393 
14127 2877 3551 3013 3732 
14128 2779 3565 3162 4126 
14129 3411 4098 3104 4146 
14130 242 245 274 3439 
14131 3224 3507 3478 3989 
14132 2779 3083 3437 3854 
14133 1427 1417 1108 3601 
14134 1229 3272 1230 3567 
14135 3372 3083 3470 4141 
14136 3027 3824 2724 4354 
14137 2815 2928 3564 3994 
14138 3271 3512 2978 4325 
14139 1724 1725 1714 3505 
14140 497 498 516 4213 
14141 2753 4183 3192 4278 
14142 2623 3012 3458 4238 
14143 3917 4038 3290 4168 
14144 1956 1976 3209 3878 
14145 1911 1927 1928 3303 
14146 2844 4184 3589 4207 
14147 172 155 173 4072 
14148 2581 2597 2582 3753 
14149 2988 2829 3725 4291 
14150 2724 3783 3552 4354 
14151 1250 1248 1259 3339 
14152 2523 3692 3311 4319 
14153 422 3545 402 4071 
14154 1487 1485 1486 3727 
14155 3142 3250 2992 4012 
14156 2786 3597 3735 3835 
14157 4008 4273 3288 4376 
14158 1419 2940 1420 3548 
14159 257 3297 260 3627 
14160 795 1210 797 3329 
14161 2666 3568 3976 3993 
14162 3349 3440 3040 3522 
14163 3472 4098 3411 4146 
14164 2725 3165 3592 4113 
14165 3053 4079 2820 4354 
14166 3440 3522 3349 4256 
14167 3044 3045 2656 4018 
14168 2764 3446 3087 4261 
14169 2666 3103 3339 3756 
14170 1687 3282 1686 4030 
14171 2729 3686 3314 4140 
14172 1265 2974 1267 3684 
14173 1195 3453 1196 3642 
14174 1007 997 3244 3737 
14175 2937 3504 3500 3747 
14176 3313 3430 2863 4077 
14177 1266 3152 900 3684 
14178 297 296 271 3263 
14179 2488 2508 3873 4295 
14180 2017 2018 3254 4158 
14181 1559 3275 1937 4352 
14182 2767 3353 3106 3776 
14183 828 3645 808 4227 
14184 2685 3262 3167 4323 
14185 2701 3397 3024 3934 
14186 2920 3360 2731 4116 
14187 3019 4145 3006 4374 
14188 2757 3400 3181 3559 
14189 2620 3511 2953 3875 
14190 1214 1215 1205 3383 
14191 2203 4112 4107 4150 
14192 1022 1013 1023 3140 
14193 2171 3120 2154 3787 
14194 3401 3693 2897 4317 
14195 1420 3548 2940 3594 
14196 2859 3364 3920 4101 
14197 2481 2213 2227 3639 
14198 2745 3896 3416 4213 
14199 3149 3783 2648 4387 
14200 101 3959 84 4181 
14201 2772 3381 2970 3461 
14202 255 279 3297 3590 
14203 2696 3695 2995 4058 
14204 656 684 683 3452 
14205 403 422 402 4071 
14206 2710 2987 3502 4060 
14207 2462 2463 2442 3115 
14208 741 3555 3081 4082 
14209 13 3048 15 4326 
14210 2904 4189 3916 4196 
14211 725 747 724 4188 
14212 3217 3411 2742 3717 
14213 1331 1680 1339 3279 
14214 2631 3522 3633 3935 
14215 2977 3827 2846 4001 
14216 1233 3567 1232 3938 
14217 1944 3127 1576 3469 
14218 2933 3917 4346 4353 
14219 3262 3597 3167 4323 
14220 2798 3385 3382 3876 
14221 2534 2533 3846 4211 
14222 3278 3845 2651 4376 
14223 1581 3586 3169 3655 
14224 3059 3408 2830 4121 
14225 1301 1308 3040 4281 
14226 2508 2507 3130 4295 
14227 2919 3675 3640 4339 
14228 2758 3478 3507 3989 
14229 2653 3306 4180 4343 
14230 2669 3037 3470 4406 
14231 2234 2235 3449 4185 
14232 3487 3983 3270 4113 
14233 3264 3646 2777 3957 
14234 2151 3296 2169 3787 
14235 3166 4246 3890 4277 
14236 3126 4023 2689 4408 
14237 2913 3565 3081 4082 
14238 2820 3552 3027 4079 
14239 1263 1262 2955 3925 
14240 486 468 487 3631 
14241 3315 854 3868 3960 
14242 3105 3322 2813 4343 
14243 1158 1178 1157 3267 
14244 2769 3312 3254 3366 
14245 2778 3393 3196 3530 
14246 3162 3424 2802 4044 
14247 2852 3744 3384 3811 
14248 160 143 161 3345 
14249 1819 1820 1796 3010 
14250 2855 3251 3651 3800 
14251 3145 3901 3259 4120 
14252 3132 2708 3949 4105 
14253 2652 3384 3698 4138 
14254 1087 3786 2961 3990 
14255 2914 3334 3521 4028 
14256 2821 3691 3085 4393 
14257 594 3112 612 3877 
14258 2900 3567 3708 3881 
14259 3013 2746 3498 4197 
14260 2837 4037 3249 4389 
14261 2057 2088 2058 4358 
14262 3020 3368 2649 3699 
14263 794 812 792 3898 
14264 1015 3244 1007 4053 
14265 2282 3204 2269 4391 
14266 2823 2900 3301 3841 
14267 2027 3342 2003 4203 
14268 3128 3550 3432 4314 
14269 2904 2749 3652 4189 
14270 1349 1357 1348 3211 
14271 1818 3691 3010 3921 
14272 3464 3764 2976 4267 
14273 2813 3849 3255 3915 
14274 2260 1749 3183 3981 
14275 3299 3341 2785 4321 
14276 2801 3362 3062 3908 
14277 2665 3784 3747 4006 
14278 3022 3968 3856 4328 
14279 3916 4189 2749 4196 
14280 301 327 300 3963 
14281 3013 2785 3904 4400 
14282 996 1006 995 3328 
14283 3801 3889 3130 4295 
14284 1117 3394 1126 4242 
14285 1152 1139 3394 4242 
14286 2901 3168 3508 3629 
14287 2734 3829 4318 4404 
14288 3354 4170 50 4181 
14289 3106 3829 2133 4404 
14290 1238 3286 1236 3938 
14291 2949 3589 4184 4207 
14292 2551 2532 3614 4211 
14293 2775 3243 3179 3966 
14294 2653 3772 3358 4180 
14295 3252 3574 3193 3977 
14296 2851 3392 3323 3763 
14297 3281 3379 1776 4235 
14298 2751 3309 3173 3670 
14299 2732 3166 3650 4246 
14300 2790 3803 4336 4372 
14301 2728 3328 3444 4014 
14302 2886 3451 3143 4283 
14303 2113 3776 2090 3829 
14304 237 238 2991 3742 
14305 2824 3305 3052 4392 
14306 2770 3279 3215 4087 
14307 381 3479 355 3788 
14308 2668 3118 3613 3696 
14309 940 949 939 3830 
14310 1848 1849 1828 3475 
14311 2192 2177 2176 3317 
14312 2811 3429 3100 4195 
14313 313 338 315 4120 
14314 3131 2870 3674 4052 
14315 3243 3553 3179 3966 
14316 3083 3489 2626 3854 
14317 3163 4121 3435 4197 
14318 558 557 540 4049 
14319 1276 4132 2856 4308 
14320 660 636 637 3718 
14321 2724 3027 3426 3824 
14322 2801 3712 3362 4304 
14323 2699 4016 3866 4252 
14324 2795 3831 3580 4011 
14325 560 559 542 3197 
14326 122 3088 105 4149 
14327 753 732 754 3247 
14328 7 3796 3095 3857 
14329 3409 3577 2923 4273 
14330 2754 3107 3553 3995 
14331 2528 2508 2507 3948 
14332 1208 1209 3097 4173 
14333 3384 2852 4138 4182 
14334 2770 4080 4165 4248 
14335 3299 4268 3448 4321 
14336 1882 1883 1881 3625 
14337 2087 2088 2057 4358 
14338 3061 3539 2941 3943 
14339 2635 3093 3844 4271 
14340 2820 4015 3552 4079 
14341 1364 4162 1365 4338 
14342 2284 1787 1788 3030 
14343 3177 2864 3694 4123 
14344 3448 3596 2846 3928 
14345 1262 1261 2955 3339 
14346 2817 3951 3614 4211 
14347 2689 4023 3138 4408 
14348 3266 3764 2698 4004 
14349 2734 4318 3484 4404 
14350 999 3737 998 4388 
14351 1688 1679 1677 3024 
14352 3268 1117 4178 4242 
14353 1924 1908 1907 3188 
14354 1342 1332 1335 3752 
14355 1811 3166 1834 3650 
14356 1160 1159 2983 3905 
14357 2771 3086 3319 3873 
14358 1632 1633 1619 4102 
14359 482 485 503 3423 
14360 3428 2760 3833 4220 
14361 3177 3407 3054 4014 
14362 2961 3570 3067 3615 
14363 1153 1174 1173 3497 
14364 2724 3426 3027 3552 
14365 3005 3312 2714 3586 
14366 2904 3652 3046 4289 
14367 2988 4279 3979 4306 
14368 2459 3739 2458 3882 
14369 1626 3544 1614 4360 
14370 2017 3080 4158 4357 
14371 2763 3673 3024 3934 
14372 2885 3058 3542 4147 
14373 2840 3645 2969 3657 
14374 666 665 643 3111 
14375 2743 3274 3605 3775 
14376 1239 1240 3604 4373 
14377 2717 3457 3098 3491 
14378 1329 3581 1337 3638 
14379 2672 3136 3465 4035 
14380 2961 3615 2800 3786 
14381 3787 3836 2971 4304 
14382 3006 2714 3940 4374 
14383 1413 1403 1415 3972 
14384 719 3081 741 4403 
14385 2687 3173 3495 3542 
14386 2215 2229 2228 3476 
14387 2617 3732 3551 4255 
14388 3130 3692 2782 3801 
14389 2790 3319 3675 4161 
14390 1932 1495 1933 3363 
14391 2740 3038 4225 4303 
14392 3135 3610 3325 3784 
14393 2619 3257 3397 4039 
14394 2999 3492 2951 4372 
14395 2965 3463 2646 3755 
14396 2720 3375 3055 3639 
14397 2022 2023 1998 3209 
14398 2860 4073 3736 4334 
14399 2622 3406 3444 3707 
14400 2863 3818 3374 4006 
14401 2640 3680 3875 4002 
14402 1390 1384 1391 3249 
14403 2707 3433 3533 4057 
14404 2768 3493 3193 3977 
14405 3571 3781 3407 4309 
14406 2692 3247 3500 4252 
14407 1642 4015 2979 4102 
14408 3106 4216 2694 4318 
14409 2613 3049 3376 4353 
14410 1015 1007 1017 4053 
14411 3066 3278 2651 3919 
14412 422 403 423 3072 
14413 1949 1970 1950 3655 
14414 2201 2217 2202 3532 
14415 2224 2223 2238 3909 
14416 2920 2968 3360 3656 
14417 2870 3131 3751 4052 
14418 1205 1216 1206 4173 
14419 2651 3845 3066 4376 
14420 2771 3092 3512 3889 
14421 2688 3073 3805 4074 
14422 2977 4133 3473 4268 
14423 1427 3601 3268 4178 
14424 1688 1677 1686 3024 
14425 122 105 123 4149 
14426 3322 3105 4153 4343 
14427 285 2939 3066 4305 
14428 3068 2745 3416 4312 
14429 1920 3588 1919 4333 
14430 2799 3440 3349 4256 
14431 2734 3826 3484 4318 
14432 2770 3544 3517 3862 
14433 1658 3180 2125 4030 
14434 3456 3957 2759 4232 
14435 2690 3593 3760 4283 
14436 2932 3732 3193 3904 
14437 1844 1870 1845 3691 
14438 3025 3719 3516 3815 
14439 1405 1415 1403 3972 
14440 3269 4077 3374 4378 
14441 3185 3322 2854 3549 
14442 3576 3839 2881 4302 
14443 2653 4153 3772 4343 
14444 36 37 54 3815 
14445 2713 3472 3217 4146 
14446 2877 3574 3163 4138 
14447 3223 3682 2755 3695 
14448 2048 2077 3883 4344 
14449 2774 3164 3595 4204 
14450 845 847 3531 3657 
14451 2649 3978 3368 4151 
14452 2760 3642 3453 3905 
14453 2709 3023 3855 3947 
14454 2469 3319 2470 4270 
14455 3032 3569 2700 3935 
14456 1914 1913 3931 4050 
14457 2678 3013 3346 3929 
14458 2551 2531 2550 3614 
14459 750 749 3221 3541 
14460 1190 1188 1174 2936 
14461 3626 4023 2953 4408 
14462 2976 3764 3464 4160 
14463 2790 3675 3640 4161 
14464 2049 2050 2023 3580 
14465 2769 3563 3254 3808 
14466 3288 3513 2728 4154 
14467 2074 2046 2045 3364 
14468 3690 4017 2776 4263 
14469 2670 3059 3408 4316 
14470 3606 3924 2964 4084 
14471 2681 3221 3676 4292 
14472 3048 2752 3641 4326 
14473 2722 3697 3387 4128 
14474 2834 3415 2948 3927 
14475 2967 3149 4059 4068 
14476 619 2986 620 3468 
14477 1908 1876 1907 4258 
14478 153 154 171 3225 
14479 1195 1181 3453 3905 
14480 2452 3679 2451 3820 
14481 939 3018 938 4076 
14482 3265 3528 2775 3632 
14483 2796 3689 3408 3884 
14484 2511 3614 2512 4359 
14485 1234 1235 1220 3938 
14486 2998 3258 2791 3765 
14487 2873 3356 3199 4139 
14488 2908 3524 3687 3766 
14489 538 537 517 3423 
14490 2689 2963 3531 3871 
14491 2716 3020 3293 3699 
14492 3022 2691 3856 3968 
14493 1177 3671 3267 3905 
14494 2715 3591 3033 4063 
14495 1781 1780 1807 3852 
14496 2838 3531 3138 4408 
14497 2783 3997 3805 4050 
14498 1277 3152 1285 3684 
14499 3254 4158 3080 4357 
14500 2737 3331 3016 3631 
14501 486 3331 468 3631 
14502 2593 2578 2577 4210 
14503 750 3541 3221 3662 
14504 1270 2955 1261 4064 
14505 1687 1694 1686 3282 
14506 3055 3768 3653 3939 
14507 1697 1705 1351 3501 
14508 2834 2983 3453 3547 
14509 2964 3606 3540 3738 
14510 3640 3697 3191 4128 
14511 3015 3543 2916 3668 
14512 2003 3342 2028 3711 
14513 468 469 487 3631 
14514 2728 3288 3444 3707 
14515 499 501 500 3187 
14516 2896 3487 3477 3971 
14517 852 3315 853 3868 
14518 2892 3553 4081 4313 
14519 3374 3818 2863 4077 
14520 2915 2789 3730 4178 
14521 162 145 163 3345 
14522 1487 1929 1928 3073 
14523 354 328 329 3479 
14524 2171 2186 3120 3787 
14525 2489 2490 3873 4359 
14526 2473 2494 2474 3492 
14527 1238 1514 3286 3938 
14528 924 934 1294 3758 
14529 890 3531 891 4219 
14530 2757 3559 3463 3624 
14531 3223 4051 2823 4091 
14532 228 655 227 3608 
14533 2468 2448 2447 4022 
14534 3557 3587 3026 3621 
14535 2469 2448 2468 3873 
14536 746 765 745 3726 
14537 1115 1419 1418 2940 
14538 2597 3327 2582 3753 
14539 1781 1756 1780 3852 
14540 82 81 61 3959 
14541 2699 3335 3148 4172 
14542 2694 4216 3720 4318 
14543 2809 3263 3713 4066 
14544 2706 3129 3747 4111 
14545 604 622 605 3989 
14546 2825 3240 3102 3779 
14547 3157 3647 3369 4002 
14548 49 48 28 3354 
14549 3239 3523 206 4194 
14550 512 511 493 4166 
14551 595 613 594 3112 
14552 2017 3254 1993 4357 
14553 3362 3559 2996 3843 
14554 2655 3799 3038 4412 
14555 3071 3551 2877 4255 
14556 1670 1680 1331 3279 
14557 1639 1650 1651 3027 
14558 301 277 302 3041 
14559 2733 3690 3285 4055 
14560 2254 3134 4280 4390 
14561 2875 4107 4112 4150 
14562 3060 2831 4020 4337 
14563 2692 3335 3866 4252 
14564 2779 3372 3678 4141 
14565 3077 3543 2014 4236 
14566 255 3297 257 3590 
14567 2830 3745 3526 4182 
14568 705 680 3160 3628 
14569 2374 3348 2373 3761 
14570 156 173 155 4072 
14571 431 432 414 4040 
14572 3217 2742 3435 3717 
14573 3000 4207 3733 4372 
14574 3235 4098 3472 4146 
14575 2936 3671 2760 3833 
14576 2356 2115 2370 3353 
14577 2829 3083 3748 4083 
14578 1835 4246 3166 4277 
14579 1030 1020 3861 4409 
14580 889 868 871 3531 
14581 3443 3702 2839 4125 
14582 2668 3150 3074 3677 
14583 3057 3813 2889 3865 
14584 2698 3155 3464 4160 
14585 463 462 445 3577 
14586 3368 4062 2649 4151 
14587 2781 3978 3637 4151 
14588 2668 3074 3987 4225 
14589 3362 4218 2801 4304 
14590 3234 3980 3716 4267 
14591 2704 3102 3240 3779 
14592 3018 3371 2946 4075 
14593 2934 3863 3670 4322 
14594 2631 3314 3349 4256 
14595 3249 4037 3455 4389 
14596 3395 3466 2812 4119 
14597 1203 1204 1503 3642 
14598 3137 4074 3217 4275 
14599 1331 1324 1670 3279 
14600 2884 3603 3457 3956 
14601 2278 3208 2294 3879 
14602 2752 3064 3669 4395 
14603 3048 4170 3669 4326 
14604 3011 3541 2924 4292 
14605 2250 4164 2251 4327 
14606 1499 1482 2936 3727 
14607 330 355 3479 3788 
14608 919 3259 339 3830 
14609 1795 1818 3010 3921 
14610 231 3742 232 3757 
14611 755 732 733 3129 
14612 2954 2840 3560 3868 
14613 2101 3237 2120 3892 
14614 833 3258 834 3663 
14615 3207 2827 4029 4272 
14616 1753 1779 1754 3147 
14617 2894 3851 3298 3965 
14618 2452 2453 3679 3820 
14619 2635 3447 3093 4037 
14620 2832 3714 3108 4251 
14621 2760 3671 3642 3905 
14622 2967 4059 3149 4410 
14623 2992 4012 3705 4412 
14624 3326 3361 2826 3897 
14625 2986 3468 619 4392 
14626 2282 2269 4390 4391 
14627 3400 3559 2757 3624 
14628 2739 3396 3025 3815 
14629 1587 3711 3143 4266 
14630 2864 3637 3393 4177 
14631 484 3423 3187 4090 
14632 2678 4081 3929 4313 
14633 2984 3147 3978 4234 
14634 2756 3005 3333 3940 
14635 3556 3916 2749 4196 
14636 2674 2649 3393 3637 
14637 2838 4076 3837 4131 
14638 3153 3332 2805 3357 
14639 84 3959 83 4181 
14640 2816 4152 3921 4286 
14641 101 3063 3959 4181 
14642 2193 2208 2209 4205 
14643 547 548 565 3150 
14644 2151 3787 2153 4241 
14645 2846 2977 4001 4268 
14646 3429 3920 3021 4101 
14647 2154 2171 2172 3120 
14648 622 623 605 3224 
14649 2687 3019 3309 4051 
14650 2938 3065 3767 4406 
14651 2663 3514 2976 4160 
14652 3325 2692 3775 3866 
14653 3416 3896 551 4213 
14654 944 946 959 3028 
14655 2277 2293 2294 3208 
14656 3434 3992 29 4362 
14657 2629 3593 3029 4283 
14658 3340 3740 2822 3991 
14659 1566 1564 1942 3143 
14660 1845 1820 1844 3261 
14661 378 351 352 3654 
14662 3098 3198 3920 4245 
14663 2553 2554 3156 3846 
14664 1973 1974 1953 3808 
14665 1508 3272 1509 3567 
14666 2984 2674 3853 4234 
14667 996 995 986 3328 
14668 1473 1469 2948 4027 
14669 3277 3447 2723 4037 
14670 3183 3532 2875 4107 
14671 1610 1611 1599 2886 
14672 1772 1800 3281 4099 
14673 638 3718 617 4392 
14674 3243 3995 3884 4140 
14675 1982 2005 2006 3740 
14676 3440 3869 3032 4256 
14677 1518 3019 1519 3272 
14678 601 2986 600 3864 
14679 2971 3002 3584 4241 
14680 2904 3046 3897 4289 
14681 2724 3287 4193 4410 
14682 2528 2507 2527 3948 
14683 2363 2378 3100 3810 
14684 2919 4041 3487 4128 
14685 2116 3324 2118 3584 
14686 2196 2197 2181 3055 
14687 102 3719 3063 4181 
14688 1205 1206 3383 4173 
14689 3226 3981 3538 4340 
14690 1444 1442 3325 4249 
14691 1269 4064 3339 4307 
14692 2693 3362 3175 3712 
14693 2550 2569 2551 3951 
14694 2806 3140 3859 4169 
14695 699 3726 674 4188 
14696 2395 3100 2378 3810 
14697 3122 2755 3421 4311 
14698 1103 1090 3020 3700 
14699 2114 2113 3106 3776 
14700 734 1121 1135 3135 
14701 2884 3603 3364 4344 
14702 1434 1848 1423 3133 
14703 3199 3562 2873 4041 
14704 2770 3407 4080 4248 
14705 2687 3058 3881 4260 
14706 2843 3843 3538 4407 
14707 449 3334 433 4040 
14708 1894 3890 3688 3914 
14709 2732 3496 3091 3850 
14710 2552 2553 2533 3846 
14711 3477 3487 2896 4171 
14712 2794 3466 3395 4119 
14713 2468 2447 2467 4022 
14714 1741 1754 1755 3310 
14715 727 3221 703 3628 
14716 2459 2439 2438 3739 
14717 2737 4208 3197 4279 
14718 1734 1733 1744 3505 
14719 2122 2139 2140 3617 
14720 2653 4180 3085 4343 
14721 354 355 381 3479 
14722 422 3072 423 4394 
14723 3036 3976 3568 3993 
14724 1777 1776 3147 3379 
14725 2917 3996 2980 4124 
14726 378 401 12 3796 
14727 2754 3955 3347 4058 
14728 1250 1259 1261 3339 
14729 970 969 955 3028 
14730 3072 3945 3069 4198 
14731 2771 3121 3873 4295 
14732 2738 4199 3266 4200 
14733 1165 3415 1185 3547 
14734 3112 3554 2968 3741 
14735 1160 2983 1180 3905 
14736 2885 3355 3245 4148 
14737 433 3334 432 4040 
14738 2941 3872 3778 4325 
14739 3017 3204 3524 3612 
14740 2630 3332 3465 4106 
14741 2683 3403 3100 3611 
14742 352 351 3206 3654 
14743 2938 2762 3462 4086 
14744 633 615 634 3360 
14745 1481 3727 1483 3771 
14746 2735 3231 3780 3902 
14747 3484 3826 2950 4318 
14748 2872 3578 3203 4209 
14749 3013 3732 2617 3904 
14750 2678 3059 4036 4313 
14751 150 149 132 3284 
14752 1268 1267 1546 2974 
14753 111 94 3001 3874 
14754 3325 3866 4016 4252 
14755 2734 3484 3829 4404 
14756 2629 3831 3062 3967 
14757 2722 3191 3697 4128 
14758 2818 3709 2939 4031 
14759 252 3663 857 4300 
14760 2808 4059 3149 4068 
14761 3000 3321 3232 4245 
14762 3319 3873 3086 4270 
14763 3651 3717 2637 3800 
14764 2014 1990 3077 4236 
14765 2619 3436 3257 3723 
14766 2620 3710 3511 3875 
14767 3205 3589 1791 4315 
14768 3440 3522 3032 3935 
14769 2677 3924 3466 4193 
14770 3786 3990 3262 4186 
14771 1339 1344 1338 3774 
14772 2969 2900 3812 4097 
14773 302 277 278 3041 
14774 2847 3041 3620 3963 
14775 2807 3874 3454 4025 
14776 2621 3374 3269 3973 
14777 225 224 3141 4144 
14778 3057 3534 2647 3865 
14779 298 297 3263 3713 
14780 3205 2816 3975 4286 
14781 2854 3322 3105 4153 
14782 775 1158 774 3546 
14783 3851 4174 2797 4311 
14784 1728 1740 1741 3379 
14785 2862 3754 3566 4118 
14786 624 644 643 3111 
14787 3045 3503 2715 3681 
14788 436 435 415 3643 
14789 2785 3214 3648 3929 
14790 607 588 589 3989 
14791 2694 3512 3123 3889 
14792 2625 3734 3595 4306 
14793 3394 4046 2711 4212 
14794 2731 3554 3360 4367 
14795 3093 3601 2915 3730 
14796 2946 3371 3758 4075 
14797 950 962 2923 3825 
14798 3051 3318 2668 4243 
14799 2630 3344 3332 4106 
14800 2731 3676 3424 3793 
14801 2531 2551 2532 3614 
14802 1772 3281 1774 4235 
14803 2754 3553 3243 3995 
14804 3836 4218 2971 4304 
14805 1652 1651 1664 3552 
14806 2758 3731 3634 3989 
14807 3591 4228 3405 4293 
14808 2624 3271 3778 4325 
14809 1013 1014 1023 3140 
14810 1173 1152 1153 3497 
14811 3340 3525 2944 4259 
14812 2696 3404 3291 3918 
14813 3036 3729 3355 4328 
14814 869 3797 1254 3847 
14815 2756 3176 3333 3823 
14816 2315 2314 2332 4001 
14817 3238 3762 2959 4301 
14818 3945 4262 2841 4265 
14819 3202 3625 2846 3827 
14820 416 415 3090 3643 
14821 1099 2961 1087 3786 
14822 1587 1585 1960 4266 
14823 2692 3325 3248 4252 
14824 3145 3706 367 4120 
14825 507 4208 506 4320 
14826 2325 2326 2612 3951 
14827 1073 1386 1072 2984 
14828 2034 2033 2061 3991 
14829 2944 3340 3178 3525 
14830 550 551 568 3416 
14831 2680 3298 3131 3971 
14832 2727 3288 4008 4273 
14833 3162 3372 2779 4126 
14834 1662 1673 1674 3426 
14835 3195 4167 2954 4401 
14836 530 3896 529 4166 
14837 372 3666 373 4085 
14838 2678 4036 3929 4081 
14839 1046 1034 1036 3597 
14840 3022 3245 3887 4328 
14841 1756 1757 3144 3852 
14842 3270 3471 2873 4139 
14843 2694 3316 3115 3720 
14844 845 3657 3531 3871 
14845 2727 3414 3119 4008 
14846 1188 1190 1189 2936 
14847 2855 3437 3083 3704 
14848 340 366 3830 4120 
14849 1165 1186 1185 3415 
14850 1279 3683 1278 3684 
14851 3703 4228 2836 4229 
14852 2787 3908 3062 3967 
14853 2785 3648 3509 4400 
14854 117 3284 116 3959 
14855 2725 3165 3350 4349 
14856 3163 3574 2852 4138 
14857 2900 3708 4097 4260 
14858 548 549 3864 3896 
14859 1810 4191 1785 4251 
14860 3018 4075 2946 4131 
14861 2414 2433 3403 3679 
14862 2888 3380 3144 3926 
14863 525 3210 544 3789 
14864 2848 3026 3557 3587 
14865 3286 3938 3103 3950 
14866 2101 3892 2121 4175 
14867 144 161 143 3345 
14868 1662 1674 1663 3426 
14869 2661 3585 3022 4385 
14870 1419 1418 2940 4110 
14871 2653 3010 3773 4393 
14872 3437 3678 3428 4141 
14873 2926 3925 1251 4373 
14874 3163 3370 2830 4121 
14875 1770 1772 3981 4099 
14876 2930 3768 3939 4221 
14877 2638 3851 3298 3863 
14878 3515 3875 2849 4168 
14879 1709 1708 1717 3736 
14880 242 244 243 3439 
14881 3325 4016 3391 4252 
14882 15 4326 3048 4362 
14883 2855 3651 3428 4220 
14884 1964 1987 1965 3502 
14885 3168 2936 3833 4212 
14886 3157 3680 2640 4002 
14887 3453 3547 2983 3905 
14888 2811 3944 3640 4161 
14889 3853 4237 4338 4342 
14890 2780 3757 2991 3970 
14891 1785 4191 3108 4251 
14892 2401 3154 2400 4048 
14893 2060 2091 2061 3776 
14894 2420 3739 3002 4048 
14895 382 404 381 3499 
14896 2708 3733 4207 4372 
14897 2954 3942 2640 4230 
14898 3037 3424 3377 4172 
14899 2591 2309 2290 4105 
14900 2705 3444 3089 4169 
14901 2870 3487 3751 3971 
14902 3194 3469 1984 4026 
14903 1211 3329 3330 3604 
14904 2862 4118 3566 4154 
14905 368 341 342 3145 
14906 2862 3054 3513 4154 
14907 2684 3139 3952 4007 
14908 2737 3102 3631 4208 
14909 3602 3821 3219 4329 
14910 2656 3017 3524 4190 
14911 3152 2729 3684 3797 
14912 95 94 76 3001 
14913 2757 3105 3772 4153 
14914 946 4028 959 4294 
14915 326 352 351 3206 
14916 2145 2162 2163 3768 
14917 3197 4279 3725 4291 
14918 3131 3674 2870 3971 
14919 1099 3615 2961 3786 
14920 1366 1368 1373 3402 
14921 2632 3313 3430 4070 
14922 3483 4072 2997 4194 
14923 1651 1639 3027 4079 
14924 2276 2277 4164 4191 
14925 3045 3766 3292 3769 
14926 320 345 3359 3666 
14927 2068 2041 2040 3302 
14928 3116 3313 3915 4070 
14929 1990 4009 3077 4236 
14930 2728 3444 3288 4154 
14931 2689 3138 3531 4408 
14932 1658 2125 1668 4030 
14933 2312 2329 3060 4020 
14934 3103 3938 3007 3950 
14935 2614 3965 3179 4379 
14936 163 3345 145 3790 
14937 2620 4038 3917 4168 
14938 3068 3406 2745 4312 
14939 2710 3404 3127 3918 
14940 1067 640 619 3468 
14941 2864 3257 3637 3723 
14942 2712 3807 3022 4328 
14943 2058 3178 2059 3340 
14944 928 927 917 3830 
14945 3237 3892 2101 4175 
14946 3273 3585 2858 4385 
14947 1394 1386 1387 2984 
14948 2519 2518 3070 3882 
14949 532 3416 551 4213 
14950 2923 3288 4273 4376 
14951 3204 3612 3017 4363 
14952 1628 1640 4015 4079 
14953 2688 3252 3493 4215 
14954 2615 3899 3658 3946 
14955 2840 4230 3560 4341 
14956 2646 3213 4127 4218 
14957 3025 3516 2739 3815 
14958 1402 1392 1393 2984 
14959 1371 1366 1373 3402 
14960 2729 2963 3307 3797 
14961 3011 782 3391 3541 
14962 2779 3854 3437 4223 
14963 1342 1335 3638 3752 
14964 3255 3850 3496 3867 
14965 3360 3656 3192 4278 
14966 577 560 3741 3877 
14967 2488 2509 2489 3873 
14968 2886 3441 1611 4398 
14969 1140 1153 1152 3497 
14970 2850 3338 3114 3395 
14971 2020 3563 2019 4344 
14972 3298 3851 3158 3965 
14973 3161 2676 3282 4299 
14974 173 190 2997 4194 
14975 2735 2939 3590 3788 
14976 625 607 3731 3989 
14977 2901 3701 3494 4078 
14978 477 3280 495 4166 
14979 2734 3390 3271 3893 
14980 1469 1473 2948 3415 
14981 1306 3053 1312 4079 
14982 2856 3278 3460 3919 
14983 1749 3183 1748 4235 
14984 2872 3451 3441 4282 
14985 2987 3655 2842 4009 
14986 1812 3166 4122 4277 
14987 2713 3629 3217 4074 
14988 2760 3671 3267 3833 
14989 321 4167 322 4361 
14990 2613 3598 3049 4353 
14991 2617 3013 3904 4400 
14992 2286 2305 3351 4184 
14993 441 424 3069 3945 
14994 3049 3376 4168 4287 
14995 1831 4191 1810 4251 
14996 2876 3794 3284 3959 
14997 3084 2748 3568 4176 
14998 2903 3849 3446 4261 
14999 2854 3723 3637 4151 
15000 3087 3446 2892 3964 
15001 3549 2781 3723 4151 
15002 2649 3368 3020 4062 
15003 498 3034 516 4213 
15004 3266 3373 2857 4106 
15005 3637 3978 2674 4151 
15006 3497 3833 2936 4212 
15007 2088 2089 2058 3178 
15008 1749 1748 3183 3981 
15009 1851 1850 1874 3079 
15010 511 3858 493 4166 
15011 2479 3070 2480 3739 
15012 3019 4051 3848 4345 
15013 3037 2669 3793 4406 
15014 1067 620 3068 3468 
15015 430 411 950 2923 
15016 1230 3272 1508 3567 
15017 1612 2004 2029 4067 
15018 2921 3705 3146 4065 
15019 3422 4161 2975 4270 
15020 2632 3804 3087 4261 
15021 2794 3336 3939 4119 
15022 2676 3933 3175 3986 
15023 2883 3557 3149 4387 
15024 2689 2969 3369 3841 
15025 557 3575 574 3634 
15026 666 667 692 3999 
15027 3174 3428 3833 4220 
15028 929 3825 3278 4308 
15029 481 464 984 3409 
15030 1957 1958 1940 3209 
15031 2942 3919 3066 4115 
15032 2678 4036 4081 4313 
15033 736 716 737 3907 
15034 207 192 208 3239 
15035 237 2991 228 3742 
15036 2658 3675 3356 4139 
15037 2787 3755 3908 3967 
15038 2016 3080 2017 4357 
15039 961 3521 3334 4028 
15040 1499 2936 1500 3727 
15041 3377 3651 2906 3927 
15042 2695 3046 3872 4201 
15043 28 3354 45 3434 
15044 501 3835 3187 4019 
15045 3299 3448 2846 3928 
15046 226 3693 3608 4317 
15047 1332 3094 1325 3638 
15048 2923 3845 3278 4376 
15049 2879 3747 3248 4111 
15050 339 3830 3259 4120 
15051 3570 3615 1119 4202 
15052 3137 3498 3341 4310 
15053 2953 3511 3126 3875 
15054 2872 4165 3578 4282 
15055 3028 3432 970 3550 
15056 1944 1577 3127 4061 
15057 1953 1954 3275 3808 
15058 36 54 53 3815 
15059 1716 1727 1717 3736 
15060 224 209 3141 4144 
15061 3605 3775 3274 3895 
15062 460 443 461 3518 
15063 2769 3759 3366 3777 
15064 2639 3910 3291 4259 
15065 3565 3573 2779 4223 
15066 2847 3047 3527 3529 
15067 539 556 538 4049 
15068 46 30 3434 3992 
15069 3196 3856 2929 3968 
15070 3141 3345 2909 3913 
15071 2898 2732 3650 3850 
15072 3583 3804 2764 4137 
15073 783 3247 3391 3541 
15074 31 28 32 4362 
15075 673 674 699 3726 
15076 2882 3699 3020 3791 
15077 226 3608 655 4317 
15078 330 356 355 3788 
15079 2112 2090 2089 3178 
15080 2636 3337 3530 4123 
15081 1558 1937 1559 3275 
15082 817 2998 838 3765 
15083 3697 4239 3015 4355 
15084 3114 3338 2850 4327 
15085 1989 3077 1990 4009 
15086 2429 3086 2449 4270 
15087 2922 3407 3177 4014 
15088 3140 3853 3774 4338 
15089 2021 3110 3563 4344 
15090 3007 2804 3881 3950 
15091 1089 2879 688 3468 
15092 1947 4060 2987 4061 
15093 3585 3728 2858 4385 
15094 2717 3098 3457 3956 
15095 1881 1879 1880 3625 
15096 3157 3942 3647 4002 
15097 2353 2364 2365 3429 
15098 1839 1815 1814 4232 
15099 2713 3494 3701 4078 
15100 2655 3038 3705 4412 
15101 3241 3736 2860 4073 
15102 3319 3873 2490 4359 
15103 2630 3332 3344 4331 
15104 3535 3900 3079 4258 
15105 1670 1659 1669 3912 
15106 3197 3575 3016 4291 
15107 2518 3256 3070 3882 
15108 2469 2449 2448 3873 
15109 1739 4107 2248 4235 
15110 2465 3115 2464 3801 
15111 2675 3527 3047 3749 
15112 1639 1650 3027 4079 
15113 994 3328 1005 3861 
15114 3614 4211 2512 4359 
15115 1341 1340 1346 3752 
15116 2804 3938 3567 4173 
15117 2727 3518 3414 4008 
15118 2940 4062 3368 4151 
15119 1995 1996 1973 3563 
15120 3183 3981 1748 4235 
15121 1087 2961 1098 3990 
15122 2491 2511 2512 4359 
15123 2537 2536 2556 3156 
15124 2892 4036 3059 4313 
15125 919 314 315 3259 
15126 2705 4014 3444 4169 
15127 1345 1689 1697 3501 
15128 358 3709 359 4031 
15129 738 2970 757 4159 
15130 3158 3361 2902 3937 
15131 2749 3766 3200 3769 
15132 2629 3578 3451 4283 
15133 3688 3997 2783 4050 
15134 2765 3566 3201 3754 
15135 2668 3613 3051 4243 
15136 95 112 94 3001 
15137 3084 2748 3922 4264 
15138 550 551 3416 3896 
15139 3658 3899 2857 4395 
15140 2365 2354 2353 3429 
15141 3123 3271 2694 4318 
15142 3184 3364 2046 4344 
15143 2864 3723 3637 4177 
15144 2569 2550 2568 3951 
15145 2714 3006 3586 4374 
15146 3053 3343 2700 4284 
15147 2771 3512 3199 3622 
15148 29 3434 30 3992 
15149 868 844 842 3847 
15150 3195 3359 2718 3666 
15151 2342 3503 3045 3769 
15152 3509 3648 2808 4400 
15153 15 14 4326 4362 
15154 2840 3868 2954 3942 
15155 3080 4236 2722 4274 
15156 2680 3751 3131 3937 
15157 1734 1724 1733 3505 
15158 2739 3216 3485 3839 
15159 276 275 247 3817 
15160 3120 2801 3787 4304 
15161 2992 3658 2659 4012 
15162 2183 4399 2950 4404 
15163 509 97 526 3238 
15164 3348 3806 3353 4355 
15165 3562 3751 2873 4041 
15166 1401 1400 1095 2984 
15167 2918 3951 3614 4013 
15168 2747 3525 3340 4259 
15169 3399 3512 2694 3622 
15170 247 245 248 3439 
15171 2650 4239 3697 4355 
15172 2757 3807 3624 4253 
15173 2658 4013 3733 4293 
15174 1090 3468 1078 3791 
15175 2770 4165 3215 4248 
15176 3192 3690 2753 4278 
15177 3125 2764 3804 4137 
15178 1509 1231 1230 3567 
15179 3295 3596 2633 3814 
15180 2738 3619 4199 4200 
15181 3653 3768 2848 3939 
15182 439 456 438 3153 
15183 2619 3436 3181 3843 
15184 3131 3842 3674 3971 
15185 216 215 200 3099 
15186 3184 3563 3254 3777 
15187 3098 3920 3491 4245 
15188 2646 3908 3362 4218 
15189 3744 4138 2852 4182 
15190 3664 3922 2748 4264 
15191 2931 3174 3067 4298 
15192 2740 3790 3001 4254 
15193 3575 4049 3016 4291 
15194 2803 3445 3647 4097 
15195 2643 3556 3916 4268 
15196 2112 3178 2111 3829 
15197 2447 3121 2467 4022 
15198 57 56 3216 4025 
15199 2673 3028 3869 4314 
15200 2716 3068 2986 3468 
15201 2995 3683 1571 4003 
15202 403 3499 3072 4071 
15203 2617 4059 3551 4400 
15204 838 837 840 2998 
15205 921 4308 922 4309 
15206 3608 3693 226 4183 
15207 2917 4019 2972 4124 
15208 3080 3302 2722 4236 
15209 2006 3340 2032 3991 
15210 2871 3451 3143 4064 
15211 2525 2544 3692 4319 
15212 263 261 264 3627 
15213 2776 3792 3238 4263 
15214 1718 1721 1710 3673 
15215 2779 3112 3573 4126 
15216 1705 1704 1713 3501 
15217 2727 3577 3034 4273 
15218 388 361 363 4117 
15219 3070 3132 2558 3476 
15220 791 3097 793 3898 
15221 2804 3330 3097 4257 
15222 2931 2711 3497 3570 
15223 569 3478 570 3832 
15224 2789 3730 4269 4271 
15225 2651 3278 3066 3845 
15226 1282 1284 1276 4309 
15227 2959 3779 3210 3789 
15228 2768 3193 3732 3977 
15229 3184 3364 2859 4101 
15230 2668 3987 3118 4225 
15231 3001 3576 3987 4254 
15232 334 335 360 3709 
15233 2523 2502 2522 3311 
15234 2829 2988 3748 4291 
15235 3373 3658 2857 4395 
15236 837 840 2998 4373 
15237 3151 3589 3205 4349 
15238 298 325 324 3713 
15239 1589 2872 1568 4064 
15240 3041 3297 2735 4356 
15241 2599 2610 2611 2918 
15242 2778 3566 3201 3828 
15243 3658 3669 3064 4395 
15244 2995 3695 2974 4058 
15245 2677 3738 3606 3924 
15246 538 3423 519 4049 
15247 1069 2882 1081 3791 
15248 507 3102 4208 4320 
15249 1269 1261 1259 3339 
15250 2313 2330 2331 4001 
15251 2082 3342 2053 4011 
15252 657 3159 656 4144 
15253 1045 1053 1054 4389 
15254 3205 3589 2725 4349 
15255 4042 4203 1980 4266 
15256 1553 3169 1581 3586 
15257 2789 3730 3685 4269 
15258 3032 3869 3526 4256 
15259 2683 3154 3403 3611 
15260 3020 3609 2743 4062 
15261 2686 3746 3023 4217 
15262 2695 3872 3943 4201 
15263 1689 1680 1679 3501 
15264 3339 2955 3993 4209 
15265 3235 2777 4098 4146 
15266 2857 3764 3266 4106 
15267 727 702 703 3221 
15268 3148 3377 3037 4047 
15269 2726 3183 3438 4235 
15270 3038 4303 2966 4396 
15271 298 324 297 3713 
15272 3015 2722 3668 3697 
15273 2893 3744 3384 4182 
15274 2509 3033 2510 4359 
15275 2276 2293 2277 4191 
15276 2619 3175 3436 3843 
15277 2728 3409 2923 4273 
15278 2741 3433 3096 4356 
15279 2999 3733 3492 4372 
15280 877 270 3560 3868 
15281 2712 3624 3400 3807 
15282 315 339 919 3259 
15283 1764 3308 1766 4340 
15284 726 748 725 4188 
15285 3099 3488 2780 3742 
15286 2724 3824 3287 4410 
15287 2699 3430 3335 3866 
15288 1887 3410 2333 3827 
15289 1998 2023 1999 3209 
15290 1067 3468 3068 3791 
15291 2750 3762 3153 4301 
15292 515 497 516 4213 
15293 2241 2240 2256 3612 
15294 3205 4152 2816 4286 
15295 2946 3371 3018 4076 
15296 2957 4057 3664 4380 
15297 3291 4163 2822 4259 
15298 2254 3134 3909 4280 
15299 2909 3483 3088 4302 
15300 1642 1641 3552 4015 
15301 3122 3404 2755 4311 
15302 2679 4247 3151 4349 
15303 3511 3710 2905 3875 
15304 301 3041 302 3963 
15305 2855 3174 3428 3437 
15306 2931 4159 1142 4386 
15307 2824 4033 3718 4034 
15308 3275 3276 2690 4352 
15309 1093 1399 1411 3594 
15310 2906 3377 3148 4047 
15311 2943 2823 4091 4093 
15312 320 319 3195 3359 
15313 3466 3924 2967 4193 
15314 1698 3822 3242 4334 
15315 868 2963 842 3531 
15316 2838 3138 4023 4408 
15317 2757 3181 3400 4153 
15318 3096 3433 2791 4356 
15319 3289 3366 2842 4322 
15320 733 755 3129 3248 
15321 3664 4057 2627 4380 
15322 2967 3557 3466 4193 
15323 572 3634 589 3832 
15324 2028 2003 2027 3342 
15325 2249 2250 2234 4164 
15326 3509 4068 2989 4119 
15327 2034 2035 2008 3194 
15328 1156 3267 1177 4386 
15329 162 179 178 3345 
15330 3921 4152 1792 4286 
15331 2310 2311 2293 4020 
15332 558 3575 557 4049 
15333 3145 3359 2874 3901 
15334 2789 3510 3490 4269 
15335 2631 3075 3349 4140 
15336 2717 3584 3324 3603 
15337 2936 3510 3497 4212 
15338 689 664 665 3906 
15339 673 699 698 3726 
15340 225 224 209 3141 
15341 2957 2748 3664 3922 
15342 2054 2084 2055 4067 
15343 2618 3098 3491 4245 
15344 2884 3883 3603 4344 
15345 2991 3742 238 3757 
15346 2676 3062 3564 4088 
15347 2679 3538 3078 4348 
15348 1776 1803 1804 3147 
15349 1653 1665 1666 3621 
15350 1208 1219 1209 4173 
15351 2101 2120 2121 3892 
15352 763 3546 762 4082 
15353 2953 3511 2620 3870 
15354 2692 3500 3129 3747 
15355 803 801 823 3812 
15356 3072 3545 2985 4394 
15357 195 211 210 3141 
15358 2944 3776 2767 3893 
15359 5 7 4 3095 
15360 3237 3580 2787 3831 
15361 3007 2804 3567 3881 
15362 600 2986 619 4392 
15363 2783 3827 3202 3928 
15364 1308 3644 3040 4281 
15365 3406 3699 3089 4169 
15366 2933 3049 3917 4353 
15367 2829 3489 3083 3854 
15368 498 480 481 3577 
15369 2372 2373 2357 3348 
15370 3104 2632 3430 4382 
15371 2649 3699 3293 4062 
15372 3912 3994 2815 4030 
15373 3059 3243 3884 4316 
15374 2046 2020 2019 4344 
15375 3013 3929 3498 4310 
15376 3496 3850 2641 3867 
15377 2421 2441 2442 3720 
15378 745 744 722 3726 
15379 2962 3931 3805 4050 
15380 2834 3651 3377 3927 
15381 2393 2394 2376 3810 
15382 3126 3511 2953 4408 
15383 2596 3753 2595 4324 
15384 3030 3166 2682 4277 
15385 2877 3447 3698 4347 
15386 1501 1500 1201 3642 
15387 112 3790 3001 4262 
15388 328 3479 354 3963 
15389 824 803 823 3812 
15390 1709 1700 1708 4073 
15391 2790 3640 3675 4339 
15392 3805 3997 2962 4050 
15393 3121 2771 3622 3889 
15394 2248 4107 3183 4235 
15395 3133 3474 2784 3475 
15396 2786 3835 3187 4053 
15397 2735 3780 3620 3902 
15398 2856 3460 3278 4308 
15399 416 3643 3090 3706 
15400 2832 3852 3714 4251 
15401 3501 3673 3310 3934 
15402 1557 3005 1558 4108 
15403 2670 3408 3689 4316 
15404 2148 2130 2129 4397 
15405 115 96 98 3794 
15406 1046 1036 1047 3167 
15407 2617 3924 3509 4084 
15408 2356 3353 2370 3954 
15409 817 838 836 3765 
15410 352 3654 3206 3963 
15411 3215 3544 2770 3862 
15412 3107 3633 3059 3995 
15413 3100 3810 3422 3944 
15414 946 960 959 4028 
15415 550 551 3896 4213 
15416 409 4117 428 4290 
15417 2691 3185 3856 4142 
15418 58 41 3454 4054 
15419 2728 3328 3571 3825 
15420 1563 2871 1564 4307 
15421 2689 3657 2969 3871 
15422 3492 3733 2708 4372 
15423 2897 3693 3401 4278 
15424 904 918 3837 4219 
15425 3009 2698 3795 4004 
15426 1081 3791 2882 4237 
15427 2965 3023 3463 3855 
15428 2312 2329 2330 3060 
15429 2087 3635 2088 4358 
15430 2882 3368 3020 3699 
15431 3292 3769 2320 4018 
15432 1131 737 2970 3907 
15433 2829 4124 3575 4291 
15434 2656 3204 3044 4130 
15435 586 3478 569 3832 
15436 994 1005 1004 3861 
15437 2630 3764 3344 4106 
15438 2838 3837 3190 4131 
15439 3180 3782 1635 4067 
15440 2837 3268 3730 4046 
15441 3250 4069 2810 4157 
15442 2918 3327 2610 3703 
15443 3907 4159 2931 4298 
15444 2687 3272 3019 3958 
15445 1936 1953 3275 3808 
15446 3347 3404 2696 3695 
15447 2625 3602 3382 3876 
15448 2306 2307 2328 3246 
15449 2649 3699 3368 3982 
15450 2041 2040 3302 3543 
15451 3295 3493 2868 3596 
15452 1949 1969 1970 3655 
15453 946 947 960 4028 
15454 836 835 816 3258 
15455 2019 3563 3184 4344 
15456 3012 3807 2661 4253 
15457 2671 3329 3258 3604 
15458 389 3845 2923 4117 
15459 2667 3236 3314 4329 
15460 2625 3936 2988 4306 
15461 2569 2587 2570 3951 
15462 102 85 3719 4181 
15463 2735 3297 3041 3590 
15464 2616 3435 3717 3722 
15465 2836 4155 3471 4293 
15466 3078 4247 2679 4348 
15467 3264 3957 2777 4333 
15468 2731 3424 3372 3793 
15469 938 3018 4028 4076 
15470 2724 3287 3824 4193 
15471 3479 3499 2847 3780 
15472 432 3334 961 3521 
15473 1962 3469 1961 4026 
15474 2788 3685 3252 4269 
15475 543 561 560 3789 
15476 2181 2197 2182 3055 
15477 3433 3941 2791 4380 
15478 2920 2731 3360 4367 
15479 2741 3041 3620 4356 
15480 2739 3025 3396 3669 
15481 3281 3436 2781 4350 
15482 2697 3277 3962 4134 
15483 2269 2268 2255 3612 
15484 1756 1743 1389 3926 
15485 3104 3646 2777 4098 
15486 1684 1693 2143 4073 
15487 2660 3321 3232 3949 
15488 1656 1657 1645 3180 
15489 2539 2519 2518 3070 
15490 2174 4150 2175 4299 
15491 3331 3595 2737 3813 
15492 2635 3844 3977 4271 
15493 1341 3752 1346 3822 
15494 218 3742 217 4056 
15495 2573 2590 2591 3156 
15496 1398 1391 1075 3249 
15497 3210 3779 2825 3789 
15498 3102 2825 3789 4208 
15499 850 849 3645 3657 
15500 205 204 189 4056 
15501 2676 3397 3933 3986 
15502 1308 3040 3644 4351 
15503 2801 4218 3836 4304 
15504 3316 3720 2694 4216 
15505 2071 3429 2354 4101 
15506 2986 3052 3468 4392 
15507 3579 3810 2350 4195 
15508 2662 3118 3576 3946 
15509 2400 3154 2399 3886 
15510 3176 3756 3029 3823 
15511 2783 3827 3688 4050 
15512 2908 3687 3524 3778 
15513 1237 3286 1239 3330 
15514 873 3138 3531 3657 
15515 908 3845 894 4308 
15516 2999 3820 3319 4336 
15517 3171 3337 2636 4104 
15518 2738 3373 3266 4199 
15519 2616 3717 3251 3800 
15520 2750 3332 3465 3616 
15521 2855 3428 3174 4220 
15522 2053 3342 2052 4011 
15523 3284 4114 2733 4157 
15524 1706 1714 1715 3242 
15525 2534 2553 3156 3846 
15526 1183 3415 3453 3547 
15527 42 44 2985 4394 
15528 363 336 362 4305 
15529 313 315 3259 4120 
15530 1684 1685 3426 4073 
15531 2613 3201 3598 3828 
15532 6 4 3095 3659 
15533 2891 3597 3262 4323 
15534 2100 3113 2119 3836 
15535 2936 3497 3671 3833 
15536 3257 3436 2781 3723 
15537 278 279 303 3590 
15538 2631 3884 3314 4256 
15539 2284 1813 1787 3030 
15540 2739 3659 3216 3839 
15541 3093 3730 2635 4037 
15542 3491 3599 3232 4245 
15543 702 703 3221 3628 
15544 2620 3376 3710 4168 
15545 2573 2591 2574 3156 
15546 850 849 3657 4341 
15547 133 150 3284 4114 
15548 450 449 448 4040 
15549 1116 1107 1118 3268 
15550 320 3359 3195 3666 
15551 2699 3391 2924 4368 
15552 255 258 257 3297 
15553 1618 4102 1619 4224 
15554 2708 3256 3156 3492 
15555 2831 4164 3208 4191 
15556 1030 1019 1020 4409 
15557 2715 3327 2918 3703 
15558 3149 3557 2967 4410 
15559 2774 3521 3334 3885 
15560 2885 3568 3036 3976 
15561 1435 1436 1451 3972 
15562 2005 2031 3740 4358 
15563 2663 3527 3047 3529 
15564 1816 3921 1792 4286 
15565 1873 1850 1849 3475 
15566 2447 2446 3121 4022 
15567 2855 3651 3251 4047 
15568 2714 3421 3169 3655 
15569 1502 1203 1503 3642 
15570 1436 1425 1426 3972 
15571 2733 3284 3715 4114 
15572 702 677 703 3628 
15573 150 132 133 3284 
15574 1970 1969 1992 4357 
15575 2719 3389 3171 3925 
15576 1101 688 2879 4111 
15577 3091 2777 3646 4098 
15578 2773 3346 3107 4411 
15579 2745 3406 3318 3763 
15580 2970 3555 757 4159 
15581 3055 3649 3484 4397 
15582 2506 2486 3801 4295 
15583 2735 3041 3479 3590 
15584 112 492 510 4262 
15585 2774 3595 3334 4204 
15586 1978 1957 1977 4042 
15587 2879 3135 3248 3784 
15588 3165 3592 3321 4349 
15589 2803 3315 3039 4227 
15590 2694 3622 3512 3889 
15591 2699 3148 3377 4172 
15592 600 4034 2986 4392 
15593 2629 3578 3564 4282 
15594 2325 3405 2326 3951 
15595 2191 3241 2206 3449 
15596 2170 2185 2184 3296 
15597 3367 3463 3023 3947 
15598 1367 1372 1714 3380 
15599 2930 3984 2130 4397 
15600 2857 3344 3124 4395 
15601 2978 3562 3199 4041 
15602 604 605 3478 3989 
15603 268 266 292 4401 
15604 2225 3375 3653 3909 
15605 2767 3668 4239 4355 
15606 2249 4164 2234 4185 
15607 1131 2970 738 4159 
15608 2701 3994 3397 4039 
15609 2872 3441 4165 4282 
15610 116 3284 117 4114 
15611 28 3434 32 4362 
15612 3428 3437 2703 3678 
15613 2882 4169 3699 4312 
15614 2796 3236 3164 4329 
15615 1821 1820 3261 4099 
15616 3408 3059 3884 4316 
15617 719 694 695 3930 
15618 2679 3151 3974 4349 
15619 919 314 3259 4219 
15620 2917 3832 3478 3996 
15621 3096 2707 3439 3960 
15622 3065 3793 3767 4406 
15623 644 666 3111 3999 
15624 3404 2797 4174 4311 
15625 3016 3331 3813 4090 
15626 2519 3070 2499 3882 
15627 3054 2862 3513 4104 
15628 2758 3111 3507 4405 
15629 2678 3013 3929 4197 
15630 2045 3184 2019 4158 
15631 2699 3391 4016 4252 
15632 29 3992 420 4362 
15633 3169 3421 2987 3655 
15634 3291 3702 3004 3910 
15635 2819 2951 3953 4129 
15636 3216 3485 2807 4025 
15637 3159 3523 3239 4288 
15638 2808 3630 3149 4059 
15639 2889 3432 3128 4365 
15640 2017 2018 1993 3254 
15641 2464 3801 3115 4100 
15642 3062 3908 3755 3967 
15643 2558 3132 3070 4105 
15644 3405 3951 2918 4013 
15645 2662 2982 3819 3839 
15646 992 982 3432 4365 
15647 721 743 720 4082 
15648 2915 3972 3212 4364 
15649 2206 1717 1727 3241 
15650 1425 1416 1426 3972 
15651 928 917 918 3830 
15652 2405 2404 2424 3316 
15653 2855 3437 3428 4141 
15654 3580 3831 3237 4011 
15655 2638 3421 3670 4322 
15656 636 225 4033 4144 
15657 3167 1066 3786 4330 
15658 3161 3712 3120 4112 
15659 2636 3203 4080 4248 
15660 177 160 3345 3913 
15661 1279 1277 1285 3684 
15662 2979 3894 3783 4387 
15663 2671 3039 3445 3941 
15664 2725 3351 3589 4315 
15665 866 864 863 3636 
15666 2644 3678 3372 4141 
15667 873 872 845 3531 
15668 1946 4060 1947 4061 
15669 3234 3952 3139 4331 
15670 3223 3307 2823 3848 
15671 3764 4004 3266 4200 
15672 3001 3987 2740 4254 
15673 2871 4064 1564 4307 
15674 967 966 968 3644 
15675 3258 3663 2791 3765 
15676 2416 3403 2435 3886 
15677 2725 3592 3165 4349 
15678 1106 1105 1092 4285 
15679 556 574 573 3634 
15680 1796 1764 1760 3308 
15681 3451 4064 3441 4398 
15682 316 3145 313 3901 
15683 3858 4166 2851 4265 
15684 2613 3355 3887 4264 
15685 3166 1834 3650 4246 
15686 1221 1236 1237 3286 
15687 884 3152 3684 3797 
15688 3299 3341 2932 3928 
15689 3235 3363 2777 4146 
15690 1833 4191 1831 4381 
15691 2836 4229 4228 4277 
15692 3294 4020 2831 4337 
15693 1745 1746 1735 3714 
15694 2535 2534 2554 3156 
15695 2944 3525 3178 3893 
15696 1915 2962 1916 3914 
15697 2853 3527 3459 4206 
15698 2706 3718 3305 4396 
15699 3255 3496 2641 3867 
15700 2867 3303 3493 4215 
15701 3273 4077 2702 4346 
15702 3071 3343 2664 4179 
15703 3267 3671 1177 4386 
15704 3002 2717 3324 3599 
15705 3297 3041 4300 4356 
15706 1105 1409 1408 4285 
15707 2696 3695 3404 3918 
15708 132 115 3284 3794 
15709 2447 2426 2446 4022 
15710 2763 2726 3397 3986 
15711 2963 3871 2689 4093 
15712 3201 3664 2814 3816 
15713 2866 3417 3052 4243 
15714 2305 2327 2326 3405 
15715 1151 1171 3490 3510 
15716 791 3097 3898 4371 
15717 257 258 260 3297 
15718 1226 1227 3301 3848 
15719 1869 1447 3218 4249 
15720 3441 3451 2872 4064 
15721 3606 3738 2964 3924 
15722 2874 3716 3980 4230 
15723 2946 3190 3837 4131 
15724 747 725 748 4188 
15725 2451 3422 2431 4270 
15726 1937 3275 1954 4352 
15727 605 3478 3224 4330 
15728 1119 3570 1109 3615 
15729 2701 3279 3215 4248 
15730 2792 3029 3967 4103 
15731 2742 3104 3411 4098 
15732 13 15 14 4326 
15733 2218 2217 2232 3532 
15734 3339 3993 3756 4209 
15735 1593 1571 3683 4003 
15736 2866 3417 3082 4222 
15737 1728 1718 1719 3438 
15738 2222 2208 2207 3449 
15739 961 4028 3334 4294 
15740 2664 3365 3071 4179 
15741 718 694 719 3930 
15742 3161 3892 3712 4088 
15743 2375 2374 2392 3761 
15744 3091 3646 2759 3915 
15745 2962 3997 3688 4050 
15746 3244 3597 2786 4053 
15747 2641 3674 3388 3998 
15748 2831 4109 4164 4191 
15749 3074 2740 3398 3790 
15750 577 559 560 3877 
15751 2676 3617 3161 4088 
15752 3113 2884 3603 4231 
15753 167 184 166 3715 
15754 594 3741 3112 3877 
15755 2915 3490 2789 4178 
15756 3102 2737 3631 4320 
15757 1726 1727 1716 3736 
15758 2797 3702 3291 3910 
15759 2985 3454 3001 3911 
15760 1982 3386 1621 3740 
15761 1597 1574 1596 3127 
15762 2096 2368 2098 3324 
15763 2794 3395 3667 4119 
15764 2693 3712 3120 4304 
15765 1936 1935 1953 3808 
15766 2649 2674 3393 3982 
15767 1818 1817 1842 3921 
15768 834 813 814 3258 
15769 2680 3751 3562 4041 
15770 2693 2996 3538 3843 
15771 3208 3724 3060 3879 
15772 1416 3212 1406 3601 
15773 1647 1634 3782 4360 
15774 102 85 103 3719 
15775 1163 779 780 3378 
15776 2479 3070 3739 3882 
15777 2645 3955 3632 4029 
15778 1097 1098 3268 3990 
15779 1371 1376 1372 3380 
15780 2008 2034 3194 3991 
15781 1177 3267 1178 3905 
15782 1743 1756 1757 3144 
15783 3450 3668 3191 4239 
15784 2811 3302 3579 3697 
15785 2632 3646 3091 3915 
15786 2871 3029 3756 3823 
15787 3552 3783 2724 4387 
15788 1951 3312 1971 3808 
15789 1175 3497 1154 4386 
15790 2056 3506 2086 3635 
15791 1961 1962 1596 3469 
15792 3327 3753 2597 4324 
15793 50 3354 49 4170 
15794 2836 4228 3591 4293 
15795 2576 2592 3044 4130 
15796 3234 2718 3952 4331 
15797 3150 3677 2986 3864 
15798 2831 3060 3724 4337 
15799 2669 3470 3283 4406 
15800 2003 2028 2004 3711 
15801 144 3345 143 3661 
15802 1065 3167 1066 3786 
15803 2767 3776 3106 3893 
15804 3614 3951 2817 4013 
15805 465 450 3331 4090 
15806 2872 4080 2955 4209 
15807 1221 3286 1237 3330 
15808 1869 1447 1870 3218 
15809 2629 3029 3967 4021 
15810 793 791 1208 3097 
15811 2723 3365 3211 4366 
15812 3309 4051 2755 4135 
15813 3233 3728 2933 4346 
15814 2735 3590 3479 3788 
15815 3503 3591 2836 3703 
15816 2784 3413 3188 4364 
15817 2637 3800 3721 4220 
15818 2780 3250 3488 4069 
15819 2707 3157 3533 3942 
15820 2516 2495 2515 3256 
15821 2734 3178 3525 3893 
15822 1862 3588 3650 4246 
15823 2278 2264 2263 3208 
15824 3129 3247 2692 3248 
15825 3059 2631 3884 3995 
15826 3093 4271 2915 4364 
15827 901 899 912 3152 
15828 1653 1642 1641 3552 
15829 1181 2983 3547 3905 
15830 174 157 175 4194 
15831 2330 2313 2312 3060 
15832 914 1285 1277 3152 
15833 3983 4043 3189 4052 
15834 1918 3363 1919 3588 
15835 192 3239 207 4194 
15836 2784 2993 3474 3972 
15837 427 3119 426 4290 
15838 2799 3440 3028 4281 
15839 3623 3894 2648 4125 
15840 3095 3396 2739 3659 
15841 2413 3422 2432 3679 
15842 2799 3028 3440 3869 
15843 2740 3001 3790 3987 
15844 2735 3902 3620 4356 
15845 2767 3776 3420 3806 
15846 840 841 3636 4373 
15847 3022 3807 3245 4328 
15848 1733 1724 1377 3380 
15849 2969 3812 3383 4097 
15850 2711 3721 3168 4212 
15851 2979 2648 3783 3894 
15852 3463 3855 3023 3947 
15853 310 3066 3845 4305 
15854 993 984 994 3409 
15855 918 919 3830 4219 
15856 3007 3567 2804 3938 
15857 3051 3323 3763 4118 
15858 2789 4269 3490 4271 
15859 2642 3997 3341 4094 
15860 3517 3925 3389 4132 
15861 2866 3696 3417 4243 
15862 2523 2524 3692 4319 
15863 777 776 763 3546 
15864 3319 3086 4161 4270 
15865 3264 3588 1900 4333 
15866 387 361 388 4117 
15867 3012 2757 3624 4253 
15868 3270 4139 2919 4339 
15869 2449 2470 2450 4270 
15870 2633 3596 3295 3900 
15871 594 613 612 3112 
15872 3348 3015 3806 4355 
15873 1862 3650 1834 4246 
15874 2809 3195 3716 4095 
15875 2631 3059 3633 3995 
15876 2739 3516 3025 3669 
15877 1313 1312 3053 4079 
15878 27 422 42 4394 
15879 2783 3202 3805 3928 
15880 3725 4279 2988 4291 
15881 3738 3924 2677 4193 
15882 1069 1081 2882 4237 
15883 436 454 3431 3643 
15884 3140 2806 3859 3861 
15885 2631 3633 3042 3995 
15886 2725 3592 3270 4113 
15887 3521 4005 2914 4028 
15888 2639 3390 3525 3893 
15889 102 3063 101 4181 
15890 1717 1708 1716 3736 
15891 2655 2909 3799 4032 
15892 407 384 385 4031 
15893 2669 3283 3470 4083 
15894 2764 3496 3091 3583 
15895 3038 2740 3799 4303 
15896 3175 3362 2693 3843 
15897 2810 3088 3516 3719 
15898 343 4000 3359 4276 
15899 774 761 775 4082 
15900 2719 3636 2942 3919 
15901 708 682 683 3160 
15902 1957 3209 1977 4042 
15903 2929 3828 2981 3932 
15904 3208 3724 2850 4109 
15905 1596 1573 1595 3386 
15906 2193 2194 2178 4205 
15907 1603 1283 1590 3544 
15908 2758 3478 3832 3996 
15909 2713 3494 3073 3931 
15910 3104 3646 2632 4382 
15911 3406 3444 2806 4169 
15912 347 346 321 4361 
15913 2801 3712 3892 4088 
15914 3079 3475 1850 4092 
15915 3596 3625 2846 3928 
15916 2527 3753 2528 3948 
15917 2784 3474 2993 3475 
15918 2690 3209 3110 3878 
15919 225 3141 210 4033 
15920 1653 1666 1654 3621 
15921 2552 3846 2533 4211 
15922 428 4117 3119 4290 
15923 2041 3543 3302 4236 
15924 2361 2350 3579 3810 
15925 2822 3740 3386 4026 
15926 3143 4064 3451 4398 
15927 795 3329 794 3898 
15928 3251 3770 2616 3800 
15929 1290 1289 1288 3862 
15930 1030 3861 3859 4409 
15931 3580 3593 2787 3831 
15932 300 326 299 3817 
15933 2741 3620 3433 4356 
15934 3196 3729 3530 4328 
15935 2844 3151 4247 4349 
15936 2676 3564 3062 3933 
15937 2884 3364 3184 4344 
15938 3305 3747 2879 4111 
15939 3198 2683 3920 4245 
15940 1892 1915 3914 4050 
15941 1230 1508 1509 3567 
15942 1656 1658 1657 3180 
15943 2920 3360 2968 4367 
15944 2618 3491 3321 4245 
15945 106 88 89 3485 
15946 2743 3135 3700 3784 
15947 2284 3351 3030 4315 
15948 820 848 847 3657 
15949 2727 3119 4273 4376 
15950 828 3315 852 3645 
15951 316 289 318 3901 
15952 431 433 432 4040 
15953 68 87 67 3815 
15954 503 504 521 4049 
15955 1640 3552 1641 4015 
15956 2763 3147 3310 4234 
15957 2112 2090 3178 3829 
15958 3694 3934 2973 4234 
15959 3267 3833 3671 4386 
15960 2973 3501 3310 3934 
15961 2900 3881 3708 4260 
15962 618 617 4034 4392 
15963 2113 2133 3106 3829 
15964 2085 2108 2109 3984 
15965 2206 2191 1717 3241 
15966 2615 3118 3946 4412 
15967 49 3354 31 4170 
15968 2984 4162 3310 4234 
15969 445 446 463 3577 
15970 3150 3896 2745 4166 
15971 2994 4121 4036 4197 
15972 3629 4074 3252 4275 
15973 1695 1703 3438 4150 
15974 2826 3897 3361 4201 
15975 2857 3124 3344 4106 
15976 3342 4011 2795 4203 
15977 2795 3593 3580 3831 
15978 1478 1923 1477 3413 
15979 2618 3198 4245 4339 
15980 2732 3583 3031 4250 
15981 2624 3512 3271 4325 
15982 1951 1972 1952 3808 
15983 2157 2156 2174 4299 
15984 3390 4143 2902 4325 
15985 2905 3680 3157 4002 
15986 181 597 165 3192 
15987 2374 2358 2373 3348 
15988 2730 3462 3283 4406 
15989 3682 3695 3223 4187 
15990 2732 3650 3588 4246 
15991 2673 3865 3128 4314 
15992 56 39 57 3216 
15993 2820 3427 3343 4354 
15994 3091 3496 2732 3583 
15995 291 317 907 3901 
15996 2479 2500 2480 3070 
15997 1084 1393 1392 2984 
15998 2630 3266 4199 4200 
15999 2956 3802 3600 4096 
16000 3560 3942 2954 4230 
16001 1560 1540 1559 4108 
16002 2201 2216 2217 3532 
16003 2576 2301 2592 4130 
16004 3300 3850 3650 4232 
16005 2527 2546 2547 3753 
16006 2831 2633 3724 4109 
16007 1552 1580 3169 4061 
16008 3181 3436 3723 3773 
16009 3165 3974 3350 4349 
16010 3063 2810 3536 4157 
16011 1176 1156 1177 4386 
16012 2732 4246 3588 4250 
16013 708 709 3129 3452 
16014 465 486 485 3331 
16015 3018 2914 4005 4028 
16016 3212 4364 2993 4383 
16017 3171 2636 3389 4104 
16018 3031 3897 2826 4289 
16019 2744 3724 3208 3879 
16020 2853 3008 3796 4206 
16021 2924 3391 2699 4252 
16022 2503 3692 2504 4100 
16023 2752 3459 3064 4395 
16024 1964 3502 1965 4060 
16025 2425 2426 2406 3316 
16026 46 456 439 3992 
16027 1911 1910 3303 3625 
16028 1301 935 1308 4281 
16029 1089 661 662 3468 
16030 527 129 510 3790 
16031 1334 1332 1340 3094 
16032 1772 1774 1748 4235 
16033 2441 2462 2442 3561 
16034 2125 2105 2124 3617 
16035 828 3315 3645 4227 
16036 3315 3645 2803 3647 
16037 2456 2476 3882 3953 
16038 1211 3329 1210 3330 
16039 1940 3209 1958 3760 
16040 272 3560 270 3868 
16041 1398 1390 1391 3249 
16042 195 3141 209 3913 
16043 2947 3553 3107 4313 
16044 2614 3179 3966 4379 
16045 2621 3148 3269 4378 
16046 1611 1622 3782 4067 
16047 86 3719 85 4181 
16048 2789 3685 4046 4212 
16049 2334 3410 2335 4010 
16050 1045 1054 3455 4389 
16051 2933 3376 3049 4353 
16052 446 464 463 3577 
16053 2880 3244 4314 4388 
16054 2151 2169 2153 3787 
16055 2220 3449 2206 4185 
16056 3208 4109 2850 4164 
16057 300 276 301 3817 
16058 3083 2779 3437 4141 
16059 2802 3425 3162 3726 
16060 1149 1444 1148 3325 
16061 2722 3543 3668 4369 
16062 2930 3055 3768 4397 
16063 2406 2407 2388 3954 
16064 869 844 868 3847 
16065 1219 1233 1234 3938 
16066 2851 3518 3069 4265 
16067 970 3432 982 3550 
16068 2682 3969 3652 4289 
16069 3456 3646 2759 3957 
16070 2699 3927 3104 4382 
16071 2861 3524 3204 3612 
16072 2972 2758 3634 3832 
16073 2790 3803 3679 3944 
16074 620 621 1068 3068 
16075 2725 3471 3189 3983 
16076 2181 3055 2182 4397 
16077 192 3913 3239 4194 
16078 1524 1511 1523 3880 
16079 2947 3214 3326 4081 
16080 3201 3664 2748 4264 
16081 3188 3413 2784 4375 
16082 3690 4055 3142 4263 
16083 206 207 222 3239 
16084 2067 2039 2066 3543 
16085 2831 3724 3208 4109 
16086 3273 2858 4346 4385 
16087 817 837 838 2998 
16088 1612 3711 2004 4067 
16089 2746 3137 3498 4296 
16090 2656 3687 3681 4190 
16091 2581 2596 2597 3753 
16092 3211 3365 2835 4366 
16093 2574 3156 2591 4105 
16094 552 554 3832 4019 
16095 3025 4170 3354 4181 
16096 2689 3531 3138 3657 
16097 1504 1204 1196 3453 
16098 3233 2670 3689 4316 
16099 3256 3492 2708 4129 
16100 2193 2209 2194 4205 
16101 740 757 739 4403 
16102 994 995 1005 3328 
16103 2674 2649 3368 3982 
16104 3314 3686 2827 4140 
16105 2965 3759 3467 4335 
16106 2967 4193 3287 4410 
16107 1940 1957 3209 4352 
16108 3395 2812 3667 4119 
16109 2225 3375 2211 3653 
16110 3319 3820 2790 4336 
16111 781 1165 1164 3011 
16112 1573 3386 2995 4003 
16113 1097 1096 1098 3990 
16114 2907 3350 3165 3974 
16115 2755 4051 3223 4135 
16116 2518 2498 2497 3882 
16117 293 892 893 4341 
16118 2718 3234 3952 3980 
16119 2247 3532 3183 4107 
16120 832 3663 856 3960 
16121 2046 2019 3184 4344 
16122 1874 1851 3079 4258 
16123 3263 3713 297 4167 
16124 1255 1268 1528 3307 
16125 345 344 3359 3666 
16126 2701 3024 3501 3934 
16127 1357 3211 3737 4384 
16128 3124 3373 2857 4395 
16129 1126 1117 1118 3394 
16130 2976 3764 3234 4267 
16131 1377 1372 1376 3380 
16132 31 15 13 3048 
16133 2117 2097 3584 3603 
16134 820 3657 845 3871 
16135 2691 3273 3818 3968 
16136 477 476 459 4265 
16137 1998 1997 2022 3878 
16138 2879 3052 3305 3468 
16139 883 3797 886 3837 
16140 2679 3308 3151 4340 
16141 1057 621 602 3068 
16142 3004 4163 3291 4259 
16143 2156 2140 2139 3161 
16144 2128 2127 2146 3587 
16145 2957 3157 3922 4057 
16146 2682 4043 3471 4155 
16147 1507 1508 1229 3272 
16148 1420 1408 1409 3594 
16149 2637 3508 3651 4220 
16150 2179 2178 2194 4205 
16151 3108 3714 1783 4251 
16152 3471 3983 2873 4043 
16153 2186 2169 2184 3787 
16154 2702 3273 3818 4077 
16155 3147 3379 3281 4350 
16156 86 103 85 3719 
16157 1152 1139 1140 3394 
16158 3085 3867 3306 3975 
16159 1161 777 778 3378 
16160 1278 1277 1279 3684 
16161 3084 3568 3355 4147 
16162 1313 3053 1319 4079 
16163 438 417 418 3643 
16164 1267 1265 1545 2974 
16165 128 111 3790 3874 
16166 914 3152 913 3758 
16167 1872 1904 1873 4375 
16168 1867 1841 3456 3691 
16169 411 2923 430 4117 
16170 899 3152 885 3797 
16171 2635 3574 3252 3977 
16172 2931 3497 2711 3833 
16173 2761 3748 3083 4083 
16174 606 588 607 3989 
16175 484 499 3423 4090 
16176 2801 3836 3787 4304 
16177 3424 3676 2924 4172 
16178 2123 2122 2140 3617 
16179 3069 3945 424 4198 
16180 3728 4346 2858 4385 
16181 2949 3733 4013 4293 
16182 507 3102 3789 4208 
16183 2898 3205 3975 4286 
16184 2873 3471 4043 4155 
16185 2723 3455 3249 4037 
16186 2622 3763 3323 4118 
16187 1140 3497 3394 3570 
16188 495 513 3280 4213 
16189 1817 3300 1841 3921 
16190 2667 3314 3236 4075 
16191 2561 2579 2562 4319 
16192 3437 3461 2703 4223 
16193 1872 1873 4092 4375 
16194 3184 4101 2859 4158 
16195 3291 3910 3004 4259 
16196 3295 3572 2657 3844 
16197 2715 2918 3591 3703 
16198 1120 3570 1119 4202 
16199 2863 3313 3895 4070 
16200 451 4040 452 4320 
16201 1181 3547 3453 3905 
16202 740 3555 757 4403 
16203 3145 4007 3706 4120 
16204 1984 3194 1985 3469 
16205 891 3138 907 4219 
16206 1249 3103 1527 4307 
16207 1092 1091 3791 4285 
16208 1820 1819 1844 3691 
16209 2646 4218 3457 4231 
16210 2618 3487 3477 4171 
16211 716 691 692 3906 
16212 3004 2839 3702 4125 
16213 3254 3563 2769 3777 
16214 1545 2974 1544 2995 
16215 2973 3310 4162 4234 
16216 3056 3641 2752 3857 
16217 3085 3691 3010 4393 
16218 3055 2930 3649 4397 
16219 636 4033 2966 4144 
16220 2939 3788 2735 4115 
16221 2700 3537 3053 4284 
16222 106 105 88 3485 
16223 624 3111 643 3989 
16224 2379 2380 2364 3611 
16225 3407 3513 2856 4104 
16226 3484 3649 2930 4397 
16227 2859 3920 3429 4101 
16228 842 3847 846 3871 
16229 2740 3398 3141 4303 
16230 2647 3748 2988 4291 
16231 2744 3060 3724 3879 
16232 2798 3382 3602 3876 
16233 1543 3103 1542 4307 
16234 2788 3629 3252 4275 
16235 1665 1664 1676 3621 
16236 2623 2965 3759 4103 
16237 3020 3791 1091 4285 
16238 2824 4034 3718 4392 
16239 2879 3248 3135 4111 
16240 1999 3209 2023 4042 
16241 2004 3711 2028 4067 
16242 3404 3695 3127 3918 
16243 2620 3219 3870 4272 
16244 2204 2188 2203 4150 
16245 2117 2099 2097 3603 
16246 3848 4051 3223 4345 
16247 2470 3319 2471 4270 
16248 2799 3758 3371 4075 
16249 2749 3652 3200 3969 
16250 4015 4224 1616 4297 
16251 2156 2140 3161 4299 
16252 3202 3827 2846 3928 
16253 2829 3352 3489 3854 
16254 1817 1816 1841 3300 
16255 2979 3783 3552 4387 
16256 3058 2885 3568 4147 
16257 1788 3030 4122 4315 
16258 2180 2195 3653 4205 
16259 2482 3561 2502 4100 
16260 3077 2722 3543 4236 
16261 3218 2743 3605 4249 
16262 2254 2267 2255 4390 
16263 1826 3147 1803 3988 
16264 1874 3079 1850 4092 
16265 749 748 726 3221 
16266 2791 3902 3297 4356 
16267 76 74 59 3454 
16268 2131 2112 2111 3829 
16269 2180 2196 2181 3653 
16270 3575 4124 2972 4291 
16271 2778 3393 3089 3932 
16272 679 678 2991 3628 
16273 2283 2299 2576 4130 
16274 3467 3759 2965 4103 
16275 2797 3910 3291 4174 
16276 2651 3919 3231 4115 
16277 1651 1663 1664 3552 
16278 2899 4031 3788 4198 
16279 2727 3034 3707 4273 
16280 2957 3419 3320 4380 
16281 2107 2128 2108 3587 
16282 2842 3077 4009 4357 
16283 2840 2954 3560 3942 
16284 811 3898 3039 4227 
16285 2831 3724 2633 3900 
16286 3031 3660 2732 4250 
16287 1612 1610 2004 3711 
16288 2750 3153 3332 3616 
16289 1336 1328 1337 3638 
16290 1914 1913 1930 3931 
16291 1229 1508 1230 3272 
16292 563 180 163 3398 
16293 3596 3625 3294 4337 
16294 1703 1711 1710 3438 
16295 2623 3458 3173 4238 
16296 443 442 425 3518 
16297 2843 3436 3181 3773 
16298 13 31 3048 4170 
16299 509 80 97 3238 
16300 1935 1557 1556 3005 
16301 2298 2281 2297 4390 
16302 2787 3831 3593 3967 
16303 2760 3508 3453 3642 
16304 3124 3658 3373 4395 
16305 513 495 3280 4166 
16306 384 407 406 4031 
16307 476 475 458 4265 
16308 1559 1937 1938 4352 
16309 723 745 722 3726 
16310 2254 3909 2253 4280 
16311 3261 3988 1823 4099 
16312 2625 3876 3382 4086 
16313 3388 3674 2903 3998 
16314 3195 2809 4167 4361 
16315 1467 1453 1468 3490 
16316 2687 3309 3172 4051 
16317 2901 3629 3508 4078 
16318 868 2963 3531 3837 
16319 614 596 615 3360 
16320 1712 1713 1704 3501 
16321 2758 3634 3832 3989 
16322 3483 4032 3088 4302 
16323 3243 3964 2892 3966 
16324 3373 4106 3266 4199 
16325 3425 3726 2802 4188 
16326 2619 3400 3181 3723 
16327 2966 4033 3141 4144 
16328 2784 2993 3972 4364 
16329 2772 3906 3224 4156 
16330 4009 4236 1991 4357 
16331 2488 2508 2509 3873 
16332 1860 3890 1835 4277 
16333 3419 3664 2627 4380 
16334 1235 1514 1236 3938 
16335 3241 3736 2912 3738 
16336 2732 3588 3235 4250 
16337 2643 4133 3556 4268 
16338 2354 2365 2366 3611 
16339 873 3138 3657 4341 
16340 528 529 548 3150 
16341 2835 3638 3581 4284 
16342 136 119 137 3536 
16343 2859 3080 4158 4402 
16344 3129 3248 2692 3747 
16345 612 3112 613 4126 
16346 2593 2592 2319 4018 
16347 3681 3687 3092 4190 
16348 2859 3364 3184 3956 
16349 133 3284 116 4114 
16350 3556 4133 2977 4268 
16351 1176 1177 3671 4386 
16352 2651 4008 3288 4376 
16353 830 854 3315 3960 
16354 1109 2961 1099 3615 
16355 1549 3127 3682 4187 
16356 2999 4211 3614 4359 
16357 1686 3024 1677 4030 
16358 3461 3854 2833 4223 
16359 244 243 3439 3868 
16360 2649 3293 3932 4142 
16361 499 3423 517 4019 
16362 1270 1261 3339 4064 
16363 795 794 792 3898 
16364 2876 3794 3238 4263 
16365 2653 3772 3306 4343 
16366 716 692 3381 3906 
16367 2696 2995 3220 4058 
16368 389 2923 411 4117 
16369 2957 3664 3419 4380 
16370 3904 4310 2932 4321 
16371 1388 1390 1397 3926 
16372 2193 2178 3317 4205 
16373 1275 1569 1590 3517 
16374 2207 2192 2191 3449 
16375 2658 3591 3356 4063 
16376 3002 2819 3599 4048 
16377 448 449 433 4040 
16378 2968 3656 2920 4367 
16379 1021 1022 3859 3861 
16380 3123 2720 3778 3826 
16381 511 510 492 3858 
16382 2776 3794 3238 4024 
16383 3126 3875 3511 4002 
16384 2999 4013 3733 4336 
16385 2817 3733 2999 4013 
16386 1344 1339 1345 3774 
16387 3042 3633 3107 3995 
16388 705 679 680 3628 
16389 2643 3336 3667 4119 
16390 3264 2759 3646 3957 
16391 246 248 3439 3960 
16392 3165 3321 4247 4349 
16393 1271 1263 1262 2955 
16394 2820 3783 2979 4045 
16395 2004 2028 2029 4067 
16396 2998 3765 2791 3785 
16397 2883 3621 3557 4387 
16398 1493 1492 1494 3494 
16399 3335 3866 3430 4378 
16400 2747 3525 3061 3888 
16401 1993 2018 1994 3254 
16402 2671 3330 3329 3604 
16403 3007 3938 2804 3950 
16404 2678 3163 4121 4411 
16405 2709 3023 3746 3855 
16406 2443 2464 2444 3115 
16407 3422 3679 2790 3820 
16408 758 757 3555 4159 
16409 3157 2814 3922 4057 
16410 2632 3915 3255 4261 
16411 994 985 995 3328 
16412 1886 3827 3202 4050 
16413 509 490 491 4301 
16414 1769 3226 3482 4340 
16415 3416 3859 4226 4312 
16416 2703 3678 3437 4223 
16417 2656 3044 4018 4130 
16418 2284 1813 3030 4277 
16419 1764 1797 1766 3308 
16420 2663 3459 3527 4206 
16421 3127 3682 2755 4061 
16422 2785 3013 3904 4310 
16423 2973 3934 3310 4234 
16424 114 3238 97 3794 
16425 2753 3608 3099 3618 
16426 2883 3587 3557 3621 
16427 1195 1203 1194 3642 
16428 630 631 650 4126 
16429 2676 3933 3397 3994 
16430 419 420 439 3357 
16431 83 3354 64 4181 
16432 1511 1233 1232 3938 
16433 1872 3133 1904 4375 
16434 702 726 701 4188 
16435 324 323 297 3713 
16436 1759 3714 3108 4185 
16437 1468 3490 1453 4242 
16438 3535 4191 2831 4381 
16439 2629 2886 3451 4282 
16440 2710 3127 3469 3918 
16441 3231 3919 2942 4115 
16442 1248 1239 1237 3286 
16443 2853 3654 3527 4206 
16444 101 100 83 3959 
16445 456 3153 439 3992 
16446 3680 3875 2905 4168 
16447 307 282 283 3709 
16448 656 657 684 3452 
16449 1326 1320 1325 3094 
16450 2657 2993 4364 4383 
16451 2277 3208 2263 4164 
16452 2849 3385 3290 4004 
16453 2754 3955 3075 3995 
16454 2631 3314 3884 4140 
16455 1333 1332 1334 3094 
16456 2795 3342 3831 4011 
16457 3070 3256 2538 4105 
16458 3334 3432 983 4294 
16459 500 1010 1002 3187 
16460 718 719 741 4403 
16461 3193 2932 3904 4310 
16462 681 682 3160 3757 
16463 538 517 519 3423 
16464 3596 3294 3900 4337 
16465 2911 3120 3787 4304 
16466 2946 4076 3018 4131 
16467 3645 3657 2840 4341 
16468 172 171 154 4072 
16469 3929 4036 3125 4081 
16470 1957 1956 3209 4352 
16471 1617 1631 1618 4015 
16472 993 3861 1003 4409 
16473 2817 2999 3614 4013 
16474 124 142 141 3661 
16475 3557 4193 2967 4410 
16476 2892 3553 3243 3966 
16477 3202 2846 3625 3928 
16478 1587 3143 1585 4266 
16479 2648 3623 3149 3894 
16480 969 970 982 3550 
16481 3097 3330 2671 4257 
16482 1555 1584 1556 3586 
16483 2917 3735 2980 3996 
16484 13 4170 3048 4326 
16485 1427 1108 1116 3268 
16486 2278 2263 2277 3208 
16487 3368 3699 2882 3982 
16488 182 183 197 3618 
16489 1924 1925 1908 3303 
16490 1956 3878 3209 4352 
16491 2783 3805 3341 3928 
16492 2856 4132 1276 4309 
16493 317 313 3259 3901 
16494 1984 2008 2009 3194 
16495 2777 3957 3222 4333 
16496 2917 3832 2972 4019 
16497 1892 3914 3688 4050 
16498 3248 3747 3129 4111 
16499 1642 1631 4015 4102 
16500 532 4213 533 4409 
16501 2822 3386 3918 4026 
16502 63 61 45 3354 
16503 3214 3031 3897 4137 
16504 3407 3571 2922 3781 
16505 2638 3289 4274 4322 
16506 2707 3647 3157 3942 
16507 369 4000 343 4276 
16508 3362 3908 2801 4218 
16509 2847 3206 3529 4206 
16510 2999 2817 3614 4211 
16511 2979 3783 2648 4045 
16512 2909 4032 3483 4302 
16513 2798 3515 3385 4038 
16514 919 3259 3830 4219 
16515 2654 3649 2930 3888 
16516 202 3225 203 4056 
16517 3121 2771 3889 4295 
16518 1165 3011 782 3391 
16519 2781 3637 3257 3723 
16520 434 3186 452 4040 
16521 87 68 88 3815 
16522 2688 3805 3137 4074 
16523 69 88 68 3815 
16524 2935 3269 3148 4378 
16525 1683 1674 1673 3426 
16526 3100 2811 3810 3944 
16527 2721 3109 3750 3809 
16528 2859 3098 3920 3956 
16529 1896 3890 1894 3914 
16530 2724 4193 3557 4410 
16531 3058 3495 2687 3881 
16532 1742 3310 1755 4162 
16533 825 3645 849 3657 
16534 3061 3623 2747 3888 
16535 1628 4079 4015 4297 
16536 2998 3320 2719 3785 
16537 528 3150 547 4332 
16538 2878 3200 3503 4155 
16539 2737 4279 3813 4306 
16540 464 973 984 3409 
16541 1129 3570 1120 4202 
16542 2592 4018 3044 4130 
16543 423 424 3945 4198 
16544 2737 3016 3331 3813 
16545 2927 3588 4246 4250 
16546 3315 3960 3039 4227 
16547 2389 2388 2407 3954 
16548 2804 3567 3708 4173 
16549 3135 3700 2879 4111 
16550 1804 1412 1805 3147 
16551 3308 2843 4340 4407 
16552 3053 4179 3343 4284 
16553 1544 1545 1265 2974 
16554 3051 3763 2622 4118 
16555 2824 3305 3718 4396 
16556 2970 3381 2772 3907 
16557 182 597 181 3192 
16558 2710 3502 3469 4060 
16559 237 679 678 2991 
16560 1604 1591 3809 4224 
16561 1652 1640 1639 4079 
16562 2085 1666 2107 3621 
16563 1483 1482 1484 3727 
16564 119 120 137 3536 
16565 1161 2983 1160 3378 
16566 3149 4387 3557 4410 
16567 585 584 566 3864 
16568 2947 3929 3214 4081 
16569 2689 2969 3841 3871 
16570 817 837 2998 3604 
16571 2723 3117 3447 3698 
16572 2628 3488 3401 3970 
16573 3343 3569 2700 4284 
16574 2702 4077 3600 4346 
16575 3123 3512 3092 3889 
16576 2761 2988 3748 4083 
16577 904 905 919 4219 
16578 1995 3563 1973 3808 
16579 2156 3161 2155 4112 
16580 1002 1001 3128 4053 
16581 2761 3748 2988 3936 
16582 249 252 251 4300 
16583 3232 3491 2660 3599 
16584 1670 1660 1659 3215 
16585 1161 1162 2983 3378 
16586 1282 1289 1284 4309 
16587 2962 3914 3688 3997 
16588 2979 2648 3894 4045 
16589 3688 3890 2927 3914 
16590 3109 4224 4015 4297 
16591 2790 3679 3422 3944 
16592 3143 2871 3760 4283 
16593 2625 3240 3382 3734 
16594 2959 3102 3779 3789 
16595 774 775 3546 4082 
16596 2041 2040 3543 4236 
16597 678 228 237 2991 
16598 115 113 96 3794 
16599 3109 4003 2869 4224 
16600 2668 3696 3613 4243 
16601 2347 2064 2094 3806 
16602 2844 3949 3132 4207 
16603 2294 2278 2277 3208 
16604 319 345 344 3359 
16605 1707 1698 3242 4334 
16606 1914 3931 1915 4050 
16607 2817 3951 3405 4013 
16608 937 4028 3371 4076 
16609 2876 3063 3354 3959 
16610 116 3284 115 3959 
16611 367 3145 368 4000 
16612 2850 3449 3114 4327 
16613 2744 3473 3134 4133 
16614 340 366 940 3830 
16615 2491 2512 2492 4359 
16616 2803 3383 3097 3708 
16617 33 50 31 4170 
16618 2688 3493 3303 4215 
16619 2614 3553 3179 4136 
16620 845 820 847 3657 
16621 2835 4179 3638 4284 
16622 2400 2382 2399 3154 
16623 2656 4018 3292 4130 
16624 1498 1183 1469 3453 
16625 3024 3673 3501 3934 
16626 2723 3447 3117 4037 
16627 3278 3460 288 4308 
16628 2510 2490 2489 4359 
16629 2916 3668 3543 4369 
16630 572 571 554 3832 
16631 1488 1489 1487 3494 
16632 468 486 465 3331 
16633 2884 3364 3603 3956 
16634 1596 1962 1597 3469 
16635 2794 3375 3134 3909 
16636 2803 3647 3645 4097 
16637 3214 3897 3326 4137 
16638 3144 3572 2888 4383 
16639 3142 3743 2887 4263 
16640 2900 3958 3881 4260 
16641 3245 3022 3887 4385 
16642 835 3258 836 3765 
16643 2371 2372 2356 3954 
16644 3038 3696 3118 4225 
16645 1432 1125 1418 3218 
16646 2014 2015 1990 4236 
16647 2630 4199 3385 4200 
16648 2744 3134 3667 4133 
16649 6 7 9 3095 
16650 506 4208 3631 4320 
16651 3043 3427 3630 3783 
16652 237 228 229 3742 
16653 2005 2030 2031 4358 
16654 3057 2952 3745 4089 
16655 704 729 728 3628 
16656 3281 3379 2726 4350 
16657 2950 3484 4318 4404 
16658 1667 1677 3912 4030 
16659 60 75 59 3911 
16660 3858 2841 4262 4265 
16661 3457 3956 3098 4217 
16662 323 297 3713 4167 
16663 3287 3824 3043 4410 
16664 2761 3748 3936 4377 
16665 2784 3474 3133 3972 
16666 3057 3936 2952 4089 
16667 2359 2358 2374 3348 
16668 1844 1843 1870 3691 
16669 2714 3586 3312 3655 
16670 2443 2463 2464 3115 
16671 1493 1491 3494 3931 
16672 2722 3672 3289 4274 
16673 2763 3379 3147 4350 
16674 1307 1298 1308 4351 
16675 2715 3033 3948 4063 
16676 3091 2764 3583 3804 
16677 2092 2115 2356 3353 
16678 3188 2784 4092 4375 
16679 99 116 98 3959 
16680 3197 3575 2829 3877 
16681 2763 3310 3673 3934 
16682 2788 4074 3073 4215 
16683 2863 3895 3866 4070 
16684 468 469 3331 4040 
16685 2855 3470 3083 4141 
16686 1194 1193 1178 3905 
16687 3105 2661 3807 4253 
16688 3339 3756 3103 4307 
16689 2643 3667 3336 3923 
16690 2867 4215 3252 4269 
16691 2781 3436 3257 4350 
16692 1664 1675 1676 3621 
16693 1175 1174 1154 3497 
16694 2624 3123 3687 3778 
16695 69 3485 88 3815 
16696 3463 3755 2965 4103 
16697 3580 4042 2795 4203 
16698 2613 3887 3376 4264 
16699 3304 3745 2893 4182 
16700 3548 3978 2781 4151 
16701 2596 2597 3753 4324 
16702 2218 3532 2232 4107 
16703 2870 3983 3189 4052 
16704 3252 3629 2788 4074 
16705 931 3571 942 3825 
16706 2596 2580 2595 3753 
16707 126 109 127 3661 
16708 2101 4011 3237 4175 
16709 941 3825 2923 3845 
16710 2645 4051 3223 4091 
16711 2278 2294 2295 3879 
16712 3054 3513 3407 4104 
16713 2836 3503 3200 4155 
16714 2782 3561 3115 4100 
16715 3030 4122 3166 4277 
16716 2793 3976 3036 3993 
16717 1574 2995 1573 3386 
16718 2792 3062 3755 3967 
16719 2581 2580 2596 3753 
16720 1496 1504 1197 3453 
16721 1617 1616 4015 4224 
16722 3287 3924 3738 4193 
16723 1374 1035 3455 4384 
16724 835 814 816 3258 
16725 2975 3579 2811 3810 
16726 2537 3156 2556 4105 
16727 3015 3697 3668 4239 
16728 3118 3576 2740 3987 
16729 2842 4274 3289 4322 
16730 429 3119 428 4117 
16731 4139 4336 3675 4339 
16732 2889 3595 3331 3813 
16733 2814 3035 3464 3816 
16734 2722 3077 3543 4369 
16735 3527 3654 2847 4206 
16736 2732 3264 3650 3850 
16737 1262 1261 1270 2955 
16738 2116 2098 2384 3324 
16739 3293 3699 3020 4062 
16740 1707 1698 1706 3242 
16741 2965 3777 3759 4335 
16742 602 603 1057 3068 
16743 1618 1631 1619 4102 
16744 217 218 231 3742 
16745 1611 3782 2886 4067 
16746 1657 3180 1658 4030 
16747 3069 3392 2851 4265 
16748 9 3095 7 3796 
16749 2622 3288 3707 4154 
16750 3184 3364 2884 3956 
16751 339 340 3830 4120 
16752 3101 3568 2748 4176 
16753 3002 3324 2717 3584 
16754 177 3345 178 3913 
16755 3238 3794 2776 4263 
16756 2676 3397 3986 3994 
16757 1527 3103 1543 4307 
16758 2146 3587 2145 3768 
16759 2864 3227 3838 4039 
16760 3767 3793 2669 4406 
16761 2734 3829 3106 4318 
16762 2800 3478 3224 3507 
16763 2424 2404 2423 3316 
16764 2849 3764 4004 4287 
16765 231 238 3742 3757 
16766 1830 3535 1809 4251 
16767 3212 3972 2993 4364 
16768 243 246 242 3439 
16769 2002 2027 2003 4203 
16770 2052 4011 3342 4203 
16771 1553 1581 1582 3586 
16772 1454 4027 3222 4333 
16773 19 4 20 3659 
16774 3044 3311 2865 4319 
16775 982 981 969 3550 
16776 2008 3991 3194 4026 
16777 3110 3883 2787 4335 
16778 3029 3823 2871 4283 
16779 288 3460 3278 3845 
16780 3790 3987 3001 4262 
16781 781 3011 780 3541 
16782 2657 3844 3093 4271 
16783 2766 3605 3116 3895 
16784 438 437 417 3643 
16785 3453 3508 2901 3642 
16786 1889 3410 1887 3827 
16787 2647 2972 4124 4291 
16788 2260 1749 2247 3183 
16789 2254 3134 2239 3909 
16790 3154 3886 2400 4048 
16791 3343 3427 3043 4354 
16792 3191 4041 2978 4239 
16793 1783 3108 1759 3714 
16794 2806 3859 3416 4312 
16795 2780 3159 3757 4288 
16796 1880 1879 1878 3294 
16797 890 872 891 3531 
16798 2286 3351 3589 4184 
16799 2289 2309 2308 3246 
16800 708 707 682 3160 
16801 3019 3169 4145 4374 
16802 1922 3188 4092 4375 
16803 2885 3230 3976 4148 
16804 3549 3723 2781 3773 
16805 2688 3341 3137 3805 
16806 1043 3140 1364 4338 
16807 1818 1842 3691 3921 
16808 705 680 706 3160 
16809 2734 3525 3390 3893 
16810 419 3357 418 4000 
16811 2678 3125 4036 4197 
16812 2728 3444 3054 4014 
16813 2895 3519 3242 3822 
16814 3394 3497 2711 3570 
16815 3866 3895 2766 4070 
16816 2819 3886 3882 3953 
16817 1434 1423 1433 3133 
16818 1027 1037 1036 3597 
16819 2920 3656 3360 4278 
16820 54 3485 69 3815 
16821 164 166 183 3285 
16822 3070 2819 3882 4129 
16823 2146 2145 2163 3768 
16824 2891 3737 3244 3961 
16825 1279 1570 1278 3683 
16826 2361 2362 2350 3810 
16827 3661 4025 2807 4149 
16828 1584 1555 1583 3586 
16829 2455 3886 2435 3953 
16830 1641 1629 1628 4015 
16831 3175 3712 3362 3933 
16832 2920 3192 3656 4278 
16833 3319 3820 2471 4270 
16834 3014 2681 3504 4065 
16835 2810 3516 3088 4032 
16836 2787 3883 4231 4335 
16837 1250 1240 1239 4373 
16838 2395 2377 2394 3810 
16839 2642 3235 3997 4250 
16840 3199 3675 2919 4139 
16841 1774 1802 1775 3281 
16842 2870 3751 3487 3983 
16843 231 3742 218 4056 
16844 1604 1292 1293 3809 
16845 274 298 3263 3817 
16846 2698 3598 3049 4287 
16847 3430 2632 4070 4382 
16848 3214 4081 3929 4137 
16849 3033 3873 3319 4359 
16850 2187 2172 2171 3120 
16851 1715 1707 3242 3736 
16852 3222 2777 3646 3957 
16853 674 3425 675 4188 
16854 2783 3202 3827 4050 
16855 2844 3321 3592 4349 
16856 2678 3929 3125 4197 
16857 1873 1850 3475 4092 
16858 2831 3724 3900 4337 
16859 2155 2156 2139 3161 
16860 569 586 570 3478 
16861 2135 2151 2153 4241 
16862 476 3858 475 4265 
16863 970 3432 958 4294 
16864 749 727 750 3221 
16865 2974 2995 1545 4187 
16866 1119 3615 1110 4202 
16867 5 7 3095 3857 
16868 2689 3511 3126 4408 
16869 2518 2497 3256 3882 
16870 2479 2499 3070 3882 
16871 499 501 3423 4019 
16872 2484 2504 2505 4100 
16873 3217 4074 3629 4275 
16874 3216 3454 2807 3839 
16875 1746 1736 1735 4185 
16876 1127 4178 1117 4242 
16877 674 675 700 4188 
16878 2357 3353 2356 3954 
16879 1851 3535 3079 4258 
16880 1215 1230 1216 3567 
16881 1722 3310 1712 3673 
16882 2702 3290 3917 4096 
16883 478 496 495 3280 
16884 1294 3152 914 3758 
16885 3277 3003 4134 4347 
16886 3173 3458 2751 4238 
16887 1549 3682 3127 4061 
16888 2724 3026 3557 4193 
16889 2314 2313 2331 4001 
16890 2939 3627 3066 4115 
16891 2754 3179 3347 3955 
16892 3576 3799 2881 4412 
16893 3371 4028 3018 4076 
16894 2313 2295 2312 3879 
16895 2505 2485 2484 4100 
16896 2820 3750 3109 4297 
16897 2619 3181 3436 3723 
16898 2646 4127 3457 4218 
16899 1791 3205 1790 4152 
16900 727 749 726 3221 
16901 974 973 962 3409 
16902 3467 3967 3029 4103 
16903 3137 3217 3472 4296 
16904 1591 3683 3809 4224 
16905 986 995 985 3328 
16906 210 3141 211 4033 
16907 1469 3701 2948 4027 
16908 2678 4036 4121 4197 
16909 2845 3770 3704 3800 
16910 3744 3770 2616 4244 
16911 2408 2409 3761 4022 
16912 2363 2362 3810 4195 
16913 3490 3771 2867 4269 
16914 1313 1318 1319 3053 
16915 2936 3642 2760 3671 
16916 2625 3229 3602 3876 
16917 2942 3785 2719 3919 
16918 2866 3051 3613 4243 
16919 1994 1995 1972 3808 
16920 1586 1585 1587 3143 
16921 2703 3555 2970 4159 
16922 2717 3457 3491 4127 
16923 741 3555 740 4403 
16924 2235 2221 3449 4327 
16925 2942 3765 2998 3785 
16926 2766 4070 3646 4382 
16927 2834 3011 3547 4368 
16928 2805 3706 3643 4000 
16929 2376 2394 2377 3810 
16930 127 3345 144 3661 
16931 551 3416 532 4409 
16932 2542 3311 2541 4319 
16933 507 489 3102 4320 
16934 2207 2221 2222 3449 
16935 2803 3039 3898 4227 
16936 3077 2722 4236 4274 
16937 3143 3711 2795 4266 
16938 1727 2220 2206 4185 
16939 1808 1830 1809 4251 
16940 2703 3555 3546 4082 
16941 2699 3415 3927 4382 
16942 241 682 240 3757 
16943 516 4213 3034 4409 
16944 644 666 643 3111 
16945 1256 3307 1528 3848 
16946 208 3239 192 3913 
16947 631 632 651 4126 
16948 2924 3011 3391 3541 
16949 2620 4038 3219 4272 
16950 3335 2699 3866 4252 
16951 2844 4247 3321 4349 
16952 3223 3848 2823 4051 
16953 974 3409 962 3825 
16954 2649 3020 3699 4062 
16955 3257 3978 2781 4350 
16956 2841 3945 3911 4262 
16957 436 455 454 3643 
16958 2951 3492 4129 4372 
16959 3294 3596 2868 3625 
16960 110 3661 109 3874 
16961 1046 1036 3167 3597 
16962 2015 1991 4236 4357 
16963 2861 3612 3204 4390 
16964 3389 3925 2719 4132 
16965 1564 1563 1942 3143 
16966 1164 3011 1165 3547 
16967 3464 4267 3680 4287 
16968 1745 3505 1734 3714 
16969 2695 3361 3943 3985 
16970 3605 2743 3775 4249 
16971 2496 2495 2516 3256 
16972 2902 3943 3872 4201 
16973 320 3195 321 3666 
16974 2072 2071 2354 4101 
16975 2174 4112 2189 4150 
16976 3057 3745 2952 4377 
16977 3295 3493 2768 3844 
16978 195 196 211 3141 
16979 2868 3596 3294 3900 
16980 1552 3682 3169 4145 
16981 2854 3723 3549 4153 
16982 1608 1621 1982 3386 
16983 1608 1982 1609 3386 
16984 438 3153 437 3643 
16985 479 496 478 3280 
16986 1002 3128 991 4365 
16987 2724 3557 3621 4387 
16988 2772 3111 3906 4405 
16989 3688 3914 2927 3997 
16990 2952 3936 3057 4377 
16991 3671 3833 3497 4386 
16992 2844 3321 3949 4207 
16993 2621 4172 3148 4378 
16994 2920 4116 3401 4278 
16995 3381 3906 2772 3907 
16996 3143 1565 4064 4398 
16997 2341 3769 2339 3890 
16998 3328 3571 2922 4014 
16999 2254 2238 2253 3909 
17000 2681 3662 3221 4292 
17001 1090 1091 1103 3020 
17002 40 57 39 3216 
17003 666 691 665 3906 
17004 983 992 982 3432 
17005 3123 2950 3826 4318 
17006 946 3371 947 4028 
17007 2868 3295 3596 3900 
17008 899 902 2946 3837 
17009 852 853 878 3868 
17010 638 616 617 3718 
17011 2400 3886 2418 4048 
17012 2775 3528 3265 3728 
17013 427 445 444 3119 
17014 2787 3883 3113 4231 
17015 1758 1757 1782 3714 
17016 2086 2056 2085 3506 
17017 205 190 206 4194 
17018 3511 3870 2953 4408 
17019 2146 2127 2145 3587 
17020 2140 3617 3161 4299 
17021 1207 1208 3097 4173 
17022 3339 3756 2871 4209 
17023 2212 3375 2226 3639 
17024 2924 3391 3247 3541 
17025 2993 3926 3212 4383 
17026 257 260 259 3627 
17027 2781 3723 3436 3773 
17028 227 655 226 3608 
17029 2547 2528 3753 3948 
17030 2956 4038 3917 4272 
17031 806 828 827 3645 
17032 2710 3291 3404 3918 
17033 328 354 353 3963 
17034 2831 3900 2633 4109 
17035 3044 4018 2593 4210 
17036 176 158 159 3913 
17037 41 43 59 4054 
17038 3326 3897 3031 4137 
17039 1784 1810 1785 4251 
17040 2728 3571 3328 4014 
17041 2169 2151 2168 3296 
17042 2698 3049 4004 4287 
17043 3414 4031 2899 4198 
17044 2724 4354 3824 4410 
17045 1196 3453 1204 3642 
17046 3149 4059 3630 4410 
17047 3113 3603 2884 3883 
17048 548 3864 3150 3896 
17049 3646 4070 2632 4382 
17050 2234 2235 2220 3449 
17051 2464 3115 2463 4100 
17052 2413 2432 2433 3679 
17053 2147 2129 3984 4397 
17054 2715 3948 3130 4063 
17055 1863 3588 3264 3650 
17056 3085 3300 2759 3867 
17057 3302 3579 2068 4195 
17058 2136 2134 3584 4241 
17059 2855 4047 3470 4141 
17060 2555 2536 2535 3156 
17061 2621 3269 3374 4378 
17062 635 636 2966 4144 
17063 657 235 236 4144 
17064 3146 3014 4065 4192 
17065 516 3034 498 4409 
17066 296 269 271 4401 
17067 1895 3688 1894 3890 
17068 3427 3783 3043 4354 
17069 2622 3707 3444 4154 
17070 2830 3744 3163 4121 
17071 2984 3978 2674 4234 
17072 374 400 3641 3857 
17073 3146 3705 2992 4192 
17074 3282 3438 2875 4150 
17075 1371 1378 1376 3402 
17076 1684 3426 1683 4073 
17077 2702 3917 3600 4096 
17078 2249 3108 4164 4185 
17079 2997 2780 3523 4056 
17080 612 3573 3112 4126 
17081 125 142 124 3661 
17082 2875 3712 3161 4112 
17083 132 113 115 3794 
17084 2661 3528 3265 3558 
17085 1807 3475 1829 3852 
17086 3381 3906 3111 4405 
17087 3191 3668 2722 3697 
17088 3223 3695 2755 4135 
17089 955 3028 3550 4281 
17090 2678 3125 3929 4036 
17091 2695 3361 3897 4201 
17092 296 4167 295 4401 
17093 409 387 4117 4290 
17094 1417 1407 1097 3601 
17095 1743 1383 1389 3926 
17096 1097 1098 1107 3268 
17097 3732 3962 2768 4347 
17098 3119 4008 3414 4376 
17099 3447 3574 2635 3977 
17100 320 321 346 3666 
17101 2807 3839 3576 4302 
17102 2680 3562 3751 3937 
17103 3197 3725 2825 3741 
17104 3011 2924 3391 4368 
17105 4101 4158 2044 4402 
17106 1420 2940 1115 3594 
17107 345 344 3666 4276 
17108 704 728 703 3628 
17109 1707 1706 1715 3242 
17110 2860 3736 3241 3738 
17111 1332 1325 1335 3638 
17112 1084 1392 1083 2984 
17113 2902 3872 3562 4201 
17114 1765 3482 1763 4340 
17115 2180 2195 2196 3653 
17116 3085 3010 3691 3921 
17117 692 693 3381 3999 
17118 2642 3583 3031 4137 
17119 3389 3407 2636 4080 
17120 3355 3887 3245 4328 
17121 2775 3964 3243 3966 
17122 20 38 37 3659 
17123 2541 2542 2522 3311 
17124 2988 3936 3057 4306 
17125 2750 3616 3465 3792 
17126 3363 4027 2777 4146 
17127 1595 1609 1961 3386 
17128 1835 1834 3166 4246 
17129 2988 2761 3936 4083 
17130 883 2946 899 3797 
17131 1961 1609 1982 3386 
17132 2471 3319 2470 4359 
17133 2873 3751 3562 4043 
17134 2665 3274 3784 4006 
17135 1808 1782 3852 4251 
17136 2220 2235 2221 3449 
17137 1271 1272 1263 2955 
17138 95 3911 77 4262 
17139 2653 3322 4153 4343 
17140 2857 3899 3834 4160 
17141 406 426 425 3414 
17142 3273 3313 2691 3818 
17143 1420 1419 1115 2940 
17144 2479 2499 2500 3070 
17145 1886 1888 3827 4050 
17146 3359 3666 344 4276 
17147 528 548 547 3150 
17148 2304 2303 2284 3351 
17149 338 341 367 4120 
17150 2056 3635 2086 4358 
17151 2764 3388 3326 3891 
17152 1651 1652 1639 4079 
17153 656 3159 235 4144 
17154 2345 2324 3405 4228 
17155 1130 1129 1120 4202 
17156 2377 2395 2378 3810 
17157 3410 3688 2783 3827 
17158 1660 1648 1659 3215 
17159 2547 3753 3327 3948 
17160 2504 3692 2505 4100 
17161 3456 3605 2766 4249 
17162 3113 3836 3908 4218 
17163 2537 2517 2516 3256 
17164 63 64 83 3354 
17165 3430 3866 2863 4378 
17166 2505 3692 2506 3801 
17167 1437 1453 1452 4178 
17168 3417 3696 3038 4396 
17169 2523 3311 2542 4319 
17170 1287 1292 1591 3809 
17171 1345 1351 1350 3774 
17172 182 615 597 3192 
17173 95 112 3001 4262 
17174 2134 2118 2402 3584 
17175 2613 3968 3022 4328 
17176 3105 3772 3228 4253 
17177 3029 2792 3967 4021 
17178 2855 3083 3437 4141 
17179 1604 1591 1292 3809 
17180 2501 2502 2481 3561 
17181 2726 2763 3379 3438 
17182 1730 1741 1742 3310 
17183 2978 4041 3191 4143 
17184 2687 3958 3019 4051 
17185 3389 3407 2856 4104 
17186 2645 3172 3632 4135 
17187 937 938 4028 4076 
17188 3116 3895 3313 4070 
17189 3351 3405 2304 4228 
17190 3422 3820 2790 4270 
17191 2497 2517 2518 3256 
17192 2856 3513 3278 3919 
17193 767 780 766 3378 
17194 2070 2352 2353 4195 
17195 2440 2420 2439 3739 
17196 3319 4161 2790 4270 
17197 2954 3868 3560 4401 
17198 3290 3917 2956 4038 
17199 799 800 798 3329 
17200 1774 3281 1775 4235 
17201 2431 2412 2411 3422 
17202 702 3221 726 4188 
17203 1733 1743 1744 3144 
17204 2284 3030 1788 4315 
17205 3201 3598 2814 4264 
17206 3581 3961 2880 4388 
17207 2824 3696 3038 4303 
17208 2148 2129 2147 4397 
17209 2527 2547 2528 3753 
17210 2040 2039 2067 3543 
17211 1684 2143 1685 4073 
17212 1998 3209 1976 3878 
17213 3084 3922 2748 4176 
17214 3179 2797 3965 4136 
17215 2449 2469 2470 4270 
17216 1805 1778 1777 3147 
17217 3008 2663 4066 4206 
17218 2795 3711 4203 4266 
17219 544 3210 561 3789 
17220 2909 4149 3661 4302 
17221 1115 3594 2940 4285 
17222 1681 3481 1671 3822 
17223 994 984 985 3409 
17224 270 3560 272 4401 
17225 2268 2256 2255 3612 
17226 3327 3753 2715 3948 
17227 2713 3701 3363 4146 
17228 2899 3788 3499 4198 
17229 963 964 975 3571 
17230 2698 3834 3082 4370 
17231 1547 1575 1576 3127 
17232 2638 3672 3520 4274 
17233 3552 3621 2979 4387 
17234 1538 3880 1537 4108 
17235 770 3247 783 3541 
17236 2788 3073 3771 4215 
17237 1770 3981 1768 4099 
17238 987 975 976 3571 
17239 877 272 270 3868 
17240 891 892 907 3138 
17241 1123 3218 1136 3610 
17242 822 3301 820 3871 
17243 2391 2392 2374 3761 
17244 2447 2446 2467 3121 
17245 110 127 109 3661 
17246 2182 3055 2197 4399 
17247 2857 3373 3124 4106 
17248 2364 2380 2365 3611 
17249 2632 3087 4214 4261 
17250 3221 2802 4188 4292 
17251 1521 1537 1522 3880 
17252 3244 3961 3737 4388 
17253 2071 2072 2044 4101 
17254 1357 1363 1356 3211 
17255 1424 1435 3133 3972 
17256 2879 3700 3135 3784 
17257 2456 3886 2455 3953 
17258 176 175 158 3913 
17259 3175 3933 3397 3986 
17260 929 3278 3825 3845 
17261 3048 3641 2925 4362 
17262 3073 4074 2688 4215 
17263 2785 4310 3904 4321 
17264 1319 1318 1320 3053 
17265 3132 3949 2708 4207 
17266 2643 3442 3903 4196 
17267 2497 2496 3256 3882 
17268 1299 3809 3253 4297 
17269 2630 3266 3764 4106 
17270 3313 3818 3273 4077 
17271 2642 3031 3583 4250 
17272 1709 3241 2176 4073 
17273 2801 3908 3836 4218 
17274 2674 2984 3368 3978 
17275 347 321 322 4361 
17276 405 4031 3414 4198 
17277 3597 3835 2786 4053 
17278 2840 3942 3560 4230 
17279 1896 3890 3914 4246 
17280 2875 3120 3712 4112 
17281 2621 3374 3335 4378 
17282 3091 3804 3583 4098 
17283 3544 4165 3441 4360 
17284 83 3959 3354 4181 
17285 1115 2940 3609 4285 
17286 2942 3636 3460 3919 
17287 3929 4081 3125 4137 
17288 2071 4101 2044 4402 
17289 2772 3906 3381 4405 
17290 2940 3978 3548 4151 
17291 3043 3824 4354 4410 
17292 1147 3248 1148 3325 
17293 1714 1372 1724 3380 
17294 2734 3649 3484 3826 
17295 2833 3854 3573 4223 
17296 2649 4062 3293 4142 
17297 1508 1520 1521 3272 
17298 1333 1327 1332 3094 
17299 3372 3424 3037 3793 
17300 2711 3168 3721 3833 
17301 2459 2479 3739 3882 
17302 73 72 57 4025 
17303 2696 3918 3291 4163 
17304 1313 1312 1311 3053 
17305 1822 3261 1823 4099 
17306 742 720 743 4082 
17307 1617 4015 1618 4224 
17308 3002 3739 2819 4048 
17309 537 554 534 4019 
17310 2890 3086 3622 4022 
17311 106 3485 89 4149 
17312 2522 2542 2523 3311 
17313 446 447 464 3577 
17314 3014 3504 3146 4065 
17315 3037 3377 3148 4172 
17316 149 166 147 3285 
17317 2613 3598 3201 4264 
17318 2446 2466 2467 3121 
17319 758 1144 757 4159 
17320 2613 3729 3355 4264 
17321 3141 3799 2740 4303 
17322 899 2946 902 4076 
17323 339 3259 315 4120 
17324 3337 3530 2778 3729 
17325 678 228 2991 4317 
17326 826 850 825 3645 
17327 2253 3909 3338 4280 
17328 3097 3383 2803 4371 
17329 2714 3169 3586 3655 
17330 3112 3725 2829 3877 
17331 1032 1022 3140 3859 
17332 3068 3468 2716 3791 
17333 6 4 7 3095 
17334 3265 3528 2661 3728 
17335 407 4031 385 4290 
17336 3426 3552 2724 3621 
17337 3185 3549 2854 4151 
17338 2420 2402 2401 4048 
17339 2847 3529 3527 4206 
17340 3538 3843 2996 4407 
17341 2727 4008 3119 4376 
17342 2638 3672 3298 3851 
17343 1862 1899 1900 3588 
17344 2471 3820 3319 4359 
17345 2018 2045 2019 4158 
17346 2935 3148 3430 4378 
17347 2654 3888 2930 4221 
17348 2820 2979 4015 4045 
17349 2750 3153 3762 3992 
17350 2964 3738 3287 3924 
17351 2222 3449 2221 4327 
17352 2404 2423 3316 3720 
17353 3206 2847 3654 4206 
17354 1644 4102 3506 4358 
17355 2961 3990 3786 4186 
17356 2538 3070 2518 3256 
17357 3110 3777 3563 4344 
17358 2749 3916 3556 4189 
17359 206 207 3239 4194 
17360 2714 3169 3421 4374 
17361 2765 3749 3051 4118 
17362 208 192 193 3913 
17363 2763 3379 3438 3673 
17364 2730 3283 3462 4086 
17365 3299 3448 2932 4321 
17366 1222 3330 1239 3604 
17367 451 469 4040 4320 
17368 1159 1158 775 3546 
17369 2345 3703 2344 4228 
17370 2565 2582 3327 3753 
17371 2795 3711 3342 4203 
17372 1120 1119 1110 4202 
17373 3768 3984 3587 4221 
17374 1478 3490 1479 3771 
17375 3396 3669 3025 4170 
17376 2658 3733 4013 4336 
17377 2785 3903 3299 4321 
17378 1552 3169 1551 4061 
17379 1668 2142 1678 4299 
17380 3232 4129 2708 4372 
17381 2948 4027 3701 4146 
17382 1542 1543 1527 3103 
17383 1141 3497 1140 3570 
17384 3068 603 3860 4226 
17385 1479 1172 1480 3510 
17386 3236 3526 2673 3869 
17387 3144 2993 3852 4383 
17388 1395 1388 1397 3926 
17389 2427 2426 2447 4022 
17390 3929 4081 2947 4313 
17391 1208 1209 793 3097 
17392 2719 3925 3636 4132 
17393 2649 3293 3699 3932 
17394 2696 3127 3695 3918 
17395 2928 3397 3994 4039 
17396 2016 4236 3080 4357 
17397 1494 1495 1493 3494 
17398 3233 3689 2956 4272 
17399 2744 3667 3448 4268 
17400 2743 4062 3185 4142 
17401 576 558 559 3575 
17402 1809 3535 1831 4251 
17403 623 605 3224 4330 
17404 3010 4099 3773 4393 
17405 1682 1691 1683 3481 
17406 915 899 916 4076 
17407 2640 3980 3716 4230 
17408 2783 3341 3299 3928 
17409 3199 4041 2873 4139 
17410 2672 3465 3792 4035 
17411 2361 2349 2360 3579 
17412 1599 1600 1610 3711 
17413 2431 2411 2430 3422 
17414 457 3911 440 3945 
17415 3040 3644 3440 4281 
17416 484 3187 500 4365 
17417 288 3066 3460 3845 
17418 2957 3433 4057 4380 
17419 3154 3599 2819 4048 
17420 3092 3687 3123 4190 
17421 3074 3398 2740 4225 
17422 3078 4247 3482 4340 
17423 733 708 709 3129 
17424 926 927 939 4076 
17425 2801 3836 3237 3892 
17426 372 346 373 3666 
17427 2613 3376 3887 4353 
17428 2849 4004 3290 4168 
17429 1904 1872 1903 3133 
17430 2116 2117 2097 3584 
17431 2107 2126 3587 3621 
17432 1002 1001 990 3128 
17433 3233 3964 2670 4316 
17434 2970 3555 3081 4403 
17435 2634 4097 3708 4260 
17436 403 381 404 3499 
17437 2666 3756 3339 3993 
17438 1916 1915 1932 3931 
17439 3027 2820 4079 4354 
17440 1912 1886 3202 4050 
17441 3548 3594 3147 3978 
17442 3242 3736 1707 4334 
17443 2554 2555 2535 3156 
17444 2028 3711 3342 4067 
17445 1266 1544 1265 3684 
17446 2772 3381 3461 4405 
17447 3576 2881 3946 4412 
17448 2855 3251 3470 4047 
17449 1601 1602 1589 3441 
17450 2844 3482 3078 4247 
17451 3229 3602 2796 4089 
17452 2261 2249 3108 4164 
17453 1303 3781 3862 4087 
17454 1427 1116 1117 3268 
17455 1301 3040 1308 4351 
17456 2499 2519 2520 3070 
17457 2419 2400 2418 4048 
17458 163 546 563 3398 
17459 3335 2863 3866 4378 
17460 477 495 494 4166 
17461 2711 3182 3685 4046 
17462 3087 3446 4214 4261 
17463 2413 2433 2414 3679 
17464 2766 3646 3222 4382 
17465 3290 4004 3049 4168 
17466 2559 2540 2270 4363 
17467 876 877 3560 4341 
17468 3637 3723 2781 4151 
17469 452 4040 3186 4320 
17470 3102 3431 3186 4320 
17471 1847 3548 3261 4110 
17472 2632 3915 3313 4070 
17473 3849 4214 2858 4261 
17474 2741 3529 3206 4066 
17475 2619 3397 3175 3933 
17476 2776 4017 3792 4263 
17477 3280 4166 3896 4213 
17478 2625 3229 3876 4086 
17479 2789 4178 3490 4242 
17480 1140 3394 1128 3570 
17481 2357 2356 2372 3954 
17482 70 54 55 3485 
17483 2211 2226 2212 3375 
17484 873 3531 847 3657 
17485 839 840 841 3636 
17486 3512 3622 2771 3889 
17487 822 3847 3301 3871 
17488 568 567 3416 4226 
17489 3297 3902 2735 4356 
17490 1449 1871 1448 3133 
17491 3300 3921 1816 4286 
17492 2711 3721 3174 3833 
17493 2800 3167 3786 4330 
17494 550 531 551 4213 
17495 2646 3457 4217 4231 
17496 1980 1979 2002 4042 
17497 2712 3400 3227 4177 
17498 1533 1534 1518 4145 
17499 2621 3335 4172 4378 
17500 2743 3610 3135 3784 
17501 901 913 1277 3152 
17502 741 760 3555 4082 
17503 3024 3994 3912 4030 
17504 2900 3272 3567 3881 
17505 2733 4055 3284 4157 
17506 2863 3374 3335 4006 
17507 2075 2074 2073 4101 
17508 2752 3514 3459 4395 
17509 2824 4303 3038 4396 
17510 2920 4116 2731 4367 
17511 213 226 3693 4183 
17512 2846 3448 3299 4268 
17513 2879 3468 1089 3700 
17514 172 154 155 4072 
17515 2862 3513 3288 4154 
17516 830 855 854 3960 
17517 1196 1195 1181 3453 
17518 3291 3918 2822 4163 
17519 3003 3962 3277 4134 
17520 1030 3859 1029 4409 
17521 681 3160 680 3757 
17522 393 394 417 3706 
17523 2766 3866 3775 3895 
17524 2019 2045 2046 3184 
17525 2907 3228 3772 3947 
17526 2916 3543 3077 4369 
17527 131 114 3794 4024 
17528 3429 4101 2071 4402 
17529 3341 3805 2783 3997 
17530 147 166 164 3285 
17531 944 933 3758 4281 
17532 2724 3621 3552 4387 
17533 452 453 471 4320 
17534 2949 3589 3351 4184 
17535 3123 3826 3271 4318 
17536 2219 4107 3438 4150 
17537 1161 1181 1160 2983 
17538 1565 1564 3143 4064 
17539 2614 3179 3553 3966 
17540 3498 3929 3013 4197 
17541 3615 4156 1110 4202 
17542 3250 3488 2628 3970 
17543 1723 1713 3310 4162 
17544 2857 3514 3344 4395 
17545 2789 3394 3268 4242 
17546 681 706 680 3160 
17547 815 798 3329 3604 
17548 3841 3871 3301 4093 
17549 3562 3937 2902 4201 
17550 2744 3134 3473 4280 
17551 2844 3592 3321 4207 
17552 196 580 598 3398 
17553 2620 3917 4038 4272 
17554 2363 2351 2362 4195 
17555 693 3930 3381 3999 
17556 810 811 831 4227 
17557 2871 3143 3451 4283 
17558 1953 1954 1936 3275 
17559 416 436 415 3643 
17560 1491 1489 3494 3931 
17561 1177 1157 1178 3267 
17562 342 368 3145 4000 
17563 3074 3987 3790 4262 
17564 664 665 3906 4156 
17565 2259 2260 3226 3981 
17566 3089 3444 3406 4169 
17567 1133 1132 755 3248 
17568 127 3661 110 3874 
17569 1379 1373 1374 3402 
17570 2931 3833 3267 4386 
17571 3422 3679 3100 3944 
17572 73 58 74 3454 
17573 3592 3733 3000 4207 
17574 2890 3761 3086 4022 
17575 6 20 4 3659 
17576 3363 4027 1919 4333 
17577 3511 3875 2905 4002 
17578 3146 3504 2921 4065 
17579 2266 2267 2254 4390 
17580 3201 3754 3664 3816 
17581 3240 4279 2737 4306 
17582 2893 3384 3304 4182 
17583 1066 1065 1055 3167 
17584 1553 3169 3586 4145 
17585 3503 3703 2836 4229 
17586 1430 1431 1845 4110 
17587 3353 3399 2890 4355 
17588 3300 3867 3085 3975 
17589 3952 4007 3139 4331 
17590 2733 3285 3284 4055 
17591 3368 3978 2940 4151 
17592 2547 3327 2548 3948 
17593 831 832 856 3960 
17594 3004 3702 2839 3910 
17595 1967 1989 1990 4009 
17596 2750 3332 3153 3992 
17597 2778 3393 3530 4123 
17598 2173 2189 2174 4112 
17599 1498 1496 1198 3453 
17600 2826 4043 3046 4201 
17601 2892 3964 3243 4316 
17602 3105 2757 3772 4253 
17603 1806 1414 1827 3474 
17604 2755 3127 3404 3695 
17605 3078 3538 2679 4340 
17606 2863 3866 3430 4070 
17607 1679 1688 1689 3501 
17608 2924 3500 3247 4252 
17609 1852 2310 1833 4381 
17610 1940 3209 3760 4352 
17611 1922 3413 3188 4375 
17612 3202 2783 3805 4050 
17613 1379 1378 1373 3402 
17614 828 829 3315 4227 
17615 575 592 574 3634 
17616 1586 1587 1598 4398 
17617 664 3906 689 4156 
17618 3093 3730 2915 4271 
17619 1235 1236 3286 3938 
17620 23 401 26 3545 
17621 3072 3945 423 4394 
17622 2618 3165 3477 4113 
17623 367 3706 3145 4000 
17624 2289 2290 2309 3246 
17625 132 130 113 3794 
17626 806 785 808 4371 
17627 2669 3979 3767 4406 
17628 2850 4164 3108 4185 
17629 812 811 792 3898 
17630 4010 4390 2861 4391 
17631 3381 3930 693 4403 
17632 41 59 3454 4054 
17633 1661 1673 1662 3481 
17634 1266 884 3152 3684 
17635 2614 3179 3965 4136 
17636 650 631 651 4126 
17637 1591 3683 1286 3809 
17638 2820 3109 3750 4045 
17639 3109 2721 3683 3809 
17640 3444 3707 3288 4154 
17641 928 918 919 3830 
17642 2749 3890 3652 4189 
17643 441 3945 3069 4265 
17644 2187 2171 2186 3120 
17645 3631 4208 3102 4320 
17646 2674 3978 3257 4234 
17647 925 923 912 4076 
17648 2184 2169 2170 3296 
17649 2785 3341 4094 4310 
17650 2861 4390 3204 4391 
17651 1811 1834 1837 3650 
17652 2334 2333 3410 4010 
17653 144 143 126 3661 
17654 2243 3132 2258 3476 
17655 1429 1428 1430 3218 
17656 2927 3652 3890 4189 
17657 2807 3454 3216 4025 
17658 1725 1715 3505 3736 
17659 782 3011 781 3541 
17660 990 3128 1001 4053 
17661 1745 1735 3505 3714 
17662 1017 1018 3835 4053 
17663 884 885 3152 3797 
17664 3102 2825 3779 3789 
17665 3090 3480 2958 4007 
17666 873 3657 874 4341 
17667 2681 3628 3221 3662 
17668 1635 3180 1645 3782 
17669 2695 3897 3046 4201 
17670 1601 1589 1588 3441 
17671 2303 2284 3351 4228 
17672 2631 3349 3522 4256 
17673 2746 3435 3217 4296 
17674 2873 3562 3840 4043 
17675 2824 3038 3696 4396 
17676 216 230 229 3742 
17677 2353 3429 2071 4402 
17678 1907 1876 1875 4258 
17679 1951 1971 1972 3808 
17680 3485 4025 89 4149 
17681 2281 3473 2297 4390 
17682 2328 2604 2603 3846 
17683 1562 1563 1543 4307 
17684 500 3187 1002 4365 
17685 1385 1379 1054 3455 
17686 767 768 781 3541 
17687 2875 3438 3282 3986 
17688 1519 1534 1535 4145 
17689 1343 1336 1337 3638 
17690 3262 3990 1063 4389 
17691 439 3357 420 3992 
17692 2923 3409 2728 3825 
17693 2864 3530 3393 4123 
17694 2798 3480 3626 3821 
17695 523 522 505 3631 
17696 2841 3911 3945 4394 
17697 3149 3630 2648 3783 
17698 31 49 28 3354 
17699 2095 2076 2074 3364 
17700 2628 4065 3582 4192 
17701 188 203 3225 4056 
17702 1424 3133 1433 3474 
17703 963 951 964 3571 
17704 618 598 599 4034 
17705 3341 3997 2783 4094 
17706 1100 3224 3615 4330 
17707 2641 3867 3850 3975 
17708 2102 2101 2121 4175 
17709 2065 2064 2347 3806 
17710 2188 4112 2203 4150 
17711 1494 1495 3494 3701 
17712 2261 3108 1785 4191 
17713 246 854 248 3960 
17714 2704 3382 3240 3734 
17715 2789 3268 4178 4242 
17716 2238 3338 2253 3909 
17717 1161 1160 777 3378 
17718 2384 2368 2383 3324 
17719 3200 3652 2749 3890 
17720 329 330 3479 3590 
17721 1734 3505 1744 3714 
17722 2374 2373 2391 3761 
17723 3664 3922 2814 4057 
17724 1922 4092 1905 4375 
17725 2175 4150 3282 4299 
17726 2801 3120 3712 4304 
17727 3257 4234 3978 4350 
17728 127 128 145 3345 
17729 3510 2789 4212 4269 
17730 2459 2458 2479 3882 
17731 3255 3867 2813 3915 
17732 914 913 912 3758 
17733 407 406 4031 4290 
17734 1120 1110 4156 4202 
17735 2714 3366 3670 4322 
17736 1864 3650 3264 4232 
17737 3287 3738 2860 4193 
17738 2940 3368 4062 4285 
17739 2132 2133 3829 4404 
17740 516 533 4213 4409 
17741 178 177 160 3345 
17742 2497 2476 2496 3882 
17743 3173 2751 3670 4238 
17744 1887 2333 1885 3827 
17745 1880 3294 1878 3625 
17746 1573 2995 1572 4003 
17747 1958 3209 1957 4042 
17748 958 955 944 3028 
17749 830 831 855 3960 
17750 2420 2439 3739 4048 
17751 398 4085 397 4276 
17752 3292 3556 2749 3766 
17753 4228 4229 2302 4277 
17754 2998 3636 2719 4373 
17755 405 3414 425 4198 
17756 3685 4212 2789 4269 
17757 3090 3643 2805 3706 
17758 2852 3744 3163 4138 
17759 3884 3995 2631 4140 
17760 1207 789 1206 3383 
17761 2807 4025 3485 4149 
17762 2835 4179 3569 4366 
17763 1217 3567 1218 4173 
17764 1471 1934 1470 4027 
17765 2781 3261 3549 3773 
17766 2942 3785 3231 3902 
17767 310 286 3066 4305 
17768 550 3896 531 4213 
17769 2779 3573 3854 4223 
17770 3217 3435 2742 4296 
17771 70 69 54 3485 
17772 2726 3379 3281 4235 
17773 2353 2071 2070 4402 
17774 930 1295 1296 3781 
17775 3302 3543 2722 4236 
17776 2712 3230 3624 4148 
17777 1751 1776 3379 4235 
17778 2900 3272 3881 3958 
17779 402 3545 401 4071 
17780 926 939 938 4076 
17781 820 821 824 3301 
17782 3370 3633 2773 3935 
17783 2180 2181 2163 3768 
17784 2305 2304 3351 3405 
17785 3264 3588 2732 3650 
17786 3245 3458 2885 4148 
17787 1846 3261 1845 4110 
17788 923 925 3371 4076 
17789 3520 3672 2910 4369 
17790 3725 3741 3197 3877 
17791 3075 3995 3955 4140 
17792 2870 3983 3487 4113 
17793 501 518 3835 4019 
17794 3121 3801 2466 4295 
17795 2827 3884 3314 4140 
17796 86 85 66 4181 
17797 3343 4179 3569 4284 
17798 2281 2266 2280 3473 
17799 1641 1628 1640 4015 
17800 3301 3871 3847 4093 
17801 1546 1528 1268 2974 
17802 808 785 809 4371 
17803 1569 1568 1589 3544 
17804 2627 4057 3433 4380 
17805 3097 2803 3898 4371 
17806 2382 2400 2383 3154 
17807 3045 3769 3292 4018 
17808 2353 2354 2071 3429 
17809 419 418 395 4000 
17810 2634 3922 3084 4176 
17811 3355 3568 2885 4147 
17812 2849 4004 4168 4287 
17813 2219 1720 3438 4107 
17814 2919 4139 3675 4339 
17815 2053 2052 3342 4203 
17816 828 829 853 3315 
17817 2838 3259 4023 4219 
17818 1037 3597 1028 3835 
17819 3346 4059 2808 4400 
17820 1840 1841 1816 3300 
17821 1874 1906 1875 4092 
17822 601 584 602 3864 
17823 2934 3670 3366 4322 
17824 3233 2956 3600 3917 
17825 1739 2233 2248 4107 
17826 212 634 198 4183 
17827 2804 3938 3286 3950 
17828 2160 2178 2161 3317 
17829 3751 4043 3983 4052 
17830 99 100 117 3959 
17831 2883 3587 3984 4221 
17832 3775 3866 2863 3895 
17833 98 116 115 3959 
17834 3019 3223 4051 4345 
17835 2191 2206 2207 3449 
17836 2631 3995 3075 4140 
17837 754 732 755 3247 
17838 1156 1157 1177 3267 
17839 1633 1620 1619 4102 
17840 2894 3558 3528 3842 
17841 3506 3635 2056 4358 
17842 1742 1755 1380 4162 
17843 2947 3648 3214 3929 
17844 2068 3579 2350 4195 
17845 1723 1712 1722 3310 
17846 2776 4055 3690 4263 
17847 3305 3468 3052 4392 
17848 1434 1448 1871 3133 
17849 2122 3892 2139 4175 
17850 1501 1201 1202 3642 
17851 622 641 623 3224 
17852 419 395 396 4000 
17853 2725 3589 3205 4315 
17854 752 753 3247 3662 
17855 3034 3416 2806 4409 
17856 3055 2182 4397 4399 
17857 735 3135 3248 4111 
17858 320 346 345 3666 
17859 93 74 94 3874 
17860 2633 3448 3596 4337 
17861 2818 3845 3066 4305 
17862 766 780 779 3378 
17863 1805 1779 1778 3147 
17864 2919 3198 3640 4128 
17865 3850 3867 3300 3975 
17866 2792 3624 3230 4103 
17867 1604 1616 4224 4297 
17868 1045 1379 1374 3455 
17869 2171 2169 2186 3787 
17870 1479 1171 1172 3510 
17871 3001 3911 95 4262 
17872 2839 3943 3361 3985 
17873 3701 4027 3363 4146 
17874 2797 3910 3158 4136 
17875 1357 3737 1025 4384 
17876 2876 3284 3794 4055 
17877 2613 3887 3355 4328 
17878 3339 2871 4064 4209 
17879 3720 4216 2385 4404 
17880 2225 2226 2211 3375 
17881 2876 4055 3794 4263 
17882 3348 3353 2890 4355 
17883 3159 3523 2780 3757 
17884 3156 3256 2708 4105 
17885 3032 3633 3370 3935 
17886 3063 3719 3025 4181 
17887 2638 3289 3672 4274 
17888 2514 2513 2534 4211 
17889 2866 3052 3798 4243 
17890 1709 1701 1700 4073 
17891 3840 3969 2878 4155 
17892 1956 1955 3878 4352 
17893 2796 3164 3602 4329 
17894 2328 2327 2306 3246 
17895 66 50 51 4181 
17896 82 61 63 3959 
17897 3106 4318 3829 4404 
17898 1991 1992 1969 4357 
17899 1663 1674 1664 3426 
17900 2204 2203 4107 4150 
17901 590 3634 591 3731 
17902 2467 3121 2466 4295 
17903 521 541 540 4049 
17904 2861 3292 3556 4010 
17905 2991 3628 678 4317 
17906 177 195 194 3913 
17907 3191 4041 2680 4143 
17908 3134 3612 3375 3923 
17909 1307 1315 1304 3537 
17910 2979 3506 3894 4387 
17911 656 682 241 3159 
17912 1344 1345 1350 3774 
17913 145 3345 128 3790 
17914 320 345 319 3359 
17915 2405 2404 3316 4216 
17916 980 977 966 3550 
17917 3345 3874 3790 4254 
17918 846 3847 822 3871 
17919 1346 3752 1352 3822 
17920 2158 3282 1678 4299 
17921 163 145 146 3790 
17922 1832 3535 1851 4381 
17923 2613 3729 3201 3828 
17924 2462 2441 2461 3561 
17925 1433 3133 1423 3474 
17926 2708 4129 3492 4372 
17927 450 448 465 3331 
17928 3737 3961 2891 4366 
17929 2684 3952 3234 3980 
17930 3321 3491 3232 4245 
17931 575 574 3575 3634 
17932 2547 2565 3327 3753 
17933 2884 4231 3883 4335 
17934 2804 3708 3097 4173 
17935 1734 1725 1724 3505 
17936 2897 3401 4116 4278 
17937 1161 1181 2983 3547 
17938 1267 884 3684 3797 
17939 3197 3725 2829 4291 
17940 2555 2556 2536 3156 
17941 3196 2778 3530 3729 
17942 1327 1325 1332 3094 
17943 2669 3979 3283 4083 
17944 405 406 425 3414 
17945 2758 3507 3478 3996 
17946 3441 3544 2872 4165 
17947 1481 1482 1483 3727 
17948 644 667 666 3999 
17949 2865 4210 3044 4319 
17950 1045 1374 1035 3455 
17951 445 427 428 3119 
17952 217 230 216 3742 
17953 2723 3698 3365 4366 
17954 117 116 99 3959 
17955 3108 4164 4109 4191 
17956 2831 3900 3294 4337 
17957 2801 3892 3237 4088 
17958 3446 2858 4214 4261 
17959 688 3305 661 3468 
17960 3088 3516 2881 4032 
17961 1133 755 756 3248 
17962 2827 4140 3243 4316 
17963 1883 1884 1885 3827 
17964 2331 2330 1881 4001 
17965 2713 4078 3701 4146 
17966 3138 4023 3259 4219 
17967 3247 3541 770 3662 
17968 2618 3477 3487 4113 
17969 3113 3883 2884 4231 
17970 888 3837 3531 4219 
17971 405 425 424 4198 
17972 592 591 574 3634 
17973 1156 4159 3267 4386 
17974 1232 1218 1217 3567 
17975 3332 3357 3153 3992 
17976 291 290 289 3901 
17977 209 195 210 3141 
17978 1746 3714 1759 4185 
17979 3110 4335 3777 4344 
17980 2661 3728 3585 4385 
17981 2683 3198 3803 4245 
17982 1823 3261 1824 3988 
17983 2219 3438 1720 4150 
17984 1127 1117 1126 4242 
17985 2865 4210 3753 4324 
17986 1568 1272 1271 2955 
17987 2733 3536 3225 4069 
17988 27 3545 422 4394 
17989 702 727 726 3221 
17990 3108 3714 2912 4185 
17991 2973 3853 4162 4338 
17992 2701 4165 3203 4248 
17993 3169 3682 3019 4145 
17994 2358 2359 2347 3348 
17995 2994 3435 4121 4197 
17996 931 942 929 3825 
17997 3170 3818 3273 3968 
17998 3467 3593 3029 3967 
17999 2539 3070 2558 3476 
18000 2641 3388 3674 4052 
18001 2826 3046 4043 4289 
18002 2659 3025 3516 3669 
18003 3009 4004 3290 4200 
18004 1826 3548 3147 3988 
18005 1377 1724 1372 3380 
18006 1674 1683 1684 3426 
18007 2906 3411 3104 3927 
18008 1115 2940 1418 3609 
18009 2074 2076 2046 3364 
18010 2602 2326 2327 3951 
18011 507 3789 524 4208 
18012 1722 1731 1732 3310 
18013 2225 2239 3375 3909 
18014 129 527 146 3790 
18015 2232 2217 2231 3532 
18016 2953 4023 3126 4408 
18017 2636 3407 3389 4104 
18018 2358 2347 2357 3348 
18019 808 809 4227 4371 
18020 1201 1193 1202 3642 
18021 1488 1486 1501 3727 
18022 1944 1577 1576 3127 
18023 493 494 512 4166 
18024 3283 3979 2988 4083 
18025 2773 3107 3633 4411 
18026 2940 4062 3609 4285 
18027 2485 2465 2464 3801 
18028 563 3398 546 4332 
18029 2828 3831 3237 4088 
18030 2829 3575 3197 4291 
18031 1017 1028 3597 3835 
18032 922 921 910 4308 
18033 2904 3903 3442 4196 
18034 2823 3301 3847 4093 
18035 735 734 710 3248 
18036 636 3718 2966 4033 
18037 595 614 613 3554 
18038 1987 2011 2012 3502 
18039 2131 3484 2149 3829 
18040 3291 3404 2797 4174 
18041 2486 2507 2487 4295 
18042 686 660 3305 3718 
18043 2710 3404 3291 4174 
18044 1039 1029 3859 4226 
18045 3489 3748 2980 4124 
18046 1484 1486 1485 3727 
18047 3767 3793 3065 4367 
18048 3070 3882 3256 4129 
18049 1306 1305 3253 4297 
18050 436 454 435 3431 
18051 2974 3695 2995 4187 
18052 2767 3668 3450 4239 
18053 1844 1819 1843 3691 
18054 1984 2008 3194 4026 
18055 2356 2093 2092 3353 
18056 3282 4030 1678 4299 
18057 3273 4346 2702 4353 
18058 2827 3884 4140 4316 
18059 544 545 562 3210 
18060 2489 2509 2510 4359 
18061 936 923 937 3371 
18062 3415 4016 2699 4368 
18063 3417 3696 3052 4243 
18064 198 197 212 4183 
18065 2910 3851 3520 4174 
18066 1977 3209 1999 4042 
18067 977 966 3550 4388 
18068 3243 4140 3884 4316 
18069 2608 3327 2597 4324 
18070 974 962 963 3825 
18071 1832 1831 3535 4381 
18072 2160 2177 2178 3317 
18073 2149 3829 3484 4404 
18074 3344 3514 2976 4095 
18075 1311 1321 1318 3053 
18076 3459 3899 3064 4395 
18077 2701 3215 4165 4248 
18078 3046 3897 2826 4201 
18079 3161 3892 4088 4175 
18080 1874 1875 1851 4258 
18081 1611 1623 3441 3782 
18082 1211 797 1210 3329 
18083 2786 3735 3597 4323 
18084 3217 2742 3472 4296 
18085 2247 2231 2230 3532 
18086 1551 3169 3682 4061 
18087 685 657 658 3452 
18088 3193 3732 3013 4310 
18089 3040 3809 3253 4351 
18090 2837 3268 3601 3730 
18091 2404 3720 3316 4216 
18092 961 3334 972 4294 
18093 2826 3897 3046 4289 
18094 3147 4234 2763 4350 
18095 3066 3460 3278 3919 
18096 755 754 3247 3248 
18097 2933 3887 3376 4353 
18098 1804 1777 1776 3147 
18099 2587 2603 2588 3846 
18100 842 845 3531 3871 
18101 357 383 3788 4031 
18102 1520 1519 1535 4145 
18103 3161 4088 3617 4175 
18104 2698 3082 3795 4370 
18105 3066 3627 2942 4115 
18106 2689 3531 3657 3871 
18107 2579 2561 2578 4319 
18108 1529 1515 3848 4345 
18109 1093 1092 4237 4285 
18110 274 299 298 3817 
18111 397 4085 3357 4276 
18112 2248 2247 3183 4107 
18113 1920 1900 3588 4333 
18114 1524 1539 1540 4108 
18115 1791 1793 2287 3589 
18116 484 483 4090 4365 
18117 513 4166 3280 4213 
18118 335 309 336 4305 
18119 2918 3591 3405 4013 
18120 3049 4168 4004 4287 
18121 2266 4280 3473 4390 
18122 2785 3509 3904 4400 
18123 2638 3520 3851 4311 
18124 3201 3729 2778 3828 
18125 3535 4258 1851 4381 
18126 2044 4101 2045 4158 
18127 1811 1812 1834 3166 
18128 1790 4152 3205 4286 
18129 2021 2047 2048 4344 
18130 593 611 592 3352 
18131 2522 2501 2521 4363 
18132 2655 3250 3705 4288 
18133 2820 3109 4015 4297 
18134 2681 3014 3676 4116 
18135 2724 3557 4387 4410 
18136 1111 3700 3135 4111 
18137 2794 3667 3336 4119 
18138 828 806 808 3645 
18139 679 705 704 3628 
18140 2578 2594 2579 4210 
18141 2696 3347 3695 4058 
18142 1667 1677 1679 3912 
18143 2676 3712 3175 3933 
18144 1802 1825 1826 3988 
18145 2781 3978 3548 4350 
18146 3071 3569 3343 4179 
18147 1826 1825 3548 3988 
18148 3000 3803 3232 4372 
18149 3291 3418 2710 4174 
18150 458 475 457 4262 
18151 3370 3551 2773 4411 
18152 3311 2782 3692 4100 
18153 3049 3917 3290 4168 
18154 2762 3290 3385 4200 
18155 818 816 815 3604 
18156 1946 1967 1947 4060 
18157 3790 3874 3001 4254 
18158 2653 3773 3181 4153 
18159 2682 3840 4043 4155 
18160 763 776 762 3546 
18161 2261 2249 1759 3108 
18162 365 3706 390 4120 
18163 2915 3730 3601 4178 
18164 2829 3725 3197 3877 
18165 1306 1311 1312 3053 
18166 2481 2502 2482 3561 
18167 2042 3302 2069 4402 
18168 13 14 17 4326 
18169 1981 3711 1587 4266 
18170 3285 3690 2776 4055 
18171 1257 1529 1515 3848 
18172 484 4090 3187 4365 
18173 3106 4216 3720 4404 
18174 1678 1687 1686 4030 
18175 2763 3673 3438 3986 
18176 426 3414 406 4290 
18177 2683 3803 3198 3944 
18178 2805 3706 3145 4007 
18179 77 76 75 3911 
18180 2032 3340 2059 3991 
18181 2390 2391 2373 3761 
18182 2740 3987 3576 4254 
18183 2851 3858 3150 4166 
18184 751 750 728 3662 
18185 2061 2091 2062 3776 
18186 783 3391 782 3541 
18187 3319 3820 2999 4359 
18188 3138 3531 2838 4219 
18189 1814 1838 1839 4232 
18190 1944 1945 1577 4061 
18191 3133 4092 2784 4375 
18192 2829 3748 3489 4124 
18193 2749 3769 3200 3890 
18194 1745 1734 1744 3714 
18195 1569 1272 2955 3517 
18196 454 453 435 3431 
18197 2625 3602 3229 4089 
18198 226 654 3693 4317 
18199 2053 3342 2027 4203 
18200 3285 3794 3284 4055 
18201 2898 3850 3300 3975 
18202 1369 3211 1363 4384 
18203 1311 1322 1321 3537 
18204 1991 1969 4009 4357 
18205 2666 3176 3756 3976 
18206 1544 1571 1572 2995 
18207 2531 2532 2511 3614 
18208 3320 3419 2719 3785 
18209 1766 1797 1798 4099 
18210 1524 3880 1539 4108 
18211 613 3112 3554 4126 
18212 129 111 112 3790 
18213 2635 3730 3093 4271 
18214 2833 3461 3381 4405 
18215 1678 3282 1687 4030 
18216 2090 2091 2060 3776 
18217 390 412 392 3885 
18218 3020 3609 1103 3700 
18219 576 559 577 3877 
18220 2240 2226 2225 3375 
18221 2713 3217 3629 4078 
18222 656 241 234 3159 
18223 2 3641 400 3857 
18224 2763 3397 3257 3934 
18225 2492 2512 2513 4211 
18226 2492 2472 2471 3820 
18227 1084 1072 2984 4237 
18228 2763 2726 3379 4350 
18229 2779 3437 3678 4223 
18230 2929 3932 3293 4142 
18231 3732 3904 3013 4310 
18232 2772 3461 2970 4298 
18233 1668 1678 4030 4299 
18234 853 3315 854 3868 
18235 1598 1600 1599 3711 
18236 2923 3577 3119 4273 
18237 3264 3957 1901 4232 
18238 2925 3641 3056 4085 
18239 357 383 356 3788 
18240 2697 3277 3572 3962 
18241 1416 1417 1426 3601 
18242 1696 1704 3501 3673 
18243 3848 3958 2823 4051 
18244 2579 2594 2595 4210 
18245 3405 4013 3591 4293 
18246 1103 3609 3020 4285 
18247 1510 1523 1511 3880 
18248 561 544 562 3210 
18249 1229 1230 1215 3567 
18250 3051 3323 3392 3763 
18251 3243 2827 4029 4140 
18252 3246 3733 2949 4207 
18253 2820 4015 3109 4045 
18254 2863 3274 3818 4006 
18255 175 3913 192 4194 
18256 413 3521 392 3885 
18257 3232 3803 2951 4372 
18258 1002 483 484 4365 
18259 3151 2844 3589 4349 
18260 1841 1842 1817 3921 
18261 2772 4202 3067 4298 
18262 2630 3465 3136 4199 
18263 3028 3432 2914 4294 
18264 3144 3926 2993 4383 
18265 2121 2139 2122 3892 
18266 1793 2271 2287 3589 
18267 2653 3322 3549 4153 
18268 2506 2507 2486 4295 
18269 3601 3730 3268 4178 
18270 817 816 818 3604 
18271 1987 2012 1988 3502 
18272 3236 4075 3314 4256 
18273 3243 4029 3955 4140 
18274 486 487 505 3631 
18275 3685 3730 2789 4046 
18276 2780 3488 3250 3970 
18277 3442 3778 2941 3872 
18278 1936 1954 1937 3275 
18279 2668 3118 3696 4225 
18280 3020 4062 3368 4285 
18281 2998 3604 837 4373 
18282 815 816 798 3604 
18283 1547 1574 1575 3127 
18284 1255 1528 1256 3307 
18285 611 610 592 3352 
18286 3212 3926 2888 4383 
18287 3013 3551 3346 4400 
18288 269 296 295 4401 
18289 274 298 273 3263 
18290 389 941 2923 3845 
18291 1734 1745 1735 3505 
18292 1823 1822 1847 3261 
18293 3356 2873 3840 4155 
18294 231 232 239 3757 
18295 1577 1549 3127 4061 
18296 1827 1828 1806 3474 
18297 226 655 654 4317 
18298 2846 3625 3596 4337 
18299 2873 3471 3270 3983 
18300 2871 3756 3339 4307 
18301 662 639 3468 4392 
18302 2997 3523 3239 4194 
18303 713 715 714 3906 
18304 407 426 406 4290 
18305 1695 3282 2190 4150 
18306 3193 3904 3732 4310 
18307 1639 1319 1650 4079 
18308 1156 1157 3267 4159 
18309 575 558 576 3575 
18310 3600 3917 2956 4096 
18311 852 828 853 3315 
18312 729 704 705 3628 
18313 2614 3131 3965 4379 
18314 723 722 698 3726 
18315 2814 3035 3816 4057 
18316 3270 3471 2725 3983 
18317 3304 3384 2652 4182 
18318 2894 3965 3131 4379 
18319 2935 3430 4077 4378 
18320 2967 3924 3287 4193 
18321 2534 2513 2533 4211 
18322 2914 3334 4028 4294 
18323 835 834 814 3258 
18324 822 820 845 3871 
18325 2652 3961 3569 4366 
18326 2653 3549 3773 4153 
18327 2776 3794 3285 4055 
18328 3668 3697 3191 4239 
18329 2708 3733 3246 4207 
18330 1562 1543 1542 4307 
18331 2814 3922 3664 4264 
18332 2733 4114 3536 4157 
18333 2863 3335 3374 4378 
18334 2889 3432 3334 4204 
18335 1508 1521 1509 3272 
18336 32 3434 29 4362 
18337 127 145 144 3345 
18338 2775 3446 3964 3966 
18339 3066 2942 3460 3919 
18340 3641 3857 2 4326 
18341 1591 1570 1286 3683 
18342 2650 3191 3697 4239 
18343 2861 3612 3134 3923 
18344 2927 3914 3890 4246 
18345 3339 4064 2871 4307 
18346 2668 3677 3074 4225 
18347 2797 3158 3965 4136 
18348 468 3331 448 4040 
18349 3748 4124 2829 4291 
18350 3074 3858 2841 4262 
18351 2187 2172 3120 4112 
18352 1491 1930 1489 3931 
18353 2640 3942 3157 4002 
18354 3478 3832 586 3989 
18355 419 396 3357 4000 
18356 2406 2387 2405 3316 
18357 3441 3782 1623 4360 
18358 3109 3809 3683 4224 
18359 2800 3478 3507 3996 
18360 682 681 240 3757 
18361 2084 1635 2055 4067 
18362 1321 1329 1318 3638 
18363 1674 1684 1685 3426 
18364 2261 4164 3108 4191 
18365 3397 3257 3934 4039 
18366 3203 4165 4080 4248 
18367 2764 3087 3804 4261 
18368 3223 4051 2645 4135 
18369 2645 4051 3172 4135 
18370 1841 3691 1842 3921 
18371 2240 2225 2239 3375 
18372 2788 3252 4215 4269 
18373 3405 4228 3351 4293 
18374 2823 3841 3301 4093 
18375 2268 3204 2270 4363 
18376 1151 3490 1468 4242 
18377 503 502 3423 4049 
18378 2780 3523 3159 4288 
18379 1378 1371 1373 3402 
18380 2680 3562 3937 4143 
18381 3164 3821 3602 4329 
18382 2037 3420 2063 3806 
18383 1626 1615 3544 3862 
18384 3688 3914 2962 4050 
18385 1582 1581 1949 3655 
18386 1293 3253 1299 3809 
18387 2805 3145 3952 4007 
18388 5 2 3857 4326 
18389 2811 3198 3640 3944 
18390 2757 3463 3367 3947 
18391 3853 4237 2984 4338 
18392 3106 3720 4216 4318 
18393 1846 1821 1845 3261 
18394 1756 1781 1757 3852 
18395 47 46 3434 3762 
18396 1917 1933 1934 3363 
18397 2692 3784 3775 4006 
18398 1747 1774 1775 4235 
18399 2120 3836 2137 3892 
18400 2234 3449 2220 4185 
18401 3419 3785 3320 4380 
18402 625 606 607 3989 
18403 2722 4274 3077 4369 
18404 2021 1996 2020 3563 
18405 2648 3443 3623 4125 
18406 428 3119 427 4290 
18407 2175 3282 2158 4299 
18408 762 3546 775 4082 
18409 251 254 253 4300 
18410 936 923 3371 3758 
18411 3300 3850 2759 3867 
18412 3148 4172 3335 4378 
18413 2266 3473 2281 4390 
18414 2273 2274 3132 3482 
18415 2600 2601 2585 3951 
18416 381 3499 403 4071 
18417 1129 1119 1120 3570 
18418 2871 3451 4209 4283 
18419 849 848 823 3657 
18420 640 619 3468 4392 
18421 2794 3653 3375 3909 
18422 2889 3813 3331 4090 
18423 2886 1599 3711 4398 
18424 153 136 3536 4114 
18425 717 3381 693 4403 
18426 3755 3967 3467 4103 
18427 3158 3937 2902 4143 
18428 2093 3353 2094 3806 
18429 3203 2872 4080 4165 
18430 1978 1958 1957 4042 
18431 2189 2188 2204 4150 
18432 2796 3602 3164 4089 
18433 2726 3438 3379 4235 
18434 2863 3374 4077 4378 
18435 1893 1891 3688 3890 
18436 372 373 400 4085 
18437 1917 1934 1918 3363 
18438 3652 3969 3046 4289 
18439 2971 4218 3213 4304 
18440 3783 4354 2724 4410 
18441 1895 2341 2339 3890 
18442 1915 1931 1932 3931 
18443 2643 3903 3299 3916 
18444 434 431 412 3885 
18445 451 452 470 4320 
18446 185 200 184 3715 
18447 885 1266 884 3152 
18448 762 775 761 4082 
18449 1988 1966 1965 3502 
18450 1674 1685 1675 3426 
18451 2614 3553 3891 3966 
18452 2711 3833 3497 4212 
18453 3290 4004 3385 4200 
18454 1167 3415 3391 4016 
18455 3034 3577 3280 4213 
18456 3134 3612 2861 4390 
18457 261 262 264 3627 
18458 1422 1414 1413 3474 
18459 854 829 830 3315 
18460 767 781 780 3541 
18461 3520 4174 3851 4311 
18462 3597 3735 3167 4323 
18463 2573 2590 3156 3846 
18464 1769 3482 1767 4340 
18465 572 589 571 3832 
18466 1880 1882 1881 3625 
18467 2951 4129 3232 4372 
18468 2642 3583 3235 4250 
18469 2841 3987 3074 4262 
18470 2705 2674 3853 3982 
18471 2138 2120 2137 3892 
18472 2151 2168 3296 4241 
18473 2572 3156 2554 3846 
18474 1193 1194 1202 3642 
18475 2776 3656 3192 4024 
18476 1095 1083 1401 2984 
18477 1580 1581 1552 3169 
18478 321 294 295 3195 
18479 2727 3119 3577 4273 
18480 2790 3675 3319 4336 
18481 1166 3391 1167 3415 
18482 3202 2688 3805 3928 
18483 2429 2409 2428 3761 
18484 1321 1322 1329 3537 
18485 405 404 382 4198 
18486 823 848 820 3657 
18487 437 3153 455 3643 
18488 2711 3168 3833 4212 
18489 1847 3261 1846 4110 
18490 845 842 846 3871 
18491 2211 2210 2225 3653 
18492 1681 1671 1341 3822 
18493 499 517 501 4019 
18494 518 535 3835 4019 
18495 3566 3754 2765 4118 
18496 1790 1791 1789 3205 
18497 2202 2203 2187 4112 
18498 1767 3482 1765 4340 
18499 1060 4338 4237 4342 
18500 376 9 7 3796 
18501 752 3247 770 3662 
18502 3391 2699 4016 4368 
18503 1130 1120 3907 4202 
18504 2846 3596 3448 4337 
18505 41 59 58 3454 
18506 256 3297 253 4300 
18507 1568 2955 1271 4064 
18508 2470 2490 2491 4359 
18509 2125 1658 2106 3180 
18510 983 992 3432 4365 
18511 1911 1882 1910 3625 
18512 3096 2791 3663 4300 
18513 3015 4239 3668 4355 
18514 2255 2256 2240 3612 
18515 208 222 3239 4144 
18516 1532 3019 3682 4145 
18517 1153 1154 1174 3497 
18518 3111 3731 2758 3989 
18519 231 239 238 3757 
18520 2863 3775 3274 4006 
18521 1159 1179 1158 3905 
18522 735 1111 3135 4111 
18523 2935 4077 3269 4378 
18524 2439 2419 2438 4048 
18525 805 801 802 3812 
18526 3503 3769 2343 4229 
18527 580 3398 563 4034 
18528 20 21 38 3659 
18529 63 3354 83 3959 
18530 1255 1254 3797 3847 
18531 3143 3760 1942 4266 
18532 2939 2735 3590 3627 
18533 2708 3232 3949 4129 
18534 29 439 420 3992 
18535 1530 4187 3682 4345 
18536 1551 3169 1552 3682 
18537 2042 2041 3302 4236 
18538 2766 3895 3116 4070 
18539 267 876 270 3560 
18540 872 871 842 3531 
18541 2710 4174 3520 4311 
18542 3405 2949 4013 4293 
18543 900 3152 1277 3684 
18544 380 3499 381 4071 
18545 977 968 966 4388 
18546 441 423 424 3945 
18547 3125 3929 3498 4197 
18548 3068 3791 2882 3860 
18549 1719 3438 1720 4107 
18550 1921 1475 3413 4375 
18551 1298 1300 1299 3253 
18552 2676 3564 3933 3994 
18553 1066 1055 1056 3167 
18554 3352 3573 2833 3854 
18555 2813 3867 3306 4343 
18556 243 246 3439 3868 
18557 2511 2532 2512 3614 
18558 1552 1581 1553 3169 
18559 1642 1631 1630 4015 
18560 2994 3408 4121 4244 
18561 2633 3900 3724 4337 
18562 2779 3573 3565 4126 
18563 2614 3966 3891 4379 
18564 587 570 586 3478 
18565 2924 3676 3424 4292 
18566 3267 3671 2760 3905 
18567 50 65 49 4181 
18568 1962 1985 1963 3469 
18569 2624 3778 3872 4325 
18570 2879 3700 1101 4111 
18571 1100 3615 3224 4156 
18572 1493 1931 1491 3931 
18573 2710 3404 4174 4311 
18574 1987 1988 1965 3502 
18575 1710 3438 1718 3673 
18576 220 205 3523 4056 
18577 2787 3755 3467 4335 
18578 3170 3968 3273 4353 
18579 3744 3770 2893 3811 
18580 743 763 762 4082 
18581 1860 3200 3890 4277 
18582 2988 3979 3725 4083 
18583 1598 3711 1599 4398 
18584 2767 3399 3353 4355 
18585 2721 3684 3683 3809 
18586 3078 2679 4247 4340 
18587 2777 4027 3363 4333 
18588 1710 1711 1718 3438 
18589 3352 3634 2758 3731 
18590 108 3661 125 4149 
18591 289 290 293 3901 
18592 2956 3917 3233 4272 
18593 624 643 622 3989 
18594 627 626 3731 3999 
18595 1826 1804 1803 3147 
18596 2408 2428 2409 4022 
18597 2949 3733 3592 4207 
18598 2318 3292 4130 4391 
18599 2685 3167 3735 4323 
18600 1933 1497 1934 3363 
18601 2040 2014 2013 3543 
18602 2335 3292 2318 4010 
18603 3255 2813 3867 3998 
18604 2942 3231 3785 3919 
18605 1302 1297 1627 3862 
18606 1363 3211 1357 4384 
18607 2810 4012 3516 4032 
18608 3205 4122 3030 4315 
18609 2005 3740 2030 4358 
18610 846 822 845 3871 
18611 2955 3339 4064 4209 
18612 1824 3261 3548 3988 
18613 772 1145 771 3247 
18614 1559 1938 1560 4352 
18615 1974 1975 1954 3878 
18616 1469 1184 1185 3415 
18617 1884 3202 1886 3827 
18618 2823 3847 3307 4093 
18619 853 246 243 3868 
18620 2547 2565 2566 3327 
18621 1822 1846 1847 3261 
18622 2514 3492 2513 4211 
18623 3222 4016 2766 4382 
18624 618 617 598 4034 
18625 2766 3775 3605 3895 
18626 951 3571 963 3825 
18627 195 209 194 3913 
18628 2884 4335 3110 4344 
18629 1522 1523 1510 3880 
18630 2321 2593 4018 4210 
18631 413 949 392 3521 
18632 3034 3577 3409 4273 
18633 1649 1637 1648 3215 
18634 3270 3983 2725 4113 
18635 357 3709 358 4031 
18636 2698 3155 3834 4370 
18637 329 303 330 3590 
18638 2142 2158 1678 4299 
18639 1613 3441 1623 4360 
18640 2726 3436 3281 4350 
18641 261 259 262 3627 
18642 1129 1141 1140 3570 
18643 3034 4213 3416 4409 
18644 1948 1949 1581 3655 
18645 924 914 923 3758 
18646 562 3210 545 4024 
18647 3012 3624 3807 4253 
18648 2805 3139 4007 4331 
18649 1759 3108 2249 4185 
18650 2009 1985 1984 3194 
18651 168 186 185 3715 
18652 2349 2361 2350 3579 
18653 1416 1406 1417 3601 
18654 617 4033 598 4034 
18655 3097 3708 2804 4257 
18656 3489 3507 2758 3996 
18657 3078 3226 3538 4340 
18658 89 4025 90 4149 
18659 1206 789 786 3383 
18660 3441 2815 4165 4282 
18661 3090 3706 2805 4007 
18662 2872 3203 3578 4165 
18663 2787 4231 3755 4335 
18664 2903 3849 3255 3998 
18665 2429 2410 2409 3761 
18666 2732 3235 3583 4250 
18667 2760 3508 3168 4220 
18668 1432 1124 1125 3218 
18669 1546 1267 1545 2974 
18670 2627 3433 3620 3902 
18671 168 169 186 3715 
18672 1552 1551 1580 4061 
18673 2683 3803 3232 4245 
18674 3008 3713 3206 4066 
18675 2431 2432 2412 3422 
18676 710 734 733 3248 
18677 474 456 3762 4301 
18678 3609 4062 3020 4285 
18679 1274 1276 895 4132 
18680 1848 1423 3133 3474 
18681 2785 3904 3509 4321 
18682 919 906 314 4219 
18683 2633 3540 3606 4109 
18684 3067 3570 2931 4202 
18685 2814 3664 3201 4264 
18686 2892 3891 3553 3966 
18687 1197 1198 1496 3453 
18688 406 3414 405 4031 
18689 3520 4274 3672 4369 
18690 1328 1329 1337 3638 
18691 1504 1196 1197 3453 
18692 1611 1623 1613 3441 
18693 2318 4010 3292 4391 
18694 2903 3228 3674 3842 
18695 825 850 849 3645 
18696 70 89 3485 4025 
18697 3150 3864 2745 3896 
18698 2715 3503 3045 4324 
18699 2625 3164 3602 4089 
18700 3391 4016 3415 4368 
18701 2001 2002 4042 4203 
18702 2988 3936 3283 4083 
18703 2854 3549 3322 4153 
18704 604 3478 586 3989 
18705 741 760 740 3555 
18706 2505 2506 2485 3801 
18707 1202 1203 1502 3642 
18708 2699 4016 3415 4382 
18709 2613 3201 3729 4264 
18710 2887 3792 3465 4035 
18711 127 144 126 3661 
18712 2712 3624 3807 4148 
18713 2652 3384 4138 4182 
18714 2143 1693 2159 4073 
18715 1822 1821 1846 3261 
18716 1501 1202 1502 3642 
18717 3794 4055 2776 4263 
18718 2680 3937 3158 4143 
18719 508 525 507 3789 
18720 864 839 863 3636 
18721 2969 3369 3841 4097 
18722 2479 2458 2478 3882 
18723 2418 2437 2438 3886 
18724 1647 1636 1634 4360 
18725 2215 2228 2214 3476 
18726 2219 2233 1719 4107 
18727 781 782 1165 3011 
18728 391 392 949 3521 
18729 3290 2956 3917 4096 
18730 2971 3836 3113 4218 
18731 2430 2431 3422 4270 
18732 2744 4133 3667 4268 
18733 2418 2400 2399 3886 
18734 716 3381 717 4403 
18735 2749 3292 3766 3769 
18736 3168 3833 2760 4220 
18737 2235 2250 2251 4327 
18738 1095 1083 2984 4237 
18739 2558 3070 2539 4105 
18740 1432 1431 3218 4110 
18741 2413 2412 2432 3422 
18742 3214 3326 4081 4137 
18743 3221 3662 3541 4292 
18744 349 323 324 3713 
18745 3119 2923 4273 4376 
18746 3125 4197 3498 4296 
18747 2887 4017 3792 4035 
18748 2345 2323 2324 4228 
18749 2338 3769 3045 4018 
18750 2884 3777 4335 4344 
18751 2340 2342 3045 3769 
18752 2814 3598 3464 4287 
18753 2828 3831 3342 4011 
18754 2831 3108 4109 4191 
18755 2617 3904 3732 4084 
18756 1698 1690 3822 4334 
18757 883 887 886 3797 
18758 1839 3300 1815 4232 
18759 1441 1867 1866 3456 
18760 458 457 440 3945 
18761 1800 3988 3281 4099 
18762 3725 3979 2669 4083 
18763 1521 1536 1537 3880 
18764 2476 2497 2477 3882 
18765 1603 1290 1288 3862 
18766 2905 3875 3680 4002 
18767 301 302 328 3963 
18768 3168 3508 2637 4220 
18769 2554 2573 2555 3156 
18770 2740 3118 3987 4225 
18771 2629 3593 3831 3967 
18772 3301 3841 2969 3871 
18773 1256 3847 3307 3848 
18774 820 822 821 3301 
18775 2282 2283 2269 3204 
18776 2754 3243 3955 3995 
18777 2794 3939 3466 4119 
18778 776 1159 775 3546 
18779 3257 2864 3694 4039 
18780 2491 3820 2471 4359 
18781 1349 1008 1357 3737 
18782 855 248 854 3960 
18783 1255 3797 3307 3847 
18784 1922 3188 1906 4092 
18785 1397 1406 1405 3212 
18786 1655 3506 1643 4102 
18787 1909 1878 1908 3625 
18788 2390 2408 2409 3761 
18789 544 561 543 3789 
18790 2763 3438 2726 3986 
18791 57 72 56 4025 
18792 2164 3768 2181 4397 
18793 2919 3191 4041 4128 
18794 1744 1743 1757 3144 
18795 3903 3916 2904 4094 
18796 2759 3957 3264 4232 
18797 206 190 191 4194 
18798 3588 3914 2927 4246 
18799 1809 1831 1810 4251 
18800 402 401 379 4071 
18801 2601 2600 2612 3951 
18802 321 3195 295 4167 
18803 3134 3923 3667 4133 
18804 2352 2351 2363 4195 
18805 1941 1958 1959 4266 
18806 2848 3768 3587 4221 
18807 451 470 469 4320 
18808 1971 1950 1970 3312 
18809 3292 4010 2861 4391 
18810 1823 1847 1824 3261 
18811 787 785 806 4371 
18812 2977 3556 3410 4010 
18813 110 109 92 3874 
18814 2643 3667 3923 4133 
18815 787 1205 786 3383 
18816 1601 1611 3441 4398 
18817 1433 1448 1434 3133 
18818 1783 1785 2261 3108 
18819 349 323 3713 4361 
18820 1495 1497 3363 3701 
18821 2733 3142 4055 4157 
18822 2902 3937 3562 4143 
18823 750 769 3541 3662 
18824 2506 2486 2485 3801 
18825 1747 1775 1776 4235 
18826 2889 3334 3595 4204 
18827 2702 3600 3917 4346 
18828 382 381 355 3788 
18829 2140 2141 3617 4299 
18830 1561 3760 3276 4352 
18831 2752 3857 3641 4326 
18832 2428 3761 2409 4022 
18833 2787 3593 3467 3967 
18834 868 3531 888 3837 
18835 2627 3664 3419 3754 
18836 3252 2688 4074 4215 
18837 2971 4127 3213 4218 
18838 2957 3922 3664 4057 
18839 2824 3677 3696 4225 
18840 2971 3787 3296 4241 
18841 3213 3538 2996 4348 
18842 3562 3872 2902 4325 
18843 1826 1410 1411 3594 
18844 895 3636 4132 4308 
18845 3484 4399 2166 4404 
18846 710 3129 709 3452 
18847 675 676 701 4188 
18848 1884 1912 1886 3202 
18849 2803 3383 3708 4097 
18850 2158 2175 1687 3282 
18851 3274 3775 2863 3895 
18852 2687 3881 3272 3958 
18853 858 833 834 3663 
18854 2715 3591 3503 3703 
18855 3073 3303 3771 4215 
18856 1097 1107 1108 3268 
18857 3548 3978 3147 4350 
18858 1160 1159 776 3546 
18859 2560 2577 2578 4319 
18860 740 758 757 3555 
18861 2190 3282 2175 4150 
18862 2838 3830 3259 4219 
18863 295 4167 3195 4401 
18864 320 294 321 3195 
18865 692 667 693 3999 
18866 2841 3911 3001 4262 
18867 2994 3486 3408 4244 
18868 139 3483 156 4072 
18869 2652 4138 3370 4182 
18870 1156 1144 1157 4159 
18871 3007 3567 3272 3881 
18872 723 698 699 3726 
18873 1111 735 711 4111 
18874 1083 1402 1401 2984 
18875 1027 1028 1037 3597 
18876 2844 3592 3589 4349 
18877 1155 1156 1176 4386 
18878 2101 2102 4011 4175 
18879 150 151 3715 4114 
18880 2251 2250 2263 4164 
18881 1210 1220 1221 3330 
18882 156 3483 157 4194 
18883 1093 4237 3594 4285 
18884 1056 1046 1047 3167 
18885 2169 2168 2170 3296 
18886 1761 3151 1793 4152 
18887 2868 3900 3294 4258 
18888 2976 3716 4095 4233 
18889 1941 3760 1958 4266 
18890 1293 1299 1604 3809 
18891 572 573 590 3634 
18892 630 3573 612 4126 
18893 581 580 563 4034 
18894 2787 3467 3755 3967 
18895 1590 1589 1602 3544 
18896 2925 3357 3332 3992 
18897 1489 1488 1490 3494 
18898 2809 4095 3716 4233 
18899 2566 2548 2547 3327 
18900 718 693 3930 4403 
18901 3955 3995 3243 4140 
18902 567 566 550 3896 
18903 614 615 633 3360 
18904 1725 1726 1715 3736 
18905 3548 3988 2781 4350 
18906 625 624 606 3989 
18907 1057 3068 603 3860 
18908 3106 3720 4318 4404 
18909 3306 3867 2813 3998 
18910 895 3460 3636 4308 
18911 1883 3827 1885 4001 
18912 3125 4081 2764 4137 
18913 1203 1202 1194 3642 
18914 1458 3222 1454 3415 
18915 1848 1434 1871 3133 
18916 468 465 448 3331 
18917 285 284 287 3066 
18918 759 760 774 3555 
18919 2874 3980 3126 4230 
18920 254 251 252 4300 
18921 3045 4018 3044 4210 
18922 2691 3274 3818 3895 
18923 795 797 794 3329 
18924 3232 3803 3000 4245 
18925 1800 1823 3988 4099 
18926 2803 3645 3315 4227 
18927 941 950 411 2923 
18928 2622 3566 4118 4154 
18929 1884 1911 1912 3202 
18930 1269 1564 4064 4307 
18931 2889 3128 3865 4365 
18932 1443 3456 1442 4249 
18933 1280 1278 3683 3684 
18934 3276 3760 2690 4352 
18935 507 506 488 4320 
18936 3261 2781 3548 3988 
18937 3398 563 4034 4332 
18938 914 1294 1285 3152 
18939 999 1008 1349 3737 
18940 2698 3464 3598 4287 
18941 1493 1932 1931 3931 
18942 2104 2123 3617 4175 
18943 488 3631 487 4320 
18944 3767 3979 2938 4406 
18945 2861 4010 3556 4133 
18946 50 49 31 4170 
18947 1893 3688 1895 3890 
18948 1922 1923 3188 3413 
18949 1286 1285 1287 3809 
18950 2462 2483 2463 4100 
18951 153 152 135 4114 
18952 2624 3872 3562 4325 
18953 3168 2637 3721 4220 
18954 1864 3264 1901 4232 
18955 3215 4165 3544 4360 
18956 2541 3311 2522 4363 
18957 3906 3907 713 4156 
18958 1544 1571 2995 3683 
18959 565 3150 548 3864 
18960 2672 3792 4017 4035 
18961 3019 3682 3223 4345 
18962 2949 3405 3351 4293 
18963 1792 1791 1790 4152 
18964 3694 3934 3257 4039 
18965 3620 3902 3433 4356 
18966 1611 1613 1601 3441 
18967 2903 3674 3228 3998 
18968 2308 2307 2288 3246 
18969 1758 1744 1757 3714 
18970 2014 3543 2040 4236 
18971 2884 3777 3184 3956 
18972 1710 1702 1703 3438 
18973 2725 3589 3592 4349 
18974 1054 1379 1045 3455 
18975 2824 4225 3696 4303 
18976 1544 1280 3683 3684 
18977 1601 1613 1602 3441 
18978 2173 2188 2189 4112 
18979 1039 1029 1040 3859 
18980 3268 2789 3730 4046 
18981 2740 3790 3074 3987 
18982 2471 3820 2451 4270 
18983 1156 1155 4159 4386 
18984 1949 1948 1969 3655 
18985 2075 2073 2355 4101 
18986 3369 3647 2634 4097 
18987 2830 4121 3408 4244 
18988 2997 4069 3225 4072 
18989 2538 3256 2537 4105 
18990 2753 3693 4183 4278 
18991 3218 3609 2743 3610 
18992 3200 3769 3503 4229 
18993 513 3896 4166 4213 
18994 503 520 502 4049 
18995 1507 1506 1519 3272 
18996 1545 2995 1573 4187 
18997 2698 3795 3260 4370 
18998 2766 4016 3866 4382 
18999 1896 1895 1894 3890 
19000 3181 3723 3400 4153 
19001 3077 4236 4009 4357 
19002 3682 4187 3223 4345 
19003 2743 3135 3610 3700 
19004 590 589 572 3634 
19005 685 684 657 3452 
19006 1528 1529 3848 4345 
19007 943 942 931 3781 
19008 3582 4065 3014 4192 
19009 1664 1674 1675 3426 
19010 739 716 717 4403 
19011 3 3641 2 4326 
19012 1004 1003 993 3861 
19013 1041 3859 3140 4338 
19014 2471 2491 2492 3820 
19015 1710 1721 1722 3673 
19016 2492 2513 2493 4211 
19017 3568 4147 3084 4176 
19018 2820 3253 3750 4297 
19019 2219 1720 2205 4150 
19020 1847 1824 3261 3548 
19021 2342 3703 2608 4324 
19022 3556 3916 3410 4189 
19023 2743 3610 3609 3700 
19024 103 104 121 3719 
19025 2021 3563 2020 4344 
19026 2788 3252 4074 4215 
19027 1226 1505 1227 3848 
19028 2190 1695 2175 3282 
19029 936 933 923 3758 
19030 2499 2520 2500 3070 
19031 2692 3248 3247 4252 
19032 2512 3614 2532 4211 
19033 2749 3556 3410 4189 
19034 823 825 849 3657 
19035 224 223 208 4144 
19036 2838 4023 3138 4219 
19037 3206 3654 2847 3963 
19038 2156 2157 2140 4299 
19039 2906 3651 3377 4047 
19040 2303 2302 2284 4228 
19041 256 253 254 4300 
19042 459 442 3518 4265 
19043 2156 2155 2173 4112 
19044 436 437 455 3643 
19045 3221 3541 2802 4292 
19046 2538 2517 2537 3256 
19047 3363 3701 1497 4027 
19048 2763 3436 2726 4350 
19049 1053 3262 1063 4389 
19050 1912 1913 1886 4050 
19051 1380 2984 1062 4162 
19052 710 3129 3452 4111 
19053 35 16 18 3396 
19054 432 961 414 3521 
19055 1100 3224 663 4156 
19056 297 273 298 3263 
19057 402 422 27 3545 
19058 413 414 3521 3885 
19059 2252 3338 2237 4327 
19060 2268 2269 2270 3204 
19061 1151 1152 3510 4242 
19062 3406 4169 2806 4312 
19063 2122 2121 3892 4175 
19064 1809 1832 1831 3535 
19065 2598 2609 2610 3327 
19066 2819 3739 3070 3882 
19067 3012 3807 3624 4148 
19068 2470 3319 2490 4359 
19069 2807 4149 3088 4302 
19070 2985 3545 2982 4054 
19071 3481 3822 1681 4334 
19072 1298 3253 3809 4351 
19073 2189 4112 2188 4150 
19074 802 801 803 3812 
19075 2235 2251 2236 4327 
19076 3441 3451 2886 4282 
19077 917 903 918 3837 
19078 3755 4231 2965 4335 
19079 2812 3509 3924 4084 
19080 1554 1553 1582 3586 
19081 1405 3212 1416 3972 
19082 599 580 581 4034 
19083 2135 2117 2134 3584 
19084 531 513 514 4213 
19085 120 103 121 3719 
19086 2002 1979 2001 4042 
19087 1863 1862 3588 3650 
19088 800 815 3329 3604 
19089 1925 1909 1908 3303 
19090 3182 4046 2961 4186 
19091 1900 3264 1863 3588 
19092 2873 4043 3840 4155 
19093 2835 3569 3961 4366 
19094 2497 2496 2517 3256 
19095 325 350 324 3713 
19096 3141 4033 2966 4303 
19097 2573 2554 2572 3156 
19098 2668 3696 3677 4225 
19099 1855 4258 3294 4381 
19100 2792 3967 3755 4103 
19101 183 184 199 3618 
19102 531 532 551 4213 
19103 1222 1239 1223 3604 
19104 1072 1394 1393 2984 
19105 1863 3264 1864 3650 
19106 3043 3783 3630 4410 
19107 2094 2093 2357 3353 
19108 1871 1449 1903 3133 
19109 2319 4018 2592 4130 
19110 2759 3264 3850 4232 
19111 107 4025 108 4149 
19112 799 798 796 3329 
19113 2248 3183 1750 4235 
19114 631 612 613 4126 
19115 1185 1184 1164 3547 
19116 1161 2983 1162 3547 
19117 1127 1126 1137 4242 
19118 1440 1439 1438 3456 
19119 2711 4046 3685 4212 
19120 1453 4178 1127 4242 
19121 3145 2805 3952 4000 
19122 2701 3397 3934 4039 
19123 2283 2270 2269 3204 
19124 22 21 8 3659 
19125 2471 2451 2450 4270 
19126 3307 3797 2963 3847 
19127 900 885 899 3152 
19128 1568 1569 1272 2955 
19129 2848 3587 3557 4221 
19130 1108 1107 1116 3268 
19131 631 630 612 4126 
19132 1223 1239 1240 3604 
19133 2924 3247 3391 4252 
19134 1799 1822 1823 4099 
19135 2600 2611 2612 3951 
19136 3200 3769 1859 3890 
19137 955 944 3028 4281 
19138 3039 3258 3663 3941 
19139 3955 4029 3686 4140 
19140 353 3654 352 3963 
19141 2743 3775 3610 3784 
19142 2825 3197 4208 4279 
19143 688 1089 1101 2879 
19144 2780 3742 2991 3757 
19145 3060 4020 3294 4337 
19146 1245 1225 1224 3301 
19147 2863 3313 3818 3895 
19148 224 208 209 4144 
19149 3477 3487 2870 3971 
19150 3680 4267 2849 4287 
19151 414 961 413 3521 
19152 2164 2163 2181 3768 
19153 2656 3524 3687 4190 
19154 753 754 773 3247 
19155 2791 3297 4300 4356 
19156 1466 1451 3413 4375 
19157 2867 3771 3303 4215 
19158 539 557 556 4049 
19159 1707 1699 1698 4334 
19160 3190 2953 3870 4408 
19161 3215 3912 2815 4360 
19162 2763 3310 3934 4234 
19163 717 692 693 3381 
19164 1732 1731 1742 3310 
19165 2783 3997 3688 4189 
19166 1570 1571 1278 3683 
19167 2805 4007 3952 4331 
19168 3244 2880 3961 4388 
19169 1808 1807 1829 3852 
19170 3747 3784 2692 4006 
19171 1519 1518 1534 4145 
19172 1493 1491 1492 3494 
19173 616 617 3718 4033 
19174 462 480 479 3577 
19175 618 638 617 4392 
19176 2501 2241 2521 4363 
19177 1847 1419 3548 4110 
19178 25 24 26 4054 
19179 3341 3805 2688 3928 
19180 1380 1061 1062 2984 
19181 2780 3970 3250 4288 
19182 2927 3688 3997 4189 
19183 3121 3889 3801 4295 
19184 451 431 452 4040 
19185 230 217 231 3742 
19186 2166 3484 2165 4399 
19187 213 226 654 3693 
19188 1433 1424 1435 3133 
19189 2692 3500 3335 4252 
19190 2931 4202 3907 4298 
19191 3696 4225 3038 4303 
19192 2952 3408 3486 4244 
19193 716 692 717 3381 
19194 1802 1826 1803 3988 
19195 2219 1719 1720 4107 
19196 765 778 764 3378 
19197 3007 3881 3495 3950 
19198 563 580 180 3398 
19199 877 878 272 3868 
19200 208 223 222 4144 
19201 1648 3215 1637 4360 
19202 1766 1798 1768 4099 
19203 3078 3482 3226 4340 
19204 2695 3943 3361 4201 
19205 1440 1439 3456 3957 
19206 2663 3527 3529 4206 
19207 994 1004 993 3861 
19208 810 790 811 3898 
19209 3022 3585 3273 4385 
19210 2344 4228 3703 4229 
19211 3184 3777 2686 3956 
19212 2158 1687 1678 3282 
19213 2791 3663 3258 3941 
19214 1889 1888 1890 3688 
19215 2562 2543 2561 4319 
19216 349 348 323 4361 
19217 51 50 33 4170 
19218 3346 2808 3648 4400 
19219 1484 1485 1483 3727 
19220 552 534 554 4019 
19221 3110 3883 2884 4344 
19222 1954 1975 1955 3878 
19223 3268 3730 2789 4178 
19224 218 217 202 4056 
19225 2933 4346 3728 4385 
19226 2640 3126 3980 4230 
19227 2104 2124 2105 3617 
19228 2643 3916 3299 4268 
19229 1842 1841 1868 3691 
19230 2928 3933 3564 3994 
19231 1160 776 777 3546 
19232 1981 1598 1587 3711 
19233 337 312 908 3845 
19234 1469 1498 2948 3701 
19235 1832 1830 1851 3535 
19236 3223 3695 2974 4187 
19237 3353 3806 2767 4355 
19238 1995 1973 1972 3808 
19239 129 128 111 3790 
19240 2834 3547 3415 4368 
19241 1322 3581 3537 3644 
19242 2715 3753 3327 4324 
19243 1347 1341 1346 3822 
19244 84 83 64 4181 
19245 2508 2488 2487 4295 
19246 883 899 885 3797 
19247 3495 3881 3058 3950 
19248 1304 3537 3253 4351 
19249 2085 2109 2086 3984 
19250 1586 3143 1587 4398 
19251 154 3536 137 4072 
19252 830 3315 829 4227 
19253 1769 3226 2257 3482 
19254 2153 2171 2154 3787 
19255 2044 2072 2045 4101 
19256 2828 3237 3831 4011 
19257 2955 3517 3389 4080 
19258 1599 2886 1611 4398 
19259 2913 3726 3378 4044 
19260 3068 3860 3416 4226 
19261 3882 3953 3256 4129 
19262 374 2 400 3857 
19263 3305 3718 638 4392 
19264 367 3706 365 4120 
19265 1708 1699 3736 4334 
19266 1702 3438 1710 3673 
19267 1922 1906 1905 4092 
19268 3549 3773 3261 4393 
19269 857 856 832 3663 
19270 380 381 403 4071 
19271 2598 2597 2609 3327 
19272 1920 1919 4027 4333 
19273 1100 642 3224 4330 
19274 205 221 220 3523 
19275 3556 4010 2977 4133 
19276 1892 1915 1916 3914 
19277 3185 4062 2649 4142 
19278 863 839 841 3636 
19279 2429 2450 2430 4270 
19280 2539 3070 2538 4105 
19281 387 410 409 4117 
19282 1090 1089 1078 3468 
19283 50 49 3354 4181 
19284 710 709 684 3452 
19285 2888 3926 3144 4383 
19286 2676 3161 3712 4088 
19287 3346 2773 3551 4411 
19288 931 3781 3571 4309 
19289 1964 1944 3469 4060 
19290 2147 3984 3768 4397 
19291 1672 1661 1671 3481 
19292 1708 1699 1707 3736 
19293 574 557 575 3575 
19294 660 661 688 3305 
19295 1539 3880 1538 4108 
19296 777 764 778 3378 
19297 1084 2984 1083 4237 
19298 259 260 262 3627 
19299 1727 1736 2220 4185 
19300 229 227 215 3608 
19301 733 732 708 3129 
19302 1353 1352 1354 3822 
19303 3222 3415 4016 4382 
19304 2280 3473 2266 4280 
19305 810 3898 811 4227 
19306 2691 3818 3313 3895 
19307 800 815 798 3329 
19308 517 518 501 4019 
19309 2482 2462 3561 4100 
19310 2891 3737 4366 4384 
19311 93 110 92 3874 
19312 2007 3991 2008 4026 
19313 2811 3579 3302 4195 
19314 1468 1453 1138 4242 
19315 1660 1649 1648 3215 
19316 1034 1024 1036 3597 
19317 1269 1270 3339 4064 
19318 2028 3342 2054 4067 
19319 1560 1561 3276 4352 
19320 1523 1539 1524 3880 
19321 2104 2123 2124 3617 
19322 1248 1250 1239 3286 
19323 2919 3640 3198 4339 
19324 1709 2176 1701 4073 
19325 3136 3465 4035 4199 
19326 791 3898 790 4371 
19327 2574 2555 2573 3156 
19328 3219 2956 3689 4272 
19329 1299 3253 1300 4297 
19330 3022 3273 3968 4385 
19331 294 295 3195 4401 
19332 2746 4197 3435 4296 
19333 3433 2791 4356 4380 
19334 2892 3964 3446 3966 
19335 2658 3675 4139 4336 
19336 2863 3818 3313 4077 
19337 1569 1275 1273 3517 
19338 1013 1012 1004 3861 
19339 948 937 938 4028 
19340 3661 3874 3345 4254 
19341 455 3153 456 4301 
19342 2963 3307 3847 4093 
19343 3085 3306 3867 4343 
19344 1427 3268 1117 4178 
19345 2790 3944 3422 4161 
19346 2770 3407 3781 4309 
19347 783 3247 784 3391 
19348 1014 1350 1358 3774 
19349 2824 3398 3677 4225 
19350 817 818 819 3604 
19351 153 135 136 4114 
19352 587 586 604 3478 
19353 3043 4354 3783 4410 
19354 680 679 238 3757 
19355 2755 3682 3169 4061 
19356 1783 3714 1758 4251 
19357 2814 3464 3680 4287 
19358 1416 1405 1406 3212 
19359 2827 3870 3219 4272 
19360 3131 3842 2894 4379 
19361 1161 778 1162 3378 
19362 2641 3306 3867 3975 
19363 1645 1646 1656 3180 
19364 1960 1981 1587 4266 
19365 1574 3127 1547 4187 
19366 432 972 961 3334 
19367 174 156 157 4194 
19368 1904 4092 1873 4375 
19369 780 781 1164 3011 
19370 1819 1818 1843 3691 
19371 2714 3670 3421 4322 
19372 2405 2424 2425 3316 
19373 2684 3952 3145 4007 
19374 939 927 940 3830 
19375 2491 2471 2470 4359 
19376 3509 2808 4059 4400 
19377 469 487 3631 4320 
19378 3259 3830 2958 4120 
19379 2828 3237 4011 4175 
19380 1735 1725 1734 3505 
19381 220 233 219 3523 
19382 2069 3302 2068 4195 
19383 2262 2276 2277 4164 
19384 1160 1180 1159 3905 
19385 2386 2385 2404 4216 
19386 1093 1106 1092 4285 
19387 2159 1701 2176 4073 
19388 1843 1869 1870 3691 
19389 1232 1217 1231 3567 
19390 3236 2799 4075 4256 
19391 810 831 830 4227 
19392 2348 2347 2359 3348 
19393 3772 3947 3228 4253 
19394 1298 3253 1293 3809 
19395 1294 914 924 3758 
19396 2499 2478 2498 3882 
19397 2863 3818 3274 3895 
19398 1957 1939 1956 4352 
19399 1551 1579 1580 4061 
19400 1406 1398 1407 3601 
19401 2286 1791 3589 4315 
19402 956 945 955 4281 
19403 2878 3356 3840 4155 
19404 2633 3724 3448 4337 
19405 3557 3587 2883 4221 
19406 2267 2282 2269 4390 
19407 2040 2013 2039 3543 
19408 831 856 855 3960 
19409 1886 1888 1887 3827 
19410 996 1338 1344 3774 
19411 1601 3441 1588 4398 
19412 2949 4184 3246 4207 
19413 652 653 675 3425 
19414 1466 1451 1452 3413 
19415 769 770 783 3541 
19416 2238 2254 2239 3909 
19417 1877 2329 1856 4020 
19418 2630 3266 4106 4199 
19419 2450 2470 2471 4270 
19420 1876 3294 1855 4258 
19421 1056 1055 1046 3167 
19422 2746 3498 4197 4296 
19423 941 411 389 2923 
19424 1789 4122 3205 4315 
19425 843 846 842 3847 
19426 3104 3222 3646 4382 
19427 2334 2333 1887 3410 
19428 2042 2041 2069 3302 
19429 2649 3393 3932 3982 
19430 2508 2487 2507 4295 
19431 689 3906 713 4156 
19432 2098 2368 2384 3324 
19433 3162 3726 2913 4044 
19434 3211 2835 3737 4366 
19435 976 975 964 3571 
19436 3275 2690 3878 4352 
19437 2296 3473 2280 3879 
19438 1016 1025 3737 4384 
19439 2429 2449 2450 4270 
19440 741 761 760 4082 
19441 2183 2166 4399 4404 
19442 3111 3999 3381 4405 
19443 208 222 207 3239 
19444 365 393 390 3706 
19445 2933 3917 3233 4346 
19446 349 324 350 3713 
19447 2641 3255 3867 3998 
19448 984 973 985 3409 
19449 2791 4300 3096 4356 
19450 2633 3596 3900 4337 
19451 3516 4012 2881 4032 
19452 3225 4069 3536 4072 
19453 2830 3744 4121 4244 
19454 125 3661 124 4149 
19455 3271 3826 2734 4318 
19456 36 53 35 3815 
19457 1877 1855 3294 4020 
19458 1606 1619 4003 4224 
19459 3316 3954 2387 4216 
19460 2585 2586 2568 3951 
19461 471 470 452 4320 
19462 1307 3537 1304 4351 
19463 3381 3999 2833 4405 
19464 1855 3294 4020 4381 
19465 284 879 287 3066 
19466 937 948 947 4028 
19467 1071 1060 1072 4237 
19468 3045 3681 2715 4324 
19469 1077 3786 1066 4330 
19470 1430 3218 1431 4110 
19471 2714 3586 3169 4374 
19472 809 785 788 4371 
19473 790 791 793 3898 
19474 209 193 194 3913 
19475 3686 4029 2827 4140 
19476 967 968 3581 3644 
19477 2031 2058 2059 3340 
19478 1222 1221 1237 3330 
19479 2715 3703 3503 4324 
19480 485 482 465 4090 
19481 2279 2278 2295 3879 
19482 3859 4338 1051 4342 
19483 853 854 246 3868 
19484 1902 1901 3957 4232 
19485 1462 3325 1460 4016 
19486 1449 1448 1450 3133 
19487 2321 2593 2319 4018 
19488 1214 3383 1205 3812 
19489 2366 2381 2382 3611 
19490 875 849 876 4341 
19491 710 3452 686 4111 
19492 3209 3878 2690 4352 
19493 2812 3509 4084 4321 
19494 87 104 86 3719 
19495 3446 3849 2858 4261 
19496 827 804 806 3645 
19497 2647 3813 3016 4291 
19498 2870 3487 3477 4113 
19499 2820 4015 4079 4297 
19500 2097 2077 2076 3603 
19501 2834 3927 3377 4368 
19502 983 970 971 3432 
19503 3414 4031 406 4290 
19504 1159 1180 1179 3905 
19505 2640 4002 3126 4230 
19506 1805 1777 1804 3147 
19507 3145 3706 2805 4000 
19508 644 645 667 3999 
19509 589 588 571 3832 
19510 1923 1924 1907 3188 
19511 1300 3253 1305 4297 
19512 3302 4195 2069 4402 
19513 1444 1443 1442 4249 
19514 1003 516 498 4409 
19515 1155 1142 4159 4386 
19516 3134 3473 4280 4390 
19517 1579 1947 1580 4061 
19518 2854 3400 3723 4153 
19519 3074 3677 3150 4332 
19520 7 375 376 3857 
19521 873 891 872 3531 
19522 523 505 506 3631 
19523 776 775 762 3546 
19524 1647 3912 1659 4360 
19525 972 3334 983 4294 
19526 2819 3953 3882 4129 
19527 1216 3567 1217 4173 
19528 1902 3957 1866 4232 
19529 1036 1024 1027 3597 
19530 3273 4353 3968 4385 
19531 3158 3851 2797 3965 
19532 2355 2072 2354 4101 
19533 3433 4356 3902 4380 
19534 511 492 493 3858 
19535 1604 1616 1617 4224 
19536 828 808 829 4227 
19537 3187 4090 2889 4365 
19538 1628 4015 1629 4297 
19539 125 124 107 4149 
19540 1552 3169 1553 4145 
19541 751 728 729 3662 
19542 3008 4066 3206 4206 
19543 2606 4210 3045 4324 
19544 1440 3456 1866 3957 
19545 1197 1196 1181 3453 
19546 1838 3650 1864 4232 
19547 2674 3257 3694 4234 
19548 756 1134 1133 3248 
19549 232 219 3523 4056 
19550 1129 1140 1128 3570 
19551 1548 1576 1577 3127 
19552 3218 3610 2743 4249 
19553 1893 1894 1895 3688 
19554 2589 2590 2572 3846 
19555 1075 1085 1086 4389 
19556 2770 3862 3781 4087 
19557 1746 1745 1759 3714 
19558 1003 498 993 4409 
19559 1982 2007 1983 4026 
19560 2856 3407 3389 4309 
19561 1269 1270 1261 3339 
19562 1927 3303 1926 3771 
19563 899 2946 883 3837 
19564 687 686 3305 4111 
19565 2516 2517 2496 3256 
19566 1315 3537 1307 4351 
19567 3010 3261 4099 4393 
19568 3319 2790 3820 4270 
19569 1783 2261 1759 3108 
19570 107 108 125 4149 
19571 1848 1828 1827 3474 
19572 2541 2540 2559 4363 
19573 2031 2059 2032 3340 
19574 2743 3274 3775 3784 
19575 800 1211 1222 3604 
19576 2648 3630 3427 3783 
19577 133 115 116 3284 
19578 2100 2119 2120 3836 
19579 2727 3707 3288 4273 
19580 2544 2543 2562 4319 
19581 1329 3537 1322 3581 
19582 2273 2272 1763 3482 
19583 2135 3584 2134 4241 
19584 3219 4038 2956 4272 
19585 703 677 678 3628 
19586 3393 3089 3932 3982 
19587 1421 3548 1420 3594 
19588 3215 2815 4165 4360 
19589 1801 1774 1772 3281 
19590 3699 3982 3089 4169 
19591 1644 3506 2056 4358 
19592 2867 3490 4269 4271 
19593 382 356 383 3788 
19594 2067 2350 2068 3579 
19595 2996 4348 3538 4407 
19596 718 693 694 3930 
19597 2695 3943 3539 3985 
19598 3386 3740 2822 4163 
19599 2886 3782 3441 4282 
19600 3528 3842 2903 4379 
19601 1966 1965 3502 4060 
19602 2387 2405 3316 4216 
19603 2425 2406 2405 3316 
19604 1300 1304 1305 3253 
19605 153 136 154 3536 
19606 674 652 675 3425 
19607 1911 1910 1927 3303 
19608 2276 4164 2261 4191 
19609 1854 2310 1852 4020 
19610 1933 1495 1497 3363 
19611 2800 3615 3224 4330 
19612 668 3930 693 3999 
19613 2513 3492 2493 4211 
19614 558 575 557 3575 
19615 2068 2069 2041 3302 
19616 1013 1004 1005 3861 
19617 2321 2605 2593 4210 
19618 631 3554 632 4126 
19619 873 845 847 3531 
19620 507 525 524 3789 
19621 2486 2466 3801 4295 
19622 520 519 502 4049 
19623 1699 1707 3736 4334 
19624 2357 2093 2356 3353 
19625 465 466 450 4090 
19626 1324 1330 1323 4087 
19627 1490 1492 1491 3494 
19628 234 235 656 3159 
19629 853 829 854 3315 
19630 2789 3268 3394 4046 
19631 3771 4215 2867 4269 
19632 2068 2350 2351 4195 
19633 1073 1061 1387 2984 
19634 376 377 9 3796 
19635 2552 2532 2551 4211 
19636 1737 3379 1729 4235 
19637 1758 3714 1782 4251 
19638 1656 2106 1658 3180 
19639 1206 1207 3383 4173 
19640 1265 1267 884 3684 
19641 2750 3762 3434 3992 
19642 768 748 749 3541 
19643 63 83 82 3959 
19644 130 131 114 3794 
19645 2027 2054 2028 3342 
19646 2576 2299 2301 4130 
19647 2861 3923 3134 4133 
19648 1845 1870 1430 4110 
19649 2940 3368 3594 3978 
19650 677 678 3628 4317 
19651 1691 1700 4073 4334 
19652 2092 2062 2091 3776 
19653 1573 1545 1544 2995 
19654 2835 3365 4179 4366 
19655 1971 1951 1950 3312 
19656 985 973 974 3409 
19657 232 231 218 4056 
19658 2763 4234 3257 4350 
19659 2946 3837 4076 4131 
19660 2243 2558 3132 3476 
19661 2940 3594 3548 3978 
19662 1943 1963 1964 3469 
19663 688 687 3305 4111 
19664 3168 3721 3833 4220 
19665 3361 3937 2826 4201 
19666 1065 1066 1077 3786 
19667 2924 3335 3500 4252 
19668 3237 2828 4088 4175 
19669 2573 3156 2572 3846 
19670 113 97 96 3794 
19671 2296 2295 2313 3879 
19672 138 139 156 4072 
19673 714 1120 713 3907 
19674 2887 3743 3792 4263 
19675 3294 2831 4020 4381 
19676 2822 3918 3386 4163 
19677 1151 1150 1152 4242 
19678 2177 2193 2178 3317 
19679 3147 3988 3548 4350 
19680 1267 887 884 3797 
19681 3860 4226 3859 4312 
19682 1419 1847 1418 4110 
19683 1346 1355 1352 3752 
19684 1124 1430 1428 3218 
19685 155 138 156 4072 
19686 2763 3934 3257 4234 
19687 1646 2106 1656 3180 
19688 2333 2316 2315 4010 
19689 2779 3678 3437 4141 
19690 1287 1591 1286 3809 
19691 3902 4356 2791 4380 
19692 1906 1923 1907 3188 
19693 2613 3355 3729 4328 
19694 972 449 983 3334 
19695 1579 1946 1947 4061 
19696 1346 1352 1347 3822 
19697 3255 3849 2813 3998 
19698 884 883 885 3797 
19699 154 136 137 3536 
19700 1602 1603 1590 3544 
19701 1914 1931 1915 3931 
19702 1400 1411 1399 3594 
19703 2277 2263 2262 4164 
19704 56 72 71 4025 
19705 1815 3300 1816 4286 
19706 577 3741 594 3877 
19707 343 3359 344 4276 
19708 2740 3987 3074 4225 
19709 657 656 235 4144 
19710 3134 2861 4133 4390 
19711 2889 3865 3187 4365 
19712 2427 2428 2408 4022 
19713 1136 3610 3218 4249 
19714 2819 3886 3154 4048 
19715 2965 4231 4217 4335 
19716 1789 3205 1791 4315 
19717 2886 3711 3143 4398 
19718 3467 3755 2965 4335 
19719 2390 2409 2391 3761 
19720 1491 1931 1930 3931 
19721 1457 1454 1458 3222 
19722 1975 1998 1976 3878 
19723 604 605 587 3478 
19724 1705 1697 1696 3501 
19725 3088 4032 2881 4302 
19726 195 177 178 3913 
19727 2479 2480 2459 3739 
19728 804 827 826 3645 
19729 3174 3833 3721 4220 
19730 790 3898 810 4227 
19731 2110 3635 2109 3984 
19732 2587 2588 2570 3846 
19733 2119 2135 2137 3836 
19734 3462 4086 3283 4406 
19735 2045 2073 2074 4101 
19736 2601 2586 2585 3951 
19737 2718 3666 3359 4276 
19738 1182 1198 1197 3453 
19739 3024 3986 3397 3994 
19740 1217 1216 1231 3567 
19741 3361 3943 2902 4201 
19742 2345 2344 2323 4228 
19743 2026 2027 2002 4203 
19744 2112 2113 2090 3829 
19745 3683 4003 3109 4224 
19746 2528 2548 2529 3948 
19747 2884 3184 3777 4344 
19748 2787 3113 3908 4231 
19749 663 642 641 3224 
19750 2315 2316 2298 4010 
19751 1840 1816 1815 3300 
19752 323 4167 3713 4361 
19753 1852 4020 2310 4381 
19754 353 352 327 3963 
19755 2571 2552 2570 3846 
19756 1458 3222 3415 4016 
19757 981 966 969 3550 
19758 2107 1676 2126 3621 
19759 1709 2191 2176 3241 
19760 852 851 827 3645 
19761 431 434 452 4040 
19762 86 104 103 3719 
19763 54 69 53 3815 
19764 2122 3617 2123 4175 
19765 2820 3427 3783 4045 
19766 2861 3524 3612 3923 
19767 3608 2753 3693 4183 
19768 2607 3045 2342 4324 
19769 2286 3589 3351 4315 
19770 2213 2212 3639 4399 
19771 440 3945 3911 4394 
19772 3108 2850 4109 4164 
19773 2909 4254 3799 4302 
19774 127 110 128 3874 
19775 937 947 3371 4028 
19776 752 751 729 3662 
19777 2820 3750 3427 4045 
19778 2482 2483 2462 4100 
19779 2227 2212 2226 3639 
19780 1252 1262 1263 3925 
19781 1216 1230 1231 3567 
19782 635 224 636 4144 
19783 2873 3983 3751 4043 
19784 2773 3633 3370 4411 
19785 304 330 303 3590 
19786 1945 1578 1577 4061 
19787 1298 3809 1291 4351 
19788 3383 3097 3708 4173 
19789 1538 1539 1523 3880 
19790 380 379 353 3654 
19791 2811 3810 3579 4195 
19792 3187 3865 3128 4365 
19793 807 1205 3383 3812 
19794 2966 4303 4033 4396 
19795 946 936 947 3371 
19796 1747 1776 1751 4235 
19797 287 882 895 3460 
19798 114 97 113 3794 
19799 3136 4035 3619 4199 
19800 678 655 228 4317 
19801 2667 3821 3626 4005 
19802 2824 3398 4225 4303 
19803 2252 2253 2237 3338 
19804 267 876 3560 4341 
19805 2788 4215 3771 4269 
19806 2036 2063 2037 3420 
19807 921 3825 929 4308 
19808 1712 1723 1713 3310 
19809 270 876 877 3560 
19810 285 263 284 3066 
19811 1709 1717 2191 3241 
19812 758 740 760 3555 
19813 639 618 640 4392 
19814 2909 3799 4032 4302 
19815 809 788 4227 4371 
19816 3233 3917 3600 4346 
19817 1156 1155 1143 4159 
19818 2825 3240 3979 4279 
19819 2680 4041 3562 4143 
19820 2341 1859 3769 3890 
19821 1595 1961 1596 3386 
19822 2884 3883 3110 4335 
19823 1035 1026 1034 4384 
19824 338 367 365 4120 
19825 1082 4237 1070 4342 
19826 2286 2306 2305 4184 
19827 2783 3410 3916 4189 
19828 1549 1548 3127 4187 
19829 1324 1323 1317 4087 
19830 2641 3867 3306 3998 
19831 2669 3283 3979 4406 
19832 1211 3330 1222 3604 
19833 799 1211 800 3329 
19834 904 3837 888 4219 
19835 280 279 255 3590 
19836 1528 2974 1546 4187 
19837 469 488 487 4320 
19838 1997 1974 1996 3878 
19839 2807 3661 4149 4302 
19840 2666 3976 3756 3993 
19841 837 3604 819 4373 
19842 3113 4218 3908 4231 
19843 174 173 156 4194 
19844 310 3066 288 3845 
19845 1158 1179 1178 3905 
19846 1827 1414 1422 3474 
19847 2123 2140 2141 3617 
19848 2230 2246 2247 3532 
19849 3089 3982 2705 4169 
19850 1062 4162 2984 4338 
19851 874 3657 875 4341 
19852 2781 3988 3281 4350 
19853 3416 3860 3068 4312 
19854 1006 1350 1014 3774 
19855 2203 2188 2187 4112 
19856 900 1277 1278 3684 
19857 1603 3544 1615 3862 
19858 1010 3835 1018 4053 
19859 2788 4212 3685 4269 
19860 3594 4237 3368 4285 
19861 2326 2602 2612 3951 
19862 718 717 693 4403 
19863 2087 2057 2056 4358 
19864 52 35 53 3815 
19865 299 274 275 3817 
19866 3680 3875 2849 4267 
19867 1672 1671 1682 3481 
19868 3115 3801 2782 4100 
19869 1257 1515 1244 3848 
19870 1696 1704 1705 3501 
19871 220 204 205 4056 
19872 1783 1759 1758 3714 
19873 2280 2296 2297 3473 
19874 3904 4084 3509 4321 
19875 1723 3310 1732 4162 
19876 3297 3590 2735 3627 
19877 581 4034 563 4332 
19878 577 595 594 3741 
19879 107 106 89 4149 
19880 3074 3677 3398 4225 
19881 3509 4059 2808 4068 
19882 3630 3783 3149 4410 
19883 3650 3850 3264 4232 
19884 2648 3783 3427 4045 
19885 2349 2350 2067 3579 
19886 3143 3451 2886 4398 
19887 2831 3294 3900 4381 
19888 3234 3764 2849 4267 
19889 229 230 237 3742 
19890 1430 1124 1431 3218 
19891 3608 3618 2753 4183 
19892 2919 4041 3199 4139 
19893 2236 2252 2237 4327 
19894 1713 1723 1365 4162 
19895 2308 2288 2289 3246 
19896 3307 3847 2823 3848 
19897 1120 4156 3907 4202 
19898 2166 2149 3484 4404 
19899 1252 1251 1262 3925 
19900 2627 3433 3902 4380 
19901 151 168 150 3715 
19902 768 767 748 3541 
19903 2825 3725 3197 4279 
19904 2841 3001 3987 4262 
19905 1934 1919 1918 3363 
19906 3172 4051 3309 4135 
19907 3489 3996 2758 4124 
19908 3163 2678 4121 4197 
19909 1574 1573 2995 4187 
19910 1288 1283 1603 3862 
19911 1934 3363 1497 4027 
19912 1322 968 978 3581 
19913 463 481 480 3577 
19914 2978 3562 4041 4143 
19915 2735 3627 2939 4115 
19916 3773 4099 3261 4393 
19917 1635 3782 1624 4067 
19918 1874 1850 1873 4092 
19919 1790 1792 4152 4286 
19920 2236 2251 2252 4327 
19921 2984 3594 3368 3978 
19922 1930 1931 1914 3931 
19923 2649 4062 3185 4151 
19924 3446 3891 2892 3966 
19925 1634 1635 1645 3782 
19926 568 551 1029 3416 
19927 1883 1885 2332 4001 
19928 2259 3226 1771 3981 
19929 724 746 723 3726 
19930 2528 2547 2548 3948 
19931 2241 2256 2521 4363 
19932 1722 1732 1723 3310 
19933 58 59 74 3454 
19934 1477 1171 1478 3490 
19935 2575 2291 2274 3132 
19936 2799 3869 3440 4256 
19937 2293 2276 2292 4191 
19938 3610 3775 2743 4249 
19939 3451 3578 2872 4209 
19940 2806 4169 3859 4312 
19941 2339 1893 1895 3890 
19942 2505 2525 2526 3692 
19943 843 842 844 3847 
19944 339 315 338 4120 
19945 2759 3850 3300 4232 
19946 3325 3866 2766 4016 
19947 1853 1832 1851 4381 
19948 1808 1809 1782 4251 
19949 3064 3899 3658 4395 
19950 1306 1312 1628 4079 
19951 2927 3890 3688 4189 
19952 2894 3842 3528 4379 
19953 2389 2372 2371 3954 
19954 536 3835 535 4019 
19955 1474 3415 1167 4016 
19956 2649 3932 3699 3982 
19957 1224 1225 821 3301 
19958 3422 2790 4161 4270 
19959 1293 1298 1299 3253 
19960 970 958 971 4294 
19961 2863 4077 3430 4378 
19962 2503 2483 2482 4100 
19963 714 3906 715 3907 
19964 1187 1480 1172 3510 
19965 2809 3713 3263 4167 
19966 1155 1142 1143 4159 
19967 919 339 928 3830 
19968 89 90 107 4149 
19969 2343 3503 2342 3769 
19970 786 3383 789 4371 
19971 857 832 833 3663 
19972 3311 3692 2865 4319 
19973 2419 2401 2400 4048 
19974 255 253 256 3297 
19975 2617 3509 3904 4084 
19976 1212 1227 1213 3812 
19977 3194 3991 2822 4026 
19978 829 808 809 4227 
19979 799 797 1211 3329 
19980 329 330 355 3479 
19981 2747 3635 3506 4358 
19982 3262 3990 2837 4186 
19983 1026 1024 1034 4384 
19984 1853 1851 4258 4381 
19985 206 191 207 4194 
19986 2312 2311 2329 4020 
19987 3067 3615 3570 4202 
19988 2157 2141 2140 4299 
19989 2898 4122 3205 4286 
19990 1441 1866 1440 3456 
19991 467 466 465 4090 
19992 2629 3451 3578 4282 
19993 2524 2523 2543 4319 
19994 797 799 796 3329 
19995 2503 2482 2502 4100 
19996 787 3383 786 4371 
19997 1176 3671 1175 4386 
19998 2838 4131 3190 4408 
19999 503 521 520 4049 
20000 218 202 203 4056 
20001 2027 2053 2054 3342 
20002 1474 1458 1454 3415 
20003 2608 2609 2597 3327 
20004 904 918 903 3837 
20005 1512 1233 1511 3938 
20006 3438 4107 2875 4150 
20007 2583 2582 2598 3327 
20008 2795 4203 4042 4266 
20009 1489 1490 1491 3494 
20010 1865 1902 1866 4232 
20011 2238 2237 2253 3338 
20012 868 889 888 3531 
20013 530 3896 513 4213 
20014 1737 1753 1740 3379 
20015 681 707 706 3160 
20016 2827 3219 3689 4272 
20017 2017 1993 1992 4357 
20018 2886 3451 3441 4398 
20019 519 3423 502 4049 
20020 2824 3718 3305 4392 
20021 493 475 476 3858 
20022 3211 4366 3737 4384 
20023 996 1344 1006 3774 
20024 1549 3682 1530 4187 
20025 3018 4005 3521 4028 
20026 1076 1074 1063 3990 
20027 3677 4034 2824 4392 
20028 1997 1998 1975 3878 
20029 1749 1750 3183 4235 
20030 1142 1131 1143 4159 
20031 950 2923 941 3825 
20032 1247 1237 1238 3286 
20033 2268 2270 2540 4363 
20034 2966 4033 3718 4396 
20035 482 3423 499 4090 
20036 1691 3481 1682 4334 
20037 2289 3246 2288 4184 
20038 1848 1871 1872 3133 
20039 1136 1447 1135 4249 
20040 2848 3939 3768 4221 
20041 3441 4165 2815 4360 
20042 640 618 619 4392 
20043 917 916 902 4076 
20044 598 4033 3398 4034 
20045 2004 1981 2003 3711 
20046 1304 1306 1305 3253 
20047 2569 2568 2586 3951 
20048 2318 2316 4010 4391 
20049 2609 2610 3327 3703 
20050 1832 1833 1831 4381 
20051 567 585 3416 4226 
20052 3441 3782 2815 4282 
20053 1168 3391 1169 4016 
20054 3222 3957 1459 4333 
20055 1833 2292 1831 4191 
20056 983 982 970 3432 
20057 1866 1839 1865 4232 
20058 248 855 250 3960 
20059 2520 2519 2539 3070 
20060 3526 3869 3236 4256 
20061 2138 2139 2121 3892 
20062 225 636 224 4144 
20063 133 132 115 3284 
20064 1800 1799 1823 4099 
20065 988 3244 997 4388 
20066 2271 2287 3589 4184 
20067 2058 3340 2031 4358 
20068 197 199 214 3618 
20069 784 771 1145 3247 
20070 2768 3962 3277 4347 
20071 1822 1821 3261 4099 
20072 441 442 459 4265 
20073 2767 4239 3399 4355 
20074 561 578 560 3741 
20075 1374 1369 1035 4384 
20076 2213 3639 2198 4399 
20077 1062 2984 1061 4338 
20078 459 442 460 3518 
20079 1120 713 3907 4156 
20080 2938 3979 3283 4406 
20081 2882 4312 3860 4342 
20082 2820 3783 3427 4354 
20083 2280 3879 3473 4280 
20084 1967 1990 1968 4009 
20085 1084 1071 1072 4237 
20086 1747 1748 1774 4235 
20087 1784 1783 1758 4251 
20088 2533 2532 2552 4211 
20089 2025 4042 2024 4203 
20090 2860 3736 3242 4334 
20091 2824 3718 4033 4396 
20092 1546 2974 1545 4187 
20093 3378 3726 2802 4044 
20094 2175 1695 1687 3282 
20095 1395 1396 1389 3926 
20096 1128 1139 1126 3394 
20097 482 502 499 3423 
20098 3416 4226 3860 4312 
20099 236 222 223 4144 
20100 1032 1021 1022 3859 
20101 1855 1853 4258 4381 
20102 2165 3484 4397 4399 
20103 3185 4062 2940 4151 
20104 1903 1904 3133 4375 
20105 971 958 959 4294 
20106 2479 2478 2499 3882 
20107 1517 1532 3019 4345 
20108 788 790 810 4227 
20109 1790 1816 1792 4286 
20110 1792 3921 1794 4152 
20111 3200 4229 2836 4277 
20112 3699 3932 3089 3982 
20113 2335 2334 1889 3410 
20114 857 833 858 3663 
20115 2037 2063 2064 3806 
20116 2733 3536 4069 4157 
20117 3860 4312 3859 4342 
20118 586 3832 588 3989 
20119 530 513 3896 4166 
20120 2898 3975 3300 4286 
20121 3224 3478 2800 4330 
20122 214 197 3618 4183 
20123 221 234 233 3523 
20124 2094 2064 2063 3806 
20125 693 667 668 3999 
20126 530 529 512 4166 
20127 1268 3307 1255 3797 
20128 2854 3723 3400 4177 
20129 2790 3944 3640 4339 
20130 462 463 480 3577 
20131 3398 3677 3074 4332 
20132 1688 1697 1689 3501 
20133 1125 3218 1124 3609 
20134 2526 2506 2505 3692 
20135 378 12 11 3796 
20136 1303 3862 1638 4087 
20137 1363 1357 1025 4384 
20138 343 344 370 4276 
20139 598 3398 580 4034 
20140 2042 2016 2015 4236 
20141 3775 3784 3274 4006 
20142 102 101 84 4181 
20143 1828 1829 1807 3475 
20144 2571 2553 2552 3846 
20145 1566 1565 1564 3143 
20146 150 168 167 3715 
20147 2126 2127 2107 3587 
20148 2965 3755 3467 4103 
20149 1966 1967 1946 4060 
20150 1269 1563 1564 4307 
20151 135 134 117 4114 
20152 3000 4336 3803 4372 
20153 143 142 125 3661 
20154 1927 1483 1485 3771 
20155 1688 1696 1697 3501 
20156 947 936 937 3371 
20157 3058 4147 3568 4176 
20158 1815 1839 1840 3300 
20159 1067 619 620 3468 
20160 1850 1829 1849 3475 
20161 1573 1594 3386 4003 
20162 1698 1690 1353 3822 
20163 639 640 3468 4392 
20164 2884 3777 3956 4217 
20165 1500 1501 1486 3727 
20166 1277 913 914 3152 
20167 1458 1474 1167 4016 
20168 92 72 73 4025 
20169 157 139 140 3483 
20170 715 691 716 3906 
20171 746 745 723 3726 
20172 161 144 162 3345 
20173 642 663 1100 3224 
20174 250 855 856 3960 
20175 827 828 852 3645 
20176 1068 1067 3068 3791 
20177 600 619 618 4392 
20178 1903 1449 1463 3133 
20179 2145 2127 2126 3587 
20180 379 3654 380 4071 
20181 2882 3068 3860 4312 
20182 3847 3871 2963 4093 
20183 156 139 157 3483 
20184 3277 3962 3003 4347 
20185 2418 2399 2417 3886 
20186 2849 3875 3680 4168 
20187 879 287 3066 3460 
20188 752 730 753 3662 
20189 1019 3416 551 4409 
20190 2297 2281 2280 3473 
20191 2586 2587 2569 3951 
20192 1901 3957 3264 4333 
20193 491 474 79 3762 
20194 1686 1677 1678 4030 
20195 280 255 257 3590 
20196 1909 3303 1910 3625 
20197 2262 2263 2250 4164 
20198 3262 2837 3990 4389 
20199 714 713 3906 3907 
20200 53 69 68 3815 
20201 3357 4000 396 4276 
20202 453 454 472 3431 
20203 3397 3933 2928 3994 
20204 3563 3777 3184 4344 
20205 917 903 3837 4076 
20206 3266 4004 3009 4200 
20207 1553 3586 1554 4145 
20208 131 545 114 4024 
20209 2768 3844 3493 3977 
20210 1771 3226 1769 3981 
20211 2205 1703 2190 4150 
20212 1532 3682 3019 4345 
20213 2788 3510 4212 4269 
20214 77 3911 457 4262 
20215 1514 1235 1513 3938 
20216 2869 3740 3386 4163 
20217 2627 3664 3754 3816 
20218 2802 3726 3162 4044 
20219 835 860 859 3765 
20220 2783 3688 3410 4189 
20221 232 240 239 3757 
20222 623 641 642 3224 
20223 507 488 489 4320 
20224 1121 1111 1122 3135 
20225 2165 4397 2182 4399 
20226 686 659 660 3718 
20227 2303 3351 2304 4228 
20228 1093 3594 1106 4285 
20229 750 770 769 3662 
20230 2965 4217 3777 4335 
20231 2909 3661 3345 4254 
20232 394 3706 367 4000 
20233 148 165 579 4024 
20234 3307 4091 2823 4093 
20235 1182 3453 1181 3547 
20236 2523 2542 2543 4319 
20237 1452 1451 1436 3413 
20238 794 797 796 3329 
20239 3415 3927 2834 4368 
20240 1657 1667 3912 4030 
20241 1550 3682 1549 4061 
20242 2948 4078 3411 4146 
20243 3701 4078 2948 4146 
20244 1100 663 664 4156 
20245 2055 2028 2054 4067 
20246 1085 1098 1096 3990 
20247 294 292 266 4401 
20248 491 474 3762 4301 
20249 620 1068 1067 3068 
20250 2403 3720 2385 4404 
20251 1432 1846 1431 4110 
20252 2849 4168 3680 4287 
20253 3209 2690 3760 4352 
20254 2594 2578 2593 4210 
20255 135 117 118 4114 
20256 2757 3947 3772 4253 
20257 792 793 795 3898 
20258 1274 3517 1282 4309 
20259 506 3631 488 4320 
20260 690 689 713 4156 
20261 2689 3871 3841 4093 
20262 3689 3884 2827 4316 
20263 1518 1519 1506 3272 
20264 2979 3894 3506 4102 
20265 388 410 387 4117 
20266 1100 3615 1088 4330 
20267 1103 3020 1091 4285 
20268 2342 3503 2343 3703 
20269 931 921 3571 3825 
20270 1880 1878 1909 3625 
20271 1889 1891 3410 3688 
20272 3768 3984 2930 4397 
20273 2854 3637 3723 4177 
20274 2701 3934 3694 4039 
20275 613 3554 631 4126 
20276 1 18 16 3396 
20277 3562 4143 2978 4325 
20278 699 724 723 3726 
20279 2487 2467 2466 4295 
20280 1079 1080 1092 3791 
20281 2764 3891 3326 4081 
20282 2824 4033 4303 4396 
20283 2836 3351 4228 4293 
20284 1017 1009 1018 4053 
20285 242 246 245 3439 
20286 1655 2056 1643 3506 
20287 1475 1466 3413 4375 
20288 1592 4003 3683 4224 
20289 2123 2141 2124 3617 
20290 3398 4033 3141 4303 
20291 188 189 204 4056 
20292 888 3531 889 4219 
20293 24 41 40 4054 
20294 3640 3944 3198 4339 
20295 1640 1652 1653 3552 
20296 400 3641 399 4085 
20297 1195 1194 1179 3905 
20298 2486 2487 2466 4295 
20299 1560 1561 1541 3276 
20300 1578 1550 1549 4061 
20301 2103 2122 2123 4175 
20302 1141 1154 3497 4386 
20303 1131 736 737 3907 
20304 3334 2914 4204 4294 
20305 858 857 3663 4300 
20306 484 500 1002 4365 
20307 399 3641 14 4362 
20308 868 842 871 3531 
20309 2006 3991 2007 4026 
20310 751 770 750 3662 
20311 3112 3741 3725 3877 
20312 1859 3769 3200 4229 
20313 2607 2596 2595 4324 
20314 2970 3907 2772 4298 
20315 370 344 371 4276 
20316 1878 1879 1877 3294 
20317 1180 1195 1179 3905 
20318 3900 4258 3535 4381 
20319 517 537 534 4019 
20320 125 126 143 3661 
20321 1011 3861 1020 4409 
20322 398 371 4085 4276 
20323 1353 1347 1352 3822 
20324 2020 1995 2019 3563 
20325 1890 3688 1888 4050 
20326 2001 4042 2025 4203 
20327 2103 2123 2104 4175 
20328 2335 1889 1891 3410 
20329 2679 3538 4348 4407 
20330 523 3631 506 4208 
20331 2737 3813 3595 4306 
20332 2818 4117 3845 4305 
20333 2986 4034 3677 4392 
20334 1469 1470 3701 4027 
20335 2227 2213 2212 3639 
20336 2035 2063 2036 3420 
20337 2840 4002 3942 4230 
20338 1892 1890 1915 4050 
20339 2340 3045 2338 3769 
20340 949 3521 961 4028 
20341 3206 4066 3529 4206 
20342 3381 3930 2833 3999 
20343 971 983 3432 4294 
20344 128 110 111 3874 
20345 2931 3497 3833 4386 
20346 255 256 258 3297 
20347 1816 1817 1792 3921 
20348 841 840 1241 4373 
20349 205 206 221 3523 
20350 3200 3503 2836 4229 
20351 369 396 4000 4276 
20352 1681 1682 3481 4334 
20353 1444 1445 1443 4249 
20354 84 64 65 4181 
20355 2077 2097 2099 3603 
20356 2931 3067 4202 4298 
20357 2790 3675 4336 4339 
20358 468 448 469 4040 
20359 1604 1299 1616 4297 
20360 2686 3956 3777 4217 
20361 2882 3982 3699 4169 
20362 1984 1983 2008 4026 
20363 881 882 287 3460 
20364 3267 4159 2931 4386 
20365 372 400 399 4085 
20366 1801 1802 1774 3281 
20367 2790 3640 3944 4161 
20368 2902 4143 3562 4325 
20369 2494 2493 2514 3492 
20370 2385 3720 2403 4216 
20371 1435 1425 1436 3972 
20372 2440 2439 2460 3739 
20373 1089 1101 2879 3700 
20374 770 3541 769 3662 
20375 1958 4042 1959 4266 
20376 701 726 725 4188 
20377 2606 2605 2338 4018 
20378 1588 1568 1567 4064 
20379 1625 1613 1623 4360 
20380 472 471 453 3431 
20381 2823 3847 3301 3848 
20382 1002 991 992 4365 
20383 2938 3283 4086 4406 
20384 3257 3934 3694 4234 
20385 2326 2325 2304 3405 
20386 1106 3594 1409 4285 
20387 2192 2193 2177 3317 
20388 2204 4107 2219 4150 
20389 2800 3786 3615 4330 
20390 3147 3978 4234 4350 
20391 3430 4070 3866 4382 
20392 2632 3646 3915 4070 
20393 1049 1050 1060 4342 
20394 3615 3786 1088 4330 
20395 2826 4043 3751 4052 
20396 2793 3756 3993 4209 
20397 2484 2464 2463 4100 
20398 2980 3996 3489 4124 
20399 343 370 369 4276 
20400 176 159 177 3913 
20401 1979 4042 1980 4266 
20402 219 220 3523 4056 
20403 2766 3605 3775 4249 
20404 345 3666 371 4276 
20405 2405 2386 2404 4216 
20406 2933 3273 4346 4385 
20407 2146 3768 2147 3984 
20408 1892 3688 1890 4050 
20409 2015 4236 2016 4357 
20410 1542 1541 1561 3276 
20411 1051 3859 1041 4338 
20412 2902 3937 3361 4201 
20413 2055 1635 1624 4067 
20414 600 618 4034 4392 
20415 345 371 344 4276 
20416 328 327 301 3963 
20417 2859 4158 4101 4402 
20418 2284 2302 1813 4277 
20419 2782 3801 3692 4100 
20420 493 492 475 3858 
20421 2560 2542 2541 4319 
20422 540 557 539 4049 
20423 1644 1643 2056 3506 
20424 750 769 749 3541 
20425 2195 2180 2179 4205 
20426 3048 4326 3641 4362 
20427 2514 2493 2513 3492 
20428 1983 2007 2008 4026 
20429 1644 1643 3506 4102 
20430 2645 3686 3955 4029 
20431 318 344 343 3359 
20432 2280 2279 3879 4280 
20433 2376 2377 2361 3810 
20434 2420 2419 2439 4048 
20435 2004 1610 1600 3711 
20436 2213 2197 2212 4399 
20437 1406 1407 1417 3601 
20438 34 51 33 4170 
20439 2758 3832 3478 3989 
20440 3517 4132 3389 4309 
20441 3134 4133 3473 4390 
20442 611 630 629 3573 
20443 1244 3301 3847 3848 
20444 811 790 792 3898 
20445 1194 1178 1179 3905 
20446 213 634 212 4183 
20447 355 356 382 3788 
20448 66 65 50 4181 
20449 17 3641 3 4326 
20450 1148 1444 1462 3325 
20451 578 577 560 3741 
20452 1176 1191 1175 3671 
20453 1365 1359 1713 4162 
20454 1695 2190 1703 4150 
20455 2518 2538 2539 3070 
20456 1030 1031 1041 3859 
20457 2335 2320 2318 3292 
20458 2219 2204 2203 4107 
20459 2261 2276 2262 4164 
20460 874 848 875 3657 
20461 463 464 481 3577 
20462 318 319 344 3359 
20463 890 891 907 4219 
20464 1021 1020 1011 3861 
20465 1855 4020 1854 4381 
20466 2298 2281 4390 4391 
20467 232 218 219 4056 
20468 1068 1069 1081 3791 
20469 475 3858 492 4262 
20470 507 524 506 4208 
20471 2663 3529 4066 4206 
20472 859 256 858 4300 
20473 611 612 630 3573 
20474 2126 2144 2145 3587 
20475 1322 967 3581 3644 
20476 2555 2574 2556 3156 
20477 398 397 370 4276 
20478 1276 895 4132 4308 
20479 899 883 902 3837 
20480 1176 1192 1191 3671 
20481 3576 3799 2740 4254 
20482 784 783 770 3247 
20483 778 779 1162 3378 
20484 3661 4254 2909 4302 
20485 2229 2242 2228 3476 
20486 760 759 758 3555 
20487 1451 1463 3133 4375 
20488 3236 3869 2799 4256 
20489 2517 2538 2518 3256 
20490 1253 3636 1252 3925 
20491 978 979 1329 3581 
20492 339 338 340 4120 
20493 2606 2338 3045 4018 
20494 3294 4258 3900 4381 
20495 48 64 63 3354 
20496 2828 3617 4088 4175 
20497 30 28 45 3434 
20498 1943 1597 1962 3469 
20499 2790 4336 3803 4339 
20500 399 4085 3641 4362 
20501 2766 3866 4070 4382 
20502 2070 2042 2069 4402 
20503 2171 2153 2169 3787 
20504 1809 1830 1832 3535 
20505 1141 1154 1153 3497 
20506 1017 1018 1028 3835 
20507 2933 4346 3273 4353 
20508 3783 4387 3149 4410 
20509 2165 2166 2149 3484 
20510 1648 1647 1659 4360 
20511 1877 1856 1855 4020 
20512 1962 1984 3469 4026 
20513 2018 2044 2045 4158 
20514 2318 3292 4018 4130 
20515 2699 3377 3927 4368 
20516 2377 2378 2362 3810 
20517 712 711 686 4111 
20518 1588 1589 1568 4064 
20519 2658 3591 4013 4293 
20520 2818 3845 4117 4376 
20521 1893 1892 1894 3688 
20522 3075 3955 3686 4140 
20523 3398 4033 2824 4034 
20524 1640 1653 1641 3552 
20525 2999 4336 3733 4372 
20526 3582 4017 2887 4035 
20527 2403 3720 2404 4216 
20528 1608 3386 1594 4003 
20529 1715 1726 1716 3736 
20530 246 248 245 3439 
20531 398 370 371 4276 
20532 239 680 238 3757 
20533 177 159 160 3913 
20534 2815 3782 3441 4360 
20535 733 709 710 3129 
20536 499 502 519 3423 
20537 2457 2477 2478 3882 
20538 469 448 451 4040 
20539 384 357 358 4031 
20540 2764 4081 3326 4137 
20541 188 204 203 4056 
20542 1336 1335 1325 3638 
20543 571 552 554 3832 
20544 978 3581 968 4388 
20545 1562 3276 1561 3760 
20546 1946 1945 4060 4061 
20547 2529 2508 2528 3948 
20548 1855 1856 1854 4020 
20549 2243 2558 2258 3132 
20550 2069 2068 2351 4195 
20551 1151 1477 1468 3490 
20552 1298 1291 1301 4351 
20553 1280 1266 900 3684 
20554 1459 3222 1439 3957 
20555 1920 1900 1899 3588 
20556 2086 3635 2087 4358 
20557 5 375 7 3857 
20558 2457 2478 2458 3882 
20559 2029 2028 2055 4067 
20560 1520 1508 1507 3272 
20561 566 548 549 3864 
20562 1940 1939 1957 4352 
20563 1616 1629 1630 4015 
20564 2304 2284 2285 3351 
20565 355 354 329 3479 
20566 191 192 207 4194 
20567 2276 2261 1785 4191 
20568 3636 3925 2719 4373 
20569 2421 2422 2403 3720 
20570 1701 1692 1691 4073 
20571 1111 711 712 4111 
20572 1106 1409 1105 4285 
20573 2824 3677 3398 4034 
20574 2640 3716 3980 4267 
20575 2696 3386 3918 4163 
20576 1494 1496 1495 3701 
20577 2573 2572 2590 3846 
20578 2967 4059 3509 4068 
20579 3354 3959 3063 4181 
20580 2859 4101 3429 4402 
20581 237 230 238 3742 
20582 312 310 3845 4305 
20583 1129 1128 1119 3570 
20584 1690 1681 3822 4334 
20585 2363 2362 2378 3810 
20586 1143 738 757 4159 
20587 49 64 48 3354 
20588 3198 3944 3803 4339 
20589 1926 3303 1925 3771 
20590 68 67 52 3815 
20591 2321 4018 2605 4210 
20592 2870 3751 3983 4052 
20593 379 378 352 3654 
20594 1131 738 1143 4159 
20595 2790 3803 3944 4339 
20596 2831 3900 3535 4381 
20597 1786 1789 1788 4122 
20598 2298 2282 2281 4391 
20599 899 902 916 4076 
20600 3531 3837 2838 4219 
20601 817 819 837 3604 
20602 587 3478 605 4330 
20603 1115 1408 3594 4285 
20604 92 91 72 4025 
20605 396 397 3357 4276 
20606 3887 4353 2933 4385 
20607 1710 1722 1712 3673 
20608 981 980 966 3550 
20609 1529 1549 1530 4187 
20610 337 336 311 4305 
20611 3000 4245 3803 4339 
20612 146 145 128 3790 
20613 1019 1011 1020 4409 
20614 1602 1614 1603 3544 
20615 219 233 232 3523 
20616 2814 3816 3664 4057 
20617 679 704 678 3628 
20618 3055 4397 3484 4399 
20619 130 114 113 3794 
20620 1878 1877 1855 3294 
20621 1683 1691 1692 4073 
20622 1543 1258 1249 4307 
20623 2456 2455 2476 3953 
20624 1938 1955 1956 4352 
20625 2950 4399 3484 4404 
20626 1252 3925 3636 4373 
20627 3473 3879 2744 4280 
20628 1424 1433 1423 3474 
20629 1513 1235 1234 3938 
20630 222 236 235 4144 
20631 161 162 178 3345 
20632 1451 1463 1450 3133 
20633 1612 2029 1622 4067 
20634 613 632 631 3554 
20635 783 782 769 3541 
20636 1708 1707 1716 3736 
20637 1315 3644 3537 4351 
20638 365 390 366 4120 
20639 209 208 193 3913 
20640 2195 2210 3653 4205 
20641 1941 1940 1958 3760 
20642 2343 3703 3503 4229 
20643 1030 1029 1019 4409 
20644 731 732 753 3662 
20645 1744 1758 1745 3714 
20646 2174 2190 2175 4150 
20647 3908 4218 2646 4231 
20648 1363 1025 1026 4384 
20649 890 871 872 3531 
20650 1772 1748 1773 3981 
20651 1139 1126 3394 4242 
20652 1900 1863 1862 3588 
20653 3799 4254 3576 4302 
20654 2940 3594 3368 4285 
20655 1149 1446 1444 3325 
20656 1101 3700 1111 4111 
20657 2287 2286 1791 3589 
20658 895 3460 882 3636 
20659 2304 2305 2326 3405 
20660 2316 2298 4010 4391 
20661 2938 4086 3462 4406 
20662 1849 1829 1828 3475 
20663 1789 1788 4122 4315 
20664 2072 2355 2073 4101 
20665 689 665 691 3906 
20666 566 3864 549 3896 
20667 847 848 874 3657 
20668 2699 3927 3415 4368 
20669 2647 4124 3748 4291 
20670 1171 1151 1152 3510 
20671 1529 1548 1549 4187 
20672 718 741 740 4403 
20673 413 392 412 3885 
20674 2480 2460 2459 3739 
20675 3342 3711 2886 4067 
20676 1336 1325 1328 3638 
20677 1593 3683 1592 4003 
20678 1636 1625 1623 4360 
20679 1607 1608 1594 4003 
20680 2306 2288 2307 3246 
20681 2591 2291 2575 4105 
20682 1268 1254 887 3797 
20683 429 410 430 4117 
20684 1 3396 16 4326 
20685 1918 3588 1897 3914 
20686 90 4025 107 4149 
20687 2521 2541 2522 4363 
20688 2740 4225 3398 4303 
20689 2627 3664 3816 4057 
20690 805 1214 807 3812 
20691 928 339 340 3830 
20692 782 781 768 3541 
20693 2282 4390 2281 4391 
20694 530 513 531 4213 
20695 1737 1752 1753 3379 
20696 2539 2558 2243 3476 
20697 2818 4290 3414 4376 
20698 238 230 231 3742 
20699 3432 4204 2914 4294 
20700 1869 1868 3456 3691 
20701 1772 1800 1801 3281 
20702 3119 4290 4117 4376 
20703 1010 1018 1009 4053 
20704 547 527 528 4332 
20705 2331 2332 2314 4001 
20706 1961 1983 1984 4026 
20707 1840 3300 1839 4232 
20708 582 4034 581 4332 
20709 1941 1942 1563 3760 
20710 1421 1826 1825 3548 
20711 1306 4079 1305 4297 
20712 1163 780 1164 3011 
20713 2606 2338 2340 3045 
20714 2389 2371 2388 3954 
20715 837 1241 840 4373 
20716 704 703 678 3628 
20717 3237 4088 3892 4175 
20718 2475 2476 2455 3953 
20719 4117 4290 2818 4376 
20720 2740 3345 3790 4254 
20721 2553 2572 2554 3846 
20722 1344 1350 1006 3774 
20723 1369 1026 1035 4384 
20724 2628 3970 3401 4065 
20725 2183 2166 2165 4399 
20726 2109 3635 2086 3984 
20727 2588 2571 2570 3846 
20728 1792 1817 1794 3921 
20729 3702 3910 2797 4136 
20730 2403 2421 3720 4404 
20731 2488 3873 2468 4295 
20732 1140 1139 1128 3394 
20733 1974 1997 1975 3878 
20734 1551 1552 1532 3682 
20735 1884 1886 1885 3827 
20736 788 791 790 4371 
20737 861 838 862 3765 
20738 1848 1827 1423 3474 
20739 85 102 84 4181 
20740 710 711 735 4111 
20741 3733 4336 3000 4372 
20742 950 963 962 3825 
20743 2722 3672 4274 4369 
20744 2318 4130 2300 4391 
20745 768 769 782 3541 
20746 1478 1171 1479 3490 
20747 2423 2403 2422 3720 
20748 1426 1427 1437 4178 
20749 1679 1669 1667 3912 
20750 3803 4336 3000 4339 
20751 2385 2403 2404 4216 
20752 1141 1153 1140 3497 
20753 2165 2182 2183 4399 
20754 1305 4079 1628 4297 
20755 3273 2933 4353 4385 
20756 2529 2509 2508 3948 
20757 934 924 933 3758 
20758 1026 1369 1363 4384 
20759 2179 2194 2195 4205 
20760 2272 2273 2289 4184 
20761 413 412 414 3885 
20762 2207 2206 2221 3449 
20763 1182 1197 1181 3453 
20764 2488 2467 2487 4295 
20765 2881 3799 3576 4302 
20766 467 466 4090 4365 
20767 872 842 845 3531 
20768 2286 2305 2285 3351 
20769 1902 1440 1866 3957 
20770 1529 1528 4187 4345 
20771 3725 3979 2988 4279 
20772 3368 3594 2984 4237 
20773 443 460 442 3518 
20774 3666 4085 371 4276 
20775 252 857 254 4300 
20776 2807 4254 3661 4302 
20777 638 3305 660 3718 
20778 1547 1576 1548 3127 
20779 1615 1297 1295 3862 
20780 1922 1921 3413 4375 
20781 412 431 414 3885 
20782 2617 3904 3509 4400 
20783 16 3396 4170 4326 
20784 384 383 357 4031 
20785 1084 1072 1393 2984 
20786 1002 1010 1001 4053 
20787 1596 1574 1573 3386 
20788 1618 1619 1605 4224 
20789 1794 1760 1761 4152 
20790 2589 2604 2590 3846 
20791 2498 2477 2497 3882 
20792 1251 3925 1252 4373 
20793 1458 3415 1474 4016 
20794 1446 3325 3610 4249 
20795 2410 2392 2391 3761 
20796 2574 2556 3156 4105 
20797 731 753 730 3662 
20798 2317 2592 2301 4130 
20799 458 3945 441 4265 
20800 1715 1716 1707 3736 
20801 2643 3916 3556 4196 
20802 2317 2319 2592 4130 
20803 2793 3756 3976 3993 
20804 1115 1418 1114 3609 
20805 2787 3908 3755 4231 
20806 2147 2129 2128 3984 
20807 2275 3132 2274 3482 
20808 2650 3399 4239 4355 
20809 2653 3773 3549 4393 
20810 1959 4042 1979 4266 
20811 568 1038 567 4226 
20812 927 928 940 3830 
20813 1408 1420 1115 3594 
20814 2015 2041 2042 4236 
20815 599 598 580 4034 
20816 623 3224 642 4330 
20817 970 971 3432 4294 
20818 2094 2063 2093 3806 
20819 836 838 861 3765 
20820 3334 4204 3432 4294 
20821 2884 4217 4231 4335 
20822 1019 532 533 4409 
20823 1962 1984 1985 3469 
20824 1218 1219 1208 4173 
20825 2803 4227 3898 4371 
20826 792 790 793 3898 
20827 8 21 6 3659 
20828 578 595 577 3741 
20829 2157 2174 2175 4299 
20830 1128 1126 1118 3394 
20831 1032 3140 1041 3859 
20832 1432 1431 1124 3218 
20833 1276 1274 1282 4309 
20834 1305 1306 1628 4079 
20835 210 211 616 4033 
20836 285 308 283 3709 
20837 2387 2386 2405 4216 
20838 322 321 295 4167 
20839 1074 1063 3990 4389 
20840 3414 4290 3119 4376 
20841 2884 4217 3457 4231 
20842 1591 1592 3683 4224 
20843 2116 2118 2117 3584 
20844 2056 1655 2085 3506 
20845 1205 1206 786 3383 
20846 1616 1629 4015 4297 
20847 1519 1520 1507 3272 
20848 826 851 850 3645 
20849 2884 3956 3457 4217 
20850 2016 2017 1992 4357 
20851 146 128 129 3790 
20852 267 893 876 4341 
20853 1777 1751 1776 3379 
20854 345 346 372 3666 
20855 1237 1236 1238 3286 
20856 2121 2120 2138 3892 
20857 956 3644 1308 4281 
20858 227 226 215 3608 
20859 1681 1341 1347 3822 
20860 3630 4059 3043 4410 
20861 1922 1923 1906 3188 
20862 1119 1109 1110 3615 
20863 1057 1068 621 3068 
20864 1871 1903 1872 3133 
20865 1313 1311 1318 3053 
20866 1867 3456 1868 3691 
20867 1246 1245 1516 3848 
20868 2484 2463 2483 4100 
20869 687 686 660 3305 
20870 1876 1878 1855 3294 
20871 1474 1166 1167 3415 
20872 2155 2172 2173 4112 
20873 1268 1255 1254 3797 
20874 1682 1671 1681 3481 
20875 930 931 921 4309 
20876 2488 2468 2467 4295 
20877 686 710 685 3452 
20878 1420 1421 1825 3548 
20879 875 3657 849 4341 
20880 2582 2597 2598 3327 
20881 2930 3984 3768 4221 
20882 819 3604 1240 4373 
20883 219 204 220 4056 
20884 3803 4245 3198 4339 
20885 930 1289 1295 3781 
20886 906 890 907 4219 
20887 2872 2955 4064 4209 
20888 530 531 3896 4213 
20889 432 433 972 3334 
20890 455 474 473 4301 
20891 1690 1347 1353 3822 
20892 1303 1627 1638 3862 
20893 1274 4132 3517 4309 
20894 364 363 362 4117 
20895 449 972 433 3334 
20896 942 951 941 3825 
20897 2041 2014 2040 4236 
20898 52 53 68 3815 
20899 1233 1512 1234 3938 
20900 2218 2219 2203 4107 
20901 1454 3222 1457 4333 
20902 606 586 588 3989 
20903 2323 4228 2344 4229 
20904 1942 3760 1941 4266 
20905 285 308 3709 4305 
20906 2261 2262 2249 4164 
20907 2557 2538 2537 4105 
20908 1940 3760 1561 4352 
20909 890 889 871 3531 
20910 1253 1264 3636 3925 
20911 70 89 69 3485 
20912 1964 1944 1943 3469 
20913 1886 1887 1885 3827 
20914 1982 1621 2005 3740 
20915 1264 3636 3925 4132 
20916 956 1308 945 4281 
20917 1101 687 688 4111 
20918 2825 3979 3725 4279 
20919 1439 1460 1438 3222 
20920 2362 2361 2377 3810 
20921 383 406 405 4031 
20922 2932 4084 3904 4321 
20923 484 482 499 4090 
20924 941 929 3825 3845 
20925 751 752 770 3662 
20926 1029 3416 1019 4409 
20927 2835 3569 4179 4284 
20928 1982 2006 2007 4026 
20929 2334 1887 1889 3410 
20930 2498 2478 2477 3882 
20931 2839 3910 3702 4136 
20932 2766 3325 3775 3866 
20933 1051 1050 1040 3859 
20934 949 961 948 4028 
20935 2824 4033 3398 4303 
20936 1617 1616 1630 4015 
20937 1600 1598 1981 3711 
20938 1547 3127 1548 4187 
20939 1365 1723 1370 4162 
20940 943 1310 1309 3781 
20941 1500 1486 1484 3727 
20942 144 145 162 3345 
20943 2607 2606 3045 4324 
20944 1927 1910 1926 3303 
20945 1451 1464 1463 4375 
20946 1995 2020 1996 3563 
20947 2280 2265 2279 4280 
20948 566 565 548 3864 
20949 2892 4081 4036 4313 
20950 1629 1642 1630 4015 
20951 98 81 99 3959 
20952 1405 1416 1415 3972 
20953 111 93 94 3874 
20954 1151 1171 1477 3490 
20955 2165 3484 2149 4397 
20956 553 536 552 4019 
20957 1177 1193 1192 3671 
20958 3077 4274 3520 4369 
20959 1060 4237 1071 4342 
20960 2810 4069 3536 4157 
20961 2818 4031 3414 4290 
20962 1571 1280 1278 3683 
20963 1058 1059 1071 4342 
20964 3327 3703 2715 4324 
20965 1860 4229 3200 4277 
20966 1787 1786 1788 4122 
20967 328 353 327 3963 
20968 1570 1592 1593 3683 
20969 2766 3775 3325 4249 
20970 1329 979 1337 3581 
20971 1916 1894 1892 3914 
20972 1624 3782 1622 4067 
20973 1027 1024 1015 3597 
20974 1049 1060 1059 4342 
20975 2030 2057 2058 4358 
20976 2738 3619 4035 4199 
20977 1925 1926 1909 3303 
20978 1639 1640 1628 4079 
20979 710 684 685 3452 
20980 1084 1083 1071 4237 
20981 2391 2409 2410 3761 
20982 1237 1239 1222 3330 
20983 2221 2206 2220 3449 
20984 1310 1649 1317 4087 
20985 42 422 44 4394 
20986 2306 2288 3246 4184 
20987 1880 1910 1882 3625 
20988 43 41 25 4054 
20989 2475 2455 2454 3953 
20990 1512 1513 1234 3938 
20991 2537 2556 2557 4105 
20992 475 77 457 4262 
20993 1843 1842 1869 3691 
20994 1242 1256 1243 3847 
20995 2174 2189 2190 4150 
20996 1475 1465 1466 4375 
20997 89 88 69 3485 
20998 1156 1143 1144 4159 
20999 957 3644 956 4281 
21000 2923 4117 3845 4376 
21001 1161 1182 1181 3547 
21002 890 889 3531 4219 
21003 858 254 857 4300 
21004 1921 1465 1475 4375 
21005 1149 1446 3325 3610 
21006 1120 690 713 4156 
21007 1539 1558 1559 4108 
21008 199 197 183 3618 
21009 930 1296 932 3781 
21010 843 1242 1243 3847 
21011 2015 2016 1991 4357 
21012 1539 1559 1540 4108 
21013 2266 2281 2267 4390 
21014 571 569 552 3832 
21015 660 688 687 3305 
21016 487 488 506 3631 
21017 1058 1048 1059 3860 
21018 1897 3914 3588 4246 
21019 1280 900 1278 3684 
21020 2699 3430 3866 4382 
21021 1642 1643 1631 4102 
21022 1664 1653 1652 3552 
21023 2605 2336 2338 4018 
21024 1636 1647 1648 4360 
21025 2209 2210 2194 4205 
21026 1797 1821 1798 4099 
21027 2222 2221 2236 4327 
21028 657 236 635 4144 
21029 800 1222 815 3604 
21030 1019 1029 551 3416 
21031 193 192 175 3913 
21032 568 3416 1029 4226 
21033 2430 2450 2451 4270 
21034 851 826 827 3645 
21035 1439 1459 1460 3222 
21036 1926 1910 1909 3303 
21037 2630 4106 3465 4199 
21038 2049 2079 2050 3580 
21039 2030 1644 2056 4358 
21040 873 847 874 3657 
21041 1269 1260 1563 4307 
21042 524 523 506 4208 
21043 2286 3589 2287 4184 
21044 2262 2250 2249 4164 
21045 2483 2504 2484 4100 
21046 1869 1445 1447 4249 
21047 1641 1642 1629 4015 
21048 1446 1444 3325 4249 
21049 2165 2149 2148 4397 
21050 1032 1041 1031 3859 
21051 1136 3218 1447 4249 
21052 1690 1698 1699 4334 
21053 2950 4318 3720 4404 
21054 1763 1765 2273 3482 
21055 562 545 131 4024 
21056 1573 1594 1595 3386 
21057 3792 4017 2887 4263 
21058 1087 1076 3786 3990 
21059 2643 3667 4133 4268 
21060 399 421 4085 4362 
21061 1279 1285 1286 3809 
21062 2420 2401 2419 4048 
21063 1786 1814 1815 4286 
21064 1267 1268 887 3797 
21065 3609 3610 1112 3700 
21066 2305 2304 2285 3351 
21067 2607 2342 2608 4324 
21068 6 21 20 3659 
21069 2299 2282 2300 4391 
21070 1607 1606 1619 4003 
21071 1886 1913 1888 4050 
21072 778 765 779 3378 
21073 3308 4340 2679 4407 
21074 1842 1843 1818 3691 
21075 1388 1383 1382 3926 
21076 1054 1053 1063 4389 
21077 1800 1823 1824 3988 
21078 1979 1959 1958 4042 
21079 1256 1528 1529 3848 
21080 712 1101 1111 4111 
21081 2151 2152 2168 4241 
21082 2475 2454 2474 3953 
21083 1867 1868 1841 3691 
21084 2791 3785 3902 4380 
21085 3713 4167 2809 4361 
21086 254 858 256 4300 
21087 176 193 175 3913 
21088 2070 2043 2042 4402 
21089 2291 3132 2575 4105 
21090 1941 1563 1562 3760 
21091 1183 1184 3415 3547 
21092 902 3837 903 4076 
21093 2195 2194 2210 4205 
21094 1616 1628 1629 4297 
21095 2772 3907 3906 4156 
21096 616 225 210 4033 
21097 878 243 244 3868 
21098 945 1308 935 4281 
21099 788 810 809 4227 
21100 534 552 536 4019 
21101 660 659 636 3718 
21102 1544 1280 1571 3683 
21103 1859 2341 1858 3890 
21104 2460 2439 2459 3739 
21105 2557 2558 2538 4105 
21106 1577 1549 1548 3127 
21107 2070 2069 4195 4402 
21108 1608 1609 1594 3386 
21109 1808 1781 1807 3852 
21110 1088 3615 1099 3786 
21111 1318 1328 1325 3638 
21112 2643 3903 3916 4196 
21113 1561 1562 1542 3276 
21114 1609 1595 1594 3386 
21115 1051 1050 3859 4342 
21116 2540 2256 2268 4363 
21117 2451 2471 2472 3820 
21118 1450 1448 1433 3133 
21119 632 613 614 3554 
21120 310 311 286 4305 
21121 1835 1861 1834 4246 
21122 2432 2453 2433 3679 
21123 1845 1431 1846 4110 
21124 1606 1605 1619 4224 
21125 1438 1462 1460 1461 
21126 1176 1175 1155 4386 
21127 3777 4217 2884 4335 
21128 3641 4085 2925 4362 
21129 2608 2597 2596 4324 
21130 949 413 961 3521 
21131 60 44 440 4394 
21132 1729 1737 1728 3379 
21133 1792 1793 1791 4152 
21134 2381 2366 2365 3611 
21135 3536 4069 2810 4072 
21136 1226 824 1225 3301 
21137 1092 1080 1081 3791 
21138 2286 1789 1791 4315 
21139 2430 2451 2431 4270 
21140 2588 2604 2589 3846 
21141 2503 2504 2483 4100 
21142 384 406 383 4031 
21143 1854 4020 1852 4381 
21144 1759 1745 1758 3714 
21145 926 938 925 4076 
21146 458 441 459 4265 
21147 2086 2110 2087 3635 
21148 672 671 649 3565 
21149 837 819 1240 4373 
21150 2835 3961 3737 4366 
21151 923 925 937 3371 
21152 1723 1732 1370 4162 
21153 3451 4064 2871 4209 
21154 1666 1665 2107 3621 
21155 2107 1665 1676 3621 
21156 1021 1011 1012 3861 
21157 672 649 650 3565 
21158 1277 900 901 3152 
21159 2371 2356 2370 3954 
21160 957 956 955 4281 
21161 1435 1450 1433 3133 
21162 1093 1081 1094 4237 
21163 925 937 3371 4076 
21164 2432 2452 2453 3679 
21165 2086 2109 2110 3635 
21166 2482 2462 2461 3561 
21167 466 992 983 4365 
21168 1859 1860 3200 3890 
21169 288 310 286 3066 
21170 2646 3755 3908 4231 
21171 945 935 944 4281 
21172 1432 1847 1846 4110 
21173 506 505 487 3631 
21174 967 968 1322 3581 
21175 322 4167 323 4361 
21176 1049 3859 3860 4226 
21177 1135 1446 3610 4249 
21178 2213 2198 2197 4399 
21179 807 1214 1205 3812 
21180 2881 4032 3799 4302 
21181 26 401 402 3545 
21182 270 272 269 4401 
21183 2048 2077 2078 3883 
21184 2472 2452 2451 3820 
21185 1583 1554 1582 3586 
21186 458 459 476 4265 
21187 2044 4158 2043 4402 
21188 2235 2236 2221 4327 
21189 742 761 741 4082 
21190 1313 1639 1312 4079 
21191 1960 1980 1981 4266 
21192 687 712 686 4111 
21193 2062 2063 2035 3420 
21194 1894 3688 1892 3914 
21195 1551 3682 1550 4061 
21196 1896 1857 3890 4246 
21197 1071 1082 1070 4342 
21198 1342 1348 1340 3752 
21199 1185 3415 1184 3547 
21200 2164 2181 2182 4397 
21201 2724 4387 3783 4410 
21202 940 928 340 3830 
21203 1303 1302 1627 3862 
21204 2005 1633 2030 3740 
21205 524 3789 543 4208 
21206 715 713 689 3906 
21207 1030 1040 1029 3859 
21208 1921 1922 1905 4375 
21209 701 700 675 4188 
21210 1187 1172 1173 3510 
21211 2807 3874 3661 4254 
21212 530 512 513 4166 
21213 2617 3509 4059 4400 
21214 515 514 496 4213 
21215 470 488 469 4320 
21216 1065 1077 1076 3786 
21217 1633 2005 1620 3740 
21218 1790 1815 1816 4286 
21219 707 681 682 3160 
21220 1769 2257 2258 3482 
21221 755 1132 754 3248 
21222 2521 2540 2541 4363 
21223 1781 1782 1757 3852 
21224 2299 2300 4130 4391 
21225 2017 2043 2044 4158 
21226 2699 3866 4016 4382 
21227 2072 2073 2045 4101 
21228 1942 1959 1960 4266 
21229 2258 2275 1769 3482 
21230 1469 1471 1470 4027 
21231 1168 783 784 3391 
21232 787 807 1205 3383 
21233 1450 1463 1449 3133 
21234 1647 1657 1659 3912 
21235 95 492 112 4262 
21236 1272 1273 1264 4132 
21237 1469 1183 1184 3415 
21238 725 724 700 4188 
21239 2807 3576 4254 4302 
21240 927 926 916 4076 
21241 1905 1873 1904 4092 
21242 1522 1537 1538 3880 
21243 1579 1550 1578 4061 
21244 239 681 680 3757 
21245 1451 1450 1435 3133 
21246 841 1252 3636 4373 
21247 942 952 953 3571 
21248 2381 2365 2380 3611 
21249 653 634 654 3693 
21250 154 137 155 4072 
21251 1180 1181 1195 3905 
21252 1570 1591 1592 3683 
21253 846 1243 1244 3847 
21254 185 184 167 3715 
21255 1422 1413 1424 3474 
21256 1635 1634 1624 3782 
21257 3119 4117 2923 4376 
21258 875 848 849 3657 
21259 1938 1956 1939 4352 
21260 1225 824 821 3301 
21261 213 3693 634 4183 
21262 1459 1457 1458 3222 
21263 174 175 192 4194 
21264 2872 4064 3451 4209 
21265 1694 1702 1704 3673 
21266 714 715 736 3907 
21267 60 440 3911 4394 
21268 155 137 138 4072 
21269 1574 1545 1573 4187 
21270 173 191 190 4194 
21271 1206 1216 1217 4173 
21272 1964 1965 1944 4060 
21273 1074 3990 1085 4389 
21274 1704 1696 1694 3673 
21275 1551 1550 1579 4061 
21276 2146 2163 2164 3768 
21277 1809 1810 1784 4251 
21278 1657 1658 1667 4030 
21279 809 830 829 4227 
21280 1522 1538 1523 3880 
21281 1557 1558 1538 4108 
21282 1469 1470 1498 3701 
21283 1182 1183 1198 3453 
21284 1082 1071 1083 4237 
21285 2128 2146 2147 3984 
21286 1483 1927 1926 3771 
21287 1901 3264 1900 4333 
21288 1555 1554 1583 3586 
21289 3006 4145 3586 4374 
21290 1177 1192 1176 3671 
21291 27 26 402 3545 
21292 1577 1578 1549 4061 
21293 1681 1691 1682 4334 
21294 1601 1599 1611 4398 
21295 2334 2316 2333 4010 
21296 1256 1255 3307 3847 
21297 573 591 590 3634 
21298 587 605 1066 4330 
21299 1071 4237 1082 4342 
21300 1310 1638 1649 4087 
21301 1311 1304 1314 3537 
21302 82 99 81 3959 
21303 3135 1112 3610 3700 
21304 1919 3363 1934 4027 
21305 1289 3781 930 4309 
21306 2282 2267 2281 4390 
21307 1946 1578 1945 4061 
21308 371 3666 372 4085 
21309 467 4090 483 4365 
21310 1049 1039 3859 4226 
21311 2482 2461 2481 3561 
21312 1880 1909 1910 3625 
21313 2285 2286 3351 4315 
21314 1469 1185 1473 3415 
21315 1052 1062 1051 4338 
21316 1959 1979 1980 4266 
21317 1322 3537 1315 3644 
21318 2331 1881 1883 4001 
21319 1109 1099 1110 3615 
21320 1798 1822 1799 4099 
21321 2004 1600 1981 3711 
21322 1797 1820 1821 4099 
21323 2465 2486 2466 3801 
21324 1708 1700 1699 4334 
21325 574 591 573 3634 
21326 2324 2304 2325 3405 
21327 294 266 295 4401 
21328 1517 1516 1532 4345 
21329 2056 2086 2087 4358 
21330 519 520 539 4049 
21331 2210 2211 2195 3653 
21332 1355 1346 1356 3752 
21333 1276 897 895 4308 
21334 2296 2280 2279 3879 
21335 2320 2318 3292 4018 
21336 440 423 441 3945 
21337 546 527 547 4332 
21338 440 441 458 3945 
21339 285 3066 286 4305 
21340 1822 1798 1821 4099 
21341 2258 2558 2275 3132 
21342 364 362 3845 4117 
21343 2486 2465 2485 3801 
21344 304 303 279 3590 
21345 402 379 380 4071 
21346 2021 2020 2047 4344 
21347 1183 3453 1182 3547 
21348 908 920 337 3845 
21349 1164 1163 3011 3547 
21350 295 296 322 4167 
21351 3586 4145 3169 4374 
21352 2370 2388 2371 3954 
21353 317 291 316 3901 
21354 2015 2014 2041 4236 
21355 517 499 519 3423 
21356 440 423 3945 4394 
21357 1021 1030 1020 3861 
21358 1100 1110 3615 4156 
21359 1781 1808 1782 3852 
21360 379 352 353 3654 
21361 1370 1365 4162 4338 
21362 403 402 380 4071 
21363 1089 688 661 3468 
21364 1075 1074 1085 4389 
21365 1291 1287 1285 3809 
21366 1573 1572 1594 4003 
21367 1144 1143 757 4159 
21368 1856 2329 2311 4020 
21369 884 887 883 3797 
21370 2316 2300 2298 4391 
21371 1690 1699 1700 4334 
21372 1914 1915 1890 4050 
21373 2195 2211 2196 3653 
21374 1953 1952 1973 3808 
21375 1746 1759 2249 4185 
21376 1889 1890 1891 3688 
21377 60 440 457 3911 
21378 2323 2322 4228 4229 
21379 399 421 398 4085 
21380 1148 1147 754 3248 
21381 604 586 606 3989 
21382 1068 3791 3068 3860 
21383 1457 3222 1459 4333 
21384 2324 2304 3405 4228 
21385 345 372 371 3666 
21386 2046 2047 2020 4344 
21387 266 270 269 4401 
21388 16 4170 13 4326 
21389 1411 1410 1093 3594 
21390 1028 535 536 3835 
21391 1658 1668 1667 4030 
21392 2048 2078 2049 3883 
21393 1479 1481 1925 3771 
21394 1495 1496 1497 3701 
21395 3147 3281 3988 4350 
21396 1639 1313 1319 4079 
21397 2640 3942 4002 4230 
21398 903 902 883 3837 
21399 1475 1466 1467 3413 
21400 979 3581 978 4388 
21401 1611 1622 1623 3782 
21402 2318 2300 2316 4391 
21403 2856 3389 4132 4309 
21404 1078 3468 1067 3791 
21405 2284 2285 3351 4315 
21406 1701 1691 1700 4073 
21407 1588 4064 1567 4398 
21408 1657 1667 1669 3912 
21409 2423 2404 2403 3720 
21410 1420 1825 1824 3548 
21411 111 110 93 3874 
21412 1276 4132 1274 4309 
21413 233 220 221 3523 
21414 312 3845 337 4305 
21415 3907 4156 2772 4202 
21416 944 935 933 4281 
21417 455 456 474 4301 
21418 168 185 167 3715 
21419 2904 3916 3903 4196 
21420 2005 1621 1620 3740 
21421 1247 1248 1237 3286 
21422 1802 3281 1801 3988 
21423 2310 1854 2311 4020 
21424 2044 2043 2071 4402 
21425 2571 2572 2553 3846 
21426 654 677 676 4317 
21427 307 283 308 3709 
21428 2403 2167 2421 4404 
21429 317 316 313 3901 
21430 2302 4229 2322 4277 
21431 1859 2343 3769 4229 
21432 765 766 779 3378 
21433 1423 1827 1422 3474 
21434 1081 1082 1094 4237 
21435 917 902 903 4076 
21436 1552 1553 1533 4145 
21437 2331 1883 2332 4001 
21438 307 334 333 3709 
21439 835 836 860 3765 
21440 1030 1021 1031 3859 
21441 681 239 240 3757 
21442 1905 4092 1904 4375 
21443 841 1252 863 3636 
21444 3398 4034 3677 4332 
21445 2157 2175 2158 4299 
21446 638 661 660 3305 
21447 1419 1420 1824 3548 
21448 1310 1303 1638 4087 
21449 1876 1855 1853 4258 
21450 1272 1264 1263 4132 
21451 539 538 519 4049 
21452 1298 1304 3253 4351 
21453 285 287 286 3066 
21454 1255 844 869 3847 
21455 2387 3954 2370 4216 
21456 1446 1149 1134 3610 
21457 1466 1465 1464 4375 
21458 1347 1690 1681 3822 
21459 308 335 334 3709 
21460 2272 2289 2271 4184 
21461 1786 1787 1811 4122 
21462 1168 784 1169 3391 
21463 1244 3301 822 3847 
21464 1558 1539 1538 4108 
21465 2603 2604 2588 3846 
21466 1978 1979 1958 4042 
21467 878 244 272 3868 
21468 1093 1092 1081 4237 
21469 1290 1603 1615 3862 
21470 955 969 966 3550 
21471 664 689 690 4156 
21472 809 810 830 4227 
21473 531 515 532 4213 
21474 2044 2018 2017 4158 
21475 600 599 581 4034 
21476 3325 3775 3610 4249 
21477 1264 3925 1263 4132 
21478 1895 1858 2341 3890 
21479 567 1038 585 4226 
21480 1049 3860 3859 4342 
21481 947 948 961 4028 
21482 904 886 888 3837 
21483 2016 1992 1991 4357 
21484 2679 4340 3538 4407 
21485 1315 1322 1314 3537 
21486 1340 1348 1346 3752 
21487 404 424 423 4198 
21488 1636 1637 1625 4360 
21489 1669 1659 1657 3912 
21490 13 34 33 4170 
21491 1100 1088 642 4330 
21492 2101 2102 2080 4011 
21493 931 929 921 3825 
21494 1458 1167 1168 4016 
21495 407 427 426 4290 
21496 571 588 569 3832 
21497 1057 1068 3068 3860 
21498 1167 3391 1168 4016 
21499 853 243 878 3868 
21500 13 33 31 4170 
21501 1579 1578 1946 4061 
21502 634 213 654 3693 
21503 1938 1939 1560 4352 
21504 2080 2102 2081 4011 
21505 1092 1091 1079 3791 
21506 1730 1728 1741 3379 
21507 1943 1962 1963 3469 
21508 2306 2286 2287 4184 
21509 2418 2417 2437 3886 
21510 1800 1824 1801 3988 
21511 1737 1751 1752 3379 
21512 279 280 304 3590 
21513 497 515 496 4213 
21514 285 309 308 4305 
21515 9 377 11 3796 
21516 1135 1445 1446 4249 
21517 749 769 768 3541 
21518 2386 2387 2369 4216 
21519 544 543 524 3789 
21520 1543 1563 1260 4307 
21521 2296 2279 2295 3879 
21522 1648 1637 1636 4360 
21523 1891 1890 1892 3688 
21524 1061 1060 1051 4338 
21525 1253 867 866 3636 
21526 1244 1245 3301 3848 
21527 1458 1460 3222 4016 
21528 1533 1553 1534 4145 
21529 1473 1455 1472 4027 
21530 2323 2322 2302 4228 
21531 174 191 173 4194 
21532 467 483 992 4365 
21533 1903 1464 1904 4375 
21534 1383 1388 1389 3926 
21535 1300 1298 1304 3253 
21536 1606 4003 1592 4224 
21537 2134 2117 2118 3584 
21538 1348 1356 1346 3752 
21539 1206 1217 1207 4173 
21540 2237 2223 2222 4327 
21541 1592 1606 1607 4003 
21542 2521 2256 2540 4363 
21543 1051 1040 1041 3859 
21544 550 549 530 3896 
21545 542 523 543 4208 
21546 1896 3914 1897 4246 
21547 2280 2266 2265 4280 
21548 1087 1074 1076 3990 
21549 1241 837 1240 4373 
21550 1078 639 640 3468 
21551 11 377 378 3796 
21552 299 275 300 3817 
21553 337 3845 362 4305 
21554 1893 1891 1892 3688 
21555 1088 1087 1076 3786 
21556 1249 1527 1543 4307 
21557 1961 1982 1983 4026 
21558 1060 1051 4338 4342 
21559 1681 1690 1691 4334 
21560 2448 2428 2427 4022 
21561 408 427 407 4290 
21562 1441 1443 1867 3456 
21563 1761 1793 1794 4152 
21564 467 992 466 4365 
21565 616 637 636 3718 
21566 1423 1422 1424 3474 
21567 2136 2135 2134 4241 
21568 174 192 191 4194 
21569 1473 1454 1455 4027 
21570 2120 2119 2137 3836 
21571 1395 1389 1388 3926 
21572 2058 2031 2030 4358 
21573 1832 1852 1833 4381 
21574 399 14 421 4362 
21575 752 729 730 3662 
21576 2560 2578 2561 4319 
21577 2448 2427 2447 4022 
21578 214 212 197 4183 
21579 106 107 124 4149 
21580 410 411 430 4117 
21581 276 300 275 3817 
21582 1973 1952 1972 3808 
21583 1021 3859 1030 3861 
21584 2055 1624 2029 4067 
21585 1207 1218 1208 4173 
21586 2605 2321 2336 4018 
21587 1100 1099 1088 3615 
21588 2236 2237 2222 4327 
21589 588 586 569 3832 
21590 1287 1291 1292 3809 
21591 2006 2032 2033 3991 
21592 1167 782 783 3391 
21593 1586 1598 1599 4398 
21594 2417 2436 2437 3886 
21595 1057 1058 1070 3860 
21596 2164 2147 2146 3768 
21597 1222 1223 815 3604 
21598 1164 1165 1185 3547 
21599 1213 802 1212 3812 
21600 1591 1605 1606 4224 
21601 616 598 617 4033 
21602 1136 1135 3610 4249 
21603 1063 1064 1054 4389 
21604 2608 2343 2609 3703 
21605 1425 1435 1424 3972 
21606 82 83 100 3959 
21607 100 99 82 3959 
21608 635 236 223 4144 
21609 919 918 904 4219 
21610 1127 1453 1437 4178 
21611 1515 1245 1244 3848 
21612 1565 3143 1586 4398 
21613 971 959 972 4294 
21614 1574 1546 1545 4187 
21615 868 888 886 3837 
21616 700 701 725 4188 
21617 1122 1123 1136 3610 
21618 583 565 584 3864 
21619 1902 1439 1440 3957 
21620 593 576 594 3877 
21621 1531 1532 1516 4345 
21622 1003 3861 1011 4409 
21623 863 1252 1253 3636 
21624 536 1037 1028 3835 
21625 1668 1678 1677 4030 
21626 1246 1516 1505 3848 
21627 1298 1293 1291 3809 
21628 2029 1624 1622 4067 
21629 942 3571 951 3825 
21630 41 24 25 4054 
21631 123 106 124 4149 
21632 577 594 576 3877 
21633 2468 2489 2469 3873 
21634 1607 1593 1592 4003 
21635 322 323 348 4361 
21636 1794 1793 1792 4152 
21637 2070 2069 2352 4195 
21638 1078 662 639 3468 
21639 1141 1142 1154 4386 
21640 525 544 524 3789 
21641 2006 2033 2007 3991 
21642 1452 1467 1466 3413 
21643 1223 1240 819 3604 
21644 624 622 604 3989 
21645 2468 2488 2489 3873 
21646 316 291 289 3901 
21647 2271 2289 2288 4184 
21648 735 3135 734 3248 
21649 1497 1498 1470 3701 
21650 1459 1458 1460 3222 
21651 1088 1099 1087 3786 
21652 1631 1632 1619 4102 
21653 914 912 923 3758 
21654 513 494 495 4166 
21655 1847 1419 1824 3548 
21656 2339 2340 2338 3769 
21657 1291 1293 1292 3809 
21658 1859 3200 1860 4229 
21659 1224 821 822 3301 
21660 947 961 960 4028 
21661 1965 1945 1944 4060 
21662 850 876 849 4341 
21663 524 543 523 4208 
21664 1902 1901 1459 3957 
21665 1866 1840 1839 4232 
21666 874 875 893 4341 
21667 1790 1786 1815 4286 
21668 1615 1627 1297 3862 
21669 1155 1175 1154 4386 
21670 2610 2344 2345 3703 
21671 489 470 471 4320 
21672 971 972 983 4294 
21673 431 448 433 4040 
21674 618 639 638 4392 
21675 1213 805 802 3812 
21676 1897 3588 1898 4246 
21677 977 979 978 4388 
21678 1978 2000 2001 4042 
21679 1300 1305 1616 4297 
21680 1962 1961 1984 4026 
21681 623 642 1088 4330 
21682 841 1241 1252 4373 
21683 895 3636 1264 4132 
21684 1139 1137 1126 4242 
21685 1746 2249 2234 4185 
21686 323 322 296 4167 
21687 2586 2602 2587 3951 
21688 1567 4064 1565 4398 
21689 1800 1801 3281 3988 
21690 905 889 906 4219 
21691 2322 1835 1836 4277 
21692 148 579 562 4024 
21693 337 362 336 4305 
21694 1622 1624 1623 3782 
21695 2164 2182 2165 4397 
21696 1560 1939 1561 4352 
21697 1077 1088 1076 3786 
21698 2239 2224 2238 3909 
21699 1415 1416 1425 3972 
21700 2322 2302 4228 4229 
21701 2607 2608 2596 4324 
21702 715 689 691 3906 
21703 1534 1553 1554 4145 
21704 518 517 534 4019 
21705 2147 3768 2164 4397 
21706 483 467 482 4090 
21707 1978 2001 1979 4042 
21708 389 929 941 3845 
21709 2225 2224 2239 3909 
21710 583 584 601 3864 
21711 2369 2385 2386 4216 
21712 2151 2136 2152 4241 
21713 879 881 287 3460 
21714 489 488 470 4320 
21715 1940 1561 1939 4352 
21716 2218 2232 2233 4107 
21717 1940 1562 1561 3760 
21718 2601 2602 2586 3951 
21719 1070 1058 1071 4342 
21720 1529 4187 1530 4345 
21721 1260 1258 1543 4307 
21722 762 742 743 4082 
21723 475 95 77 4262 
21724 897 896 894 4308 
21725 1969 1968 1991 4009 
21726 1758 1782 1784 4251 
21727 2132 2112 2131 3829 
21728 550 566 549 3896 
21729 2232 2248 2233 4107 
21730 581 582 600 4034 
21731 788 789 791 4371 
21732 1834 1861 1862 4246 
21733 1481 1926 1925 3771 
21734 521 540 520 4049 
21735 266 269 295 4401 
21736 604 606 624 3989 
21737 2351 2352 2069 4195 
21738 530 531 550 3896 
21739 1959 1942 1941 4266 
21740 1100 1110 1099 3615 
21741 955 945 944 4281 
21742 2070 2071 2043 4402 
21743 1130 1120 714 3907 
21744 2601 2612 2602 3951 
21745 1535 1534 1554 4145 
21746 1410 1409 1106 3594 
21747 3907 4202 2772 4298 
21748 1855 1854 1853 4381 
21749 364 389 363 4117 
21750 616 3718 636 4033 
21751 836 861 860 3765 
21752 1809 1784 1782 4251 
21753 311 336 309 4305 
21754 636 225 616 4033 
21755 1531 1550 1551 3682 
21756 1019 551 532 4409 
21757 1088 3786 1077 4330 
21758 735 1111 1121 3135 
21759 1824 3548 1825 3988 
21760 296 297 323 4167 
21761 978 968 977 4388 
21762 1483 1926 1481 3771 
21763 1574 1547 1546 4187 
21764 1075 1064 1074 4389 
21765 2594 2593 2605 4210 
21766 17 3 16 4326 
21767 2571 2589 2572 3846 
21768 1062 1061 1051 4338 
21769 1154 1142 1155 4386 
21770 1041 1040 1030 3859 
21771 2306 2287 2288 4184 
21772 1532 1531 3682 4345 
21773 1593 1571 1570 3683 
21774 2339 2338 2337 3769 
21775 1702 1710 1712 3673 
21776 1168 1167 783 3391 
21777 1825 1802 1801 3988 
21778 2370 2387 2388 3954 
21779 322 348 347 4361 
21780 959 960 972 4294 
21781 638 660 637 3718 
21782 2984 4162 3853 4338 
21783 1069 3791 1068 3860 
21784 903 883 886 3837 
21785 1968 1990 1991 4009 
21786 1255 869 1254 3847 
21787 2254 2253 2266 4280 
21788 13 16 34 4170 
21789 562 131 148 4024 
21790 1272 3517 1273 4132 
21791 95 475 492 4262 
21792 1737 1751 3379 4235 
21793 930 3781 931 4309 
21794 16 13 17 4326 
21795 1458 1168 1460 4016 
21796 1913 1914 1888 4050 
21797 1516 1245 1515 3848 
21798 363 389 388 4117 
21799 788 785 789 4371 
21800 1424 1415 1425 3972 
21801 484 483 482 4090 
21802 2157 2158 2141 4299 
21803 1736 2234 2220 4185 
21804 1677 1667 1668 4030 
21805 1737 1738 1751 4235 
21806 440 422 423 4394 
21807 2342 2343 2608 3703 
21808 717 740 739 4403 
21809 2571 2588 2589 3846 
21810 1530 1550 1531 3682 
21811 1213 1214 805 3812 
21812 520 540 539 4049 
21813 1905 1874 1873 4092 
21814 1240 1251 1241 4373 
21815 214 226 213 4183 
21816 886 904 903 3837 
21817 1466 1464 1451 4375 
21818 1712 1704 1702 3673 
21819 1914 1890 1888 4050 
21820 677 654 655 4317 
21821 2253 2265 2266 4280 
21822 1264 1273 895 4132 
21823 1473 1472 1469 4027 
21824 1104 1103 1091 4285 
21825 1308 3644 1315 4351 
21826 1135 1446 1134 3610 
21827 1810 2276 1785 4191 
21828 1322 1315 967 3644 
21829 1243 846 843 3847 
21830 482 467 465 4090 
21831 1074 1064 1063 4389 
21832 1207 1217 1218 4173 
21833 2141 2158 2142 4299 
21834 1470 1497 3701 4027 
21835 1875 1853 1851 4258 
21836 512 494 513 4166 
21837 677 655 678 4317 
21838 75 60 457 3911 
21839 1639 1628 1312 4079 
21840 605 1077 1066 4330 
21841 1856 2311 1854 4020 
21842 1894 1916 1917 3914 
21843 1905 1906 1874 4092 
21844 75 457 77 3911 
21845 992 483 1002 4365 
21846 1329 1322 978 3581 
21847 1212 802 803 3812 
21848 761 742 762 4082 
21849 894 896 908 4308 
21850 2595 2594 2606 4210 
21851 1070 3860 1058 4342 
21852 2575 3132 2558 4105 
21853 2187 2188 2172 4112 
21854 2511 2491 2490 4359 
21855 818 1223 819 3604 
21856 1011 533 516 4409 
21857 2172 2188 2173 4112 
21858 365 366 340 4120 
21859 1498 1497 1496 3701 
21860 1 16 3 4326 
21861 1516 3848 1515 4345 
21862 431 451 448 4040 
21863 2490 2510 2511 4359 
21864 1737 1740 1728 3379 
21865 1586 1588 1567 4398 
21866 176 177 194 3913 
21867 925 938 937 4076 
21868 1078 640 1067 3468 
21869 1103 3609 1113 3700 
21870 566 584 565 3864 
21871 404 405 424 4198 
21872 2318 2317 2300 4130 
21873 600 618 599 4034 
21874 66 85 65 4181 
21875 718 740 717 4403 
21876 2205 2189 2204 4150 
21877 2369 2387 2370 4216 
21878 1567 1568 1271 4064 
21879 932 943 931 3781 
21880 1183 1163 1184 3547 
21881 340 338 365 4120 
21882 1838 1864 1865 4232 
21883 1564 1270 1269 4064 
21884 1299 1300 1616 4297 
21885 1869 1842 1868 3691 
21886 905 906 919 4219 
21887 892 874 893 4341 
21888 1271 1270 1567 4064 
21889 1113 1114 1125 3609 
21890 2136 2151 2135 4241 
21891 1941 1562 1940 3760 
21892 287 288 3066 3460 
21893 1446 1445 1444 4249 
21894 2558 2539 2538 4105 
21895 2320 2319 2318 4018 
21896 1301 1308 1298 4351 
21897 1644 1631 1643 4102 
21898 710 686 711 4111 
21899 917 927 916 4076 
21900 1085 1074 1087 3990 
21901 2344 3703 2343 4229 
21902 1631 1644 1632 4102 
21903 307 308 334 3709 
21904 364 3845 389 4117 
21905 219 203 204 4056 
21906 1408 1104 1105 4285 
21907 1896 1894 1917 3914 
21908 176 194 193 3913 
21909 388 411 410 4117 
21910 1183 1182 1163 3547 
21911 867 1253 1264 3636 
21912 1457 1900 1456 4333 
21913 1831 2292 1810 4191 
21914 309 286 311 4305 
21915 1120 1110 690 4156 
21916 1130 736 1131 3907 
21917 1244 1245 822 3301 
21918 924 923 933 3758 
21919 2543 2542 2561 4319 
21920 84 65 85 4181 
21921 818 815 1223 3604 
21922 1089 662 1078 3468 
21923 1736 1746 2234 4185 
21924 1475 1467 1476 3413 
21925 2205 2204 2219 4150 
21926 1801 1824 1825 3988 
21927 2609 2344 2610 3703 
21928 2557 2556 2575 4105 
21929 2102 2122 2103 4175 
21930 1122 3135 1112 3610 
21931 1059 3860 1049 4342 
21932 1253 866 863 3636 
21933 1447 1445 1135 4249 
21934 2322 4229 1860 4277 
21935 957 1315 956 3644 
21936 616 211 598 4033 
21937 2323 2344 2322 4229 
21938 1070 1069 1057 3860 
21939 1530 3682 1531 4345 
21940 2122 2102 2121 4175 
21941 1959 1980 1960 4266 
21942 2285 1788 1789 4315 
21943 967 1315 957 3644 
21944 988 989 979 4388 
21945 1854 1852 1853 4381 
21946 1058 3860 1059 4342 
21947 1308 1315 1307 4351 
21948 2512 2532 2533 4211 
21949 2513 2512 2533 4211 
21950 2285 1789 2286 4315 
21951 223 224 635 4144 
21952 1110 664 690 4156 
21953 1604 1618 1605 4224 
21954 1549 1550 1530 3682 
21955 564 546 547 4332 
21956 2271 2288 2287 4184 
21957 1623 1624 1634 3782 
21958 1838 1865 1839 4232 
21959 895 882 1264 3636 
21960 1028 1018 535 3835 
21961 2292 2276 1810 4191 
21962 1112 3135 1111 3700 
21963 1130 714 736 3907 
21964 2560 2561 2542 4319 
21965 756 734 1134 3248 
21966 2218 2233 2219 4107 
21967 1455 1456 1920 4027 
21968 1469 1472 1471 4027 
21969 15 421 14 4362 
21970 734 3135 1134 3248 
21971 1241 1251 1252 4373 
21972 926 925 915 4076 
21973 1443 1868 1867 3456 
21974 2284 1788 2285 4315 
21975 1295 1290 1615 3862 
21976 515 531 514 4213 
21977 44 422 440 4394 
21978 623 1077 605 4330 
21979 2128 2129 2108 3984 
21980 219 218 203 4056 
21981 491 473 474 4301 
21982 2298 2300 2282 4391 
21983 2182 2197 2198 4399 
21984 1606 1592 1591 4224 
21985 1085 1087 1098 3990 
21986 1902 1459 1439 3957 
21987 1110 1100 664 4156 
21988 1113 1112 1101 3700 
21989 287 288 286 3066 
21990 1966 1945 1965 4060 
21991 2030 2056 2057 4358 
21992 988 997 989 4388 
21993 1106 1093 1410 3594 
21994 2129 2109 2108 3984 
21995 1102 1103 1113 3700 
21996 846 1244 822 3847 
21997 1832 1853 1852 4381 
21998 1059 1048 1049 3860 
21999 1921 1905 1904 4375 
22000 1049 3859 1050 4342 
22001 843 844 1242 3847 
22002 1700 1691 1690 4334 
22003 1113 3609 1112 3700 
22004 1616 1305 1628 4297 
22005 931 930 932 3781 
22006 1966 1946 1945 4060 
22007 1875 1876 1853 4258 
22008 1551 1532 1531 3682 
22009 1089 1102 1101 3700 
22010 1112 1113 1124 3609 
22011 1135 1134 3135 3610 
22012 214 213 212 4183 
22013 2299 2300 2301 4130 
22014 2319 2320 2321 4018 
22015 979 977 988 4388 
22016 2182 2198 2183 4399 
22017 1121 734 735 3135 
22018 516 1003 1011 4409 
22019 1274 895 1273 4132 
22020 1079 1078 1067 3791 
22021 1604 1617 1618 4224 
22022 568 1029 1038 4226 
22023 890 906 889 4219 
22024 287 895 288 3460 
22025 1601 1588 1599 4398 
22026 2574 2591 2575 4105 
22027 2190 2189 2205 4150 
22028 1567 1565 1586 4398 
22029 564 563 546 4332 
22030 2606 2594 2605 4210 
22031 1836 2302 2322 4277 
22032 1528 1547 1548 4187 
22033 1528 1546 1547 4187 
22034 1115 1104 1408 4285 
22035 1548 1529 1528 4187 
22036 32 421 15 4362 
22037 2574 2575 2556 4105 
22038 623 1088 1077 4330 
22039 1256 844 1255 3847 
22040 1470 1934 1497 4027 
22041 1594 1593 1607 4003 
22042 1921 1904 1465 4375 
22043 1860 1835 2322 4277 
22044 915 916 926 4076 
22045 1049 3860 1048 4226 
22046 1122 1136 1135 3610 
22047 1298 1307 1304 4351 
22048 1464 1465 1904 4375 
22049 1531 1515 1530 4345 
22050 389 411 388 4117 
22051 1048 585 1038 4226 
22052 1048 603 585 4226 
22053 876 893 875 4341 
22054 1456 1920 4027 4333 
22055 1604 1605 1591 4224 
22056 942 941 929 3825 
22057 2343 1860 2344 4229 
22058 1101 1112 1111 3700 
22059 897 894 895 4308 
22060 1049 1038 1039 4226 
22061 1114 1113 1103 3609 
22062 2344 2609 2343 3703 
22063 1569 1273 1272 3517 
22064 1051 1060 1050 4342 
22065 1308 956 1315 3644 
22066 2321 2320 2336 4018 
22067 2322 2344 1860 4229 
22068 1113 1125 1124 3609 
22069 1122 1111 1112 3135 
22070 1011 1019 533 4409 
22071 2301 2300 2317 4130 
22072 1472 1920 1919 4027 
22073 1274 1273 3517 4132 
22074 1057 1069 1068 3860 
22075 1531 1516 1515 4345 
22076 1152 1150 1139 4242 
22077 1273 1275 1274 3517 
22078 1588 1586 1599 4398 
22079 1472 1919 1471 4027 
22080 1859 1860 2343 4229 
22081 1457 1901 1900 4333 
22082 2324 2303 2304 4228 
22083 1057 1048 1058 3860 
22084 1920 1472 1455 4027 
22085 1456 1900 1920 4333 
22086 1919 1934 1471 4027 
22087 2575 2558 2557 4105 
22088 1121 1122 1135 3135 
22089 1530 1515 1529 4345 
22090 309 285 286 4305 
22091 1060 1071 1059 4342 
22092 1164 1184 1163 3547 
22093 1049 1048 1038 4226 
22094 1122 1135 3135 3610 
22095 1038 1029 1039 4226 
22096 1772 1774 1773 1748 
22097 318 316 342 343 
22098 1132 1148 754 3248 
22099 1103 1102 1089 3700 
22100 942 3571 931 3781 
22101 1242 844 1256 3847 
22102 1409 3594 1408 4285 
22103 2032 2060 3991 2059 
22104 2032 3991 2060 2033 
22105 1253 1263 3925 1252 
22106 3925 1263 1253 1264 
22107 3380 1361 1366 2895 
22108 3380 1366 1361 1367 
22109 3981 3436 3843 2843 
22110 3981 3843 3436 3183 
22111 420 396 3357 419 
22112 3357 396 420 397 
22113 3480 3515 3626 2684 
22114 3626 3515 3480 2798 
22115 3630 3042 2648 3427 
22116 3630 2648 3042 3443 
22117 2084 3617 2083 2105 
22118 2083 3617 2084 2828 
22119 3228 3585 3849 2813 
22120 3849 3585 3228 2661 
22121 3656 597 4024 579 
22122 3656 4024 597 3192 
22123 4007 2704 3480 3139 
22124 4007 3480 2704 3090 
22125 4240 2635 2852 3574 
22126 4240 2852 2635 3182 
22127 121 3719 122 3088 
22128 121 122 3719 104 
22129 105 122 3719 3088 
22130 105 3719 122 104 
22131 4260 3172 3958 2687 
22132 4260 3958 3172 3076 
22133 3829 2930 2734 3178 
22134 3829 2734 2930 3484 
22135 1262 3339 1251 1261 
22136 1262 1251 3339 2926 
22137 1250 1251 3339 1261 
22138 1250 3339 1251 2926 
22139 4024 164 147 148 
22140 4024 147 164 3285 
22141 3580 2100 3883 2079 
22142 3580 3883 2100 3113 
22143 3894 3740 4163 2747 
22144 3894 4163 3740 2869 
22145 4176 4257 2804 3708 
22146 2804 4257 4176 3101 
22147 3752 2835 1349 3211 
22148 4080 2793 2636 3993 
22149 4080 2636 2793 3203 
22150 3838 2636 2793 3993 
22151 3838 2793 2636 3203 
22152 2947 3443 3346 3107 
22153 3346 3443 2947 3985 
22154 3728 2736 3207 2933 
22155 3728 3207 2736 3265 
22156 2403 2150 4404 2385 
22157 4404 2150 2403 2167 
22158 3518 3323 4008 2727 
22159 3518 4008 3323 3069 
22160 1166 782 3391 1165 
22161 1166 3391 782 1167 
22162 3883 2079 2049 3580 
22163 3883 2049 2079 2078 
22164 4237 1400 3594 2984 
22165 4237 3594 1400 1399 
22166 1366 3402 1360 1368 
22167 1366 1360 3402 2895 
22168 1362 1360 3402 1368 
22169 1362 3402 1360 2895 
22170 4321 3667 4119 2643 
22171 4321 4119 3667 2812 
22172 629 3930 3573 648 
22173 3573 3930 629 2833 
22174 3884 2830 2631 3059 
22175 3884 2631 2830 3526 
22176 3633 2631 2830 3059 
22177 3633 2830 2631 3526 
22178 1137 1453 4242 1138 
22179 1137 4242 1453 1127 
22180 3587 2161 3026 2144 
22181 3587 3026 2161 3317 
22182 3741 2669 3767 2968 
22183 3741 3767 2669 3725 
22184 3930 628 3999 647 
22185 3930 3999 628 2833 
22186 4014 3140 2806 2705 
22187 4014 2806 3140 3328 
22188 3605 2691 3274 3185 
22189 3605 3274 2691 3895 
22190 4220 2834 2760 3508 
22191 4220 2760 2834 3428 
22192 3665 4240 2711 3182 
22193 2711 4240 3665 2845 
22194 3339 3925 3171 2955 
22195 3171 3925 3339 2926 
22196 3879 4001 2744 3060 
22197 2744 4001 3879 3473 
22198 3758 4075 3152 2946 
22199 3152 4075 3758 2799 
22200 3616 3643 3431 3153 
22201 3431 3643 3616 2704 
22202 3174 3665 2711 3067 
22203 2711 3665 3174 2845 
22204 4179 3094 3053 2664 
22205 4179 3053 3094 3638 
22206 2930 4397 3829 3484 
22207 2930 3829 4397 2130 
22208 2131 3829 4397 3484 
22209 2131 4397 3829 2130 
22210 3795 3598 3049 2698 
22211 3795 3049 3598 3170 
22212 4238 2714 3173 3940 
22213 4238 3173 2714 3670 
22214 3483 141 4149 140 
22215 3483 4149 141 2909 
22216 4257 4176 3445 2634 
22217 4257 3445 4176 3101 
22218 2957 3445 4176 2634 
22219 2957 4176 3445 3101 
22220 3387 4402 3080 2859 
22221 3080 4402 3387 3302 
22222 3425 651 674 652 
22223 3425 674 651 3162 
22224 3727 1487 3073 3494 
22225 3727 3073 1487 1485 
22226 3338 2263 4164 2251 
22227 3338 4164 2263 3208 
22228 3781 954 1316 1309 
22229 3781 1316 954 965 
22230 3942 3315 2840 3868 
22231 3942 2840 3315 3647 
22232 3952 3357 4331 2718 
22233 3952 4331 3357 2805 
22234 4198 2675 3072 3499 
22235 4198 3072 2675 3069 
22236 3247 4292 3500 2924 
22237 3500 4292 3247 3662 
22238 37 55 3485 38 
22239 3485 55 37 54 
22240 35 3815 18 36 
22241 35 18 3815 3396 
22242 19 18 3815 36 
22243 19 3815 18 3396 
22244 4193 2848 3466 2677 
22245 4193 3466 2848 3557 
22246 3758 1301 4281 934 
22247 3758 4281 1301 3040 
22248 159 3661 141 142 
22249 141 3661 159 2909 
22250 4383 2832 3144 3572 
22251 4383 3144 2832 3852 
22252 3285 4024 165 164 
22253 165 4024 3285 3192 
22254 165 181 3285 164 
22255 3285 181 165 3192 
22256 446 429 4117 3119 
22257 4117 447 446 3119 
22258 1514 1527 3286 3103 
22259 1249 1527 3286 1247 
22260 1249 3286 1527 3103 
22261 3516 3839 3064 2739 
22262 3064 3839 3516 2881 
22263 3367 3974 3358 2907 
22264 3358 3974 3367 2679 
22265 4116 2628 3014 3582 
22266 3769 2335 3890 2749 
22267 3769 3890 2335 2337 
22268 3565 651 4126 650 
22269 3565 4126 651 3162 
22270 710 3248 4111 735 
22271 4111 3248 710 3129 
22272 1494 2901 3494 1492 
22273 1494 3494 2901 3701 
22274 3559 3062 3755 2792 
22275 3559 3755 3062 3362 
22276 4388 2835 998 3581 
22277 4388 998 2835 3737 
22278 1426 3212 3972 1416 
22279 3972 3212 1426 2915 
22280 3701 1504 1494 1496 
22281 3701 1494 1504 2901 
22282 3374 3500 4006 2937 
22283 4006 3500 3374 3335 
22284 3734 3102 2737 3240 
22285 3734 2737 3102 3186 
22286 4105 4129 3070 3256 
22287 3070 4129 4105 3949 
22288 2717 4127 3603 3457 
22289 2717 3603 4127 2971 
22290 3113 3603 4127 3457 
22291 3113 4127 3603 2971 
22292 3413 4271 4364 2915 
22293 4364 4271 3413 3188 
22294 4323 2893 3811 3384 
22295 4323 3811 2893 3735 
22296 4392 3052 3696 2986 
22297 3696 3052 4392 2824 
22298 3696 3677 4392 2986 
22299 4392 3677 3696 2824 
22300 96 2876 3238 78 
22301 96 3238 2876 3794 
22302 4405 3489 2626 3507 
22303 4405 2626 3489 3854 
22304 3189 4122 3166 3030 
22305 3166 4122 3189 2898 
22306 3689 3802 3408 2670 
22307 3408 3802 3689 3229 
22308 4367 4017 3656 2920 
22309 4367 3656 4017 2672 
22310 4385 3265 2661 3728 
22311 4385 2661 3265 3245 
22312 3752 1343 2835 3638 
22313 3752 2835 1343 1349 
22314 3345 180 162 179 
22315 3345 162 180 163 
22316 3769 2335 2320 2337 
22317 3769 2320 2335 3292 
22318 3439 273 271 3263 
22319 3439 271 273 242 
22320 4112 2154 3161 2155 
22321 4112 3161 2154 3120 
22322 4205 2162 2163 2180 
22323 2163 2162 4205 2848 
22324 2163 3768 4205 2180 
22325 4205 3768 2163 2848 
22326 3781 1323 965 2922 
22327 3781 965 1323 1316 
22328 4020 4191 3208 2293 
22329 3208 4191 4020 2831 
22330 2411 3761 2392 2410 
22331 2392 3761 2411 2975 
22332 3507 3615 2772 3224 
22333 2772 3615 3507 3067 
22334 4072 139 121 138 
22335 4072 121 139 3483 
22336 3554 651 3425 632 
22337 3554 3425 651 3162 
22338 3248 1146 4252 1147 
22339 3248 4252 1146 3247 
22340 3391 4252 1146 1147 
22341 3391 1146 4252 3247 
22342 3980 3359 3716 2874 
22343 3980 3716 3359 2718 
22344 4114 119 3063 118 
22345 4114 3063 119 3536 
22346 4316 2775 3233 3964 
22347 4316 3233 2775 4029 
22348 3577 498 3409 481 
22349 3577 3409 498 3034 
22350 3863 2896 3971 3298 
22351 3863 3971 2896 3746 
22352 2729 4075 3190 2946 
22353 3190 4075 2729 3314 
22354 757 4403 738 739 
22355 757 738 4403 2970 
22356 737 738 4403 739 
22357 737 4403 738 2970 
22358 3840 3687 3092 2878 
22359 3840 3092 3687 2624 
22360 4191 4020 4381 2310 
22361 4191 4381 4020 2831 
22362 1650 3481 3094 1661 
22363 3094 3481 1650 3027 
22364 3954 4216 3353 2370 
22365 3954 3353 4216 3106 
22366 2115 3353 4216 2370 
22367 2115 4216 3353 3106 
22368 3896 585 566 3864 
22369 3896 566 585 567 
22370 2399 3611 2382 2381 
22371 2382 3611 2399 3154 
22372 2838 4023 3830 3626 
22373 2838 3830 4023 3259 
22374 2958 3830 4023 3626 
22375 2958 4023 3830 3259 
22376 3490 1924 3771 1478 
22377 3490 3771 1924 2867 
22378 3719 2659 2810 3063 
22379 3719 2810 2659 3516 
22380 4092 4258 1874 3079 
22381 1874 4258 4092 1875 
22382 4066 4095 3056 2809 
22383 3056 4095 4066 3514 
22384 4357 1969 3655 1970 
22385 4357 3655 1969 4009 
22386 478 3518 477 460 
22387 477 3518 478 3280 
22388 3603 2117 3113 3584 
22389 3603 3113 2117 2099 
22390 4160 3459 2945 2663 
22391 4160 2945 3459 3899 
22392 3649 3888 2941 3061 
22393 3649 2941 3888 2654 
22394 3539 2941 3888 3061 
22395 3539 3888 2941 2654 
22396 2440 4241 2168 2152 
22397 2168 4241 2440 3296 
22398 1238 3286 1527 1247 
22399 1527 3286 1238 1514 
22400 4205 3317 2677 2848 
22401 2677 3317 4205 3114 
22402 2677 3466 4205 2848 
22403 4205 3466 2677 3114 
22404 4248 3407 2922 2770 
22405 4248 2922 3407 3177 
22406 4095 4233 4066 2976 
22407 4066 4233 4095 2809 
22408 3722 2845 3721 3800 
22409 3721 2845 3722 4240 
22410 1557 1537 4108 1538 
22411 4108 1537 1557 1556 
22412 3957 2766 1438 3456 
22413 3957 1438 2766 3222 
22414 3750 3935 3042 3522 
22415 3042 3935 3750 3427 
22416 3482 1762 4340 3151 
22417 3482 4340 1762 1763 
22418 3308 4340 1762 3151 
22419 3308 1762 4340 1763 
22420 4110 4151 3185 2940 
22421 3185 4151 4110 3549 
22422 4323 3304 2893 3384 
22423 4323 2893 3304 2786 
22424 3808 1996 3878 3563 
22425 3808 3878 1996 1974 
22426 182 4183 197 198 
22427 197 4183 182 3618 
22428 4076 912 899 2946 
22429 4076 899 912 915 
22430 1924 3490 1923 1478 
22431 1923 3490 1924 3188 
22432 3774 1330 987 1338 
22433 3774 987 1330 2922 
22434 3736 1709 4073 3241 
22435 3736 4073 1709 1708 
22436 4265 4166 3518 477 
22437 4265 3518 4166 2851 
22438 3650 4122 1814 1811 
22439 1814 4122 3650 2898 
22440 4194 2909 158 3913 
22441 4194 158 2909 3483 
22442 3869 2914 2799 3028 
22443 3869 2799 2914 3236 
22444 3574 3732 3013 3193 
22445 3013 3732 3574 2877 
22446 3970 3705 4288 2921 
22447 3970 4288 3705 3250 
22448 1006 3328 1014 1005 
22449 1006 1014 3328 3140 
22450 1013 1014 3328 1005 
22451 1013 3328 1014 3140 
22452 3774 987 3328 996 
22453 3774 3328 987 2922 
22454 2982 8 22 10 
22455 2982 22 8 3659 
22456 4309 911 4308 922 
22457 910 4308 911 922 
22458 3523 222 206 221 
22459 3523 206 222 3239 
22460 3817 277 249 276 
22461 3817 249 277 3041 
22462 3226 2246 2230 3532 
22463 4021 3838 3230 3227 
22464 4021 3230 3838 2793 
22465 2818 4031 359 3709 
22466 359 360 2818 3709 
22467 3586 1537 1536 3006 
22468 3586 1536 1537 1555 
22469 3435 4244 3744 2616 
22470 3744 4244 3435 4121 
22471 1200 3671 1199 1191 
22472 1200 1199 3671 2936 
22473 1190 1199 3671 1191 
22474 1190 3671 1199 2936 
22475 1233 4173 1219 1218 
22476 1219 4173 1233 3938 
22477 2327 3846 3246 2328 
22478 3246 3846 2327 2817 
22479 3639 2481 3017 2227 
22480 3639 3017 2481 3561 
22481 4211 3951 2552 2817 
22482 4211 2552 3951 2551 
22483 4384 1044 3262 1034 
22484 4384 3262 1044 3455 
22485 3594 1826 1804 1411 
22486 1804 1826 3594 3147 
22487 1804 1412 3594 1411 
22488 3594 1412 1804 3147 
22489 4240 3574 3722 2960 
22490 4240 3722 3574 2852 
22491 4017 2628 2920 3582 
22492 4017 2920 2628 3690 
22493 3926 1377 3144 1383 
22494 3926 3144 1377 3380 
22495 1733 3144 1377 1383 
22496 1733 1377 3144 3380 
22497 4239 3199 3399 2650 
22498 4239 3399 3199 2978 
22499 3862 4309 2770 3781 
22500 2770 4309 3862 3517 
22501 4313 4411 3346 2678 
22502 3346 4411 4313 3107 
22503 3554 633 614 632 
22504 3554 614 633 3360 
22505 3797 1267 2974 3684 
22506 3090 3431 3885 3186 
22507 3090 3885 3431 435 
22508 434 3885 3431 3186 
22509 434 3431 3885 435 
22510 4214 3430 3412 2632 
22511 4214 3412 3430 2935 
22512 4162 1358 2973 3774 
22513 1359 2973 1358 3774 
22514 3618 200 215 3099 
22515 3618 215 200 199 
22516 1766 3981 2843 1768 
22517 2843 3981 1766 3308 
22518 2843 4099 1766 1768 
22519 1766 4099 2843 3308 
22520 3581 2700 3537 3644 
22521 3537 2700 3581 4284 
22522 1482 2936 1480 1188 
22523 1187 1480 2936 1188 
22524 1187 2936 1480 3510 
22525 3929 2642 4094 3214 
22526 3929 4094 2642 3498 
22527 3788 331 357 2939 
22528 3788 357 331 356 
22529 1395 3212 1397 1405 
22530 1395 1397 3212 3926 
22531 4009 1948 1969 1968 
22532 4009 1969 1948 3655 
22533 2580 2562 3753 2563 
22534 3753 2562 2580 2579 
22535 3554 596 3360 2968 
22536 3554 3360 596 614 
22537 3469 1596 3127 1597 
22538 3469 3127 1596 3386 
22539 4173 1215 1205 1216 
22540 4173 1205 1215 3383 
22541 3590 329 302 3479 
22542 3590 302 329 303 
22543 3068 3699 3791 2716 
22544 3791 3699 3068 2882 
22545 3185 4110 3218 2821 
22546 3218 4110 3185 2940 
22547 3644 966 4281 957 
22548 3644 4281 966 3550 
22549 955 4281 966 957 
22550 955 966 4281 3550 
22551 697 722 2913 698 
22552 697 2913 722 721 
22553 3606 3814 3540 2633 
22554 3540 3814 3606 2964 
22555 3552 1651 4079 1652 
22556 3552 4079 1651 3027 
22557 4169 4342 4312 2882 
22558 4312 4342 4169 3859 
22559 3739 2170 2185 2460 
22560 3739 2185 2170 3296 
22561 4168 2933 2620 3376 
22562 4168 2620 2933 3917 
22563 4089 4306 3936 2625 
22564 3936 4306 4089 3057 
22565 3996 3665 3735 2980 
22566 3996 3735 3665 2800 
22567 3766 4196 3969 2908 
22568 3969 4196 3766 2749 
22569 306 281 2939 305 
22570 2939 281 306 282 
22571 4089 3408 3745 2796 
22572 4089 3745 3408 2952 
22573 4396 3452 2921 2706 
22574 4396 2921 3452 2966 
22575 3981 1766 1767 1768 
22576 3981 1767 1766 4340 
22577 582 4332 583 3864 
22578 582 583 4332 564 
22579 565 583 4332 3864 
22580 565 4332 583 564 
22581 3495 3940 3176 3173 
22582 3176 3940 3495 2756 
22583 1495 3931 1932 1493 
22584 1932 3931 1495 3363 
22585 3835 553 4019 536 
22586 3835 4019 553 2917 
22587 3138 4219 3901 907 
22588 3138 3901 4219 3259 
22589 317 3901 4219 907 
22590 317 4219 3901 3259 
22591 4058 3684 2995 2721 
22592 4058 2995 3684 2974 
22593 4114 3225 2733 3536 
22594 4114 2733 3225 3715 
22595 3885 432 3521 3334 
22596 3885 3521 432 414 
22597 3871 823 3301 820 
22598 3871 3301 823 2969 
22599 4399 2441 3639 2198 
22600 4399 3639 2441 2950 
22601 4042 2050 2023 2024 
22602 4042 2023 2050 3580 
22603 1306 3537 1304 1311 
22604 1304 3537 1306 3253 
22605 3883 4344 2021 2048 
22606 2021 4344 3883 3110 
22607 2021 2022 3883 2048 
22608 3883 2022 2021 3110 
22609 3990 1097 2837 3268 
22610 3990 2837 1097 1096 
22611 3601 2837 1097 3268 
22612 3601 1097 2837 1096 
22613 4186 3268 3990 2837 
22614 4186 3990 3268 2961 
22615 4266 2003 1981 3711 
22616 4266 1981 2003 1980 
22617 4062 3218 3609 2743 
22618 4062 3609 3218 2940 
22619 808 4371 3645 806 
22620 3645 4371 808 4227 
22621 1279 3683 3809 1286 
22622 3809 3683 1279 3684 
22623 4363 2502 3561 3311 
22624 4363 3561 2502 2501 
22625 4222 4006 3374 2665 
22626 4222 3374 4006 2937 
22627 1715 3505 1714 1725 
22628 1714 3505 1715 3242 
22629 4120 391 390 366 
22630 4120 390 391 2958 
22631 3845 4308 288 894 
22632 288 4308 3845 3278 
22633 3718 658 686 659 
22634 3718 686 658 3452 
22635 447 429 4117 446 
22636 4117 429 447 430 
22637 2852 4240 3117 3182 
22638 2852 3117 4240 3811 
22639 2685 3117 4240 3182 
22640 2685 4240 3117 3811 
22641 4183 215 226 3608 
22642 4183 226 215 214 
22643 3989 605 3224 622 
22644 3989 3224 605 3478 
22645 3612 2254 4390 3134 
22646 3612 4390 2254 2255 
22647 1902 1864 4232 1865 
22648 4232 1864 1902 1901 
22649 3794 132 3285 3284 
22650 3794 3285 132 130 
22651 4003 1621 3740 1620 
22652 4003 3740 1621 3386 
22653 3674 4379 3388 2903 
22654 3388 4379 3674 3131 
22655 3573 649 4126 630 
22656 3573 4126 649 3565 
22657 650 4126 649 630 
22658 650 649 4126 3565 
22659 1281 3517 1590 1283 
22660 1590 3517 1281 1275 
22661 3826 3639 3123 2720 
22662 3826 3123 3639 2950 
22663 3909 4205 2794 3653 
22664 2794 4205 3909 3114 
22665 3855 3863 3746 2709 
22666 3746 3863 3855 2934 
22667 3247 1145 3391 1146 
22668 3247 3391 1145 784 
22669 1169 3391 1145 1146 
22670 1169 1145 3391 784 
22671 2936 1189 1482 1499 
22672 2936 1482 1189 1188 
22673 4259 3418 3194 2822 
22674 3194 3418 4259 2944 
22675 3194 3991 4259 2822 
22676 4259 3991 3194 2944 
22677 3994 3282 3986 2676 
22678 3994 3986 3282 3024 
22679 3431 452 434 3186 
22680 3431 434 452 453 
22681 2545 2564 3753 2563 
22682 3753 2564 2545 2546 
22683 318 3901 3145 316 
22684 3145 3901 318 3359 
22685 3145 342 318 316 
22686 318 342 3145 3359 
22687 785 786 4371 787 
22688 785 4371 786 789 
22689 3973 4200 2762 3619 
22690 2762 4200 3973 3009 
22691 2702 4096 4077 3269 
22692 2702 4077 4096 3600 
22693 2935 4077 4096 3269 
22694 2935 4096 4077 3600 
22695 4102 4003 1620 1619 
22696 4102 1620 4003 2869 
22697 938 4028 949 948 
22698 949 4028 938 3018 
22699 3815 3719 105 87 
22700 105 3719 3815 3485 
22701 105 88 3815 87 
22702 3815 88 105 3485 
22703 3883 2099 2077 2078 
22704 3883 2077 2099 3603 
22705 4208 3016 2737 3197 
22706 4208 2737 3016 3631 
22707 3639 2461 2481 2213 
22708 3639 2481 2461 3561 
22709 4195 2363 3100 3810 
22710 3731 610 591 609 
22711 3731 591 610 3352 
22712 4063 3681 2878 3092 
22713 4063 2878 3681 2715 
22714 4120 3090 4007 3706 
22715 4120 4007 3090 2958 
22716 3945 3607 4394 3072 
22717 3945 4394 3607 2841 
22718 4372 3232 3949 2708 
22719 3949 3232 4372 3000 
22720 3949 4207 4372 2708 
22721 4372 4207 3949 3000 
22722 3571 954 953 965 
22723 3571 953 954 952 
22724 3344 4160 3764 2976 
22725 3764 4160 3344 2857 
22726 4308 929 3845 3278 
22727 3972 1413 1424 1415 
22728 3972 1424 1413 3474 
22729 4374 3670 3173 3309 
22730 4374 3173 3670 2714 
22731 636 3718 635 2966 
22732 636 635 3718 659 
22733 658 635 3718 2966 
22734 658 3718 635 659 
22735 4145 1536 1520 3006 
22736 4145 1520 1536 1535 
22737 3925 3320 3171 2719 
22738 3925 3171 3320 2926 
22739 4190 3561 3311 3017 
22740 4190 3311 3561 2782 
22741 4116 3582 3065 2920 
22742 4116 3065 3582 3014 
22743 4403 719 3930 718 
22744 4403 3930 719 3081 
22745 3905 1193 3642 1194 
22746 3905 3642 1193 3671 
22747 1268 2974 3797 1267 
22748 3797 2974 1268 3307 
22749 3892 3712 3120 3161 
22750 3892 3120 3712 2801 
22751 3519 3962 4134 2697 
22752 4134 3962 3519 3003 
22753 1516 3848 3019 1505 
22754 3019 3848 1516 4345 
22755 3773 3988 4099 3281 
22756 4099 3988 3773 3261 
22757 1227 803 3812 1212 
22758 4327 2208 2223 2222 
22759 4327 2223 2208 3114 
22760 4307 1562 3760 3276 
22761 4307 3760 1562 1563 
22762 4177 4328 3530 2712 
22763 3530 4328 4177 3196 
22764 2253 4280 2252 2265 
22765 2253 2252 4280 3338 
22766 2264 2252 4280 2265 
22767 2264 4280 2252 3338 
22768 4054 27 26 25 
22769 4054 26 27 3545 
22770 4162 1358 1359 2973 
22771 3836 2153 2154 3787 
22772 3836 2154 2153 2137 
22773 1399 4237 1093 1094 
22774 1093 4237 1399 3594 
22775 4360 1626 3215 1637 
22776 4360 3215 1626 3544 
22777 4332 565 547 564 
22778 4332 547 565 3150 
22779 4123 4104 3407 2636 
22780 4123 3407 4104 3054 
22781 4022 2449 3873 2448 
22782 4022 3873 2449 3086 
22783 3550 982 3128 3432 
22784 3550 3128 982 981 
22785 1364 3774 1023 1358 
22786 1023 3774 1364 3140 
22787 4073 3026 3317 2159 
22788 3317 3026 4073 3241 
22789 3317 2176 4073 2159 
22790 4073 2176 3317 3241 
22791 3929 4137 2642 3214 
22792 2642 4137 3929 3125 
22793 3673 1730 1718 1721 
22794 4352 1954 3878 3275 
22795 4352 3878 1954 1955 
22796 2199 2216 2911 2214 
22797 2199 2911 2216 2201 
22798 3963 326 352 327 
22799 3963 352 326 3206 
22800 3921 3975 4286 3300 
22801 4286 3975 3921 2816 
22802 4224 4297 3809 1604 
22803 3809 4297 4224 3109 
22804 4149 122 3483 123 
22805 4149 3483 122 3088 
22806 4281 934 933 3758 
22807 4281 933 934 935 
22808 4203 2050 4011 3580 
22809 2079 2050 4011 2080 
22810 2079 4011 2050 3580 
22811 3868 3960 2707 3315 
22812 2707 3960 3868 3439 
22813 3609 1418 3218 2940 
22814 3609 3218 1418 1125 
22815 4360 1613 1614 1625 
22816 4360 1614 1613 3441 
22817 4033 196 598 3398 
22818 4033 598 196 211 
22819 3736 1735 1725 1726 
22820 3736 1725 1735 3505 
22821 3325 1134 3610 3135 
22822 3325 3610 1134 1149 
22823 4188 699 724 700 
22824 4188 724 699 3726 
22825 4389 4037 3262 2837 
22826 4389 3262 4037 3455 
22827 3117 3262 4037 2837 
22828 3117 4037 3262 3455 
22829 870 3837 868 886 
22830 868 3837 870 2963 
22831 2584 2566 3327 2567 
22832 3327 2566 2584 2583 
22833 3247 732 3662 753 
22834 3247 3662 732 3129 
22835 3681 4210 4324 3045 
22836 4324 4210 3681 2865 
22837 3911 95 76 3001 
22838 3911 76 95 77 
22839 3740 2006 2032 2005 
22840 2032 2006 3740 3340 
22841 2032 2031 3740 2005 
22842 3740 2031 2032 3340 
22843 4213 495 496 3280 
22844 4213 496 495 514 
22845 4159 759 758 1144 
22846 4159 758 759 3555 
22847 4277 2284 4228 3030 
22848 4277 4228 2284 2302 
22849 944 3758 946 3371 
22850 944 946 3758 933 
22851 936 946 3758 3371 
22852 936 3758 946 933 
22853 1991 4236 1990 2015 
22854 1990 4236 1991 4009 
22855 3875 4038 2953 2620 
22856 2953 4038 3875 3515 
22857 3548 4151 4110 2940 
22858 4110 4151 3548 2781 
22859 2908 3872 3969 2624 
22860 2908 3969 3872 3046 
22861 3840 3969 3872 2624 
22862 3840 3872 3969 3046 
22863 4265 475 4262 3858 
22864 4265 4262 475 458 
22865 4312 2745 2806 3406 
22866 4312 2806 2745 3416 
22867 3707 2806 2745 3406 
22868 3707 2745 2806 3416 
22869 1468 1150 4242 1138 
22870 4242 1150 1468 1151 
22871 4361 3195 321 4167 
22872 4361 321 3195 3666 
22873 3874 74 73 93 
22874 3874 73 74 3454 
22875 3438 1728 3673 3379 
22876 3438 3673 1728 1718 
22877 1730 3673 1728 3379 
22878 1730 1728 3673 1718 
22879 3767 3741 3210 2825 
22880 3767 3210 3741 2968 
22881 3697 4355 3348 2650 
22882 3348 4355 3697 3015 
22883 3348 2975 3697 2650 
22884 3697 2975 3348 3015 
22885 4277 3030 1812 1813 
22886 4277 1812 3030 4122 
22887 3616 4301 3431 2959 
22888 3431 4301 3616 3153 
22889 4002 3647 2840 3942 
22890 4002 2840 3647 3369 
22891 2490 3873 2469 2489 
22892 2469 3873 2490 3319 
22893 3727 1480 2936 3510 
22894 3727 2936 1480 1482 
22895 3275 4108 4352 1559 
22896 3275 4352 4108 3276 
22897 1560 4352 4108 1559 
22898 1560 4108 4352 3276 
22899 3359 342 4000 343 
22900 3359 4000 342 3145 
22901 168 151 4114 3715 
22902 4114 169 168 3715 
22903 3954 2357 3348 2372 
22904 3954 3348 2357 3353 
22905 4013 4336 3033 2658 
22906 3033 4336 4013 2999 
22907 4071 2847 3479 3499 
22908 4071 3479 2847 3654 
22909 354 4071 3479 3499 
22910 354 3479 4071 3654 
22911 380 4071 354 3499 
22912 380 354 4071 3654 
22913 3401 4317 3628 2991 
22914 3628 4317 3401 2897 
22915 4319 2525 2524 3692 
22916 4259 3910 3061 2639 
22917 4259 3061 3910 3004 
22918 3625 1884 1911 1882 
22919 3625 1911 1884 3202 
22920 4131 3830 4076 3018 
22921 4131 4076 3830 2838 
22922 4341 873 892 874 
22923 4341 892 873 3138 
22924 3476 2539 2520 2244 
22925 3476 2520 2539 3070 
22926 3706 417 4000 394 
22927 3706 4000 417 3643 
22928 4359 2511 2531 2510 
22929 2531 2511 4359 3614 
22930 2531 2530 4359 2510 
22931 4359 2530 2531 3614 
22932 4299 2141 2124 2142 
22933 2124 2141 4299 3617 
22934 2124 2125 4299 2142 
22935 4299 2125 2124 3617 
22936 2809 3056 3666 4095 
22937 2809 3666 3056 4361 
22938 187 203 3225 188 
22939 3225 203 187 202 
22940 4099 1796 1820 3010 
22941 4099 1820 1796 1797 
22942 3905 1177 1193 1178 
22943 3905 1193 1177 3671 
22944 3035 4233 3157 2640 
22945 3035 3157 4233 3533 
22946 3942 3157 4233 2640 
22947 3942 4233 3157 3533 
22948 2019 4158 3254 2018 
22949 3254 4158 2019 3184 
22950 4280 3208 2744 3338 
22951 4280 2744 3208 3879 
22952 4131 4005 4075 2667 
22953 4131 4075 4005 3018 
22954 240 3523 232 233 
22955 240 232 3523 3757 
22956 1955 1937 4352 1938 
22957 1955 4352 1937 1954 
22958 3801 2505 4100 2485 
22959 3801 4100 2505 3692 
22960 4299 1668 2125 4030 
22961 4299 2125 1668 2142 
22962 4349 2679 3165 3974 
22963 4349 3165 2679 4247 
22964 953 951 3571 964 
22965 3571 951 953 942 
22966 32 420 4362 29 
22967 32 4362 420 421 
22968 1258 3339 1260 1259 
22969 1258 1260 3339 4307 
22970 1269 1260 3339 1259 
22971 1269 3339 1260 4307 
22972 4032 4072 3088 2810 
22973 3088 4072 4032 3483 
22974 3571 986 974 3328 
22975 3571 974 986 975 
22976 1829 3852 1830 1808 
22977 1830 3852 1829 3475 
22978 1103 1115 4285 1104 
22979 4285 1115 1103 3609 
22980 4213 533 515 532 
22981 4213 515 533 516 
22982 115 3959 3794 98 
22983 3794 3959 115 3284 
22984 4059 4255 3287 2617 
22985 3287 4255 4059 3043 
22986 1199 1499 2936 1200 
22987 2936 1499 1199 1189 
22988 4170 35 16 34 
22989 4170 16 35 3396 
22990 2363 4195 2364 2352 
22991 2353 2364 4195 2352 
22992 2353 4195 2364 3429 
22993 4117 362 4305 363 
22994 4117 4305 362 3845 
22995 3907 715 716 3906 
22996 3907 716 715 736 
22997 2564 2582 3753 2581 
22998 3753 2582 2564 2565 
22999 3621 1653 1664 3552 
23000 3621 1664 1653 1665 
23001 4233 4267 3716 2640 
23002 3716 4267 4233 2976 
23003 1518 4145 1517 1533 
23004 1518 1517 4145 3019 
23005 1532 1517 4145 1533 
23006 1532 4145 1517 3019 
23007 991 980 3550 990 
23008 3550 980 991 981 
23009 3550 3128 991 990 
23010 991 3128 3550 981 
23011 3132 2258 3482 2275 
23012 3132 3482 2258 3476 
23013 1070 3860 2882 1069 
23014 2882 3860 1070 4342 
23015 2882 4237 1070 1069 
23016 1070 4237 2882 4342 
23017 4402 2353 4195 2070 
23018 4402 4195 2353 3429 
23019 3757 241 3523 240 
23020 3757 3523 241 3159 
23021 4375 1463 1903 1464 
23022 4375 1903 1463 3133 
23023 4392 638 662 639 
23024 1869 4249 1868 1445 
23025 1869 1868 4249 3456 
23026 1443 1868 4249 1445 
23027 1443 4249 1868 3456 
23028 3325 3248 1134 3135 
23029 2111 3178 3635 2110 
23030 3635 3178 2111 2088 
23031 3635 2087 2111 2110 
23032 2111 2087 3635 2088 
23033 4108 1541 1560 1540 
23034 4108 1560 1541 3276 
23035 2854 4177 4328 3196 
23036 2854 3856 4328 3022 
23037 4328 3856 2854 3196 
23038 1942 4266 1566 3143 
23039 1942 1566 4266 1960 
23040 1585 1566 4266 3143 
23041 1585 4266 1566 1960 
23042 305 280 3590 304 
23043 3590 280 305 281 
23044 4237 2984 1060 1072 
23045 4237 1060 2984 4338 
23046 1073 1060 2984 1072 
23047 3781 1316 1310 1309 
23048 3781 1310 1316 4087 
23049 4065 4116 2628 3014 
23050 2628 4116 4065 3401 
23051 1427 3601 1426 1417 
23052 1427 1426 3601 4178 
23053 2215 2500 3070 2200 
23054 3070 2500 2215 2520 
23055 3909 2210 2225 2224 
23056 3909 2225 2210 3653 
23057 4223 3930 3461 3081 
23058 4223 3461 3930 2833 
23059 3381 3461 3930 3081 
23060 3381 3930 3461 2833 
23061 4340 1769 3981 1767 
23062 4340 3981 1769 3226 
23063 2876 3959 78 96 
23064 98 3959 78 81 
23065 98 78 3959 96 
23066 4360 1634 1623 1636 
23067 4360 1623 1634 3782 
23068 3954 2406 2387 2388 
23069 3954 2387 2406 3316 
23070 4195 2362 2350 2351 
23071 4195 2350 2362 3810 
23072 270 4401 267 3560 
23073 270 267 4401 266 
23074 268 267 4401 3560 
23075 268 4401 267 266 
23076 4260 4176 3708 2634 
23077 4260 3708 4176 3058 
23078 4145 1532 1552 3682 
23079 4145 1552 1532 1533 
23080 625 645 3999 626 
23081 3999 645 625 644 
23082 3999 3731 625 626 
23083 625 3731 3999 644 
23084 4361 346 373 347 
23085 4361 373 346 3666 
23086 4169 3859 3853 3140 
23087 4169 3853 3859 4342 
23088 4338 3853 3859 3140 
23089 4338 3859 3853 4342 
23090 1029 3416 3859 4226 
23091 3859 3416 1029 4409 
23092 4390 2255 2269 2267 
23093 4390 2269 2255 3612 
23094 14 4326 3641 17 
23095 3641 4326 14 4362 
23096 4181 49 64 65 
23097 4181 64 49 3354 
23098 3984 2146 3587 2128 
23099 3984 3587 2146 3768 
23100 1227 3812 1226 3301 
23101 1227 1226 3812 803 
23102 824 1226 3812 3301 
23103 824 3812 1226 803 
23104 2418 4048 2438 2419 
23105 2438 4048 2418 3886 
23106 4305 308 335 309 
23107 4305 335 308 3709 
23108 2984 1061 1060 1073 
23109 2984 1060 1061 4338 
23110 3218 1429 1870 1430 
23111 3218 1870 1429 1447 
23112 4280 2279 2264 2265 
23113 4280 2264 2279 3879 
23114 2485 4100 2464 2484 
23115 2464 4100 2485 3801 
23116 293 4341 268 3560 
23117 293 268 4341 893 
23118 267 268 4341 3560 
23119 267 4341 268 893 
23120 1659 4360 3215 1648 
23121 3215 4360 1659 3912 
23122 790 4371 4227 788 
23123 4227 4371 790 3898 
23124 3706 416 417 393 
23125 3706 417 416 3643 
23126 4018 2606 4210 3045 
23127 4018 4210 2606 2605 
23128 1802 1803 3281 3988 
23129 3147 1803 3281 1776 
23130 3147 3281 1803 3988 
23131 4082 760 774 761 
23132 4082 774 760 3555 
23133 2380 2398 3611 2397 
23134 2380 3611 2398 2381 
23135 771 752 3247 770 
23136 306 333 3709 307 
23137 306 3709 333 332 
23138 4251 1783 1785 1784 
23139 4251 1785 1783 3108 
23140 3204 4391 2283 4130 
23141 3204 2283 4391 2282 
23142 2299 2283 4391 4130 
23143 2299 4391 2283 2282 
23144 4334 1708 4073 3736 
23145 4334 4073 1708 1700 
23146 1041 4338 1032 1042 
23147 1041 1032 4338 3140 
23148 1043 1032 4338 1042 
23149 1043 4338 1032 3140 
23150 4294 961 960 972 
23151 4294 960 961 4028 
23152 4132 1272 3925 1263 
23153 4132 3925 1272 3517 
23154 2955 3925 1272 1263 
23155 2955 1272 3925 3517 
23156 4394 60 2985 3911 
23157 4394 2985 60 44 
23158 43 60 2985 44 
23159 4324 2606 2595 2607 
23160 4324 2595 2606 4210 
23161 1615 1614 3544 1603 
23162 3544 1614 1615 1626 
23163 4338 1043 1365 1364 
23164 4338 1365 1043 1042 
23165 1010 501 3835 500 
23166 3835 501 1010 1018 
23167 2053 2083 3342 2082 
23168 3342 2083 2053 2054 
23169 1370 1042 4338 1052 
23170 4338 1042 1370 1365 
23171 911 909 4308 910 
23172 2334 2318 4010 2335 
23173 2334 4010 2318 2316 
23174 1317 1316 4087 1323 
23175 4087 1316 1317 1310 
23176 421 397 4085 420 
23177 421 4085 397 398 
23178 2545 2525 3692 2526 
23179 2545 3692 2525 2544 
23180 2456 2477 3882 2476 
23181 3882 2477 2456 2457 
23182 332 305 2939 331 
23183 332 2939 305 306 
23184 3781 1303 1310 4087 
23185 1459 4333 1901 1457 
23186 1901 4333 1459 3957 
23187 3703 2608 3327 2609 
23188 3703 3327 2608 4324 
23189 288 4308 895 894 
23190 895 4308 288 3460 
23191 1099 1098 2961 1109 
23192 1099 2961 1098 1087 
23193 55 3485 4025 70 
23194 4025 71 55 70 
23195 55 71 4025 56 
23196 694 668 3930 693 
23197 694 3930 668 669 
23198 359 333 3709 358 
23199 3709 333 359 334 
23200 3860 1048 603 1057 
23201 3860 603 1048 4226 
23202 2583 2565 3327 2566 
23203 3327 2565 2583 2582 
23204 4305 312 311 337 
23205 4305 311 312 310 
23206 2024 2051 4203 2050 
23207 4203 2051 2024 2025 
23208 399 17 3641 400 
23209 399 3641 17 14 
23210 4237 1095 1082 1094 
23211 4237 1082 1095 1083 
23212 2115 2091 3776 2092 
23213 3776 2091 2115 2114 
23214 1117 1437 4178 1127 
23215 1117 4178 1437 1427 
23216 151 133 4114 150 
23217 4114 133 151 134 
23218 1526 1514 3103 1527 
23219 3103 1514 1526 1513 
23220 609 590 3731 608 
23221 3731 590 609 591 
23222 2415 2396 3403 2397 
23223 2415 3403 2396 2414 
23224 2435 2415 3403 2416 
23225 3403 2415 2435 2434 
23226 1956 1977 3209 1976 
23227 3209 1977 1956 1957 
23228 3 400 3641 17 
23229 3641 400 3 2 
23230 645 668 3999 646 
23231 645 3999 668 667 
23232 4130 2319 2318 2317 
23233 4130 2318 2319 4018 
23234 2503 2524 3692 2523 
23235 3692 2524 2503 2504 
23236 1 2 4326 3 
23237 4326 2 1 5 
23238 332 358 3709 333 
23239 332 3709 358 357 
23240 2149 2130 4397 2131 
23241 2149 4397 2130 2148 
23242 2082 2104 4175 2103 
23243 4175 2104 2082 2083 
23244 395 367 4000 394 
23245 4000 367 395 368 
23246 2417 2398 3886 2399 
23247 2417 3886 2398 2416 
23248 1112 3610 1123 1122 
23249 1955 1976 3878 1975 
23250 3878 1976 1955 1956 
23251 2385 2132 4404 2133 
23252 2385 4404 2132 2150 
23253 1626 1627 3862 1638 
23254 3862 1627 1626 1615 
23255 61 47 3434 62 
23256 61 3434 47 45 
23257 3438 1711 4150 1703 
23258 3438 4150 1711 1720 
23259 2205 4150 1711 1703 
23260 2205 1711 4150 1720 
23261 609 628 3731 610 
23262 609 3731 628 627 
23263 4290 2818 359 360 
23264 4290 386 359 385 
23265 359 386 4290 360 
23266 2149 2167 4404 2166 
23267 4404 2167 2149 2150 
23268 1625 1626 4360 1637 
23269 1625 4360 1626 1614 
23270 314 313 3259 317 
23271 3259 313 314 315 
23272 169 187 3225 170 
23273 3225 187 169 186 
23274 1837 1864 3650 1863 
23275 1837 3650 1864 1838 
23276 1003 1012 3861 1004 
23277 1003 3861 1012 1011 
23278 2001 2026 4203 2025 
23279 4203 2026 2001 2002 
23280 720 695 3081 719 
23281 3081 695 720 696 
23282 188 170 3225 187 
23283 188 3225 170 171 
23284 999 1007 3737 997 
23285 3737 1007 999 1008 
23286 19 1 3396 18 
23287 19 3396 1 4 
23288 1768 1799 4099 1798 
23289 4099 1799 1768 1770 
23290 2051 4203 4011 2052 
23291 4011 2081 2051 2052 
23292 2051 2081 4011 2080 
23293 313 342 3145 316 
23294 3145 342 313 341 
23295 409 429 4117 410 
23296 4117 429 409 428 
23297 91 109 4025 92 
23298 4025 109 91 108 
23299 2026 2053 4203 2052 
23300 4203 2053 2026 2027 
23301 90 108 4025 91 
23302 90 4025 108 107 
23303 394 418 4000 395 
23304 394 4000 418 417 
23305 396 368 4000 395 
23306 4000 368 396 369 
23307 134 116 4114 133 
23308 4114 116 134 117 
23309 369 342 4000 368 
23310 4000 342 369 343 
23311 386 409 4290 387 
23312 4290 409 386 408 
23313 1428 1123 3218 1136 
23314 3218 1123 1428 1124 
23315 358 385 4031 359 
23316 358 4031 385 384 
23317 696 721 3565 697 
23318 3565 721 696 720 
23319 151 169 4114 152 
23320 4114 169 151 168 
23321 241 233 3523 240 
23322 241 3523 233 234 
23323 867 3636 865 866 
23324 437 416 3643 436 
23325 3643 416 437 417 
23326 2024 1999 4042 2000 
23327 4042 1999 2024 2023 
23328 47 456 3762 474 
23329 3762 456 47 46 
23330 1173 1171 3510 1172 
23331 1173 3510 1171 1152 
23332 428 446 3119 429 
23333 3119 446 428 445 
23334 91 71 4025 90 
23335 4025 71 91 72 
23336 2337 2336 3769 2338 
23337 2337 3769 2336 2320 
23338 4018 3769 2336 2338 
23339 4018 2336 3769 2320 
23340 28 29 3434 30 
23341 28 3434 29 32 
23342 2037 2065 3806 2064 
23343 2037 3806 2065 2038 
23344 608 627 3731 609 
23345 3731 627 608 626 
23346 2435 2456 3886 2455 
23347 2435 3886 2456 2436 
23348 152 134 4114 151 
23349 4114 134 152 135 
23350 1637 1638 3215 1649 
23351 1637 3215 1638 1626 
23352 3862 1638 3215 1626 
23353 1354 1698 3822 1361 
23354 1354 3822 1698 1353 
23355 2457 2436 3886 2437 
23356 2457 3886 2436 2456 
23357 2034 2007 3991 2008 
23358 2034 3991 2007 2033 
23359 628 648 3930 629 
23360 3930 648 628 647 
23361 474 62 3762 47 
23362 474 3762 62 79 
23363 627 647 3999 628 
23364 3999 647 627 646 
23365 491 80 3762 79 
23366 3762 80 491 509 
23367 2378 2396 3100 2395 
23368 3100 2396 2378 2379 
23369 2379 2397 3611 2396 
23370 3611 2397 2379 2380 
23371 170 152 4114 169 
23372 4114 152 170 153 
23373 4114 3225 170 169 
23374 170 3225 4114 153 
23375 3845 894 312 908 
23376 626 607 3731 625 
23377 3731 607 626 608 
23378 965 964 3571 976 
23379 965 3571 964 953 
23380 1499 1484 3727 1500 
23381 3727 1484 1499 1482 
23382 126 108 3661 125 
23383 126 3661 108 109 
23384 90 70 4025 89 
23385 4025 70 90 71 
23386 670 647 3930 669 
23387 3930 647 670 648 
23388 1358 1351 3774 1350 
23389 3774 1351 1358 1359 
23390 1977 2000 4042 1999 
23391 4042 2000 1977 1978 
23392 648 671 3565 649 
23393 3565 671 648 670 
23394 1769 1768 3981 1767 
23395 1221 1211 3330 1222 
23396 1221 3330 1211 1210 
23397 2563 2544 3753 2545 
23398 2563 3753 2544 2562 
23399 2865 2544 3753 2562 
23400 669 695 3930 670 
23401 669 3930 695 694 
23402 397 369 4276 396 
23403 4276 369 397 370 
23404 1660 1317 4087 1324 
23405 4087 1317 1660 1649 
23406 2416 2397 3403 2398 
23407 2416 3403 2397 2415 
23408 2025 2052 4203 2051 
23409 4203 2052 2025 2026 
23410 2436 2416 3886 2417 
23411 3886 2416 2436 2435 
23412 669 646 3999 668 
23413 3999 646 669 647 
23414 3999 3930 669 668 
23415 669 3930 3999 647 
23416 2544 2524 4319 2525 
23417 4319 2524 2544 2543 
23418 46 45 3434 30 
23419 3434 45 46 47 
23420 608 589 3731 607 
23421 3731 589 608 590 
23422 646 626 3999 645 
23423 646 3999 626 627 
23424 2082 2052 4011 2053 
23425 4011 2052 2082 2081 
23426 2025 2000 4042 2001 
23427 2025 4042 2000 2024 
23428 1999 1976 3209 1977 
23429 1999 3209 1976 1998 
23430 2103 2081 4175 2082 
23431 2103 4175 2081 2102 
23432 4011 4175 2081 2082 
23433 4011 2081 4175 2102 
23434 670 696 3565 671 
23435 3565 696 670 695 
23436 2525 2504 3692 2505 
23437 2525 3692 2504 2524 
23438 408 385 4290 407 
23439 408 4290 385 386 
23440 2340 2607 3045 2342 
23441 2340 3045 2607 2606 
23442 671 697 3565 672 
23443 3565 697 671 696 
23444 1671 1334 3094 1333 
23445 1671 3094 1334 1341 
23446 1526 1541 3276 1525 
23447 3276 1541 1526 1542 
23448 2340 2341 3769 2339 
23449 2340 3769 2341 1859 
23450 2581 2563 3753 2564 
23451 3753 2563 2581 2580 
23452 408 428 4290 409 
23453 4290 428 408 427 
23454 1182 1162 3547 1161 
23455 3547 1162 1182 1163 
23456 2214 2200 3476 2199 
23457 2214 3476 2200 2215 
23458 79 78 3762 62 
23459 3762 78 79 80 
23460 1281 1274 3517 1282 
23461 1281 3517 1274 1275 
23462 2166 2421 4404 2183 
23463 4404 2421 2166 2167 
23464 1033 1022 3140 1032 
23465 1033 3140 1022 1023 
23466 2113 2369 3106 2133 
23467 3106 2369 2113 2114 
23468 951 950 3825 963 
23469 951 3825 950 941 
23470 1138 1139 4242 1137 
23471 4242 1139 1138 1150 
23472 1896 1858 3890 1857 
23473 1896 3890 1858 1895 
23474 1857 1897 4246 1896 
23475 1228 1213 3812 1214 
23476 3812 1213 1228 1227 
23477 263 265 3066 264 
23478 3066 265 263 284 
23479 1985 2010 3194 2009 
23480 3194 2010 1985 1986 
23481 1381 1062 4162 1380 
23482 929 364 3845 389 
23483 929 3845 364 920 
23484 1565 1585 3143 1566 
23485 3143 1585 1565 1586 
23486 683 709 3452 684 
23487 3452 709 683 708 
23488 1731 1721 3673 1722 
23489 3673 1721 1731 1730 
23490 909 896 4308 910 
23491 4308 4309 909 911 
23492 4308 909 4309 898 
23493 1803 1775 3281 1776 
23494 3281 1775 1803 1802 
23495 580 179 3398 196 
23496 580 3398 179 180 
23497 1012 1022 3861 1013 
23498 1012 3861 1022 1021 
23499 1105 1091 4285 1104 
23500 1105 4285 1091 1092 
23501 374 347 4361 373 
23502 4361 347 374 348 
23503 371 399 4085 372 
23504 371 4085 399 398 
23505 1442 1441 3456 1443 
23506 1442 3456 1441 1438 
23507 756 733 3248 755 
23508 756 3248 733 734 
23509 3325 1149 3248 1148 
23510 3325 3248 1149 1134 
23511 1133 3248 1149 1148 
23512 1133 1149 3248 1134 
23513 1460 1169 4016 1168 
23514 772 752 3247 771 
23515 3247 752 772 753 
23516 1147 1462 3325 1148 
23517 1146 1170 3391 1147 
23518 1146 3391 1170 1169 
23519 3391 1170 3325 1147 
23520 3325 1170 1462 1147 
23521 1147 773 3248 1146 
23522 1147 3248 773 754 
23523 3247 3248 773 1146 
23524 3247 773 3248 754 
23525 1080 1067 3791 1079 
23526 1080 3791 1067 1068 
23527 1033 1364 3140 1023 
23528 3140 1364 1033 1043 
23529 1732 1375 4162 1381 
23530 1732 4162 1375 1370 
23531 1062 4162 1375 1381 
23532 1041 1052 4338 1042 
23533 1041 4338 1052 1051 
23534 1412 1400 3594 1411 
23535 3594 1400 1412 1401 
23536 1069 1082 4237 1070 
23537 1069 4237 1082 1081 
23538 1039 1050 3859 1040 
23539 1039 3859 1050 1049 
23540 362 920 3845 337 
23541 362 3845 920 364 
23542 563 582 4332 564 
23543 4332 582 563 581 
23544 603 584 3864 602 
23545 3864 584 603 585 
23546 603 3416 3864 585 
23547 582 601 3864 583 
23548 582 3864 601 600 
23549 898 896 4308 909 
23550 4308 896 898 897 
23551 5 374 3857 2 
23552 5 3857 374 375 
23553 865 879 3460 881 
23554 865 3460 879 864 
23555 894 310 3845 312 
23556 894 3845 310 288 
23557 3845 920 4308 908 
23558 3845 4308 920 929 
23559 921 4308 920 908 
23560 921 920 4308 929 
23561 922 4309 1289 930 
23562 910 908 4308 921 
23563 910 4308 908 896 
23564 880 881 3460 882 
23565 880 3460 881 865 
23566 3636 880 3460 882 
23567 3636 3460 880 865 
23568 867 3636 880 865 
23569 1297 1296 3862 1302 
23570 3862 1296 1297 1295 
23571 1309 952 3781 954 
23572 1309 3781 952 943 
23573 1863 1834 3650 1837 
23574 3650 1834 1863 1862 
23575 1282 1283 3517 1281 
23576 1282 3517 1283 1288 
23577 1302 932 3781 1303 
23578 3781 932 1302 1296 
23579 3781 3862 1302 1303 
23580 1302 3862 3781 1296 
23581 1270 1565 4064 1564 
23582 4064 1565 1270 1567 
23583 1800 1770 4099 1772 
23584 4099 1770 1800 1799 
23585 1772 1771 3981 1773 
23586 3981 1771 1772 1770 
23587 2245 2260 3226 2259 
23588 3226 2260 2245 2246 
23589 2214 2230 2911 2228 
23590 2911 2230 2214 2216 
23591 1812 2302 4277 1813 
23592 1812 4277 2302 1836 
23593 2244 2242 3476 2243 
23594 3476 2242 2244 2229 
23595 1811 1838 3650 1837 
23596 3650 1838 1811 1814 
23597 1771 2257 3226 2259 
23598 3226 2257 1771 1769 
23599 2248 2231 4107 2232 
23600 2248 4107 2231 2247 
23601 3532 4107 2231 2232 
23602 3532 2231 4107 2247 
23603 1747 1749 4235 1750 
23604 4235 1749 1747 1748 
23605 1421 1409 3594 1420 
23606 3594 1409 1421 1410 
23607 2231 2216 3532 2217 
23608 2231 3532 2216 2230 
23609 2246 2228 3226 2230 
23610 2246 3226 2228 2245 
23611 1773 2259 3981 2260 
23612 1773 3981 2259 1771 
23613 1818 1794 3921 1795 
23614 1818 3921 1794 1817 
23615 1387 1755 2984 1380 
23616 1387 2984 1755 1394 
23617 4162 1375 4338 1062 
23618 4162 4338 1375 1370 
23619 1052 4338 1375 1062 
23620 1052 1375 4338 1370 
23621 1364 1359 4162 1358 
23622 4162 1359 1364 1365 
23623 1750 2247 3183 2248 
23624 1750 3183 2247 1749 
23625 1720 1718 3438 1719 
23626 3438 1718 1720 1711 
23627 1754 1740 3379 1741 
23628 3379 1740 1754 1753 
23629 1752 1778 3379 1777 
23630 1752 3379 1778 1753 
23631 3147 3379 1778 1777 
23632 3147 1778 3379 1753 
23633 1729 2233 4107 1719 
23634 4107 2233 1729 1739 
23635 4107 3438 1729 1719 
23636 1751 1750 4235 1738 
23637 4235 1750 1751 1747 
23638 1739 1737 4235 1738 
23639 1739 4235 1737 1729 
23640 1738 2248 4235 1739 
23641 1738 4235 2248 1750 
23642 1748 2260 3981 1749 
23643 1748 3981 2260 1773 
23644 1257 3848 3847 1256 
23645 3847 3848 1257 1244 
23646 3847 1243 1257 1256 
23647 1257 1243 3847 1244 
23648 1901 1863 3264 1864 
23649 1901 3264 1863 1900 
23650 1836 4277 3166 1812 
23651 3166 4277 1836 1835 
23652 3166 1834 1836 1812 
23653 1836 1834 3166 1835 
23654 2302 2324 4228 2303 
23655 2302 4228 2324 2323 
23656 3030 1813 4122 1812 
23657 3030 4122 1813 1787 
23658 1811 4122 1813 1812 
23659 1811 1813 4122 1787 
23660 2324 2346 3405 2325 
23661 3405 2346 2324 2345 
23662 2274 1765 3482 2273 
23663 2274 3482 1765 2275 
23664 2434 2414 3403 2415 
23665 2434 3403 2414 2433 
23666 1770 1769 3981 1771 
23667 3981 1769 1770 1768 
23668 1761 2271 3151 1762 
23669 3151 2271 1761 1793 
23670 2257 2243 3476 2242 
23671 3476 2243 2257 2258 
23672 2275 1767 3482 1765 
23673 2275 3482 1767 1769 
23674 2291 3132 2273 2274 
23675 2275 2575 3132 2558 
23676 2275 3132 2575 2274 
23677 2520 2229 3476 2244 
23678 2520 3476 2229 2215 
23679 2112 2133 3829 2132 
23680 2112 3829 2133 2113 
23681 2546 2526 3753 2527 
23682 3753 2526 2546 2545 
23683 2546 2565 3753 2564 
23684 3753 2565 2546 2547 
23685 2342 1859 3769 2340 
23686 2342 3769 1859 2343 
23687 1859 1857 3890 1858 
23688 1859 3890 1857 1860 
23689 4246 1861 3890 1835 
23690 4246 3890 1861 1857 
23691 1860 3890 1861 1835 
23692 1860 1861 3890 1857 
23693 1920 1898 3588 1899 
23694 3588 1898 1920 1919 
23695 1897 1919 3588 1918 
23696 3588 1919 1897 1898 
23697 1896 1918 3914 1917 
23698 3914 1918 1896 1897 
23699 1899 1861 4246 1862 
23700 4246 1861 1899 1898 
23701 4246 3588 1899 1862 
23702 1899 3588 4246 1898 
23703 1898 1857 4246 1861 
23704 1898 4246 1857 1897 
23705 1010 1000 4053 1009 
23706 4053 1000 1010 1001 
23707 1924 1479 3771 1478 
23708 1924 3771 1479 1925 
23709 1922 1477 3413 1476 
23710 1922 3413 1477 1923 
23711 1921 1476 3413 1475 
23712 1921 3413 1476 1922 
23713 2130 2109 3984 2110 
23714 3984 2109 2130 2129 
23715 2147 2165 4397 2164 
23716 2147 4397 2165 2148 
23717 2131 2110 3829 2111 
23718 2131 3829 2110 2130 
23719 3178 3829 2110 2111 
23720 3178 2110 3829 2130 
23721 2037 2010 3420 2011 
23722 2037 3420 2010 2036 
23723 4404 2150 3829 2132 
23724 4404 3829 2150 2149 
23725 2131 3829 2150 2132 
23726 2131 2150 3829 2149 
23727 2062 2034 3420 2035 
23728 3420 2034 2062 2061 
23729 2090 2059 3178 2060 
23730 2090 3178 2059 2089 
23731 2088 2112 3178 2111 
23732 3178 2112 2088 2089 
23733 2090 2114 3776 2113 
23734 2090 3776 2114 2091 
23735 870 1254 3797 887 
23736 870 3797 1254 869 
23737 2159 1692 4073 1693 
23738 4073 1692 2159 1701 
23739 1693 1683 4073 1684 
23740 4073 1683 1693 1692 
23741 1683 1672 3481 1673 
23742 3481 1672 1683 1682 
23743 1343 1335 3638 1342 
23744 3638 1335 1343 1336 
23745 997 998 4388 999 
23746 997 4388 998 989 
23747 4388 989 3581 998 
23748 4388 3581 989 979 
23749 1337 3581 989 998 
23750 1337 989 3581 979 
23751 1001 988 4053 1000 
23752 4053 988 1001 990 
23753 997 3244 4053 1007 
23754 4053 1009 997 1007 
23755 997 1009 4053 1000 
23756 990 977 4388 988 
23757 4388 977 990 980 
23758 888 905 4219 889 
23759 888 4219 905 904 
23760 394 365 3706 393 
23761 3706 365 394 367 
23762 30 439 3992 46 
23763 3992 439 30 29 
23764 439 418 3357 438 
23765 3357 418 439 419 
23766 437 456 3153 438 
23767 437 3153 456 455 
23768 472 491 4301 473 
23769 472 4301 491 490 
23770 1018 518 3835 501 
23771 1018 3835 518 535 
23772 1357 1016 3737 1008 
23773 1357 3737 1016 1025 
23774 1015 1008 3737 1016 
23775 3737 1008 1015 1007 
23776 1025 1024 4384 1016 
23777 1025 4384 1024 1026 
23778 535 534 4019 518 
23779 535 4019 534 536 
23780 1186 1473 3415 1474 
23781 3415 1473 1186 1185 
23782 1195 1204 3642 1196 
23783 1195 3642 1204 1203 
23784 1468 1476 3490 1477 
23785 1468 3490 1476 1467 
23786 3413 3490 1476 1477 
23787 3413 1476 3490 1467 
23788 1136 1429 3218 1428 
23789 1136 3218 1429 1447 
23790 1015 1028 3597 1017 
23791 1015 3597 1028 1027 
23792 2259 2242 3226 2245 
23793 2259 3226 2242 2257 
23794 943 1303 3781 932 
23795 943 3781 1303 1310 
23796 620 600 2986 619 
23797 620 2986 600 601 
23798 1764 4340 1765 1763 
23799 4162 1742 1732 1381 
23800 4162 1732 1742 3310 
23801 4358 3178 2747 3635 
23802 4358 2747 3178 3340 
23803 3393 4177 3530 2864 
23804 3530 4177 3393 3196 
23805 4309 1282 3862 3517 
23806 4309 3862 1282 1289 
23807 2290 3132 2273 2291 
23808 2273 3132 2290 2289 
23809 1124 1112 3218 1123 
23810 1124 3218 1112 3609 
23811 3610 3218 1112 1123 
23812 3610 1112 3218 3609 
23813 4148 4328 3807 2712 
23814 3807 4328 4148 3245 
23815 3449 2192 2208 2207 
23816 3449 2208 2192 3317 
23817 4286 1786 3205 1790 
23818 4286 3205 1786 4122 
23819 1789 3205 1786 1790 
23820 1789 1786 3205 4122 
23821 3468 661 4392 3305 
23822 3468 4392 661 662 
23823 638 4392 661 3305 
23824 638 661 4392 662 
23825 880 1264 3636 867 
23826 880 3636 1264 882 
23827 1765 1766 4340 1764 
23828 4340 1766 1765 1767 
23829 911 4309 1289 922 
23830 1289 4309 911 1284 
23831 4333 1454 1456 1457 
23832 4333 1456 1454 4027 
23833 1460 1461 4016 1169 
23834 4016 1461 1460 1462 
23835 4016 3325 1170 1462 
23836 1461 1170 4016 1169 
23837 4016 1170 1461 1462 
23838 3325 1438 1462 1460 
23839 1442 1462 3325 1438 
23840 1442 3325 1462 1444 
23841 4195 2364 3100 2363 
23842 4195 3100 2364 3429 
23843 4328 2854 2712 4177 
23844 2712 2854 4328 3022 
23845 3959 78 61 2876 
23846 3959 61 78 81 
23847 3571 4308 931 2856 
23848 3571 931 4308 921 
23849 4309 931 4308 2856 
23850 4309 4308 931 921 
23851 60 2985 59 43 
23852 60 59 2985 3911 
23853 4025 55 3216 3485 
23854 3216 55 4025 56 
23855 359 4290 4031 2818 
23856 4031 4290 359 385 
23857 4011 2051 2050 4203 
23858 2050 2051 4011 2080 
23859 1638 3215 4087 3862 
23860 1638 4087 3215 1649 
23861 2544 3753 3692 2865 
23862 2544 3692 3753 2545 
23863 909 4309 1284 911 
23864 1284 898 4309 909 
23865 4309 898 1284 1276 
23866 3391 1170 4016 3325 
23867 4016 1170 3391 1169 
23868 3864 603 3068 3416 
23869 3068 603 3864 602 
23870 1729 4107 4235 3438 
23871 4235 4107 1729 1739 
23872 3848 1226 1225 3301 
23873 1225 1226 3848 1246 
23874 1225 1245 3848 3301 
23875 3848 1245 1225 1246 
23876 4053 997 988 3244 
23877 988 997 4053 1000 
$EndElements
