$MeshFormat
4.1 0 8
$EndMeshFormat
$Entities
0 0 1 1
1 -78.168808 -20.896246 28.5383892 7.549408440000001 45.3586845 100.605141 0 0 
1 -78.168808 -20.896246 28.5383892 7.549408440000001 45.3586845 100.605141 0 1 1 
$EndEntities
$Nodes
2 1814 1 1814
2 1 0 1618
1
2
3
4
5
6
7
8
9
10
11
12
13
14
15
16
17
18
19
20
21
22
23
24
25
26
27
28
29
30
31
32
33
34
35
36
37
38
39
40
41
42
43
44
45
46
47
48
49
50
51
52
53
54
55
56
57
58
59
60
61
62
63
64
65
66
67
68
69
70
71
72
73
74
75
76
77
78
79
80
81
82
83
84
85
86
87
88
89
90
91
92
93
94
95
96
97
98
99
100
101
102
103
104
105
106
107
108
109
110
111
112
113
114
115
116
117
118
119
120
121
122
123
124
125
126
127
128
129
130
131
132
133
134
135
136
137
138
139
140
141
142
143
144
145
146
147
148
149
150
151
152
153
154
155
156
157
158
159
160
161
162
163
164
165
166
167
168
169
170
171
172
173
174
175
176
177
178
179
180
181
182
183
184
185
186
187
188
189
190
191
192
193
194
195
196
197
198
199
200
201
202
203
204
205
206
207
208
209
210
211
212
213
214
215
216
217
218
219
220
221
222
223
224
225
226
227
228
229
230
231
232
233
234
235
236
237
238
239
240
241
242
243
244
245
246
247
248
249
250
251
252
253
254
255
256
257
258
259
260
261
262
263
264
265
266
267
268
269
270
271
272
273
274
275
276
277
278
279
280
281
282
283
284
285
286
287
288
289
290
291
292
293
294
295
296
297
298
299
300
301
302
303
304
305
306
307
308
309
310
311
312
313
314
315
316
317
318
319
320
321
322
323
324
325
326
327
328
329
330
331
332
333
334
335
336
337
338
339
340
341
342
343
344
345
346
347
348
349
350
351
352
353
354
355
356
357
358
359
360
361
362
363
364
365
366
367
368
369
370
371
372
373
374
375
376
377
378
379
380
381
382
383
384
385
386
387
388
389
390
391
392
393
394
395
396
397
398
399
400
401
402
403
404
405
406
407
408
409
410
411
412
413
414
415
416
417
418
419
420
421
422
423
424
425
426
427
428
429
430
431
432
433
434
435
436
437
438
439
440
441
442
443
444
445
446
447
448
449
450
451
452
453
454
455
456
457
458
459
460
461
462
463
464
465
466
467
468
469
470
471
472
473
474
475
476
477
478
479
480
481
482
483
484
485
486
487
488
489
490
491
492
493
494
495
496
497
498
499
500
501
502
503
504
505
506
507
508
509
510
511
512
513
514
515
516
517
518
519
520
521
522
523
524
525
526
527
528
529
530
531
532
533
534
535
536
537
538
539
540
541
542
543
544
545
546
547
548
549
550
551
552
553
554
555
556
557
558
559
560
561
562
563
564
565
566
567
568
569
570
571
572
573
574
575
576
577
578
579
580
581
582
583
584
585
586
587
588
589
590
591
592
593
594
595
596
597
598
599
600
601
602
603
604
605
606
607
608
609
610
611
612
613
614
615
616
617
618
619
620
621
622
623
624
625
626
627
628
629
630
631
632
633
634
635
636
637
638
639
640
641
642
643
644
645
646
647
648
649
650
651
652
653
654
655
656
657
658
659
660
661
662
663
664
665
666
667
668
669
670
671
672
673
674
675
676
677
678
679
680
681
682
683
684
685
686
687
688
689
690
691
692
693
694
695
696
697
698
699
700
701
702
703
704
705
706
707
708
709
710
711
712
713
714
715
716
717
718
719
720
721
722
723
724
725
726
727
728
729
730
731
732
733
734
735
736
737
738
739
740
741
742
743
744
745
746
747
748
749
750
751
752
753
754
755
756
757
758
759
760
761
762
763
764
765
766
767
768
769
770
771
772
773
774
775
776
777
778
779
780
781
782
783
784
785
786
787
788
789
790
791
792
793
794
795
796
797
798
799
800
801
802
803
804
805
806
807
808
809
810
811
812
813
814
815
816
817
818
819
820
821
822
823
824
825
826
827
828
829
830
831
832
833
834
835
836
837
838
839
840
841
842
843
844
845
846
847
848
849
850
851
852
853
854
855
856
857
858
859
860
861
862
863
864
865
866
867
868
869
870
871
872
873
874
875
876
877
878
879
880
881
882
883
884
885
886
887
888
889
890
891
892
893
894
895
896
897
898
899
900
901
902
903
904
905
906
907
908
909
910
911
912
913
914
915
916
917
918
919
920
921
922
923
924
925
926
927
928
929
930
931
932
933
934
935
936
937
938
939
940
941
942
943
944
945
946
947
948
949
950
951
952
953
954
955
956
957
958
959
960
961
962
963
964
965
966
967
968
969
970
971
972
973
974
975
976
977
978
979
980
981
982
983
984
985
986
987
988
989
990
991
992
993
994
995
996
997
998
999
1000
1001
1002
1003
1004
1005
1006
1007
1008
1009
1010
1011
1012
1013
1014
1015
1016
1017
1018
1019
1020
1021
1022
1023
1024
1025
1026
1027
1028
1029
1030
1031
1032
1033
1034
1035
1036
1037
1038
1039
1040
1041
1042
1043
1044
1045
1046
1047
1048
1049
1050
1051
1052
1053
1054
1055
1056
1057
1058
1059
1060
1061
1062
1063
1064
1065
1066
1067
1068
1069
1070
1071
1072
1073
1074
1075
1076
1077
1078
1079
1080
1081
1082
1083
1084
1085
1086
1087
1088
1089
1090
1091
1092
1093
1094
1095
1096
1097
1098
1099
1100
1101
1102
1103
1104
1105
1106
1107
1108
1109
1110
1111
1112
1113
1114
1115
1116
1117
1118
1119
1120
1121
1122
1123
1124
1125
1126
1127
1128
1129
1130
1131
1132
1133
1134
1135
1136
1137
1138
1139
1140
1141
1142
1143
1144
1145
1146
1147
1148
1149
1150
1151
1152
1153
1154
1155
1156
1157
1158
1159
1160
1161
1162
1163
1164
1165
1166
1167
1168
1169
1170
1171
1172
1173
1174
1175
1176
1177
1178
1179
1180
1181
1182
1183
1184
1185
1186
1187
1188
1189
1190
1191
1192
1193
1194
1195
1196
1197
1198
1199
1200
1201
1202
1203
1204
1205
1206
1207
1208
1209
1210
1211
1212
1213
1214
1215
1216
1217
1218
1219
1220
1221
1222
1223
1224
1225
1226
1227
1228
1229
1230
1231
1232
1233
1234
1235
1236
1237
1238
1239
1240
1241
1242
1243
1244
1245
1246
1247
1248
1249
1250
1251
1252
1253
1254
1255
1256
1257
1258
1259
1260
1261
1262
1263
1264
1265
1266
1267
1268
1269
1270
1271
1272
1273
1274
1275
1276
1277
1278
1279
1280
1281
1282
1283
1284
1285
1286
1287
1288
1289
1290
1291
1292
1293
1294
1295
1296
1297
1298
1299
1300
1301
1302
1303
1304
1305
1306
1307
1308
1309
1310
1311
1312
1313
1314
1315
1316
1317
1318
1319
1320
1321
1322
1323
1324
1325
1326
1327
1328
1329
1330
1331
1332
1333
1334
1335
1336
1337
1338
1339
1340
1341
1342
1343
1344
1345
1346
1347
1348
1349
1350
1351
1352
1353
1354
1355
1356
1357
1358
1359
1360
1361
1362
1363
1364
1365
1366
1367
1368
1369
1370
1371
1372
1373
1374
1375
1376
1377
1378
1379
1380
1381
1382
1383
1384
1385
1386
1387
1388
1389
1390
1391
1392
1393
1394
1395
1396
1397
1398
1399
1400
1401
1402
1403
1404
1405
1406
1407
1408
1409
1410
1411
1412
1413
1414
1415
1416
1417
1418
1419
1420
1421
1422
1423
1424
1425
1426
1427
1428
1429
1430
1431
1432
1433
1434
1435
1436
1437
1438
1439
1440
1441
1442
1443
1444
1445
1446
1447
1448
1449
1450
1451
1452
1453
1454
1455
1456
1457
1458
1459
1460
1461
1462
1463
1464
1465
1466
1467
1468
1469
1470
1471
1472
1473
1474
1475
1476
1477
1478
1479
1480
1481
1482
1483
1484
1485
1486
1487
1488
1489
1490
1491
1492
1493
1494
1495
1496
1497
1498
1499
1500
1501
1502
1503
1504
1505
1506
1507
1508
1509
1510
1511
1512
1513
1514
1515
1516
1517
1518
1519
1520
1521
1522
1523
1524
1525
1526
1527
1528
1529
1530
1531
1532
1533
1534
1535
1536
1537
1538
1539
1540
1541
1542
1543
1544
1545
1546
1547
1548
1549
1550
1551
1552
1553
1554
1555
1556
1557
1558
1559
1560
1561
1562
1563
1564
1565
1566
1567
1568
1569
1570
1571
1572
1573
1574
1575
1576
1577
1578
1579
1580
1581
1582
1583
1584
1585
1586
1587
1588
1589
1590
1591
1592
1593
1594
1595
1596
1597
1598
1599
1600
1601
1602
1603
1604
1605
1606
1607
1608
1609
1610
1611
1612
1613
1614
1615
1616
1617
1618
-49.2108803 -17.451128 99.24973300000001
-47.0028954 -18.2039928 99.457077
-47.5026588 -16.9860363 100.587502
-46.5963402 -14.4157047 100.605141
-44.575119 -6.68525362 100.594643
-46.2521591 -3.97510457 100.591057
-46.7564354 -9.553642269999999 100.594093
-44.3788567 1.04671419 99.2088318
-41.5661163 0.763098598 100.593445
-42.0921173 2.04062891 100.045509
-38.776741 1.99672997 99.6864243
-39.1331482 0.607872665 100.588562
-36.3638458 -7.05339289 99.4062958
-37.7629547 -5.46382618 100.601875
-38.9167519 -5.92651796 99.4073868
-34.1947784 -6.0896101 99.3131485
-34.7749481 -5.44594526 100.570518
-33.1299324 -3.888978 99.56794739999999
-34.0890884 -1.58057916 99.2363892
-34.7813492 -2.61180115 100.590935
-36.7217789 0.76074177 99.1005478
-36.5045967 -1.62627411 100.589417
-35.681881 -0.562902629 99.9046249
-41.9731979 -6.38489056 99.39894870000001
-41.5778923 -4.31342125 100.570137
-38.8738976 -1.34700584 100.597626
-44.3905716 -1.52356851 100.594856
-38.8738976 -3.86943078 100.597649
-49.6411324 -20.0922794 96.4245682
-47.9858055 -19.3722591 96.9944687
-48.9489975 -19.3141384 98.8535385
-44.7388802 -14.6852703 99.3696594
-45.6310081 -14.9278784 96.6952515
-43.6871719 -12.3110914 96.49694820000001
-47.8766594 -12.0929832 99.52886959999999
-49.3220673 -10.2230225 97.1103973
-49.4748688 -12.0014601 96.62845609999999
-36.4985847 -6.71807194 96.28746030000001
-47.541996 -3.81657386 99.4642029
-48.0327568 -3.68591142 96.573494
-48.3397789 -7.89265776 99.800499
-36.3504791 2.41741681 96.8154449
-41.7677994 3.69870639 98.18096920000001
-43.9411736 3.76804209 96.56403349999999
-38.7340088 4.22206736 97.1249466
-50.3652077 -17.3157024 96.69956209999999
-38.2076263 -5.70275974 97.2519836
-46.5859985 -1.73748493 99.0778656
-45.3293457 -0.5420609709999999 100.103607
-45.4714165 0.97020483 96.8732986
-31.8704395 -4.01963663 95.68482969999999
-33.8611336 -6.72856045 96.49448390000001
-31.4428749 -6.75198603 95.6926575
-43.5114098 -12.2335234 99.4328766
-51.6248856 -17.4277668 93.6443558
-51.3124237 -20.0427074 95.09101099999999
-33.8883934 -9.166156770000001 94.92333979999999
-35.7307625 -6.62120628 93.7215424
-31.296814 -4.05467844 93.57009119999999
-30.5544472 -7.06711912 93.4863663
-36.7116508 -3.99879432 93.6922989
-38.9144745 -4.09386349 96.40683749999999
-38.4588203 -1.16752863 94.38633729999999
-33.7277565 1.23552489 93.7359467
-33.3790588 -1.26754475 96.5776596
-41.9509163 -1.2566067 93.92327880000001
-38.7860947 1.53269446 93.50393680000001
-39.3915634 -1.84409022 95.48402400000001
-40.9019508 -1.87371182 95.49845120000001
-50.0251389 -9.59757233 93.47183990000001
-41.7848396 6.39747953 95.375145
-48.5997849 -3.97193432 92.23351289999999
-49.988308 -6.65889788 91.87952420000001
-31.3922691 -8.843778609999999 94.6321487
-44.4568863 6.22171259 93.6056442
-33.7605019 -11.4167862 93.2290802
-31.6173115 -11.4574318 93.05770870000001
-35.5280495 -9.36952782 93.5083542
-35.4035606 -11.1200104 92.70568849999999
-41.006649 2.57361054 93.2907486
-38.5703697 3.79678082 91.97334290000001
-49.4041901 -17.3889618 91.14144899999999
-48.8649406 -17.8608818 93.5161896
-49.6898766 -20.5373516 93.7653961
-51.5918388 -12.5391273 90.5210648
-51.0893936 -13.3731365 93.32784270000001
-46.9080048 -14.1092911 92.1318054
-42.5028801 1.05581057 91.5233078
-42.1275558 3.88656688 91.26987459999999
-32.9596252 1.78760087 91.102951
-36.854351 7.15942144 92.8040695
-46.3436928 6.32159662 90.8348465
-44.3202934 8.78960133 91.3544235
-41.7623329 9.61236763 92.1465149
-38.8810234 7.22954607 94.3106689
-51.8740387 -20.0239449 91.1096878
-46.5792236 3.22451329 90.9967422
-34.1889229 6.54324436 88.76182559999999
-37.0734177 10.696373 90.4116669
-49.39645 -14.9041328 88.5459366
-31.1721611 -12.5939064 91.97789760000001
-34.0477486 -12.2301702 91.23849490000001
-31.6363201 -14.173069 90.4408112
-49.1073723 -6.77646255 96.4465637
-28.9183159 -11.9985723 91.26590729999999
-29.1107311 -13.975071 90.5225449
-28.1496468 -14.8680716 88.6619949
-50.5005379 -10.0142279 89.8157806
-42.7068672 1.3771069 88.5626907
-43.0312004 2.75183463 89.6804199
-35.3166389 1.81274152 87.5441742
-36.8012695 1.18952072 91.47340389999999
-37.0425529 6.3929987 88.473381
-37.2081757 3.44850373 90.75494380000001
-32.8890114 4.73991442 87.4951401
-32.2975998 -0.506822765 89.4222412
-43.4141617 3.9049809 88.46083830000001
-42.5004005 6.92392254 89.1593857
-41.794342 11.8281832 90.8475571
-44.2410507 11.8999271 88.7545013
-38.5057678 14.601759 89.402092
-40.5359688 16.8177509 88.36586
-50.1164627 -20.0820885 91.2475433
-52.1878128 -19.8338051 88.524704
-52.3960419 -17.346674 91.2289734
-36.4245567 17.5467663 87.64359279999999
-33.0996094 -11.6654472 86.9216156
-35.0968513 -9.87116909 90.4773941
-42.9674034 -9.553112029999999 95.4936752
-42.6036987 -6.62901831 96.5776291
-41.3207245 6.18587637 90.71450040000001
-47.1814995 6.56608582 88.5892029
-46.3400574 8.97642899 88.3909302
-44.2082558 -11.9994183 92.3938904
-47.2616005 -11.7121706 86.32790369999999
-49.5501938 -20.2669296 86.0282364
-49.9715805 -20.4643402 88.31504820000001
-52.3119049 -20.1476021 85.42292019999999
-31.4937992 -15.1412106 88.69907379999999
-29.0945663 -16.3598423 87.8034744
-30.5284157 -16.534605 86.7354813
-50.7257233 -17.6846867 85.8383942
-50.0570145 -14.2404814 86.2725372
-28.2320518 -17.0956593 86.1552429
-26.7456303 -15.6555328 85.6941071
-25.4859028 -11.9777298 83.61563870000001
-42.8451767 -5.31038284 88.5536804
-42.6502571 -3.86951518 91.1384659
-31.5609608 0.284595311 86.2880783
-30.4637871 -3.76691413 88.6911621
-53.3949509 -11.8598824 83.96643829999999
-53.911644 -14.5487175 85.56823730000001
-52.8458519 -14.5779705 88.6368027
-42.5935059 -1.35207427 86.3617935
-42.5503349 1.25334513 86.1302414
-38.8567963 11.8310509 87.93872829999999
-38.8354912 9.1468153 89.12616730000001
-41.4431458 9.1427803 88.4894867
-47.4916573 1.65339518 88.6809769
-47.6170425 6.60730696 86.1021118
-46.8833656 9.427125930000001 86.1031723
-32.8590584 9.708715440000001 84.81703950000001
-33.407177 13.156455 86.59226990000001
-34.8231277 9.64784336 88.23162840000001
-41.2097244 11.6987686 88.1905975
-41.8375168 12.0437641 86.2068405
-44.3894234 19.1131191 83.4589462
-39.1147919 22.6835556 83.4092636
-43.6454735 6.35229492 87.51397710000001
-43.4445152 9.12936783 85.4411621
-38.8389854 17.0412598 85.41552729999999
-36.3197289 17.3713913 85.60694119999999
-36.4676819 14.4225121 85.7637711
-33.9668655 18.1815567 86.0696411
-31.8345547 17.6334381 85.0167465
-54.2623978 -14.6683483 83.1248016
-38.768795 -14.5781374 86.0214615
-37.968647 -13.7034492 84.4742126
-38.7596245 -12.4085636 83.276062
-40.383091 -12.7844763 85.4889069
-41.6506538 -14.6553192 85.6484985
-26.0172768 -7.25835323 83.023056
-27.5347176 -11.991931 88.8489304
-34.3616257 -9.20510101 86.5325775
-33.7946777 -6.8106575 83.1240311
-30.9898071 -11.6614075 82.98030850000001
-28.5523453 -4.01983356 83.2052841
-29.9327412 -5.20674658 86.3848495
-28.9693928 -7.07221985 86.6406021
-34.8731422 0.07293185589999999 83.77832789999999
-35.1667709 -2.17924404 87.7457733
-43.5461655 3.78874946 86.0078659
-43.8466187 6.49319363 83.1805344
-43.2848167 4.36964607 83.50394439999999
-42.9861679 12.9617395 83.8532944
-35.5158234 9.52531052 83.1031036
-35.1559563 14.405386 84.51697540000001
-49.5692101 -20.0510807 83.2350082
-53.9834404 -16.7900734 83.2421646
-52.7219391 -17.4131889 86.3752441
-53.9578094 -16.43083 85.6564331
-52.4317818 -17.4463177 83.0174255
-28.381897 -17.5382938 83.4084167
-30.9873371 -15.2576685 85.5651093
-36.5030556 -14.7168856 83.18266300000001
-37.2982712 -16.1351471 85.2008438
-36.4018669 -17.3023872 83.18421170000001
-52.6976852 -9.7788229 82.3451767
-50.6813965 -8.329433440000001 85.24635309999999
-51.0680733 -6.01804352 82.1033173
-35.7493553 -3.24189782 91.444603
-48.9348373 -0.794267476 81.1040955
-50.0100021 -3.80905795 85.6764221
-49.3022881 -3.99601388 88.53379820000001
-35.0902634 3.83282042 83.6612701
-36.1151276 6.52158117 86.12425229999999
-34.6724243 6.34762621 82.5060196
-39.0038452 6.40505886 90.744072
-34.2811012 24.5858116 82.425087
-28.3567734 -9.493930819999999 88.4661942
-29.8594151 -7.58794117 89.0581818
-33.9418945 12.560009 81.838707
-33.8401299 14.4270134 83.03350829999999
-33.8690948 17.081974 83.21066279999999
-39.0241661 -17.129137 83.2545319
-38.8018913 -16.4165516 85.4261017
-44.1498451 -6.85759544 83.1366043
-45.2733459 -9.134124760000001 84.36801149999999
-48.3097458 -10.6024561 82.1021957
-25.8508072 -3.99170351 80.40237430000001
-32.7043152 -4.09294319 97.12557219999999
-36.1830101 17.9748878 83.3289413
-37.8472328 18.3063774 84.0491486
-46.6300545 14.24757 83.4996567
-47.0026512 20.219902 80.89811709999999
-41.6201439 -4.04674101 96.4873352
-40.9574814 -5.01021767 98.1792755
-54.3334732 -16.9724331 80.41122439999999
-50.3976631 -11.628787 78.35476679999999
-50.6741638 -14.1971502 83.49588780000001
-23.5315952 -10.0228424 80.47947689999999
-24.3659725 -6.47634602 80.50225829999999
-46.8194389 -7.43848658 78.44948580000001
-44.8049965 -5.93662596 78.9683304
-43.2614822 -4.12489319 86.9167862
-43.4573631 -6.88947535 85.8885574
-43.2880974 -3.86958599 83.25597380000001
-34.7535057 -6.73251629 89.9640579
-53.1753731 -17.4275455 88.8112335
-42.7797203 3.18039608 82.51066590000001
-43.8495789 3.89845467 80.3421707
-44.7372284 6.30225801 80.4803848
-42.8646965 1.34490478 83.4359436
-32.0158043 15.3320837 79.82875060000001
-32.741642 13.6503639 80.8628616
-43.5273285 16.1291294 80.7399216
-44.7596092 14.4980326 80.4932632
-38.922802 17.7577991 80.3752289
-36.3274193 17.9410801 80.53789519999999
-44.5982399 24.1773338 81.8980026
-48.6681976 24.3033123 78.60186
-55.4381638 -14.5587568 78.00087739999999
-41.7834282 -12.0107079 80.4168396
-39.0181961 -11.8778286 80.3588791
-43.6281662 -3.88122654 80.49112700000001
-43.2683258 1.28012359 80.4414139
-45.081356 11.9709072 81.0559464
-41.57724 17.0599117 83.2613602
-33.7331123 17.1223793 80.3776321
-28.0625496 23.4518757 80.2279358
-50.9979591 -13.6439981 81.0246506
-48.8448868 -7.86989975 75.4473801
-33.8789062 -4.02611113 80.3808441
-30.9625702 -6.31853294 78.053566
-27.5221176 -3.31861091 81.1666412
-27.8958073 -1.46597326 80.663269
-31.2773113 29.9720879 79.19773859999999
-36.5139046 30.1711979 80.7325821
-36.8836594 -12.8912554 81.2873764
-25.7081375 1.24925733 79.98722840000001
-25.2031021 -1.5464977 79.3802795
-34.8469162 3.23746634 80.5251694
-25.9589958 2.91756916 79.5567703
-28.7100945 3.58711433 80.02389530000001
-30.7345352 6.40993071 80.4436111
-32.4995613 6.77039814 84.76966090000001
-30.4806557 9.26370621 79.9374313
-43.6034279 0.229508713 100.570473
-41.7250862 16.886034 80.45960239999999
-47.1639709 11.5976372 80.6352768
-48.4020042 14.5357904 81.07569119999999
-51.88274 -19.2793674 80.56054690000001
-51.6464005 -18.9573059 78.1558838
-34.3794518 -16.7995243 80.4946594
-36.4133263 -17.8183556 80.4183807
-36.4787445 -17.163662 77.9378662
-54.6730385 -16.9302578 77.94496150000001
-33.7776642 -16.9132919 77.6437912
-34.4927673 -14.8128462 79.963829
-31.7218037 -7.46127272 80.5378723
-29.207058 -12.8723574 80.52364350000001
-40.9119034 -10.6376648 78.8486328
-44.8999939 -3.39176464 77.0289307
-33.933136 2.41685724 78.431366
-33.0525169 -3.62845945 78.2656174
-47.9257317 -2.05633283 88.64985660000001
-42.5535545 -6.54685831 93.7057648
-44.9249268 0.825120866 76.7858047
-34.9328651 6.49124575 80.2543488
-34.1535645 6.57364082 77.9754257
-34.915123 9.63450241 80.0915756
-30.1485443 7.63439226 78.93727869999999
-31.2585087 13.0711784 83.63969419999999
-29.2816658 14.4346447 81.94840240000001
-34.1538773 9.35771561 78.1064301
-44.7112122 14.592247 77.8376083
-46.6367989 11.8672752 77.90724950000001
-24.3252258 22.5323868 77.01522060000001
-25.3750629 20.2797832 78.61146549999999
-39.596714 34.1216278 75.99930569999999
-46.4937973 28.7475243 77.8756714
-39.9703674 28.2492466 81.34870909999999
-46.9279289 0.262806594 92.39126589999999
-36.2481117 -12.6665506 77.5868225
-24.1543999 -14.5470896 79.6526337
-22.6418629 -12.0931063 78.0202713
-50.1891212 -3.11380672 80.3483963
-20.518589 -1.39668489 78.1892319
-20.4169998 1.21035862 78.48506159999999
-45.6184044 3.22564459 76.87096409999999
-46.9368553 6.26826572 77.7992859
-28.3767376 9.321976660000001 77.98518369999999
-27.3700829 14.2641354 79.10569
-35.8930511 18.520752 78.5378571
-33.8543892 17.0926075 77.9842453
-39.2138786 18.0649929 78.0877838
-38.7179375 19.5137939 75.6561279
-29.1472435 -9.704367639999999 77.8325348
-44.6827965 -16.3582668 77.969696
-44.5040207 -17.0059204 80.4632797
-46.1377945 -15.4976168 80.28006739999999
-52.6865997 -3.28320742 76.2337418
-49.8965569 -1.42620814 77.9471283
-42.8317833 -9.58559704 89.86572270000001
-41.6126328 -10.2033806 76.4911499
-16.4798183 0.412261933 76.28176879999999
-25.6287251 4.06750631 78.4464645
-28.4716225 6.4884057 77.81938169999999
-27.8759155 4.59414339 78.7564163
-47.1885033 9.28701496 80.3248672
-47.3545151 9.288394930000001 77.9123993
-50.85215 26.8433571 75.07797239999999
-39.1033974 -15.0795145 77.84677120000001
-38.6406326 -16.8022385 80.5588913
-33.3176537 -14.2055635 75.51631159999999
-30.9406147 -4.91078997 77.0477753
-21.5826263 -7.18773079 78.1641846
-21.3137398 -9.74215412 77.7023315
-25.7867184 6.7733345 76.5883331
-24.617981 14.4035044 76.2233658
-41.5888481 16.8165989 77.7410355
-53.7220154 -7.55716085 76.34642789999999
-28.0716953 -7.93129206 74.9149475
-49.7177658 3.68107891 75.7796783
-49.5363617 0.107320324 76.65207669999999
-47.7026672 3.85601258 77.742836
-48.1526642 -0.5202217099999999 83.9408798
-47.0990906 11.818326 75.3099442
-44.1012878 14.2509651 75.5393066
-34.3524666 17.0141296 75.4175568
-33.5972595 14.4711475 75.1449966
-21.4271145 18.7916126 74.7287979
-40.6037636 19.0131168 75.35891719999999
-41.9783211 17.3212624 75.3186874
-25.0242767 27.6998196 75.02166750000001
-27.572422 30.2629147 76.2547836
-47.5454445 31.2826424 73.3832855
-34.9835129 34.1111259 76.04623410000001
-49.3701897 -17.3867588 77.88699339999999
-47.0475616 -17.4365654 75.404129
-47.321701 -17.1059895 77.6822968
-31.5029736 -17.3876457 75.3912048
-30.5542946 -18.3632679 77.7673111
-28.4401665 -18.0113449 75.3271408
-52.0924988 -17.6661243 75.47352600000001
-54.8391571 -16.8442745 74.1543808
-41.9074249 -14.7573719 78.00868989999999
-44.1309662 -15.3893032 75.4630737
-41.8395691 -14.4475279 74.0881653
-26.5203781 -14.5256605 75.3139267
-26.752018 -15.1301775 77.3268051
-27.3531208 -12.4974928 74.78952030000001
-50.2972145 -9.40947723 74.05862430000001
-16.0882339 -4.60064268 74.963356
-44.9663658 9.43566513 80.9754028
-23.6146393 -3.58510995 78.7761459
-19.1047955 -3.82507467 77.0396271
-31.2864113 0.883642495 75.3826294
-33.8622894 6.62131596 75.20344540000001
-32.6398125 4.60503674 74.36415100000001
-24.8585987 9.47647095 75.6324463
-33.3393669 11.9134245 77.9176788
-57.2175751 14.561409 74.5922241
-52.1137695 18.1473827 76.7252045
-55.5855064 19.3351898 74.51019290000001
-56.3709068 -14.575943 74.19805150000001
-22.31036 -14.3181963 74.93812560000001
-56.8497963 -12.132308 74.1103592
-55.3678513 -11.9168301 77.8868332
-54.3248138 -12.1428957 81.3754654
-47.942524 -6.35514832 74.7086563
-28.4492798 -4.17861557 74.5404358
-28.4492989 -1.19356263 74.1739807
-48.7494202 9.03761005 75.3769913
-18.4554634 9.74384212 73.8152008
-18.2889805 14.6629524 74.4992905
-42.5801811 14.2018862 73.17732239999999
-33.1437912 -18.937149 74.5552673
-30.9303551 -19.1027565 75.27580260000001
-41.7160225 -12.5875826 83.241066
-47.8734093 1.06748044 81.6472321
-31.208601 -19.3313179 71.2804871
-28.6820259 -19.216732 72.8153763
-28.4600983 -19.3655109 75.24646
-28.2668972 -17.0670433 72.4288864
-47.3264732 -14.359705 73.0081406
-49.3949432 -15.5815763 72.56620789999999
-48.6482773 -15.9858847 75.4112854
-52.290554 -17.454319 80.4836731
-52.7831993 -11.9269266 72.8003082
-51.9696465 -12.2177315 75.4107056
-52.469574 -14.9345675 73.1512604
-17.200222 -11.2637835 70.4908676
-20.6180611 -11.8814402 75.3077469
-20.916069 -13.1670332 73.0314865
-51.75634 -9.676342959999999 72.3840179
-38.8410873 -8.390599249999999 73.78296659999999
-37.3110428 -10.5721474 76.8672028
-36.1100731 -9.63901997 72.95147710000001
-48.7217712 1.43869007 72.1626816
-48.062191 3.56697893 73.54449459999999
-31.0515862 3.79636121 72.9601059
-49.5089073 6.61255741 72.7697678
-49.2246513 6.70833015 75.3424301
-46.2581215 11.669961 74.16649630000001
-44.2484665 11.7229824 73.37430569999999
-36.3885269 9.358739849999999 85.968689
-36.5003662 11.9800587 86.1966705
-47.2137947 9.4780035 72.5463791
-41.1040192 16.9832172 73.0847931
-54.8671722 23.9317722 72.50735469999999
-30.5235863 33.2100182 73.26313020000001
-39.1168022 -9.997463229999999 77.6004105
-15.358016 -7.72813416 72.8378067
-18.6424751 -10.2392855 75.0700607
-48.7381897 -1.26426244 71.9860611
-48.7890396 -4.04402065 72.76913450000001
-28.7173386 1.19563437 72.7780533
-49.1438026 8.99090672 79.6865768
-55.9667015 3.57565308 72.14228060000001
-51.8473091 0.746549726 73.9098053
-32.8161583 6.94966602 73.2277527
-33.5799828 9.233244900000001 75.2950974
-27.624012 -14.3821106 78.2114029
-60.091217 17.0549755 72.0236511
-62.1974907 14.3461332 71.0208817
-39.9241753 17.9633865 72.23248289999999
-40.4504051 18.7858753 73.7966385
-20.6034374 22.5560188 72.31938169999999
-21.9842072 26.2658024 70.9054184
-41.8437462 -14.7533846 70.1872406
-38.7408905 -14.5343657 74.3988342
-50.6540337 -17.3627758 88.82340240000001
-27.0071087 -7.66729069 73.33963780000001
-26.4930935 -12.1701832 72.56317900000001
-49.9218483 -6.72414732 72.59557340000001
-25.214447 -4.23453665 71.7984161
-25.892168 -6.9246769 71.9464722
-54.827713 0.283533543 72.14895629999999
-26.004034 -14.754385 70.2979126
-52.8768883 9.20280457 76.3658066
-62.4483986 10.1121731 70.9733887
-53.6042252 5.82047033 74.8246765
-44.0623589 9.54846382 72.4257965
-52.4730301 -17.4053707 70.0349731
-36.8172302 -15.7761774 68.64538570000001
-34.1721573 -17.9942074 71.8741531
-35.6296844 -17.0979805 74.08216090000001
-32.290535 -2.40216923 93.9981308
-28.5998573 -15.2879295 69.7543411
-31.523634 -14.9334631 72.0616989
-52.3280678 -14.3758249 70.0009384
-49.5861206 -14.526947 70.0548477
-45.1198959 -16.4760971 75.52761839999999
-44.7875099 -15.6333933 70.2840271
-38.9338417 -14.6161747 69.6927261
-47.5066643 -14.2272663 70.1215134
-46.0367241 -12.1418695 69.70315549999999
-32.2525139 -15.6093988 74.8957214
-41.8380775 -8.90318394 72.4420319
-44.3130951 -11.7721119 73.9288864
-25.4573193 -12.1593513 69.96662139999999
-24.9958401 -9.522414210000001 69.9417953
-14.2328396 3.53773284 74.9369354
-18.9286957 3.78118229 76.990799
-11.1422062 -2.21035552 71.6206284
-49.1192551 4.90596724 70.7817459
-46.672039 6.5823698 71.24821470000001
-7.6724906 8.41866493 69.4290924
-13.1091824 11.7068138 71.3676605
-16.2462845 6.61032343 74.5826569
-38.8174095 19.2881336 73.0178528
-36.2053833 17.2350082 70.05350489999999
-35.8027573 17.4417229 72.7468796
-36.835865 19.4832935 73.94997410000001
-52.3895683 31.1723156 68.0851364
-43.1811714 33.735157 71.44114690000001
-40.1343575 35.3931847 72.77308650000001
-39.5151062 40.7655945 67.27188870000001
-35.1991386 36.2854271 72.7301178
-34.3637505 41.2734261 67.3561859
-47.1745644 -17.055542 72.84101099999999
-26.337162 -17.190382 82.97165680000001
-53.1643028 -9.28022385 70.5540771
-44.2964478 -9.829324720000001 67.21450040000001
-30.3976688 2.72582388 81.8738098
-28.4965057 1.1149267 70.0745926
-58.0243683 0.645825863 69.0000458
-44.1020164 6.95841599 70.9677734
-41.9666748 9.98981285 70.148819
-65.43314359999999 9.68550396 67.8584137
-30.0783005 -9.379697800000001 91.6749039
-44.8884773 36.5317497 69.11445620000001
-28.1631966 -19.5838165 66.71025090000001
-26.0401535 -19.0094624 68.6940613
-25.2943363 -18.0176105 70.2535858
-26.0047379 -17.5881805 72.7855301
-56.7291298 -14.5971241 71.034935
-20.7380714 -13.2894182 69.7825394
-15.8822594 18.9092369 72.0219421
-48.0839691 33.3166809 67.85628509999999
-54.8020554 -16.6062965 70.14643100000001
-49.0718956 -17.2497635 70.5259705
-49.5619698 -17.4353905 75.2640457
-58.0635262 -12.0810709 70.01631159999999
-25.4185123 -0.9977135660000001 69.950119
-26.4282703 0.24622491 71.70088199999999
-31.0193615 3.66996145 69.9229431
-30.1833858 2.04275727 69.1412354
-5.44136715 3.5810957 67.65604399999999
-42.7931061 6.60668612 69.4914169
-38.7409439 9.94726753 91.880127
-28.8332596 17.6321106 81.9499359
-54.4127159 -6.72594404 67.315979
-54.5512123 -9.382843019999999 67.6575699
-41.1453743 -7.95342302 68.3151474
-37.805954 -7.69171667 70.17118840000001
-23.7666817 -6.62996912 69.4317856
-49.7831116 1.25470018 69.8567123
-47.282093 2.70541358 69.2964935
-33.7927704 9.34516621 70.0552673
-33.2984314 9.32790756 72.8024597
-34.157341 12.5437183 72.7081299
-53.4199944 -6.09540033 68.6993179
-51.8169556 -3.968503 69.335289
-49.0841789 8.965812680000001 72.9415207
-49.7565498 -16.0026379 64.8483734
-53.2209473 -16.3968544 65.7182236
-28.4366741 -14.2713814 67.3550644
-49.627182 -13.9092331 67.4445801
-54.1050148 -11.441946 65.6747208
-53.7215424 -12.2611132 70.32978060000001
-53.1169586 -13.0533991 67.0197525
-51.4400215 -1.31306458 67.2485657
-53.0118103 -3.62790775 67.46703340000001
-51.1962929 -1.2690531 68.78543089999999
-49.4600372 0.511664152 68.0356369
-5.91011429 13.9803047 66.6694717
-39.5837402 14.5471268 65.7799759
-40.8475151 13.7322941 70.1334763
-10.7295294 15.8487177 68.84329219999999
-39.2536278 17.3806419 69.9584045
-38.2432823 18.6648769 71.2742233
-55.5717506 28.5147209 67.0590897
-58.9771156 21.6943321 67.14612579999999
-49.6292419 39.4292793 64.46240229999999
-41.5133171 -15.2427912 67.1857071
-30.472435 -13.641119 66.5441055
-32.5023842 -13.2942591 71.1388855
-26.126009 -13.976388 67.0648422
-33.9669647 -9.799843790000001 67.201149
-29.8489895 -2.81114125 84.41109470000001
-28.4331512 1.29625678 80.9517441
-24.7639523 -12.3286686 67.2587585
-22.8601589 -6.97666693 67.2097473
-13.6914196 -9.05138397 68.6700821
-5.25819206 -4.69686174 64.2135925
-57.3235435 -7.78334045 71.30970000000001
-56.8513794 -1.55263662 70.3922043
-59.6592484 -3.35177732 66.1060181
-27.9039993 -0.644410968 67.02899170000001
-25.8086185 -2.05750394 67.4425888
-30.2669678 1.67966235 67.0894699
-52.3390999 -17.5987854 77.8006058
-65.6786118 6.06374502 66.492981
-60.2600021 2.33836389 67.5745087
-34.288269 11.6987133 67.20285029999999
-34.8484421 13.9512777 70.5508652
-33.6118202 9.225852010000001 67.2066956
-63.1353645 17.4347916 66.9252625
-38.6587067 16.7331276 67.31181340000001
-34.654808 14.5261021 67.0358658
-36.2633629 16.9303112 67.10134119999999
-65.3774109 14.8821955 66.14788059999999
-55.740818 -15.3555288 65.5997849
-47.0328407 -12.0061131 67.1713409
-46.8891907 0.879845679 67.55755619999999
-47.676178 -0.9105196 65.5720901
-12.3762341 23.8789425 63.3991661
-19.1372185 25.9124527 67.6736526
-51.1290627 34.6690063 66.37979129999999
-44.6896782 -15.3640318 67.30400849999999
-43.258606 -8.480793 99.92231750000001
-44.728363 4.0282402 69.2512131
-55.7358437 33.0072861 65.4609756
-31.635128 44.1911507 66.14853669999999
-30.2082653 39.2514496 67.9049988
-31.6404457 -19.3158569 66.8984985
-59.2874603 -11.8595772 64.2599945
-59.1373672 -9.486009599999999 68.06354519999999
-52.4983253 -12.3391895 64.627655
-31.8631935 -10.3072214 64.5108795
-41.6471138 -9.352592469999999 64.6763382
-44.5372353 -9.127490999999999 62.0098534
-12.6813869 -9.491320610000001 65.1246414
-7.67311382 -8.042598720000001 63.2551651
-54.4863014 -6.56358957 64.5726166
-60.6173897 -9.45772743 63.0737534
-22.7867088 -3.78368568 67.24166870000001
-23.1797829 -6.86644697 62.7187691
-23.2570019 -4.09567213 64.7495651
-24.1495304 -2.3462894 68.5074539
-27.5155869 -1.5229032 64.2214355
-25.8487682 -3.06521416 64.7728729
-62.402565 -0.744021058 64.611496
-35.3802795 -11.141778 91.8467789
-32.4157295 6.8428297 64.8003616
-32.8379707 6.99148369 67.06204219999999
-19.3892536 29.8821793 66.8525772
-17.8078041 31.6873245 64.7820206
-20.6033974 33.5350952 64.75640110000001
-24.0033436 34.471077 67.62192539999999
-25.5276165 41.3988304 65.08992000000001
-33.3091164 -18.7594032 63.1659012
-31.4186153 -19.2569752 63.1552696
-52.6045952 -15.9633665 63.8907852
-39.7152367 -15.5580664 80.1059647
-33.8242111 -18.1193962 75.5880356
-36.6289635 -16.5320606 64.7470093
-42.085228 -15.5623055 64.6565628
-28.5064163 -14.0766039 64.9235992
-30.3150234 -13.0096378 65.2498856
-49.700882 -11.8149719 64.7157593
-49.2079926 -12.8924179 66.5795135
-23.6727009 -3.77677202 69.80286409999999
-54.2351265 -4.67633724 66.7386398
-52.8463173 -3.84349489 64.42359159999999
-51.6774254 -2.22804642 65.0969925
-34.7448578 -9.76162338 69.975441
-47.5508614 6.44966602 83.35520169999999
-30.4684811 3.49778962 62.5296516
-28.6802902 0.211121038 64.1493073
-68.2436218 0.4869003 62.167675
-34.0472984 14.5570269 64.7109756
-34.4612617 15.9981737 64.1673203
-45.2275009 -13.6483326 100.59523
-57.6685104 32.5974426 62.432663
-42.555397 -3.81343222 93.848465
-44.5593376 -15.2165003 64.6631241
-46.8763084 -10.2285051 64.5067215
-47.6184387 -11.2165422 65.3651733
-33.7331161 -9.78760052 64.6709137
-37.2055435 -9.78399563 64.89257050000001
-36.3774452 -8.648925780000001 67.2103882
-54.1746864 -4.98678255 65.2699738
-40.7422752 11.5148144 64.77922820000001
-33.6789818 11.6475763 64.51650239999999
-70.642662 15.750658 62.0690575
-72.59113309999999 10.0556231 61.4088135
-37.9994659 16.5021114 63.8171806
-8.59413052 17.8542271 64.2501297
-23.6138802 31.955307 69.31426999999999
-29.9426041 35.934227 71.5382843
-20.4573021 35.8899498 64.70069890000001
-21.544836 40.0277176 63.8821678
-24.844059 -18.1933632 66.82434840000001
-31.6358566 4.44136906 67.16740419999999
-20.6355743 30.5693283 64.44544980000001
-56.1725998 38.1045799 60.9287453
-29.5791187 45.3586845 64.1362152
-35.7507019 44.0004768 65.03987119999999
-36.1631584 45.2874832 63.0037956
-47.0549736 -15.4477463 65.17016599999999
-44.4319229 -15.5464678 61.9866791
-46.7367477 -15.2034473 77.7755432
-52.4751282 -10.2257957 61.8461876
-54.3727531 -9.378089900000001 62.148468
-29.2933559 -11.3201485 62.7413063
-38.7667313 -7.87330914 67.8773575
-51.9060478 -4.39772749 62.3339043
-49.7092056 -2.6762712 61.8636017
-61.910408 -5.96254158 61.0943489
-47.3855553 9.287801740000001 82.50334169999999
-46.7870598 0.937835097 62.1288071
-46.1618652 0.890929043 64.649704
0.40448752 1.89546704 61.0037041
-3.21122742 1.28294563 65.316185
-44.0421524 4.6304307 65.1070709
-44.3231812 3.06622815 61.5460358
-74.8884125 5.93145227 58.8195801
-31.5824585 6.77209806 62.2728996
-41.5038834 10.9861813 61.8043213
-39.8372383 13.2306356 62.3032608
0.760442734 14.0736122 59.6131744
-1.99775577 11.9841785 63.9523125
-5.69234562 16.3280258 62.2774696
-36.3713608 16.9174423 61.732357
-67.71957399999999 18.7902775 62.6976814
-63.2432365 24.1724586 62.375824
-66.2250061 24.7090645 59.0620728
-41.6672974 -16.5678825 83.4310455
-23.1542168 33.2120667 64.4317932
-20.4442158 33.881546 61.9680099
-38.9629517 35.7268105 62.5921593
-36.3668633 37.2413216 63.9303894
-35.142643 32.894928 64.1479492
-19.3154888 38.4447861 61.1192284
-37.626339 40.4989166 60.5224152
-31.4948597 40.7447815 60.1617432
-26.4778519 43.4718399 62.0084991
-27.0810776 43.4879761 64.615036
-30.0501461 45.2536697 60.1774254
-25.5539131 -17.3807602 62.1286163
-23.3191833 -16.400938 68.77303310000001
-55.3472862 -14.7755299 60.6151009
-49.6027565 -15.3805037 62.0222511
-47.0694046 -15.0245152 62.0920219
-57.1693611 -14.3318415 66.49533839999999
-28.5410404 -11.7274942 63.4474258
-28.286623 -9.718194009999999 62.1357574
-23.6072807 -4.33178473 61.6257477
-32.9554443 11.7067404 62.0489197
-7.7795372 20.3495274 61.8383636
-11.7178373 27.0133915 62.0788536
-15.069355 27.7671795 62.9226799
-61.9180298 30.2210693 60.1653175
-61.6861572 27.5891094 61.5980339
-36.6091881 28.0327129 62.0673485
-36.6977234 30.8928699 62.3799515
-33.6187057 30.5579567 62.766758
-33.9359093 27.923769 61.8860283
-31.4314709 33.1664162 64.0898895
-23.081459 33.292778 61.9968491
-18.7598114 35.2033348 62.1168365
-41.5561218 -17.2751312 61.7139473
-31.2161522 -10.3528442 62.1265182
-63.1940308 -3.66671348 61.4277077
-48.009201 -0.743402779 62.2422829
-49.8036232 -2.23541117 64.4033127
-33.9762802 14.5254459 62.0797195
-31.7607994 35.9650421 64.4827576
-28.7193813 35.0364151 62.9765434
-28.5009403 30.7550678 61.5732269
-31.41605 30.2108078 61.4186058
-23.7305756 35.5154533 59.1860275
-25.7255611 32.9859428 61.6416283
-10.1225262 -9.832231520000001 62.1621552
-17.5862408 -10.8891382 61.9722366
-25.9696198 -8.61133862 62.5374298
-22.0800419 41.4501762 61.571312
-31.2097816 -19.3335876 58.2488556
-35.6041107 -19.4058342 57.924202
-44.9819641 -18.2984447 56.9486732
-47.5233116 -15.4492483 59.8524284
-41.4331856 -9.22168827 62.1255989
-34.3799095 -9.96795464 61.7795486
-37.6936951 -7.44719934 58.6184883
-23.4834576 -5.63388824 58.2536469
-25.0868587 -3.32502007 62.0706482
-26.3871021 -1.30923259 59.4332542
-22.7619762 19.8561478 44.9950066
-27.2525597 18.3861904 47.2568283
-26.1505871 20.2944984 46.8503456
-41.2502594 36.1751709 61.2245941
-41.7796211 38.5255013 59.827404
-45.0064583 -19.4153194 51.0292282
-39.2093163 -20.7046719 48.6156616
-37.9757576 -20.6243038 51.475666
-62.3129387 25.4026051 49.2411308
-66.20742799999999 26.0522823 48.7447624
-60.7775879 27.5584164 50.8568268
-51.5981903 -3.68588495 56.5322571
-49.3819656 -1.5549382 59.1889114
-51.5172806 -4.06876564 59.0967636
-49.3045502 25.4128666 46.8312416
-45.7456169 25.4128685 49.1943016
-47.2876434 23.3418636 46.393631
-64.48493190000001 32.3317871 50.8377342
-57.772438 30.6690407 52.843235
-46.0807228 28.343523 54.2654724
-44.6697311 28.6700172 56.116993
-41.2013283 25.6252251 56.1031761
-53.2151642 25.4905853 46.4572105
-57.3606758 22.3054924 44.3756714
-59.4246178 24.8226852 46.961441
-49.6765289 27.3393383 48.8759499
-49.5369873 28.7935429 52.1276207
-44.4053955 25.6895943 51.2523155
-38.6632195 -3.45538974 53.9615822
-35.8985481 -5.31804323 53.9179001
-35.6290855 -3.61766505 52.111721
-28.9815884 -16.9605961 41.9577179
-28.1508942 -18.4120197 45.7872009
-31.0919628 -18.2099838 43.3046799
-1.68755233 25.5075798 53.594429
-2.81161737 21.2808628 58.2586555
-1.34228003 21.8000393 54.9956017
-31.080698 -19.3046398 46.6955261
3.73920393 15.2815723 47.6307716
-1.20544267 12.8146944 44.5039177
-1.00129175 19.5381794 49.4213371
-24.4132385 -17.7106037 44.1549034
-23.91889 -17.9992313 45.6720543
-60.0125198 -12.2437191 37.1034012
-62.5487785 -12.1803246 47.2481918
-66.1997757 -10.879159 43.6383514
-38.9625092 6.41679716 48.7660065
-38.8676453 9.28005123 46.329567
-41.3157387 6.05138063 45.728363
-2.24569511 -0.372777969 39.4047966
2.62968183 -1.84697783 48.2888222
-2.84581089 -7.43778658 45.4998589
-26.4639244 3.73159218 48.926136
-27.748827 7.75143051 49.4621582
-26.3701649 6.44477177 48.4852562
-28.0219307 0.921945333 45.7708168
-31.0545349 1.16139841 46.2506523
-28.9228573 -0.630461991 46.603199
-41.6451874 14.3650322 28.7085991
-46.5543785 12.5376625 28.7000751
-43.0680046 15.1396227 28.7788467
-57.2997208 35.8660851 55.4204865
-55.2285309 33.2324333 54.5274658
-57.3502007 32.8472672 54.6244888
-60.0446014 32.0951233 54.0727921
-65.75753779999999 32.4577827 56.4626274
-58.9189606 32.6862946 59.5943947
-26.4296265 3.82290435 43.2140007
-25.4280682 6.47623777 46.0546036
-25.200264 5.58349419 40.8773079
-40.7537422 -19.5235443 56.3448524
-12.429534 -13.9774275 51.2388153
-10.1572599 -13.7685862 53.3709831
-12.2782698 -13.8768549 54.1109924
-44.4720421 5.83353424 43.4084053
-41.4751129 9.193024640000001 44.4113693
3.31689143 6.48212862 43.7348099
5.89819098 10.9975319 46.3510246
4.74200964 5.57702684 45.5173302
-11.7020359 -6.79251432 35.6456947
-7.77850866 -8.91938019 41.6385155
-13.9527292 -12.2455931 39.5130539
-36.5777245 10.8997326 45.355484
-38.8967972 11.4982443 43.3200684
-49.4517784 11.7207603 45.5984612
-51.8114128 11.9868088 43.376812
-46.7118988 15.5794878 46.2769508
-20.7308884 14.3501062 42.8325958
-20.5319023 17.2010822 43.5347939
-16.6104832 16.8869057 42.9113197
-71.6513367 11.6450567 42.0522575
-68.6553497 17.0933743 45.4469643
-68.664299 12.2292433 42.1948662
-49.7040024 17.2661114 43.9040794
-20.7070503 -3.79004955 33.7081337
-19.9557095 -5.44654131 34.2167435
-20.5387573 -6.65040827 32.8561707
-9.644251819999999 15.4288282 42.9079857
-13.2212706 18.2736607 43.6959152
-12.4877586 21.6481133 46.182003
-76.8035431 16.0363197 42.9427528
-77.955658 17.3778362 46.0206261
-76.8473053 21.1701698 45.070488
-41.3990517 17.2516041 51.296093
-44.1958733 14.6190624 48.8232155
-43.6124077 17.4743729 48.388485
-20.4430523 20.3310909 44.5516281
-23.0246887 17.3425198 44.4322739
-19.4697704 27.2964096 50.3186874
-18.2632542 29.8214645 54.60606
-14.8957911 28.5298386 53.7511368
-14.8890018 22.1434097 45.9486351
-17.8528805 20.1832924 44.3239784
-17.7447357 22.7271366 46.0441933
-49.4641991 22.7941971 45.2163353
-46.9333611 20.1413288 45.6338577
-48.4884682 21.0390034 44.7887459
-36.3598633 23.019949 61.9939308
-34.8537636 23.2610321 61.5162468
-33.4169922 24.8544559 58.5364532
-34.2602425 22.5583572 59.3071938
-55.0532799 -14.7153044 55.8628044
-57.7332458 -14.8953085 48.8429756
-54.8697662 -15.9399862 48.3072891
-49.001194 3.87011838 43.1002007
-49.7454491 3.76917076 46.0510292
-48.1533318 2.93299747 44.9449348
-47.2022743 1.41616905 46.1842384
-8.747352599999999 27.8848152 58.2824821
-51.6319771 9.446979519999999 43.4947739
-24.8306389 -17.69277 53.1778641
-20.6550255 -16.7623787 51.5868225
-23.3292942 -16.8032856 54.2859344
-25.6217003 6.46219635 38.121376
-26.133831 4.04898548 40.8194771
-26.3613739 1.22579646 49.2358856
-27.0826683 3.78268361 50.7544289
-48.7201691 1.63475096 42.317337
-47.1894264 1.38083351 43.2812233
-30.6066399 -2.48532987 31.5457897
-27.8700771 -3.82746959 32.4998322
-34.0334244 -4.1550498 31.8359699
-25.3363018 22.7334309 47.506176
-28.5409851 20.186491 48.8194733
-34.6505623 17.7698135 58.9537086
-36.9131012 20.0844975 60.1708298
-34.7067795 10.6273842 44.6748581
-34.2646599 9.14212513 45.7492905
-33.16782 9.57478714 43.5398674
-77.94155120000001 2.6405201 51.6567612
-77.47731779999999 -0.230999306 46.805088
-74.4230194 -4.29057026 48.6483879
2.0774281 17.910347 53.2816162
6.2349 14.4333096 55.2777481
6.25105 18.8668823 49.893528
-1.16270208 8.89530182 42.8109131
-4.57555866 13.5674229 44.3062363
-33.896656 14.1905422 35.4831734
-36.27631 16.0234604 35.0355415
-36.339386 14.2628689 38.0101204
-52.625824 17.0694733 42.4390678
-52.6272125 15.2508993 42.3561363
-23.0076694 14.1842365 44.3776436
-52.4804306 20.0195904 43.3637428
-39.4623337 16.729023 55.329937
-38.0780754 19.9429111 58.6635361
-38.1848717 17.0368977 58.9706383
-49.6813469 20.0214367 44.1252441
-44.2002602 -19.1819878 54.8167686
-33.9846268 -19.3277416 43.5683174
-32.2525253 -18.9536552 42.5819817
-27.2380772 -18.4030857 52.9506531
-28.8392143 -19.5037174 54.114933
-28.8295803 -19.2504635 49.8175697
-20.2585564 -17.3736362 43.1703186
-19.8928261 -17.5126629 45.757206
-44.313385 -10.2761831 87.8338852
-26.4364796 9.34601593 47.9521217
-24.1010666 7.75370359 45.0149155
-0.922257125 2.26287031 40.6169548
1.70616758 2.78875732 42.5288391
-50.0668144 9.466545099999999 46.4090919
-50.7460938 6.38348484 45.9900551
-20.4894943 23.7692394 46.739006
-4.2587347 8.56233978 42.1931343
-26.1225758 1.34094262 51.7474174
-24.9826031 -1.2016089 51.1341629
-25.1884842 -1.01319873 53.9778328
-19.9871769 11.6310797 41.5192947
-22.6641293 9.102424620000001 43.358242
-38.9485092 -20.6109791 46.0395203
-36.3593445 -20.6297855 45.9783173
-43.5208092 29.2943726 58.2009964
-51.976326 22.139473 44.3054237
-41.4878235 -19.6098614 44.133194
-55.4778557 16.8534126 41.7920303
-34.147789 -17.0103054 40.202198
-31.3752365 -17.1002579 41.0693932
-71.2115402 -4.19499397 29.7257595
-67.2036209 -3.9490397 28.5383892
-65.0548782 -8.11196709 29.5871353
-22.7810555 -16.423111 39.2673683
-20.6740932 -16.5249805 39.9931564
-48.2769051 -17.1110992 40.6252098
-49.6278725 -17.7150269 46.020237
-54.269413 -15.903162 43.5049019
-70.45568849999999 -8.27108192 40.6020584
-64.50033569999999 -10.2419033 34.6746101
-36.4178352 8.39495945 48.0493317
-18.8657436 30.4495296 60.0414124
-23.1261921 30.100996 62.1758842
-19.7538967 29.239254 62.0806656
-32.9370346 21.8354511 55.2992668
-52.2589073 -14.4850788 77.9099884
-47.8421936 2.15820169 41.4547119
-6.93128777 13.7727642 43.2161255
-6.87147951 8.676321980000001 40.6379929
-38.4783516 -17.662468 39.3768425
-44.3441086 22.758625 48.6198387
-13.2670727 3.48286271 34.2700462
-10.0506706 4.26616049 36.5466156
-10.6160488 1.03289056 36.2789726
-52.5114594 -11.6121426 30.0187378
-44.703228 -9.322214130000001 28.7090912
-47.8874664 -11.6100016 29.9701061
-7.24531221 -10.9104538 55.6966286
-4.75011539 -7.74858522 58.6206741
-53.7501068 11.576334 41.1162567
-77.938942 1.70138562 41.4560699
-44.3778877 -18.1335678 41.0940399
-47.5442352 -18.4714565 47.1202774
-48.9420128 -18.6725769 49.286953
-77.8721161 5.26406336 54.812851
-74.4176483 -0.103640847 55.1302681
-63.5895042 23.1193829 47.7599831
-38.3493881 -19.6899796 42.3423042
-26.0023403 -7.80911636 54.0960007
-28.5840149 -8.25778008 53.8721085
-28.4844475 -9.255087850000001 56.412281
-33.7027473 -20.1201496 46.0039673
-17.843462 -16.5559425 48.7262611
-21.8551235 -17.9279461 49.0460396
-14.7282877 -15.7551394 49.0342827
-16.4873734 -16.0204487 49.8339272
-26.3426037 -1.17718768 49.652977
-28.2714443 -1.84703672 48.8784485
-25.6213875 -3.96772432 51.1160736
-1.83227193 17.0305462 58.878067
-70.0082855 -6.24101353 48.8949356
-67.6514511 -9.08639526 49.9484673
-66.0642319 -6.75155163 54.0824547
-24.9325867 -11.5733719 29.9441967
-20.7484226 -11.1234941 30.6010876
-25.9439278 -13.2120361 33.1109123
-75.87651820000001 -3.18458247 43.0672073
-76.2085266 1.16105771 37.1497154
-7.53197718 17.0166836 45.0585327
-33.6923485 11.9332352 40.7291527
-30.3866444 9.32096958 39.7194748
-31.5590916 11.6026478 39.2055817
-17.1100922 -16.0922089 42.2025261
-13.4897451 -14.4832716 42.2453842
-11.4180927 -14.6338482 45.9819069
-41.9815445 10.8041821 42.6075668
-38.9923935 12.6240406 40.8764
-41.7423859 11.9100599 40.6711273
-36.3539276 14.4170856 88.8499451
-27.5184498 1.06672335 48.1337776
-26.808197 4.1467948 46.2381401
-54.26754 -7.94003296 60.1165352
-36.1601791 12.7202358 40.8099327
-44.9669495 -18.638773 46.8670349
-17.7029247 12.0071077 40.4989891
-18.1942577 14.1880617 42.0324135
-44.5496254 3.6969192 28.7085915
-47.1447144 1.01775038 29.8466091
-48.2937088 4.03869438 29.0798302
-28.3464222 -6.13616896 32.089325
-15.4797831 -14.9440565 51.3498497
-20.4419498 -14.7882786 53.7439804
-55.2639847 14.3465986 40.7805595
-4.70744181 17.8970509 47.7145119
7.54940844 14.4022799 48.2141457
-51.5448532 12.2490492 77.22229
-72.39732360000001 -6.49984169 39.3853035
-6.61327171 3.30151796 39.4944839
-44.7828178 2.37148213 67.1429443
-18.4776688 9.780922889999999 40.0210762
-20.5201855 9.355650900000001 40.8952408
-14.781126 13.8402605 41.4648209
-27.9932327 2.08964682 41.4139214
-26.547451 1.96262157 42.5267601
-21.6741638 27.0638638 49.965107
-23.1452827 29.5668049 53.8501472
-58.2467995 -14.6271095 44.9377174
-41.8367767 -18.6253529 40.7373962
-47.0794563 32.8852272 56.7513847
-46.5716629 35.7320786 58.4425049
-45.4416504 33.8833542 58.4138489
-49.4349174 3.69172072 51.3274689
-46.4653549 5.23936844 53.0115471
-47.0446281 3.75622606 53.9330292
-28.3310661 -9.485219000000001 59.511055
-30.8800697 -9.52733707 57.2936211
-28.6406574 3.67678595 40.3938789
-47.290451 3.7576704 40.9266472
-26.3380833 -13.8792963 65.36831669999999
-25.2601566 -15.1343908 36.9938622
-30.7525387 -15.7360392 39.6467018
-45.4170837 -10.5778313 28.7607403
-31.1509876 -20.1086636 48.8461723
-22.7070408 11.4086971 44.0244827
-9.710038190000001 -4.05121422 35.6478653
-9.184798239999999 0.699831784 37.3776283
-6.71924925 -1.04610801 37.2908897
-30.3642178 26.9139595 55.2730713
-26.484499 30.1385612 56.5543823
-23.1860943 31.0479832 56.5290146
-27.5482521 4.61320257 39.162571
-25.9983978 -1.44364107 72.33669279999999
-9.070838930000001 6.83846521 37.9881897
-20.5536919 31.0504131 56.5579262
-51.5367661 7.09314013 40.3989182
-50.0417709 5.8497901 40.6279297
-49.7239799 6.95266724 39.0591354
-24.0524559 7.46632481 43.1687508
-23.6960716 9.317610739999999 45.2601929
-50.6658859 43.5962029 56.6282921
-53.1769371 42.3125725 59.7831764
-50.1897736 44.1751328 59.6751938
-30.6799412 6.63976288 40.921917
-29.5839348 6.1781249 39.7060204
-28.7156601 9.020035740000001 37.8295288
-20.794281 3.59881473 30.8900661
-18.4670296 1.0796411 32.065834
-24.5148335 1.50728381 30.2009506
-9.98613548 9.04687977 38.6989479
-18.0176601 32.5668716 59.5510941
-13.8191319 32.4832497 55.1262856
-17.9073753 31.3199959 56.8485909
-9.98000431 11.162776 40.2545242
-76.7058411 16.7391453 51.1171684
-75.5603409 13.0956888 56.0145988
-75.30219270000001 16.8824501 53.5452766
-48.7693977 9.39381504 38.3256378
-44.6245155 9.3873558 40.5623665
-44.6328583 11.8978357 38.3084106
-26.2984314 -18.9008484 64.71919250000001
-55.6426735 11.4777784 38.2048836
-54.5575562 10.0242863 38.372673
-57.6617317 -3.18986011 28.7532959
-50.5370026 -6.85972881 28.7122765
-55.7631226 -10.4928064 28.7717495
-17.535408 9.12470531 38.30019
-23.4215145 11.1451406 32.8313942
-23.0644226 9.42116261 35.7366447
-22.3151379 10.0852509 32.4527168
-48.3880272 -16.0801811 36.4362602
-14.4711151 26.8647709 51.533699
-31.2533073 -20.109024 54.1548233
-27.1867428 -18.5743542 48.6278191
-18.2390499 -15.2787619 39.7081223
-6.73454428 -4.20129728 37.8694992
-49.7413521 3.7052629 40.4486847
-28.5040894 1.19297194 59.2058716
-28.3185425 1.18283617 56.5151634
-27.3643131 -0.398471206 57.1569252
-7.03438663 1.15176797 38.5228806
-68.10694890000001 -8.82798195 35.0532036
-49.7195587 -8.0562706 56.2588081
-46.7004089 -7.6228981 56.8332367
-49.5803947 -6.51605272 53.93396
-46.901207 6.45275354 40.4121361
-69.3761215 6.14420319 38.8902664
-25.5921001 9.726861 36.1807823
-25.7911568 8.46755505 37.1003799
-29.5802059 3.15660048 59.9593277
-23.1869946 -14.444561 36.0439606
-44.4403419 30.900856 56.5787659
-25.5028744 24.9502926 49.3287239
-27.6508026 23.1310921 49.322628
-28.2150993 26.0210247 51.9441376
-34.0573082 -20.6863766 51.9213295
-31.2654572 -20.458416 51.3630447
-73.0658798 14.5931034 59.0382156
1.07731378 20.2638569 51.2710533
-57.9496651 37.127739 59.7342072
-51.663765 7.21483946 38.9968948
-49.553524 33.2557297 56.503933
-49.6172676 35.8784866 56.5538597
-47.768261 36.0866356 57.5560303
-23.3575439 -4.01064205 51.9765968
-22.5358295 -3.68409705 53.9386559
-34.7749481 8.42690754 47.3958702
-34.2255096 6.18179321 48.7061272
-1.84688675 27.8823395 54.0573769
-4.18538857 25.1225281 52.3326492
-4.00882721 28.2466354 53.7379875
-14.8649807 24.837141 48.8260651
-63.5642776 14.7417383 41.1012535
-66.3861313 18.5962658 45.909687
-62.0310173 15.948864 41.7372475
-52.6780434 9.333092690000001 40.6191788
-25.6467533 -1.49857569 56.3322411
-70.75465389999999 -7.476017 44.7336617
-42.4677505 3.9785881 48.8804588
-44.2381172 3.75589705 45.6084633
-44.482048 1.15503109 49.5437737
-68.541481 27.0074348 54.2773628
-64.6263428 28.9995537 59.0741005
-17.7986031 8.413126950000001 35.6848869
-20.7543201 9.05706024 33.0272484
-20.6083279 9.014760020000001 35.5536842
-52.119915 -14.9542036 36.549736
-55.2415581 -14.429183 37.1879692
-48.9583778 11.1759939 37.1407356
-11.9428406 8.81551552 37.6299591
-15.0015202 9.453224179999999 37.7351494
-28.2868862 -18.9677505 62.5505943
-31.2320976 28.6314049 59.0496407
-41.9786949 13.8996201 37.712635
-33.5342789 12.8066349 38.2700882
-39.1684151 16.0822144 35.4441872
-41.6979561 -16.9420605 38.0310822
-23.0715523 6.55782604 29.7294693
-25.2260456 8.95854664 28.7765636
-23.3178978 9.219257349999999 30.4877796
-15.1723146 0.461868376 33.4255753
-14.3450346 -1.38443327 34.5930214
-77.9667358 10.5803709 53.9847832
-41.508255 -14.1675234 34.9145775
-37.7815094 -14.6568632 36.6037331
-75.4104614 30.1226864 47.8388138
-73.3760147 32.0942307 50.6266441
-68.6668167 32.4686012 49.5537262
-34.2619858 44.1676254 59.3382263
-26.7157211 13.7097521 47.5266571
-41.7411461 -8.21617794 60.5818176
-44.9444084 -8.49724483 59.9391937
-23.3039703 7.42062664 38.1460762
-76.8839645 7.17691565 37.6774178
-77.126503 10.7230473 39.8115082
-68.6772919 -9.087433819999999 46.966114
-64.2220993 10.416235 36.6609344
-52.6745186 -6.88926363 56.5195389
-53.0638962 -6.56824923 59.0628128
-48.0012321 18.8654842 44.5714798
-56.5975838 26.8666763 48.5121613
-58.0227966 19.4504013 72.2599869
1.31994224 -3.78689313 49.7701874
-6.78945589 -11.8477554 46.4591904
-22.8159542 -10.0692539 28.9207325
-20.8819332 -7.87261677 30.3675823
-20.1079483 -9.640742299999999 29.8464851
-33.4833145 11.7780752 75.34192659999999
-32.9241257 14.4254589 77.9678421
-41.8666267 33.1962547 59.6653633
-37.2806549 -13.0656195 34.7252922
-31.7444248 -13.2880173 34.8880272
-33.955883 -14.6834106 37.3293152
-44.4690247 -16.9788475 38.0995216
-76.54570769999999 25.0007668 51.1652184
-70.2414703 29.443224 52.1373405
6.53553391 6.36024046 49.0831757
3.08434796 -0.0659601316 52.2489777
-50.217411 6.18256569 43.307785
-36.2552414 -12.472764 32.6909218
-38.9689903 -12.4081259 32.8481445
-36.2396126 -12.1645288 29.7604408
-55.5449257 29.616539 51.9458733
-20.878109 -13.2393475 35.2252884
-17.7506466 -12.0792046 35.6322708
-12.4178267 31.1158524 61.9747391
-14.9501619 30.8167248 62.3449707
-52.1718407 31.216732 53.7283859
-55.2999268 31.0084362 53.6695976
-17.5237255 -8.675753589999999 33.0772781
-48.5401382 6.16718435 50.8711739
-45.0262909 6.72443056 54.066391
-20.6298332 8.51335716 38.0485992
-30.930378 12.3164234 35.7724724
-28.5759926 11.1662512 35.2754288
-52.4696121 9.3809185 37.9276924
-52.4066887 10.9492359 36.8116035
-20.5540867 -12.8947115 56.3330612
-21.5403633 -13.6359854 55.502758
-45.9032707 14.0250435 35.2876968
-20.4147911 -12.467207 59.3991699
-22.6716843 -13.0219059 61.5474815
-23.3912067 -13.0030708 59.0258293
-22.4339924 8.27105427 38.291317
-25.7421322 -17.723032 53.858799
-12.4873896 -1.34866798 35.6766472
-9.30747032 21.6619682 48.1645203
-12.0391626 24.7836132 50.6380272
-44.878273 4.04474163 56.8793182
-43.627552 3.54579854 59.2274475
-44.7269211 2.01469159 58.3684883
-66.15314480000001 1.93294108 35.1172791
-70.8659744 1.36172652 33.1432571
-67.4991989 4.13912487 36.9373436
-14.5007839 7.31341743 35.9914207
-50.7224617 7.43286133 29.3836708
-52.1339798 9.587050440000001 30.9038486
-48.939682 12.1402826 29.785614
-49.0208282 13.5306711 32.6648178
-49.5550232 12.153985 35.6726646
-32.5728264 1.56211889 28.7084999
-28.8494625 11.6455755 28.7092171
-30.0218811 24.4243793 52.22295
-24.7582855 3.31571865 29.0739365
-73.4317245 -2.16832471 36.5167389
-23.6997261 -16.9108582 72.82394410000001
-33.6673889 -20.7860813 48.7264137
-49.5585403 41.308857 55.7600861
-44.8739624 44.2664757 57.4341621
-45.0555801 41.565918 57.440094
-51.2206764 7.72388268 43.0466766
-42.7506027 40.1330719 58.8114052
-40.8909416 44.1241264 58.2042351
-28.2798271 28.2944546 54.5485649
-12.3295527 6.39118099 35.7931099
-52.455307 27.8451958 48.9263878
-51.9548073 -13.776598 67.27864839999999
-44.3322754 -5.51043749 55.8597374
-46.835804 -3.99638224 52.4872856
-46.1362953 -15.7852745 35.5731697
-49.5941772 31.9450684 54.8783417
-52.947628 33.1940994 54.8646317
-52.1371994 32.9510956 55.7081528
-33.1769943 6.70203352 46.2393799
-31.0506287 3.58476615 43.6304321
-31.6024647 15.5320482 29.4620132
-28.7055607 14.1213531 30.0397511
-30.0325813 13.4360352 28.7395973
3.93839741 14.9551735 56.9273529
0.808196783 16.9932652 56.6507874
4.87605047 11.4267836 56.2675781
-23.0287056 -6.00642776 53.8954659
-25.7694035 -7.20819807 56.486042
1.98884475 7.75443602 57.681694
1.70437646 11.8914213 60.6622353
-0.27399978 6.84243774 61.7435455
-45.5525513 1.84900832 44.2770233
-6.8902421 20.1018486 48.6958389
-5.93509483 21.4802208 50.6682053
-62.5528679 6.07419205 33.8106651
-22.3198414 -14.4989948 65.42280580000001
-55.9560204 19.4060001 42.7071915
-19.540741 4.46523142 31.496273
-26.4099331 38.2509575 59.2747536
-25.270052 -10.888937 64.2948074
-60.2733917 -9.309174540000001 28.8640499
-48.8944321 -12.8953457 32.1522217
-46.9155273 -14.2737188 33.8925056
-49.9095764 -14.0080185 33.5910721
-71.2510757 17.3214283 59.3511505
-73.3425293 17.4562874 58.8385201
-44.3164139 -11.3679914 30.0284386
-27.6323185 -13.1091022 32.7012177
-24.7888069 -15.0204191 59.4695282
-23.5831394 -14.1934195 62.3847389
-41.805275 30.8592949 59.0702248
-39.0533104 27.8468208 59.7907906
-41.4541664 28.3013763 58.6241684
-44.5760727 -12.5975008 32.5237503
-57.4135971 5.99930716 31.9182453
-59.1026268 1.08883083 32.5904617
-23.1796227 -7.69910622 29.9730587
-31.6051998 0.269144088 29.406765
-38.1743774 0.154856458 28.7873745
-28.3746319 -12.2297297 29.5116348
-25.6280174 -9.56080914 28.7399845
-23.2009087 -9.29813862 28.7106667
-33.8963356 14.3430872 28.7098656
-36.35149 14.4175243 28.7083549
-33.9845734 16.5884933 29.9035912
-69.26331329999999 32.1916161 51.9239235
-31.1127396 -12.0177422 29.2555408
-32.0308647 7.64861107 59.1711349
-41.7126312 16.5343609 29.8454247
-37.7069626 17.3208733 29.746027
-40.4285202 15.9803267 28.7144985
-46.9496193 -8.44517899 58.3120804
-49.9451447 1.12066424 48.7558517
-47.0224991 0.09859316799999999 48.2469444
-50.6872635 -1.30529976 51.2453232
-49.2789078 -3.14093375 49.7636833
-38.9243584 25.1281643 58.9421463
-24.5168343 -0.921833575 32.0287285
-37.8998451 -6.91348839 28.7151356
-26.2153549 -8.10138512 28.722805
-30.7520351 12.7404661 34.0386353
-31.3752728 14.453207 32.6067543
-30.2391243 4.31752253 41.4169197
-37.6896935 24.1289482 60.470314
-52.0289917 -6.31009626 53.9675636
-36.0988922 -10.1308908 28.7336216
-72.01829530000001 -3.92594337 33.8408966
-31.9040813 -6.47555876 29.8349876
-39.9039917 -5.57391739 29.1359844
-20.4315929 33.0062141 59.373085
-49.5238724 -10.2944183 62.0644951
-48.5725517 -3.43760252 30.8600483
-46.0855713 -5.2869029 28.8867416
-73.8956451 0.857497036 29.3961487
-73.5001068 2.18579292 32.701004
-43.4291 5.95402479 62.4792099
-58.51968 13.4974365 38.815239
-24.2100143 39.7845421 58.151535
-20.2667027 35.7271004 59.2012863
-38.8969917 -11.6870317 29.7044106
-62.3279686 8.92140961 34.5717354
-57.8402061 10.9462852 34.7357483
-6.95383692 28.0361919 56.6696548
-2.38121152 27.3070412 54.6414986
-41.5435295 10.4601393 59.3180771
-43.1845818 5.97407722 59.8779144
-43.0955849 7.32893991 57.3178139
-42.1169205 23.5397091 51.8567963
-35.1045341 -2.26616502 31.6249352
-43.3988457 -1.99368739 31.6560116
-38.0569305 21.1243553 58.6376419
-32.3451424 6.43720961 43.4149857
-14.7998352 4.01014233 33.6694679
-52.204361 11.5048065 32.8291092
-57.2605247 -1.14102423 31.9793758
-49.5278168 -1.37911093 32.2114754
-50.672123 -3.79025054 30.0186348
-65.52321619999999 21.9791985 47.6240501
-69.742836 23.3880119 47.4606819
-77.96962739999999 12.1373997 42.6947441
-26.6658478 29.48386 54.6865425
-50.1793594 -15.6553793 56.5590439
-49.4506454 -15.0391998 59.2000618
-10.9223232 27.0182381 53.3892784
-6.87478399 30.6267014 54.0852966
1.48516524 0.196200863 57.7825851
-68.08284759999999 -1.77191937 29.7616634
-23.0787163 30.5709782 59.1755943
-25.5959568 -17.2331181 56.6433563
-28.4749508 -18.8309002 59.1646004
-30.5364914 3.95558167 59.0647125
-61.039032 20.3255978 43.8962479
-23.1914997 25.2152882 48.6784401
-15.1341515 30.7391376 60.1915207
-14.8279877 32.4153481 59.2462845
-17.7929535 28.890995 62.0480576
-25.5585117 30.9800243 61.8560028
-22.9985809 30.8492775 64.3622208
-76.49743650000001 1.36251616 32.4752617
-32.6827202 -13.8658495 88.9679794
-71.08325960000001 -1.33666885 28.9243298
-75.3767548 -4.52119684 29.2796345
-25.0569153 -5.95656824 52.4297829
-75.7330475 -3.1900506 32.2133369
-78.168808 -0.336634666 30.073595
-42.480175 35.8902283 60.3949928
-52.1282997 -8.854922289999999 59.4859238
-76.5593033 1.22155046 29.0240746
-30.1893501 14.9719038 50.1061592
-68.0349884 -3.50162125 57.5334091
-52.4360924 -15.234849 59.3013115
-28.3133469 0.846109331 29.5346088
-26.0115948 4.15576887 28.685688
-50.5873413 37.0744514 55.8025055
-33.4382477 -13.9036598 31.4177856
-26.9506226 13.6963453 32.1018944
-25.5168457 12.4775877 32.8403931
-17.6323147 25.51791 48.6177139
-32.546093 -13.0902052 33.3499374
-41.6442566 -12.6560287 32.6327667
-23.9545021 -9.139980319999999 64.886734
-44.461071 0.995913446 28.8475666
-29.7771091 2.09954119 58.0551834
-22.7120686 8.476772309999999 40.7519226
-36.3925896 15.9940157 28.7142258
-8.753807070000001 32.6602211 54.4626045
-76.55194849999999 4.64965534 34.3469276
-29.4272041 7.17337084 51.5858192
-30.0981827 10.1636171 50.9898834
-10.0319223 20.6479073 46.5270576
-41.1876297 45.2595406 62.7577057
-27.6567841 12.5455074 29.2611599
-25.7936821 11.8080235 30.1136456
-47.0660133 6.54542446 28.7100391
-47.8119926 14.0035639 30.2851048
-77.9770889 4.49345303 35.8271408
-57.5790367 -13.7960367 54.4134369
-65.26260379999999 -0.261235714 33.1357803
-17.7091579 -12.9098797 56.3124428
-52.3531189 11.5907583 35.6246567
-45.0468063 -1.37714088 51.1388168
-24.8369198 11.3182697 34.8571587
-23.1862564 -14.6620579 56.5056915
-49.6410904 30.7493172 53.8209
-47.1819038 0.723910511 59.1256065
-18.6072235 -11.4411154 32.9282112
-60.1328545 -11.6451006 57.4931831
-39.0134087 14.6751385 86.4754715
-43.8697472 15.804965 29.7476177
-42.1641197 16.2528419 32.1770248
-32.0605888 16.0264931 30.6371593
-36.2563171 16.9594402 32.7956657
-46.9302025 11.9960136 47.7984657
-43.262104 11.6119356 50.8918037
-31.322649 19.6924572 51.7973099
-33.7623405 -12.7555208 29.4527302
-38.8758087 16.9411144 32.7965393
-20.5893593 25.3880405 48.6409378
-31.8071651 -6.27534389 52.9533043
-36.3514442 -20.896246 48.8880501
-34.321888 -1.08787334 50.6679726
-38.8166924 -0.83873409 52.577034
-31.0623627 -3.28641009 50.7857475
-44.7384224 44.4761429 62.1988907
-44.8792038 45.3079567 59.4146614
-28.4674301 9.37390518 28.7092094
-34.494236 14.501152 87.6388092
-17.3710346 -4.02259493 34.4725685
-46.8776474 -1.46158051 32.0301895
-29.9416332 -1.05134869 30.8447247
-28.4654369 3.01122928 54.9969025
-50.2247925 -5.44637775 52.5803261
-51.6418533 -3.57724905 54.1840286
-38.6957016 5.74107647 50.8432732
-36.5782623 5.91437101 50.7438965
-36.2896996 7.23529911 49.1993828
-17.2779026 29.0129128 60.260994
-4.32351398 30.6458244 54.3337173
-49.1634712 1.26989233 53.8211441
-50.2875671 1.30134463 51.5907364
-20.3554115 -12.4042892 62.3889427
-41.37883 20.1611099 51.3758316
-43.2031403 20.1682968 48.7308998
-22.6284103 -13.0138922 57.1373749
-32.3982697 13.5871267 53.9719963
-50.3044281 1.28647435 30.8705921
-54.272068 38.5654602 54.338131
-33.5374107 16.9780178 55.6741714
-33.4413071 13.9211321 56.4599457
-45.6952591 14.9771996 32.9399796
-41.5439377 -2.45601702 53.3851013
-25.5794315 -7.38553619 29.8718452
-28.6247787 2.84791207 28.7361889
-28.7592335 -13.6502171 30.7653809
-11.4401388 32.613678 58.934494
-50.199791 12.6052694 32.6861267
-25.4441147 27.6376839 51.8202934
-75.7890396 29.6127815 47.096981
-73.7397995 25.2806587 46.7767906
-45.2855263 -3.12544894 31.6338863
-13.2776976 32.3175659 61.550148
-28.739233 1.10640526 43.4565773
-54.8713875 40.2792015 55.8227921
-47.4136848 1.59308553 56.7075653
-54.8530312 2.91700983 31.3139229
-54.4871941 1.42779756 31.8497581
-14.1755905 -5.40936375 34.4488602
-17.87714 6.11916113 33.146862
-63.622261 -9.727945330000001 55.8346138
-13.9695749 -13.592329 56.0692902
-14.7555971 -13.6424475 53.8492393
-45.0934715 8.81599712 51.7580681
-28.8007202 29.5097618 59.0722427
-40.369854 22.9224262 54.2869949
-77.94834899999999 25.298605 48.5371361
-77.5937576 21.2615318 49.4208984
-30.9890251 -13.8040037 32.2993431
-17.9817619 -1.22976363 33.0331345
-41.8689613 14.4564447 51.2854691
-36.6895676 17.3895054 60.4120255
-49.8614655 -17.9554462 80.20098110000001
-49.9722481 -17.9753227 83.3701782
-40.355732 14.340847 54.1214676
-39.7794456 13.3717194 57.3319855
-41.1849022 11.7755623 56.4180336
-50.6421318 3.69141912 48.9287262
-25.9582272 -17.1490803 59.2309074
-66.1671753 -9.79585743 50.7500191
-35.8571396 1.46812558 50.8116951
-31.1507187 8.817630769999999 53.6912346
-1.5900234 22.6766262 51.4905701
-15.137805 30.6251106 55.1765785
-37.0716057 45.3149643 60.1751404
-10.0087824 -13.4897213 48.6279068
-17.1905117 -11.5881853 60.1195145
-10.9669218 -12.2989721 57.4966698
-49.0459518 0.449226052 56.2219505
-42.35812 -0.24144499 52.0234184
-46.854908 30.6887341 54.9759254
-42.090004 11.8482447 53.9548225
-42.6428757 9.20333862 56.1317406
-44.1758232 -14.7679482 83.2195816
-40.5170021 5.3236413 48.0490761
-38.9868813 3.87680483 51.9559326
-41.0528641 3.72106957 51.1691322
-31.0745354 -1.22069812 48.9943123
3.58931947 5.57785606 54.635067
-23.0650806 22.6782875 46.6013107
-31.9019909 8.74655437 56.2617683
-49.9793587 6.72268105 48.9236946
-77.9702911 14.3828697 48.6047134
-34.2349167 14.4846754 59.4109688
-39.1756897 13.743989 59.2569695
-33.2702293 0.713758886 49.0422554
-28.3042545 -5.69356775 51.7787399
-37.9808807 -5.90164328 56.3273735
-49.9384003 -4.19171381 51.3397865
-78.0642471 26.4716167 50.3912659
-10.0152025 24.6208038 51.8081169
-73.47153470000001 21.8775101 53.6180191
-8.10214996 32.5381966 55.7360382
-23.1550236 -3.85730147 56.3580246
-48.6544533 -18.6574745 50.9864235
-41.6426353 -5.10165024 56.2336502
-48.3866806 -17.213768 55.6905594
-72.2440033 18.2149181 56.6687775
-21.1290016 -5.31276274 54.1944084
-50.4969826 -1.17095697 53.9933052
-34.0989609 -8.04323101 57.3097038
-25.7137966 -7.02961159 59.2477646
-25.6064873 -17.3554707 80.40988160000001
-61.5135155 -10.0283146 59.7826576
-4.29976273 25.0289726 56.8241005
-25.0141945 33.064949 60.280117
-30.3165112 -19.2711029 77.9544678
-27.0376453 -19.3194447 81.99486539999999
3 1 0 196
1619
1620
1621
1622
1623
1624
1625
1626
1627
1628
1629
1630
1631
1632
1633
1634
1635
1636
1637
1638
1639
1640
1641
1642
1643
1644
1645
1646
1647
1648
1649
1650
1651
1652
1653
1654
1655
1656
1657
1658
1659
1660
1661
1662
1663
1664
1665
1666
1667
1668
1669
1670
1671
1672
1673
1674
1675
1676
1677
1678
1679
1680
1681
1682
1683
1684
1685
1686
1687
1688
1689
1690
1691
1692
1693
1694
1695
1696
1697
1698
1699
1700
1701
1702
1703
1704
1705
1706
1707
1708
1709
1710
1711
1712
1713
1714
1715
1716
1717
1718
1719
1720
1721
1722
1723
1724
1725
1726
1727
1728
1729
1730
1731
1732
1733
1734
1735
1736
1737
1738
1739
1740
1741
1742
1743
1744
1745
1746
1747
1748
1749
1750
1751
1752
1753
1754
1755
1756
1757
1758
1759
1760
1761
1762
1763
1764
1765
1766
1767
1768
1769
1770
1771
1772
1773
1774
1775
1776
1777
1778
1779
1780
1781
1782
1783
1784
1785
1786
1787
1788
1789
1790
1791
1792
1793
1794
1795
1796
1797
1798
1799
1800
1801
1802
1803
1804
1805
1806
1807
1808
1809
1810
1811
1812
1813
1814
-13.16616891207886 4.79935559863006 51.23946297795939
-21.79688831515943 19.40773438722505 57.91527214908579
-62.26615400569551 5.5281991469884 44.125499904708
-18.39931457200027 -8.447535296013072 47.00020899417921
-55.17899631660785 9.585046674533661 59.65046434458668
-16.81870397405634 1.55551509178623 42.82246516080893
-46.83463399519607 22.75779665370574 65.4693429640662
-36.67485012733709 -6.524369923554165 42.54157067448337
-57.33704765649934 -3.551554622942153 43.62011948075889
-48.36813642082785 -9.294091530487826 40.61015096751071
-17.34109401105411 5.140614530960327 61.79761261161491
-25.08839476257173 -6.734845302033465 41.39944988449547
-49.98636584949553 10.33402208583928 65.48834794838304
-51.79815096281624 19.09968684160437 55.46872560227646
-38.05164189380503 1.792970094986825 39.09381544201224
-58.2914286400374 0.9792032496364298 53.04404343097089
-36.53935480730863 -12.62267403107498 48.17913977795894
-36.88631277619262 26.51832977246203 69.99156169491999
-27.00183058209789 18.6469465422883 67.84843070756682
-13.35941012251088 14.35257593096828 53.1908256799602
-56.13296411585753 1.969440617460915 60.40579702740424
-16.86557950682707 -1.388570017144445 49.60351004548345
-12.68916709501479 -6.730581538745713 52.44056485513938
-45.26096498634938 -9.824824192093107 48.01017962589854
-26.25031306775247 -11.39164782596002 47.70938761949728
-61.52612378875763 16.52843128981888 55.0874648195305
-16.67014843999902 8.997897540407179 46.79021214284822
-51.71341606355193 26.28823683644406 60.16324869979604
-20.47586860711339 7.491574354912777 54.37204768174458
-22.74032244821411 6.327332736198489 67.89872729876829
-29.53613367677957 26.98747302960636 68.09750966513747
-21.91119734183449 -2.106028313052365 44.85859444852575
-54.29463697634386 1.873512940615924 43.26778853414488
-50.11598142652029 14.41078083654817 70.15919880318233
-38.2115390317916 8.113424780879704 33.60472035817447
-42.54293344188365 22.93728264694251 69.82284522603538
-46.12968238632872 16.03749756888568 59.51023420507718
-51.73860625039656 3.196182012711106 63.66914821657233
-51.17182801869391 19.54800003513763 49.7153339448174
-39.66249263478787 -1.224322071217963 45.5385575995299
-54.33549117638616 -7.95096241157623 47.81042242752812
-32.59118705533466 -0.2958304291554041 38.67032679710863
-30.49316709646497 -6.929823107762422 45.24064658518861
-9.637190500771435 -0.3598623513241082 46.07031346775313
-15.90492757272766 -2.583013151668579 59.76990185544546
-26.418241381431 9.639103852632804 69.08619157698793
-44.10179266803489 3.764331340107126 35.17813161969129
-31.50585273862595 -13.20077717999394 44.56156407005102
-9.051095605559993 8.303166751562241 58.86342259542762
-24.90656836463351 11.04684706636984 61.39307113150311
-19.47032587721265 16.64179819976156 50.49329609119804
-18.6680669185758 -5.850799688923838 40.60514113936273
-41.07999592250192 -12.09453769754697 42.95808766187594
-22.40297604529398 1.848640792151474 63.80097794880243
-17.86785730090367 1.006759222398658 69.28036441533132
-64.17213620118417 7.483494704927695 56.98334391438356
-43.08772188621163 -3.802474832756491 39.63758194252702
-53.95278878802659 4.332690674574516 54.87939665309867
-31.23382320077549 -13.60652618170739 51.59772795047093
-24.29736105302734 -0.5581008868201156 37.81291493614084
-55.85734223305093 11.65424592836559 51.76398607517581
-31.24505437721653 -7.422565905145238 38.42973797236126
-25.06764600628623 -11.95348568910645 53.81238536336261
-27.96537166650757 22.66966919774147 62.25908755202528
-42.53936213543468 28.87800867735195 65.90710764453472
-53.1572018389943 17.46523509814979 63.29251250044465
-39.46797315704153 -7.53066564089102 49.57878947748117
-20.82804113135055 2.58679622166997 48.10660094737055
-69.38765267621116 6.239845690147443 49.33053046133884
-11.72085613097686 5.578870475695478 44.05147691616848
-3.960097231825181 11.2009706171162 52.79203603660872
-44.85958526525491 21.10230194918294 73.83207558935257
-51.06374535955699 3.501664476258551 35.46683102700265
-50.35394899000988 -0.8236246286358706 38.12578372088619
-28.93828025288048 -13.90640234035275 57.387869796548
-19.07757346648706 3.743817714925791 37.35039974726455
-57.25977800310697 4.211339973943962 38.07924836029768
-48.73591427106538 10.39047978284584 57.84271770027161
-37.95662147720223 22.08293989631008 67.10393561631435
-29.16376193248798 16.38707281305432 63.504042715564
-37.56606001523769 6.509726734632354 41.95268695839625
-47.02603156144453 14.83688011039127 53.84819693040288
-30.72074462317385 21.82379620356006 72.45208447758073
-65.41891842591197 -1.07883987681377 43.26223952499971
-42.42343621798308 -12.62012296598914 54.82985303170996
-4.214697680140528 2.619985956221158 51.13174569871271
-48.69273482677955 30.8730186886052 62.36538078317934
-57.43526648904751 -3.507785192346189 56.68555396679497
-21.14521851721654 -11.75459258362079 43.13099472698451
-45.74651576345524 17.09041152102923 67.57052795189888
-51.32907155104397 -2.318693330066934 44.86162037425456
-23.97244369504356 4.133950823918543 57.61710556102094
-23.14199215289214 -6.926536942973932 47.85493684921917
-10.28764689662173 10.36632990019589 48.64041034442493
-23.80538369960683 20.46777396155771 51.73168134956476
-55.20624760024791 15.92722423101673 47.5493322832892
-62.89381612203027 12.37985418901567 48.76837689186825
-20.76398181552953 -10.08085685535413 52.05857166033201
-19.90274640178632 1.585476557288724 53.83833587711805
-57.2871173599921 23.87431349800119 56.1083973215226
-21.59756485357848 7.301818377689904 49.20525096554835
-40.69551034047894 23.28814697083141 73.92289266498982
-30.43803009789311 4.846660667728301 34.00320700913012
-48.67217778080841 5.662106535272932 60.13867829996735
-41.81342114480064 20.45609896600284 63.53832572814191
-12.44669912376274 -4.148117428631502 41.56648133718001
-55.8587962419066 -0.7837757759323595 48.99916408506179
-32.12174241509842 20.9879067128609 66.18755032026363
-58.21479303430431 8.858556495460743 42.03807639456172
-28.41662642559534 -2.938153273885624 40.23333484862127
-56.04150911055117 6.370228675470037 48.86950029770003
-21.63994356941545 1.971684779046763 41.54821513702818
-17.68482149146705 6.22178593980148 43.06884301223474
-24.39453279180891 24.4834996934273 56.58738757444527
-20.76624146582602 14.20181931848327 67.24261985573754
-15.36532137332888 13.12115997729325 61.09909041962047
-15.61580468622511 21.65408839086043 54.92833935960186
-42.49958955228859 21.14530128599748 78.94841886558743
-29.47341244750791 14.04797705011119 69.1281219036464
-33.51163024809772 4.242862580695067 38.08991532753215
-45.64985839919782 21.81785446701859 57.90627307110725
-23.76392331480301 5.150692903752493 34.08700543612544
-46.62931677440379 9.277872829612255 33.0094666116229
-27.22116835893128 -11.36035587265887 42.57337447553195
-36.77589594031383 3.481262945820235 45.62373228036815
-60.9211039287967 -5.817580962560418 50.32117734859212
-64.51023412527194 21.75367917991481 53.7093140880777
-51.29864437777236 -11.95207684788238 51.90651491934604
-35.92688272103167 -11.74375694600739 41.40074454228468
-40.42200345865405 -9.161019473085389 36.88868225970836
-19.70101343879724 24.01729978738061 60.19372682412786
-26.12744808919278 -4.247156823279193 45.31062741596448
-34.54067376409384 -4.042283460611071 46.48546572514277
-35.20687235298819 -2.755810011689413 96.9361236199931
-24.4902946871626 13.33146902047146 54.24531959032813
-57.07636238102708 12.03990261206834 66.29950479919835
-53.68075557448524 8.820676169248296 69.56450695597255
-55.11179269920812 0.7390540998159302 65.49758259142239
-56.7233025453481 6.342353081475556 64.37781630278288
-34.92265944986421 25.29899464733441 76.03047915159307
-31.03326663754069 -15.18476789761145 61.46119168117821
-69.39979333901334 12.8333656322821 52.94945616751572
-32.53690319358369 -9.758348356867426 48.75967982022959
-46.04423814098511 -4.775648767645048 45.18796336229649
-35.47658211802421 -10.80181522969995 53.02165628082868
-10.48762159818638 1.420233074625028 57.07436130484353
-16.83811299138319 -3.283087157466466 44.75137665902885
-14.12438059134191 4.333157514681785 39.84253131960556
-34.82047473246243 21.59098520857361 70.41205092106991
-21.14635732771816 -1.338203037306126 73.28468417642753
-14.55115155860373 14.2689361582958 47.58084736556665
-56.89010012077524 -2.369253584149471 62.30618262155329
-37.63734578081631 -16.17635731437373 45.3448174900803
-61.36524055752207 12.57664650203273 60.82905708696383
-49.37981868090633 23.67237679565822 53.27900182916976
-31.62456065128415 -2.404673094938706 43.40818687747261
-19.42421030206478 -5.14384563120006 49.96972459840381
-64.34603647973078 1.456790087825223 49.65112030551944
-21.94014886297834 -8.77153005788985 37.74307853127267
-46.17605928960727 9.892421279952778 68.06349904098656
-52.93261306835853 34.53633246559498 59.81149768178774
-17.19234837989017 -1.365222186114573 38.74193462905392
-41.87848511220758 -14.25295300482682 48.43387300877393
-16.04826130431623 3.886570477450903 47.21584187166329
-14.62409944032746 9.283517390732335 42.14290724056418
-46.29619162988341 -7.148691698316536 51.03117565936378
-22.40055596303218 -9.340400692831428 58.30667603996022
-50.18551676079522 6.796720522360348 55.01590922316491
-22.34926999269081 2.558141103322688 70.80232466799291
-26.23761177531848 4.76540361665586 71.51208600870004
-43.2832581233694 1.085915294993549 39.99558044694501
-52.14161174304487 -6.993110264756803 35.45037407470274
-61.98004438042294 17.954881089958 49.57986832455551
-41.99020986302515 28.24251901744023 71.60104439899636
-21.82720371051498 -13.23264506026783 48.54760270518706
-33.63334156844531 8.563054169633437 36.34543539935773
-62.0387663162005 1.620133351013177 58.12045621614871
-24.42009812676113 1.77789459782526 45.69613562732147
-47.18823961994606 -1.930504274784079 40.67615967011145
-17.2489607799538 -5.371507304890071 65.08544549948948
-29.48762094613581 17.03052867256145 75.69848936647372
-72.78105295043598 2.466753772482281 44.59510896996426
-33.08540722394026 -15.48817468020767 47.96192462306087
-26.9742452107749 -14.55038592123762 50.75083464763051
-48.84393528818986 5.854262918008127 66.20827660728787
-37.14552329729334 -3.728303030692904 37.44361587348917
-16.46705604643339 -12.49035814047017 48.21934270488506
-18.68493446722801 -6.243628209557603 58.26352747420509
-59.23434017315712 6.757889345550322 53.82389329543854
-50.54399181805388 7.311587995690283 35.31654217438358
-22.3500583391533 12.73373986159932 49.33539409928246
-14.53124957837484 8.805196819658075 55.86295762034352
-34.34049579328576 -13.67933544567933 57.45667734821857
-8.771784491089992 15.29073954596405 49.92490378604708
-25.69044405391244 5.744654374579509 62.42133920165187
-56.91692542152915 20.96277795329252 50.84762366721904
$EndNodes
$Elements
2 9254 1 9254
2 1 2 3236
1 1 2 3 
2 31 2 1 
3 1 3 4 
4 1 4 35 
5 29 31 1 
6 29 1 46 
7 1 35 37 
8 46 1 37 
9 3 2 4 
10 4 2 32 
11 30 2 31 
12 30 33 2 
13 33 32 2 
14 4 5 7 
15 676 5 4 
16 35 4 7 
17 4 32 676 
18 5 6 7 
19 27 6 5 
20 24 25 5 
21 24 5 623 
22 25 27 5 
23 676 623 5 
24 6 41 7 
25 48 6 27 
26 6 39 41 
27 48 39 6 
28 35 7 41 
29 8 9 10 
30 8 288 9 
31 8 10 43 
32 8 49 27 
33 8 27 288 
34 8 43 44 
35 50 8 44 
36 48 49 8 
37 50 48 8 
38 11 10 9 
39 11 9 12 
40 12 9 27 
41 27 9 288 
42 10 11 43 
43 21 11 12 
44 42 11 21 
45 42 45 11 
46 45 43 11 
47 21 12 26 
48 12 27 26 
49 13 14 15 
50 13 17 14 
51 13 15 47 
52 13 16 17 
53 38 16 13 
54 38 13 47 
55 15 14 28 
56 14 17 20 
57 14 20 28 
58 24 15 28 
59 24 237 15 
60 62 47 15 
61 62 15 237 
62 18 17 16 
63 18 16 52 
64 38 52 16 
65 18 20 17 
66 18 19 20 
67 65 19 18 
68 231 18 52 
69 65 18 231 
70 19 22 20 
71 19 21 23 
72 19 42 21 
73 19 23 22 
74 65 42 19 
75 22 28 20 
76 21 22 23 
77 21 26 22 
78 26 28 22 
79 24 28 25 
80 24 129 130 
81 623 129 24 
82 24 130 237 
83 26 27 25 
84 26 25 28 
85 48 27 49 
86 29 30 31 
87 30 29 83 
88 46 56 29 
89 84 29 56 
90 84 83 29 
91 33 30 83 
92 32 33 34 
93 32 34 54 
94 32 54 676 
95 134 34 33 
96 87 33 83 
97 134 33 87 
98 54 34 623 
99 134 129 34 
100 34 129 623 
101 35 36 37 
102 35 41 36 
103 36 70 37 
104 41 104 36 
105 104 70 36 
106 46 37 86 
107 70 86 37 
108 38 47 62 
109 58 52 38 
110 61 58 38 
111 61 38 62 
112 39 40 41 
113 48 40 39 
114 41 40 104 
115 48 72 40 
116 40 72 73 
117 104 40 73 
118 42 91 45 
119 64 42 65 
120 64 91 42 
121 44 43 71 
122 45 71 43 
123 75 50 44 
124 75 44 71 
125 95 71 45 
126 95 45 91 
127 46 55 56 
128 55 46 86 
129 323 48 50 
130 323 72 48 
131 75 323 50 
132 51 52 53 
133 51 231 52 
134 59 51 53 
135 59 489 51 
136 51 65 231 
137 51 489 65 
138 53 52 57 
139 57 52 58 
140 53 57 74 
141 59 53 60 
142 53 74 60 
143 676 54 623 
144 56 55 96 
145 85 55 86 
146 85 125 55 
147 96 55 125 
148 84 56 123 
149 123 56 96 
150 57 58 78 
151 74 57 76 
152 57 78 76 
153 61 211 58 
154 78 58 128 
155 248 128 58 
156 211 248 58 
157 150 59 60 
158 150 489 59 
159 74 532 60 
160 150 60 221 
161 532 221 60 
162 61 62 63 
163 112 61 63 
164 211 61 112 
165 68 63 62 
166 68 62 236 
167 236 62 237 
168 66 67 63 
169 66 63 68 
170 112 63 67 
171 64 65 489 
172 90 91 64 
173 90 64 116 
174 64 489 116 
175 66 80 67 
176 66 68 69 
177 678 66 69 
178 66 88 80 
179 148 88 66 
180 148 66 678 
181 67 80 81 
182 112 67 81 
183 69 68 236 
184 678 69 236 
185 104 73 70 
186 108 70 73 
187 70 108 86 
188 94 75 71 
189 94 71 95 
190 214 73 72 
191 214 72 306 
192 323 306 72 
193 209 108 73 
194 209 73 214 
195 74 76 77 
196 74 77 532 
197 92 75 93 
198 97 75 92 
199 94 93 75 
200 75 97 323 
201 101 77 76 
202 76 78 79 
203 76 79 102 
204 101 76 102 
205 101 532 77 
206 79 78 646 
207 78 128 646 
208 102 79 646 
209 89 81 80 
210 88 89 80 
211 89 218 81 
212 112 81 114 
213 114 81 218 
214 82 83 84 
215 82 87 83 
216 82 84 123 
217 87 82 100 
218 100 82 473 
219 82 123 137 
220 82 137 473 
221 85 86 108 
222 85 108 209 
223 153 125 85 
224 151 153 85 
225 209 151 85 
226 87 100 135 
227 134 87 135 
228 88 109 89 
229 154 109 88 
230 147 88 148 
231 147 154 88 
232 89 109 110 
233 117 89 110 
234 117 118 89 
235 89 118 131 
236 89 131 218 
237 90 98 91 
238 98 90 115 
239 115 90 116 
240 99 95 91 
241 91 98 164 
242 99 91 164 
243 93 133 92 
244 159 97 92 
245 132 92 133 
246 132 159 92 
247 93 94 119 
248 93 119 120 
249 120 133 93 
250 94 95 552 
251 94 552 119 
252 99 552 95 
253 137 123 96 
254 124 96 125 
255 137 96 124 
256 159 306 97 
257 97 306 323 
258 98 115 286 
259 162 164 98 
260 162 98 286 
261 552 99 121 
262 99 1057 121 
263 99 164 1057 
264 135 100 143 
265 142 143 100 
266 142 100 473 
267 101 102 103 
268 101 103 106 
269 105 101 106 
270 105 532 101 
271 1442 103 102 
272 127 102 128 
273 1442 102 127 
274 102 646 128 
275 106 103 107 
276 103 139 107 
277 103 1442 139 
278 105 106 107 
279 183 105 107 
280 220 105 183 
281 220 532 105 
282 139 140 107 
283 144 107 140 
284 145 107 144 
285 145 146 107 
286 183 107 146 
287 117 110 109 
288 117 109 155 
289 154 155 109 
290 111 112 113 
291 191 112 111 
292 111 113 216 
293 190 191 111 
294 111 215 190 
295 215 111 216 
296 112 114 113 
297 191 211 112 
298 131 113 114 
299 131 158 113 
300 158 156 113 
301 156 447 113 
302 447 216 113 
303 131 114 218 
304 149 115 116 
305 526 115 149 
306 286 115 526 
307 149 116 150 
308 116 489 150 
309 169 118 117 
310 117 155 192 
311 169 117 192 
312 158 118 131 
313 169 158 118 
314 122 120 119 
315 119 121 122 
316 119 552 121 
317 120 122 167 
318 120 161 133 
319 234 161 120 
320 234 120 167 
321 121 126 122 
322 121 1057 126 
323 168 122 126 
324 167 122 168 
325 124 125 249 
326 137 124 138 
327 138 124 249 
328 153 249 125 
329 168 126 174 
330 174 126 1509 
331 1509 126 1057 
332 127 128 184 
333 127 184 186 
334 204 127 186 
335 1442 127 204 
336 248 184 128 
337 130 129 307 
338 344 129 134 
339 307 129 344 
340 130 236 237 
341 130 307 236 
342 160 132 133 
343 160 159 132 
344 160 133 161 
345 134 135 967 
346 344 134 967 
347 229 135 143 
348 229 228 135 
349 228 967 135 
350 136 137 138 
351 136 473 137 
352 198 136 138 
353 142 473 136 
354 1564 142 136 
355 198 1564 136 
356 198 138 292 
357 200 202 138 
358 200 138 249 
359 202 292 138 
360 139 141 140 
361 139 204 141 
362 139 1442 204 
363 144 140 141 
364 203 144 141 
365 203 141 204 
366 1564 143 142 
367 229 143 240 
368 1564 240 143 
369 523 145 144 
370 523 144 203 
371 325 146 145 
372 325 145 523 
373 146 182 183 
374 146 242 182 
375 146 241 242 
376 146 325 241 
377 307 147 148 
378 147 245 154 
379 246 245 147 
380 246 147 344 
381 307 344 147 
382 307 148 678 
383 149 150 592 
384 526 149 592 
385 150 221 188 
386 150 188 592 
387 151 152 153 
388 176 152 151 
389 410 176 151 
390 208 151 209 
391 151 208 410 
392 200 153 152 
393 199 152 176 
394 199 201 152 
395 201 200 152 
396 200 249 153 
397 253 155 154 
398 245 247 154 
399 247 253 154 
400 192 155 253 
401 156 157 158 
402 165 157 156 
403 165 166 156 
404 1490 166 156 
405 447 448 156 
406 1490 448 156 
407 165 158 157 
408 165 158 166 
409 166 158 169 
410 160 421 159 
411 159 367 306 
412 421 367 159 
413 670 160 161 
414 670 421 160 
415 713 161 234 
416 713 670 161 
417 162 163 164 
418 162 313 163 
419 285 162 286 
420 285 287 162 
421 313 162 287 
422 163 1509 164 
423 174 163 175 
424 174 1509 163 
425 313 175 163 
426 164 1509 1057 
427 166 169 170 
428 195 166 170 
429 171 166 268 
430 171 1490 166 
431 268 166 195 
432 168 260 167 
433 234 167 235 
434 235 167 260 
435 168 174 219 
436 322 168 219 
437 322 260 168 
438 193 170 169 
439 193 169 192 
440 395 170 193 
441 195 170 395 
442 171 172 173 
443 233 172 171 
444 171 173 1490 
445 233 171 268 
446 172 197 173 
447 232 197 172 
448 232 172 233 
449 196 173 197 
450 196 448 173 
451 1490 173 448 
452 219 174 175 
453 270 219 175 
454 270 175 553 
455 175 313 553 
456 238 199 176 
457 238 176 262 
458 262 176 410 
459 177 178 179 
460 177 205 178 
461 177 179 180 
462 181 177 180 
463 181 226 177 
464 177 206 205 
465 226 206 177 
466 178 205 179 
467 420 180 179 
468 205 279 179 
469 263 179 264 
470 263 420 179 
471 279 264 179 
472 181 180 420 
473 181 731 226 
474 181 420 1584 
475 181 1584 731 
476 183 182 220 
477 182 187 189 
478 182 230 187 
479 182 189 220 
480 230 182 242 
481 184 185 186 
482 185 184 191 
483 191 184 248 
484 185 300 186 
485 185 191 190 
486 185 190 273 
487 185 273 274 
488 185 274 300 
489 186 301 204 
490 300 301 186 
491 187 188 189 
492 592 188 187 
493 230 275 187 
494 275 276 187 
495 276 592 187 
496 221 189 188 
497 220 189 221 
498 282 190 215 
499 273 190 282 
500 211 191 248 
501 193 192 194 
502 192 250 194 
503 192 253 250 
504 193 194 251 
505 193 251 252 
506 395 193 252 
507 194 250 251 
508 256 195 257 
509 256 268 195 
510 267 257 195 
511 267 195 395 
512 196 197 223 
513 196 217 216 
514 447 196 216 
515 309 217 196 
516 222 196 223 
517 311 196 222 
518 309 196 311 
519 196 447 448 
520 224 223 197 
521 224 197 232 
522 198 292 293 
523 1563 198 293 
524 1563 1564 198 
525 199 200 201 
526 199 202 200 
527 202 199 292 
528 238 429 199 
529 199 429 292 
530 203 204 301 
531 464 203 301 
532 1618 203 464 
533 1618 523 203 
534 205 206 207 
535 299 205 207 
536 205 299 279 
537 207 206 225 
538 226 225 206 
539 207 225 354 
540 207 295 294 
541 294 299 207 
542 207 354 295 
543 208 209 210 
544 362 208 210 
545 410 208 362 
546 213 210 209 
547 209 214 213 
548 327 210 213 
549 342 210 327 
550 362 210 342 
551 212 213 214 
552 327 213 212 
553 212 214 367 
554 343 327 212 
555 343 212 421 
556 212 367 421 
557 306 367 214 
558 215 216 217 
559 282 215 217 
560 309 282 217 
561 277 219 270 
562 277 278 219 
563 322 219 278 
564 220 221 532 
565 255 222 223 
566 402 222 255 
567 315 311 222 
568 402 315 222 
569 223 224 269 
570 254 255 223 
571 254 223 269 
572 269 224 232 
573 731 225 226 
574 657 354 225 
575 657 225 731 
576 227 228 229 
577 227 246 228 
578 243 227 229 
579 243 244 227 
580 244 247 227 
581 227 245 246 
582 227 247 245 
583 246 967 228 
584 239 229 240 
585 239 272 229 
586 243 229 272 
587 230 242 396 
588 230 276 275 
589 281 276 230 
590 281 230 396 
591 232 233 259 
592 269 232 259 
593 233 258 259 
594 233 268 258 
595 235 291 234 
596 290 234 291 
597 713 234 290 
598 235 260 261 
599 261 404 235 
600 404 291 235 
601 307 678 236 
602 297 238 262 
603 238 293 429 
604 238 604 293 
605 297 604 238 
606 239 240 271 
607 431 239 271 
608 393 272 239 
609 393 239 431 
610 271 240 1563 
611 240 1564 1563 
612 357 242 241 
613 325 326 241 
614 326 358 241 
615 357 241 358 
616 396 242 357 
617 411 244 243 
618 411 243 272 
619 244 265 247 
620 244 303 265 
621 303 244 411 
622 246 344 967 
623 247 265 253 
624 251 250 266 
625 266 250 253 
626 252 251 330 
627 251 266 308 
628 251 308 330 
629 330 331 252 
630 395 252 331 
631 265 266 253 
632 1246 255 254 
633 335 254 269 
634 1246 254 335 
635 402 255 1246 
636 361 256 257 
637 268 256 289 
638 361 289 256 
639 316 257 267 
640 316 361 257 
641 259 258 336 
642 268 289 258 
643 336 258 289 
644 269 259 334 
645 259 336 334 
646 261 260 321 
647 322 321 260 
648 352 261 321 
649 352 405 261 
650 261 405 404 
651 262 386 297 
652 406 386 262 
653 406 262 409 
654 409 262 410 
655 263 264 302 
656 345 263 302 
657 341 263 345 
658 341 1584 263 
659 263 1584 420 
660 279 324 264 
661 453 302 264 
662 453 264 324 
663 265 303 266 
664 303 308 266 
665 316 267 317 
666 350 317 267 
667 350 267 395 
668 335 269 334 
669 376 277 270 
670 318 270 319 
671 375 270 318 
672 319 270 553 
673 375 376 270 
674 1004 431 271 
675 1004 271 1563 
676 393 476 272 
677 411 272 476 
678 273 356 274 
679 273 282 305 
680 273 305 356 
681 338 300 274 
682 338 274 363 
683 363 274 356 
684 280 276 281 
685 280 593 276 
686 593 592 276 
687 277 378 278 
688 376 378 277 
689 278 320 322 
690 278 378 320 
691 279 299 324 
692 329 280 281 
693 280 283 284 
694 280 347 283 
695 280 284 593 
696 329 347 280 
697 328 329 281 
698 328 281 396 
699 304 305 282 
700 304 282 309 
701 347 284 283 
702 284 348 285 
703 284 285 526 
704 347 349 284 
705 284 349 348 
706 284 526 593 
707 285 286 526 
708 312 287 285 
709 348 312 285 
710 332 287 312 
711 313 287 314 
712 332 314 287 
713 361 336 289 
714 290 291 459 
715 713 290 459 
716 404 1074 291 
717 291 1074 459 
718 429 293 292 
719 544 379 293 
720 379 1563 293 
721 385 544 293 
722 293 604 385 
723 294 295 296 
724 298 294 296 
725 298 299 294 
726 295 354 296 
727 658 298 296 
728 353 296 354 
729 472 296 353 
730 472 488 296 
731 658 296 488 
732 385 297 386 
733 297 385 604 
734 355 299 298 
735 658 355 298 
736 299 355 324 
737 300 338 301 
738 392 301 338 
739 392 464 301 
740 345 302 453 
741 440 308 303 
742 303 411 457 
743 440 303 456 
744 456 303 457 
745 398 305 304 
746 310 304 309 
747 399 304 310 
748 398 304 400 
749 399 400 304 
750 398 356 305 
751 441 330 308 
752 440 441 308 
753 310 309 315 
754 315 309 311 
755 399 310 315 
756 348 332 312 
757 314 553 313 
758 333 314 332 
759 333 553 314 
760 463 399 315 
761 463 315 402 
762 368 316 317 
763 361 316 374 
764 368 369 316 
765 369 374 316 
766 317 350 351 
767 317 351 414 
768 368 317 414 
769 469 318 319 
770 470 375 318 
771 469 470 318 
772 360 319 333 
773 319 553 333 
774 360 372 319 
775 469 319 372 
776 320 321 322 
777 320 377 321 
778 377 320 517 
779 520 320 378 
780 517 320 518 
781 520 518 320 
782 377 352 321 
783 439 324 355 
784 439 438 324 
785 453 324 438 
786 407 326 325 
787 1303 407 325 
788 1613 325 523 
789 325 1613 1303 
790 434 358 326 
791 434 326 407 
792 342 327 343 
793 346 329 328 
794 346 328 397 
795 328 396 397 
796 346 505 329 
797 329 505 347 
798 441 331 330 
799 350 331 351 
800 350 395 331 
801 414 351 331 
802 444 414 331 
803 441 443 331 
804 443 444 331 
805 360 333 332 
806 348 401 332 
807 401 360 332 
808 370 335 334 
809 336 337 334 
810 515 334 337 
811 370 334 515 
812 370 371 335 
813 1246 335 371 
814 337 336 361 
815 337 361 373 
816 337 373 512 
817 337 512 515 
818 363 392 338 
819 339 340 341 
820 340 339 387 
821 705 339 341 
822 381 494 339 
823 381 339 705 
824 339 388 387 
825 339 494 388 
826 1584 341 340 
827 340 387 657 
828 340 657 731 
829 340 731 1584 
830 705 341 345 
831 461 342 343 
832 599 362 342 
833 342 461 479 
834 599 342 479 
835 343 421 365 
836 461 343 365 
837 437 345 453 
838 500 345 437 
839 500 501 345 
840 501 705 345 
841 346 397 394 
842 504 346 394 
843 346 504 505 
844 347 348 349 
845 347 359 348 
846 347 505 359 
847 348 359 401 
848 516 352 377 
849 451 405 352 
850 516 451 352 
851 353 354 657 
852 472 353 387 
853 387 353 657 
854 355 589 439 
855 491 355 499 
856 491 589 355 
857 658 499 355 
858 412 363 356 
859 412 356 398 
860 358 394 357 
861 357 394 397 
862 357 397 396 
863 455 394 358 
864 434 455 358 
865 359 511 401 
866 359 505 511 
867 416 372 360 
868 415 360 401 
869 415 416 360 
870 373 361 374 
871 408 409 362 
872 598 408 362 
873 362 409 410 
874 598 362 599 
875 363 475 392 
876 474 363 412 
877 474 475 363 
878 364 365 366 
879 364 461 365 
880 364 366 459 
881 364 459 483 
882 364 460 461 
883 483 460 364 
884 365 421 366 
885 366 421 670 
886 366 713 459 
887 713 366 670 
888 368 445 369 
889 449 368 414 
890 449 445 368 
891 417 374 369 
892 446 417 369 
893 445 446 369 
894 563 371 370 
895 370 515 514 
896 563 370 514 
897 1245 371 563 
898 1245 1246 371 
899 540 372 416 
900 540 469 372 
901 450 373 374 
902 450 468 373 
903 512 373 468 
904 450 374 417 
905 692 376 375 
906 470 692 375 
907 452 378 376 
908 692 452 376 
909 516 377 541 
910 541 377 517 
911 520 378 452 
912 379 380 381 
913 544 380 379 
914 379 381 705 
915 379 705 428 
916 379 428 1004 
917 379 1004 1563 
918 380 494 381 
919 522 494 380 
920 522 380 544 
921 382 383 384 
922 383 382 1617 
923 382 384 425 
924 382 418 419 
925 418 382 658 
926 382 419 1617 
927 490 382 425 
928 490 491 382 
929 491 499 382 
930 382 499 658 
931 391 384 383 
932 464 391 383 
933 1617 424 383 
934 424 1618 383 
935 1618 464 383 
936 391 390 384 
937 390 425 384 
938 485 385 386 
939 485 543 385 
940 543 544 385 
941 538 386 406 
942 485 386 542 
943 538 542 386 
944 387 388 389 
945 472 387 389 
946 389 388 471 
947 471 388 495 
948 495 388 494 
949 496 389 471 
950 496 472 389 
951 390 391 392 
952 390 392 475 
953 390 480 425 
954 390 475 480 
955 392 391 464 
956 436 393 431 
957 436 476 393 
958 454 394 455 
959 454 506 394 
960 506 504 394 
961 442 398 400 
962 412 398 413 
963 398 458 413 
964 442 458 398 
965 462 400 399 
966 462 399 463 
967 462 442 400 
968 415 401 511 
969 463 402 1245 
970 1245 402 1246 
971 403 404 405 
972 404 403 1074 
973 465 403 405 
974 465 466 403 
975 403 466 482 
976 403 482 481 
977 481 1074 403 
978 1239 405 451 
979 1239 465 405 
980 406 409 408 
981 406 408 538 
982 434 407 435 
983 1303 435 407 
984 545 538 408 
985 545 408 598 
986 457 411 476 
987 477 412 413 
988 412 478 474 
989 477 478 412 
990 1110 413 458 
991 1110 477 413 
992 443 414 444 
993 443 566 414 
994 449 414 566 
995 510 416 415 
996 510 415 511 
997 510 540 416 
998 446 484 417 
999 580 450 417 
1000 530 417 484 
1001 530 580 417 
1002 418 422 419 
1003 487 422 418 
1004 487 418 658 
1005 423 419 422 
1006 423 424 419 
1007 1617 419 424 
1008 534 423 422 
1009 487 628 422 
1010 628 534 422 
1011 537 424 423 
1012 534 535 423 
1013 537 423 535 
1014 424 1303 537 
1015 424 1303 1613 
1016 424 1613 1618 
1017 490 425 480 
1018 426 427 428 
1019 493 427 426 
1020 426 428 705 
1021 493 426 497 
1022 497 426 498 
1023 501 498 426 
1024 501 426 705 
1025 428 427 432 
1026 432 427 493 
1027 428 432 1004 
1028 430 431 432 
1029 430 436 431 
1030 430 432 492 
1031 430 524 436 
1032 572 430 492 
1033 572 524 430 
1034 431 1004 432 
1035 492 432 493 
1036 433 434 435 
1037 433 455 434 
1038 539 433 435 
1039 433 454 455 
1040 596 454 433 
1041 433 539 1523 
1042 433 635 596 
1043 778 635 433 
1044 433 1523 778 
1045 539 435 744 
1046 744 435 1303 
1047 476 436 524 
1048 437 438 439 
1049 437 453 438 
1050 557 437 439 
1051 556 500 437 
1052 556 437 557 
1053 669 557 439 
1054 589 669 439 
1055 441 440 443 
1056 440 507 443 
1057 559 440 456 
1058 559 507 440 
1059 442 527 458 
1060 648 442 462 
1061 442 548 527 
1062 648 548 442 
1063 443 508 449 
1064 443 449 566 
1065 443 507 508 
1066 449 446 445 
1067 449 484 446 
1068 508 484 449 
1069 450 467 468 
1070 582 467 450 
1071 580 582 450 
1072 584 451 516 
1073 584 585 451 
1074 585 1239 451 
1075 520 452 693 
1076 692 693 452 
1077 596 506 454 
1078 456 457 565 
1079 559 456 565 
1080 564 457 476 
1081 564 565 457 
1082 527 547 458 
1083 1110 458 547 
1084 459 481 483 
1085 459 1074 481 
1086 461 460 479 
1087 460 528 479 
1088 482 460 483 
1089 482 606 460 
1090 460 606 528 
1091 462 463 562 
1092 462 562 561 
1093 648 462 561 
1094 562 463 1245 
1095 610 466 465 
1096 610 465 1239 
1097 531 482 466 
1098 531 466 614 
1099 610 614 466 
1100 512 468 467 
1101 512 467 582 
1102 469 620 470 
1103 469 540 620 
1104 620 692 470 
1105 587 471 495 
1106 587 496 471 
1107 472 486 488 
1108 496 486 472 
1109 475 474 502 
1110 503 474 478 
1111 502 474 503 
1112 475 502 480 
1113 564 476 524 
1114 558 478 477 
1115 558 477 665 
1116 665 477 1110 
1117 558 503 478 
1118 528 599 479 
1119 569 490 480 
1120 590 480 502 
1121 590 569 480 
1122 481 482 483 
1123 482 531 605 
1124 605 606 482 
1125 484 508 529 
1126 484 529 530 
1127 568 485 542 
1128 567 543 485 
1129 567 485 568 
1130 486 487 488 
1131 628 487 486 
1132 496 659 486 
1133 654 628 486 
1134 659 654 486 
1135 487 658 488 
1136 569 491 490 
1137 569 588 491 
1138 491 588 589 
1139 492 493 570 
1140 492 570 1314 
1141 572 492 573 
1142 492 1314 573 
1143 570 493 497 
1144 522 495 494 
1145 543 495 522 
1146 622 495 543 
1147 587 495 622 
1148 659 496 587 
1149 570 497 498 
1150 500 498 501 
1151 525 498 500 
1152 616 498 525 
1153 616 570 498 
1154 556 525 500 
1155 594 502 503 
1156 594 590 502 
1157 558 595 503 
1158 594 503 595 
1159 504 511 505 
1160 506 509 504 
1161 504 509 510 
1162 504 510 511 
1163 550 509 506 
1164 550 506 717 
1165 596 597 506 
1166 597 717 506 
1167 508 507 560 
1168 559 560 507 
1169 624 529 508 
1170 624 508 560 
1171 578 510 509 
1172 725 509 550 
1173 725 578 509 
1174 581 540 510 
1175 578 581 510 
1176 513 515 512 
1177 513 512 583 
1178 512 582 583 
1179 513 514 515 
1180 513 608 514 
1181 513 583 582 
1182 613 513 582 
1183 513 612 608 
1184 613 612 513 
1185 563 514 608 
1186 541 621 516 
1187 621 584 516 
1188 533 517 518 
1189 541 517 533 
1190 519 518 520 
1191 533 518 519 
1192 519 520 521 
1193 519 521 701 
1194 586 533 519 
1195 1506 586 519 
1196 701 1473 519 
1197 1506 519 1473 
1198 521 520 693 
1199 626 521 627 
1200 521 626 701 
1201 521 693 627 
1202 543 522 544 
1203 1613 523 1618 
1204 554 524 555 
1205 554 564 524 
1206 572 555 524 
1207 633 525 556 
1208 680 616 525 
1209 633 634 525 
1210 634 680 525 
1211 526 592 593 
1212 546 547 527 
1213 546 527 601 
1214 548 549 527 
1215 549 601 527 
1216 528 600 599 
1217 606 600 528 
1218 529 551 530 
1219 624 551 529 
1220 686 530 551 
1221 530 579 580 
1222 530 686 579 
1223 689 605 531 
1224 614 689 531 
1225 533 621 541 
1226 586 621 533 
1227 1138 535 534 
1228 628 655 534 
1229 1209 534 655 
1230 1138 534 1209 
1231 536 537 535 
1232 536 535 696 
1233 696 535 1138 
1234 1303 537 536 
1235 744 536 696 
1236 744 1303 536 
1237 615 542 538 
1238 748 538 545 
1239 615 538 748 
1240 539 744 1338 
1241 539 1338 1523 
1242 691 540 581 
1243 619 620 540 
1244 691 619 540 
1245 615 568 542 
1246 703 543 567 
1247 622 543 703 
1248 545 598 630 
1249 629 545 630 
1250 748 545 629 
1251 546 1110 547 
1252 601 602 546 
1253 602 642 546 
1254 642 665 546 
1255 546 665 1110 
1256 548 603 549 
1257 548 697 603 
1258 697 548 648 
1259 549 603 601 
1260 725 550 717 
1261 1077 551 624 
1262 1398 686 551 
1263 718 551 1077 
1264 1398 551 718 
1265 555 637 554 
1266 575 564 554 
1267 575 554 666 
1268 666 554 637 
1269 571 555 572 
1270 707 555 571 
1271 707 637 555 
1272 556 557 709 
1273 633 556 709 
1274 669 684 557 
1275 557 684 709 
1276 595 558 639 
1277 558 665 639 
1278 560 559 617 
1279 559 565 576 
1280 559 576 577 
1281 617 559 577 
1282 1077 560 617 
1283 1077 624 560 
1284 561 562 563 
1285 608 561 563 
1286 607 561 608 
1287 607 609 561 
1288 609 648 561 
1289 562 1245 563 
1290 575 565 564 
1291 574 565 575 
1292 576 565 574 
1293 567 568 656 
1294 567 656 746 
1295 567 747 703 
1296 567 746 747 
1297 615 656 568 
1298 569 661 588 
1299 590 1097 569 
1300 569 1097 661 
1301 664 570 616 
1302 664 1314 570 
1303 571 572 573 
1304 571 573 631 
1305 706 571 631 
1306 707 571 706 
1307 664 631 573 
1308 1314 664 573 
1309 574 575 667 
1310 576 574 577 
1311 574 618 577 
1312 574 769 618 
1313 668 574 667 
1314 769 574 668 
1315 575 666 667 
1316 617 577 618 
1317 581 578 691 
1318 726 691 578 
1319 724 578 725 
1320 578 724 726 
1321 579 582 580 
1322 611 582 579 
1323 611 579 690 
1324 686 723 579 
1325 690 579 723 
1326 611 613 582 
1327 584 677 585 
1328 621 625 584 
1329 677 584 625 
1330 729 610 585 
1331 610 1239 585 
1332 677 757 585 
1333 757 729 585 
1334 621 586 699 
1335 586 1119 699 
1336 586 1120 1119 
1337 1120 586 1506 
1338 660 587 622 
1339 660 659 587 
1340 588 591 589 
1341 591 588 632 
1342 662 632 588 
1343 661 662 588 
1344 591 669 589 
1345 1342 590 594 
1346 1342 1097 590 
1347 591 632 682 
1348 591 684 669 
1349 591 682 684 
1350 594 595 1463 
1351 1342 594 1463 
1352 595 639 640 
1353 1463 595 640 
1354 636 597 596 
1355 635 636 596 
1356 1017 597 636 
1357 716 717 597 
1358 716 597 1428 
1359 1017 1428 597 
1360 598 599 600 
1361 630 598 600 
1362 606 645 600 
1363 630 600 638 
1364 600 712 638 
1365 645 712 600 
1366 601 643 602 
1367 603 672 601 
1368 601 672 643 
1369 602 641 642 
1370 602 644 641 
1371 602 643 644 
1372 603 671 672 
1373 603 697 671 
1374 605 645 606 
1375 605 673 645 
1376 720 673 605 
1377 689 720 605 
1378 607 608 612 
1379 687 609 607 
1380 687 607 612 
1381 609 647 648 
1382 687 647 609 
1383 614 610 729 
1384 611 690 613 
1385 675 612 613 
1386 674 612 675 
1387 687 612 674 
1388 727 675 613 
1389 727 613 690 
1390 688 689 614 
1391 728 688 614 
1392 614 729 728 
1393 745 656 615 
1394 745 615 748 
1395 663 664 616 
1396 663 616 681 
1397 680 681 616 
1398 617 618 715 
1399 1077 617 715 
1400 714 715 618 
1401 768 714 618 
1402 768 618 769 
1403 619 755 620 
1404 691 753 619 
1405 753 754 619 
1406 619 754 755 
1407 649 620 650 
1408 649 692 620 
1409 755 650 620 
1410 621 699 625 
1411 660 622 679 
1412 679 622 703 
1413 677 625 699 
1414 627 741 626 
1415 626 700 701 
1416 626 741 700 
1417 627 652 653 
1418 627 693 652 
1419 741 627 653 
1420 628 654 655 
1421 629 630 638 
1422 1489 629 638 
1423 745 748 629 
1424 745 629 1479 
1425 629 1489 1479 
1426 663 631 664 
1427 663 706 631 
1428 708 632 662 
1429 632 786 682 
1430 708 766 632 
1431 766 786 632 
1432 785 634 633 
1433 633 709 683 
1434 785 633 683 
1435 634 1393 680 
1436 785 1228 634 
1437 634 1228 1229 
1438 634 1229 1393 
1439 777 636 635 
1440 777 635 778 
1441 1016 636 777 
1442 1016 1017 636 
1443 685 666 637 
1444 685 637 667 
1445 1060 667 637 
1446 1060 637 707 
1447 712 1614 638 
1448 1489 638 1614 
1449 639 641 640 
1450 642 641 639 
1451 665 642 639 
1452 751 640 641 
1453 788 640 751 
1454 779 1463 640 
1455 1612 779 640 
1456 788 1612 640 
1457 641 644 789 
1458 751 641 789 
1459 643 789 644 
1460 1155 643 672 
1461 790 789 643 
1462 1155 790 643 
1463 645 673 767 
1464 645 767 712 
1465 647 697 648 
1466 647 671 697 
1467 721 671 647 
1468 721 647 687 
1469 650 652 649 
1470 649 652 692 
1471 651 652 650 
1472 698 651 650 
1473 1438 698 650 
1474 1438 650 755 
1475 694 652 651 
1476 694 651 733 
1477 1440 651 698 
1478 732 733 651 
1479 1440 732 651 
1480 694 653 652 
1481 693 692 652 
1482 695 653 694 
1483 653 695 780 
1484 653 740 741 
1485 653 780 740 
1486 781 655 654 
1487 782 654 659 
1488 781 654 782 
1489 781 1432 655 
1490 1209 655 1432 
1491 745 1453 656 
1492 1453 746 656 
1493 659 660 765 
1494 782 659 765 
1495 704 660 679 
1496 704 765 660 
1497 749 662 661 
1498 749 661 1342 
1499 1342 661 1097 
1500 749 708 662 
1501 680 663 681 
1502 680 1393 663 
1503 1393 706 663 
1504 685 667 666 
1505 668 667 769 
1506 710 711 667 
1507 1060 710 667 
1508 711 769 667 
1509 672 671 1167 
1510 1433 671 721 
1511 1433 1167 671 
1512 1155 672 1167 
1513 1024 673 720 
1514 1452 767 673 
1515 1452 673 1024 
1516 770 674 675 
1517 687 674 770 
1518 727 770 675 
1519 677 699 1177 
1520 677 756 757 
1521 677 857 756 
1522 857 677 1177 
1523 704 679 703 
1524 682 683 684 
1525 786 683 682 
1526 683 709 684 
1527 785 683 786 
1528 722 723 686 
1529 722 686 1398 
1530 687 752 721 
1531 687 770 752 
1532 1175 689 688 
1533 1347 688 728 
1534 1347 1175 688 
1535 1133 720 689 
1536 1175 1133 689 
1537 727 690 723 
1538 753 691 726 
1539 737 695 694 
1540 694 733 764 
1541 764 737 694 
1542 737 780 695 
1543 743 744 696 
1544 743 696 1138 
1545 698 1438 1002 
1546 1440 698 1002 
1547 1119 1545 699 
1548 699 1545 1177 
1549 702 701 700 
1550 742 702 700 
1551 740 700 741 
1552 740 742 700 
1553 1473 701 702 
1554 742 1575 702 
1555 1473 702 1575 
1556 704 703 747 
1557 784 704 747 
1558 783 765 704 
1559 784 783 704 
1560 707 706 1449 
1561 1393 1449 706 
1562 707 1449 1060 
1563 750 708 749 
1564 750 766 708 
1565 710 804 711 
1566 804 710 1236 
1567 1236 710 1060 
1568 711 768 769 
1569 803 768 711 
1570 803 711 804 
1571 1452 712 767 
1572 1452 1041 712 
1573 1551 712 1041 
1574 1551 1614 712 
1575 719 715 714 
1576 1288 719 714 
1577 768 1487 714 
1578 1288 714 1487 
1579 718 715 719 
1580 718 1077 715 
1581 1333 717 716 
1582 1331 1333 716 
1583 1331 716 1589 
1584 1589 716 1428 
1585 1333 725 717 
1586 718 719 1398 
1587 719 1288 1287 
1588 1398 719 1287 
1589 1023 1024 720 
1590 720 1133 1023 
1591 1370 721 752 
1592 1433 721 1370 
1593 1595 723 722 
1594 722 1398 1408 
1595 1407 722 1408 
1596 1407 1595 722 
1597 727 723 1562 
1598 723 1595 1562 
1599 1332 724 725 
1600 1038 726 724 
1601 1327 1038 724 
1602 1326 1327 724 
1603 1332 1326 724 
1604 1332 725 1333 
1605 1038 753 726 
1606 1562 770 727 
1607 728 729 730 
1608 730 1347 728 
1609 730 729 1200 
1610 1200 729 757 
1611 1199 730 1200 
1612 1199 1602 730 
1613 730 1608 1347 
1614 1608 730 1602 
1615 732 763 733 
1616 732 776 763 
1617 1439 776 732 
1618 1439 732 1440 
1619 733 763 764 
1620 734 735 736 
1621 735 734 738 
1622 736 759 734 
1623 734 794 738 
1624 1247 734 759 
1625 1247 794 734 
1626 771 736 735 
1627 738 739 735 
1628 735 739 771 
1629 759 736 760 
1630 762 760 736 
1631 762 736 771 
1632 737 764 1401 
1633 1400 780 737 
1634 1400 737 1401 
1635 1226 739 738 
1636 738 794 795 
1637 1309 738 795 
1638 1310 1226 738 
1639 1309 1310 738 
1640 1226 742 739 
1641 742 1400 739 
1642 739 772 771 
1643 1341 772 739 
1644 1341 739 1400 
1645 742 740 1400 
1646 1400 740 780 
1647 1226 1575 742 
1648 743 1338 744 
1649 743 1138 1209 
1650 743 1209 1432 
1651 1352 1338 743 
1652 1351 1352 743 
1653 1569 1351 743 
1654 1569 743 1432 
1655 745 912 1453 
1656 912 745 1479 
1657 784 747 746 
1658 1425 784 746 
1659 1425 746 1453 
1660 750 749 779 
1661 779 749 1342 
1662 1093 766 750 
1663 1093 750 779 
1664 1604 788 751 
1665 790 751 789 
1666 1194 751 790 
1667 1194 1604 751 
1668 1594 752 770 
1669 1594 1370 752 
1670 826 754 753 
1671 1038 826 753 
1672 754 1263 755 
1673 826 919 754 
1674 754 919 1263 
1675 755 1263 1264 
1676 1438 755 1264 
1677 1200 757 756 
1678 857 856 756 
1679 856 1200 756 
1680 758 759 760 
1681 1354 759 758 
1682 758 760 761 
1683 758 761 908 
1684 758 908 1386 
1685 1354 758 1386 
1686 1247 759 1353 
1687 1353 759 1354 
1688 761 760 774 
1689 762 774 760 
1690 761 774 1210 
1691 908 761 909 
1692 761 910 909 
1693 910 761 1106 
1694 1106 761 1210 
1695 762 771 772 
1696 762 772 773 
1697 762 773 774 
1698 763 1401 764 
1699 763 775 1401 
1700 763 1616 775 
1701 763 776 1616 
1702 861 782 765 
1703 861 765 783 
1704 766 1094 786 
1705 1093 1094 766 
1706 803 1487 768 
1707 1562 1594 770 
1708 773 772 776 
1709 772 775 776 
1710 772 1341 775 
1711 1210 774 773 
1712 1439 773 776 
1713 1210 773 1555 
1714 1439 1555 773 
1715 775 1616 776 
1716 1400 775 1341 
1717 775 1400 1401 
1718 777 778 1578 
1719 1016 777 1578 
1720 1278 778 1523 
1721 1577 778 1278 
1722 778 1577 1578 
1723 1612 1093 779 
1724 779 1342 1463 
1725 1150 781 782 
1726 963 781 1150 
1727 963 1432 781 
1728 782 861 1173 
1729 1150 782 1173 
1730 784 1607 783 
1731 861 783 959 
1732 959 783 1607 
1733 1424 784 1425 
1734 1424 1607 784 
1735 785 786 787 
1736 787 1228 785 
1737 787 786 1611 
1738 786 1094 1611 
1739 787 1606 1228 
1740 1598 1606 787 
1741 1611 1598 787 
1742 1329 1330 788 
1743 1329 788 1604 
1744 1330 1612 788 
1745 1155 1157 790 
1746 1194 790 1157 
1747 791 792 793 
1748 898 792 791 
1749 791 793 1590 
1750 897 898 791 
1751 974 897 791 
1752 974 791 1590 
1753 793 792 934 
1754 898 953 792 
1755 792 1497 934 
1756 953 1227 792 
1757 1227 1451 792 
1758 792 1451 1497 
1759 933 793 934 
1760 1590 793 933 
1761 1448 795 794 
1762 1247 1448 794 
1763 1309 795 1088 
1764 1088 795 1448 
1765 796 797 798 
1766 985 797 796 
1767 796 798 959 
1768 959 1607 796 
1769 985 796 1062 
1770 1021 796 1022 
1771 1021 1062 796 
1772 1022 796 1605 
1773 1605 796 1607 
1774 1502 798 797 
1775 981 982 797 
1776 981 797 985 
1777 982 1502 797 
1778 959 798 861 
1779 798 1173 861 
1780 1304 1173 798 
1781 1304 798 1502 
1782 799 800 801 
1783 799 1025 800 
1784 1238 799 801 
1785 1025 799 815 
1786 815 799 1238 
1787 808 801 800 
1788 808 800 1225 
1789 800 1025 1420 
1790 800 1421 1225 
1791 800 1420 1421 
1792 808 809 801 
1793 1260 801 809 
1794 1238 801 1260 
1795 802 803 804 
1796 1579 803 802 
1797 1235 802 804 
1798 1235 1387 802 
1799 1387 1515 802 
1800 802 1515 1579 
1801 1546 1487 803 
1802 1546 803 1579 
1803 1235 804 1236 
1804 805 806 807 
1805 805 816 806 
1806 805 807 905 
1807 813 816 805 
1808 984 813 805 
1809 984 805 905 
1810 1009 807 806 
1811 806 816 818 
1812 1009 806 818 
1813 905 807 906 
1814 807 1525 906 
1815 1009 1525 807 
1816 808 855 809 
1817 855 808 856 
1818 808 1368 856 
1819 1225 1368 808 
1820 855 854 809 
1821 809 854 1266 
1822 1260 809 1266 
1823 810 811 812 
1824 810 1581 811 
1825 818 810 812 
1826 817 810 818 
1827 1486 810 817 
1828 1486 1581 810 
1829 811 983 812 
1830 811 1169 983 
1831 811 1581 1169 
1832 1410 818 812 
1833 812 983 1355 
1834 812 1355 1379 
1835 812 1379 1556 
1836 812 1556 1410 
1837 813 814 815 
1838 984 814 813 
1839 1238 813 815 
1840 813 1313 816 
1841 813 1238 1313 
1842 1434 815 814 
1843 954 814 984 
1844 1339 814 954 
1845 1339 1434 814 
1846 1434 1025 815 
1847 816 817 818 
1848 1313 817 816 
1849 1313 1265 817 
1850 1265 1486 817 
1851 1009 818 1410 
1852 819 820 821 
1853 819 1598 820 
1854 819 821 1504 
1855 1533 819 1504 
1856 819 1533 1598 
1857 1501 821 820 
1858 1501 820 1611 
1859 820 1598 1611 
1860 1501 1505 821 
1861 1503 1504 821 
1862 1503 821 1505 
1863 822 823 824 
1864 832 823 822 
1865 988 822 824 
1866 992 832 822 
1867 1099 822 988 
1868 1098 992 822 
1869 1098 822 1099 
1870 823 828 824 
1871 823 964 828 
1872 832 833 823 
1873 823 833 1151 
1874 823 1151 964 
1875 960 824 828 
1876 960 961 824 
1877 988 824 961 
1878 825 826 827 
1879 825 1406 826 
1880 1573 825 827 
1881 825 1187 1186 
1882 825 1186 1406 
1883 1573 1187 825 
1884 1038 827 826 
1885 919 826 1615 
1886 1615 826 1406 
1887 1327 827 1038 
1888 1327 1176 827 
1889 1573 827 1176 
1890 960 828 1030 
1891 828 964 1101 
1892 828 1304 1030 
1893 828 1101 1304 
1894 829 830 831 
1895 868 830 829 
1896 831 945 829 
1897 829 1073 868 
1898 829 945 1073 
1899 831 830 947 
1900 946 830 868 
1901 946 947 830 
1902 831 1176 945 
1903 1072 831 947 
1904 1072 1336 831 
1905 1573 1176 831 
1906 1336 1573 831 
1907 965 833 832 
1908 965 832 993 
1909 992 993 832 
1910 965 966 833 
1911 966 1032 833 
1912 833 1032 1151 
1913 834 835 836 
1914 834 1085 835 
1915 834 836 998 
1916 1343 834 998 
1917 834 1205 1085 
1918 834 1143 1205 
1919 1143 834 1343 
1920 836 835 1570 
1921 835 1085 913 
1922 1479 835 913 
1923 1479 1489 835 
1924 1551 835 1489 
1925 1570 835 1551 
1926 997 998 836 
1927 997 836 1233 
1928 1233 836 1570 
1929 837 838 839 
1930 837 999 838 
1931 837 839 1585 
1932 999 837 1518 
1933 837 1585 1196 
1934 837 1196 1587 
1935 837 1516 1518 
1936 837 1587 1516 
1937 866 839 838 
1938 874 866 838 
1939 873 874 838 
1940 873 838 999 
1941 865 839 866 
1942 865 1197 839 
1943 839 1197 1196 
1944 1585 839 1196 
1945 840 841 842 
1946 971 841 840 
1947 1153 840 842 
1948 840 970 971 
1949 1105 970 840 
1950 1105 840 1153 
1951 842 841 1240 
1952 841 971 869 
1953 841 869 1254 
1954 1240 841 1255 
1955 841 1254 1255 
1956 1153 842 871 
1957 871 842 1241 
1958 842 1240 1241 
1959 843 844 845 
1960 927 844 843 
1961 1059 843 845 
1962 843 926 927 
1963 843 1058 926 
1964 843 1059 1058 
1965 844 968 845 
1966 927 1470 844 
1967 1451 968 844 
1968 1451 844 1471 
1969 844 1470 1471 
1970 845 968 859 
1971 1059 845 859 
1972 846 847 848 
1973 1544 847 846 
1974 846 848 1058 
1975 1059 858 846 
1976 1082 846 858 
1977 846 1058 1059 
1978 1544 846 1082 
1979 847 1588 848 
1980 1321 1185 847 
1981 1185 1596 847 
1982 1321 847 1322 
1983 1322 847 1544 
1984 847 1596 1588 
1985 848 1036 1058 
1986 1588 1036 848 
1987 849 850 851 
1988 849 1476 850 
1989 1371 849 851 
1990 849 1299 1065 
1991 1065 1476 849 
1992 849 1366 1299 
1993 849 1373 1366 
1994 1371 1373 849 
1995 850 1491 851 
1996 1293 1295 850 
1997 1476 1293 850 
1998 1295 1477 850 
1999 1477 1491 850 
2000 1371 851 1491 
2001 852 853 854 
2002 852 1529 853 
2003 857 852 854 
2004 857 1177 852 
2005 1177 1545 852 
2006 1545 1529 852 
2007 1266 854 853 
2008 1265 1266 853 
2009 1265 853 1319 
2010 1319 853 1529 
2011 855 857 854 
2012 855 856 857 
2013 856 1199 1200 
2014 1368 1199 856 
2015 858 859 860 
2016 1059 859 858 
2017 925 858 860 
2018 1082 858 925 
2019 1116 860 859 
2020 968 969 859 
2021 1116 859 969 
2022 924 925 860 
2023 1230 924 860 
2024 1230 860 1116 
2025 862 863 864 
2026 1576 863 862 
2027 862 864 1553 
2028 862 1553 1069 
2029 862 1069 1576 
2030 863 1578 864 
2031 1016 863 1241 
2032 1016 1578 863 
2033 1241 863 1576 
2034 864 1552 1553 
2035 864 1578 1552 
2036 866 1054 865 
2037 1096 929 865 
2038 929 1334 865 
2039 1136 865 1054 
2040 865 1163 1096 
2041 1136 1163 865 
2042 865 1334 1197 
2043 874 1054 866 
2044 867 868 869 
2045 867 946 868 
2046 867 869 971 
2047 970 946 867 
2048 970 867 971 
2049 868 1254 869 
2050 868 1073 1254 
2051 870 871 872 
2052 1153 871 870 
2053 1267 870 872 
2054 1153 870 1103 
2055 1549 1103 870 
2056 1549 870 1267 
2057 872 871 1052 
2058 871 1241 1052 
2059 872 1052 1152 
2060 1262 872 1152 
2061 1262 1267 872 
2062 873 1055 874 
2063 873 938 937 
2064 1048 873 937 
2065 873 999 938 
2066 1048 1061 873 
2067 873 1061 1055 
2068 874 1055 1054 
2069 875 876 877 
2070 920 876 875 
2071 875 877 1495 
2072 920 875 972 
2073 972 875 1495 
2074 876 884 877 
2075 876 952 884 
2076 1193 876 920 
2077 1018 952 876 
2078 1193 1018 876 
2079 884 1237 877 
2080 896 895 877 
2081 877 895 1495 
2082 906 896 877 
2083 906 877 1237 
2084 878 879 880 
2085 878 953 879 
2086 878 880 1064 
2087 878 1102 953 
2088 878 979 980 
2089 979 878 1064 
2090 878 980 1102 
2091 903 880 879 
2092 897 879 898 
2093 903 879 897 
2094 879 953 898 
2095 889 880 903 
2096 889 1080 880 
2097 1080 1064 880 
2098 881 882 883 
2099 881 891 882 
2100 883 1164 881 
2101 891 881 1232 
2102 1164 1232 881 
2103 1190 883 882 
2104 891 893 882 
2105 893 1421 882 
2106 1190 882 1191 
2107 882 1421 1191 
2108 1234 1164 883 
2109 1234 883 1190 
2110 951 884 952 
2111 951 954 884 
2112 954 958 884 
2113 958 1237 884 
2114 885 886 887 
2115 1510 886 885 
2116 1068 885 887 
2117 1068 931 885 
2118 1380 885 931 
2119 1560 885 1380 
2120 1560 1510 885 
2121 887 886 1267 
2122 1510 1267 886 
2123 1068 887 1359 
2124 887 1244 1243 
2125 1359 887 1243 
2126 887 1267 1244 
2127 888 889 890 
2128 888 1080 889 
2129 888 890 1472 
2130 1006 888 1047 
2131 1131 888 1006 
2132 888 1472 1047 
2133 1080 888 1131 
2134 889 902 890 
2135 889 903 902 
2136 1285 890 902 
2137 1284 890 1285 
2138 1472 890 1284 
2139 891 892 893 
2140 1422 892 891 
2141 1232 1422 891 
2142 893 892 1558 
2143 892 1132 1558 
2144 892 1593 1132 
2145 1422 1593 892 
2146 1541 1421 893 
2147 893 1540 1541 
2148 1540 893 1557 
2149 893 1558 1557 
2150 894 895 896 
2151 894 1561 895 
2152 1525 894 896 
2153 894 1524 955 
2154 1565 894 955 
2155 1524 894 1525 
2156 1561 894 1565 
2157 1495 895 1496 
2158 1561 1496 895 
2159 906 1525 896 
2160 904 903 897 
2161 904 897 974 
2162 899 900 901 
2163 899 1084 900 
2164 899 901 1149 
2165 1083 1084 899 
2166 1500 1083 899 
2167 1460 899 1149 
2168 1500 899 1460 
2169 900 1574 901 
2170 1084 1108 900 
2171 1108 1112 900 
2172 900 1112 1130 
2173 900 1130 1574 
2174 1149 901 1426 
2175 1426 901 1468 
2176 901 1574 1468 
2177 902 903 904 
2178 902 904 1189 
2179 1285 902 1189 
2180 904 974 1460 
2181 904 1460 1189 
2182 905 906 907 
2183 958 905 907 
2184 958 984 905 
2185 958 907 906 
2186 958 906 1237 
2187 911 908 909 
2188 908 911 936 
2189 936 1386 908 
2190 909 910 911 
2191 911 910 1003 
2192 1106 1003 910 
2193 911 935 936 
2194 911 1003 935 
2195 912 913 914 
2196 1479 913 912 
2197 912 914 1424 
2198 1424 1453 912 
2199 914 913 996 
2200 913 1085 996 
2201 995 914 996 
2202 995 1022 914 
2203 1022 1605 914 
2204 1424 914 1607 
2205 1605 1607 914 
2206 915 916 917 
2207 1256 916 915 
2208 915 917 929 
2209 928 915 929 
2210 1154 915 928 
2211 1154 1256 915 
2212 918 917 916 
2213 916 1375 918 
2214 1256 973 916 
2215 973 1592 916 
2216 1568 1375 916 
2217 1568 916 1592 
2218 929 917 918 
2219 929 918 1334 
2220 918 1198 1334 
2221 918 1376 1198 
2222 918 1375 1376 
2223 1537 1263 919 
2224 1603 919 1405 
2225 1405 919 1615 
2226 919 1603 1537 
2227 972 973 920 
2228 1308 920 973 
2229 1193 920 1113 
2230 1113 920 1308 
2231 921 922 923 
2232 1032 922 921 
2233 1282 921 923 
2234 1151 921 962 
2235 921 1282 962 
2236 1032 921 1151 
2237 922 1070 923 
2238 1031 922 1032 
2239 922 1031 1069 
2240 922 1069 1070 
2241 1070 1485 923 
2242 1282 923 1431 
2243 1431 923 1485 
2244 924 1109 925 
2245 1166 1109 924 
2246 1230 1166 924 
2247 1081 1082 925 
2248 1095 1081 925 
2249 1095 925 1109 
2250 926 976 927 
2251 926 1035 976 
2252 1036 1035 926 
2253 1036 926 1058 
2254 927 976 1513 
2255 1513 1470 927 
2256 1005 928 929 
2257 1154 928 1005 
2258 1096 1005 929 
2259 930 931 932 
2260 931 930 1380 
2261 930 932 1411 
2262 930 1411 1360 
2263 930 1360 1512 
2264 1512 1380 930 
2265 931 1068 932 
2266 1068 1390 932 
2267 932 1390 1391 
2268 932 1391 1542 
2269 1411 932 1412 
2270 932 1542 1412 
2271 933 934 1171 
2272 933 1171 1170 
2273 1435 933 1170 
2274 1435 1590 933 
2275 934 1300 1171 
2276 1300 934 1497 
2277 936 935 1562 
2278 935 1003 1530 
2279 1530 1594 935 
2280 1562 935 1594 
2281 936 956 1413 
2282 936 1562 956 
2283 936 1413 1386 
2284 937 938 939 
2285 1048 937 939 
2286 1414 939 938 
2287 938 999 1184 
2288 938 1184 1185 
2289 1321 938 1185 
2290 1414 938 1321 
2291 1048 939 1049 
2292 1049 939 1414 
2293 940 941 942 
2294 1019 941 940 
2295 940 942 1024 
2296 1220 1019 940 
2297 1023 940 1024 
2298 1220 940 1023 
2299 942 941 1045 
2300 1019 1045 941 
2301 1024 942 1452 
2302 942 1195 1039 
2303 1039 1452 942 
2304 1075 942 1045 
2305 942 1075 1195 
2306 943 944 945 
2307 1326 944 943 
2308 943 945 1176 
2309 1327 943 1176 
2310 1327 1326 943 
2311 945 944 1073 
2312 944 1254 1073 
2313 944 1328 1254 
2314 1326 1328 944 
2315 975 947 946 
2316 970 975 946 
2317 1006 947 975 
2318 1006 1047 947 
2319 1047 1072 947 
2320 948 949 950 
2321 1493 949 948 
2322 948 950 1212 
2323 1271 948 1212 
2324 1271 1383 948 
2325 948 1383 1384 
2326 1493 948 1384 
2327 950 949 1213 
2328 949 1494 1213 
2329 949 1493 1494 
2330 1055 1061 950 
2331 1213 1055 950 
2332 950 1061 1212 
2333 951 952 986 
2334 951 986 954 
2335 1071 986 952 
2336 1071 952 1018 
2337 953 1102 1227 
2338 954 984 958 
2339 986 1339 954 
2340 955 956 957 
2341 955 1413 956 
2342 955 957 1566 
2343 955 1524 1413 
2344 1565 955 1566 
2345 1562 957 956 
2346 1562 1595 957 
2347 957 1595 1566 
2348 987 961 960 
2349 960 982 1026 
2350 960 1030 982 
2351 1008 987 960 
2352 1008 960 1026 
2353 988 961 987 
2354 962 963 964 
2355 962 1282 963 
2356 962 964 1151 
2357 964 963 1150 
2358 1282 1432 963 
2359 964 1174 1101 
2360 964 1150 1174 
2361 1051 966 965 
2362 965 993 1051 
2363 966 1031 1032 
2364 1033 1031 966 
2365 1053 1033 966 
2366 1051 1053 966 
2367 968 1117 969 
2368 1102 1117 968 
2369 1102 968 1227 
2370 1227 968 1451 
2371 1116 969 1117 
2372 1076 975 970 
2373 970 1158 1076 
2374 1105 1158 970 
2375 972 1592 973 
2376 972 1495 1554 
2377 972 1554 1592 
2378 1308 973 1256 
2379 974 1500 1460 
2380 974 1590 1500 
2381 1006 975 1007 
2382 1007 975 1076 
2383 976 977 978 
2384 976 1035 977 
2385 976 978 1194 
2386 1156 976 1194 
2387 1156 1513 976 
2388 1183 978 977 
2389 1035 1037 977 
2390 977 1037 1182 
2391 1182 1183 977 
2392 1183 1604 978 
2393 1194 978 1604 
2394 1079 980 979 
2395 1063 979 1064 
2396 1063 1079 979 
2397 1079 1466 980 
2398 1117 1102 980 
2399 1116 1117 980 
2400 1116 980 1466 
2401 1026 982 981 
2402 1026 981 985 
2403 1030 1502 982 
2404 1353 983 1169 
2405 1353 1355 983 
2406 1020 985 1062 
2407 1020 1086 985 
2408 1086 1026 985 
2409 1071 1192 986 
2410 1192 1339 986 
2411 1099 988 987 
2412 1222 987 1008 
2413 1250 1099 987 
2414 1250 987 1222 
2415 989 990 991 
2416 1429 990 989 
2417 1159 989 991 
2418 989 1159 1389 
2419 1446 989 1389 
2420 1443 1429 989 
2421 1444 1443 989 
2422 1446 1444 989 
2423 1343 991 990 
2424 1141 1343 990 
2425 1429 1141 990 
2426 1159 991 998 
2427 991 1343 998 
2428 1168 993 992 
2429 1098 1168 992 
2430 1152 1051 993 
2431 1261 1152 993 
2432 1261 993 1168 
2433 994 995 996 
2434 994 1021 995 
2435 994 996 1148 
2436 994 1020 1021 
2437 994 1251 1020 
2438 994 1148 1251 
2439 995 1021 1022 
2440 1205 996 1085 
2441 1204 1148 996 
2442 1205 1204 996 
2443 997 1159 998 
2444 1075 1159 997 
2445 997 1195 1075 
2446 997 1233 1195 
2447 999 1185 1184 
2448 999 1518 1185 
2449 1000 1001 1002 
2450 1000 1430 1001 
2451 1000 1002 1438 
2452 1000 1128 1392 
2453 1000 1437 1128 
2454 1392 1430 1000 
2455 1000 1436 1437 
2456 1519 1436 1000 
2457 1519 1000 1438 
2458 1001 1440 1002 
2459 1430 1439 1001 
2460 1001 1439 1440 
2461 1300 1003 1106 
2462 1497 1003 1300 
2463 1530 1003 1497 
2464 1154 1005 1096 
2465 1131 1006 1007 
2466 1111 1007 1076 
2467 1127 1007 1111 
2468 1127 1131 1007 
2469 1086 1008 1026 
2470 1086 1214 1008 
2471 1222 1008 1214 
2472 1009 1410 1525 
2473 1010 1011 1012 
2474 1312 1011 1010 
2475 1218 1010 1012 
2476 1415 1010 1218 
2477 1312 1010 1415 
2478 1104 1012 1011 
2479 1011 1111 1076 
2480 1011 1076 1158 
2481 1011 1158 1104 
2482 1312 1111 1011 
2483 1103 1012 1104 
2484 1103 1283 1012 
2485 1218 1012 1219 
2486 1012 1283 1219 
2487 1013 1014 1015 
2488 1143 1014 1013 
2489 1013 1015 1344 
2490 1143 1013 1205 
2491 1013 1204 1205 
2492 1013 1346 1204 
2493 1013 1344 1346 
2494 1014 1100 1015 
2495 1014 1349 1100 
2496 1142 1014 1143 
2497 1142 1381 1014 
2498 1349 1014 1402 
2499 1014 1381 1388 
2500 1014 1388 1402 
2501 1015 1100 1349 
2502 1015 1356 1344 
2503 1015 1349 1356 
2504 1016 1240 1017 
2505 1240 1016 1241 
2506 1240 1428 1017 
2507 1139 1071 1018 
2508 1139 1018 1140 
2509 1140 1018 1193 
2510 1045 1019 1046 
2511 1046 1019 1478 
2512 1478 1019 1220 
2513 1021 1020 1062 
2514 1086 1020 1214 
2515 1251 1214 1020 
2516 1023 1133 1220 
2517 1420 1025 1191 
2518 1191 1025 1434 
2519 1027 1028 1029 
2520 1028 1027 1597 
2521 1330 1027 1029 
2522 1329 1027 1330 
2523 1445 1027 1329 
2524 1597 1027 1445 
2525 1028 1094 1029 
2526 1501 1094 1028 
2527 1028 1597 1501 
2528 1093 1029 1094 
2529 1330 1029 1093 
2530 1030 1304 1502 
2531 1033 1034 1031 
2532 1034 1069 1031 
2533 1033 1069 1034 
2534 1053 1576 1033 
2535 1576 1069 1033 
2536 1035 1036 1037 
2537 1037 1036 1597 
2538 1505 1036 1588 
2539 1505 1597 1036 
2540 1037 1445 1182 
2541 1037 1597 1445 
2542 1039 1040 1041 
2543 1040 1039 1233 
2544 1039 1041 1452 
2545 1195 1233 1039 
2546 1570 1041 1040 
2547 1233 1570 1040 
2548 1570 1551 1041 
2549 1042 1043 1044 
2550 1042 1244 1043 
2551 1044 1362 1042 
2552 1242 1244 1042 
2553 1242 1042 1363 
2554 1362 1363 1042 
2555 1488 1044 1043 
2556 1488 1043 1244 
2557 1168 1098 1044 
2558 1350 1044 1098 
2559 1168 1044 1261 
2560 1488 1261 1044 
2561 1044 1350 1362 
2562 1302 1045 1046 
2563 1302 1075 1045 
2564 1389 1302 1046 
2565 1441 1389 1046 
2566 1441 1046 1469 
2567 1046 1478 1469 
2568 1047 1335 1072 
2569 1472 1335 1047 
2570 1048 1049 1050 
2571 1048 1050 1212 
2572 1048 1212 1061 
2573 1271 1050 1049 
2574 1049 1121 1123 
2575 1049 1414 1121 
2576 1049 1123 1272 
2577 1271 1049 1272 
2578 1271 1212 1050 
2579 1051 1052 1053 
2580 1152 1052 1051 
2581 1052 1241 1053 
2582 1241 1576 1053 
2583 1054 1055 1056 
2584 1056 1136 1054 
2585 1056 1055 1211 
2586 1213 1211 1055 
2587 1056 1137 1136 
2588 1056 1211 1137 
2589 1060 1449 1236 
2590 1063 1064 1080 
2591 1078 1079 1063 
2592 1078 1063 1144 
2593 1063 1080 1208 
2594 1063 1208 1144 
2595 1065 1066 1067 
2596 1065 1464 1066 
2597 1476 1065 1067 
2598 1298 1065 1299 
2599 1361 1065 1298 
2600 1065 1361 1464 
2601 1066 1528 1067 
2602 1412 1066 1464 
2603 1412 1511 1066 
2604 1418 1066 1511 
2605 1528 1066 1418 
2606 1293 1476 1067 
2607 1067 1547 1293 
2608 1067 1528 1547 
2609 1534 1068 1359 
2610 1534 1390 1068 
2611 1275 1070 1069 
2612 1481 1275 1069 
2613 1481 1069 1553 
2614 1275 1276 1070 
2615 1276 1485 1070 
2616 1139 1399 1071 
2617 1399 1192 1071 
2618 1072 1335 1336 
2619 1075 1389 1159 
2620 1302 1389 1075 
2621 1078 1144 1079 
2622 1144 1270 1079 
2623 1270 1466 1079 
2624 1207 1080 1131 
2625 1207 1208 1080 
2626 1081 1544 1082 
2627 1095 1544 1081 
2628 1083 1539 1084 
2629 1435 1170 1083 
2630 1083 1170 1539 
2631 1500 1435 1083 
2632 1107 1108 1084 
2633 1107 1084 1423 
2634 1539 1423 1084 
2635 1087 1088 1089 
2636 1087 1181 1088 
2637 1087 1089 1169 
2638 1087 1169 1581 
2639 1179 1181 1087 
2640 1179 1087 1581 
2641 1089 1088 1247 
2642 1181 1309 1088 
2643 1247 1088 1448 
2644 1089 1353 1169 
2645 1089 1247 1353 
2646 1090 1091 1092 
2647 1090 1268 1091 
2648 1090 1092 1521 
2649 1592 1268 1090 
2650 1090 1521 1522 
2651 1568 1090 1522 
2652 1568 1592 1090 
2653 1092 1091 1269 
2654 1268 1269 1091 
2655 1092 1269 1286 
2656 1092 1286 1546 
2657 1092 1546 1521 
2658 1330 1093 1612 
2659 1501 1611 1094 
2660 1109 1122 1095 
2661 1121 1095 1122 
2662 1121 1385 1095 
2663 1385 1322 1095 
2664 1544 1095 1322 
2665 1163 1154 1096 
2666 1350 1098 1099 
2667 1249 1099 1250 
2668 1350 1099 1249 
2669 1173 1101 1174 
2670 1304 1101 1173 
2671 1103 1104 1105 
2672 1105 1153 1103 
2673 1549 1283 1103 
2674 1104 1158 1105 
2675 1311 1106 1210 
2676 1311 1300 1106 
2677 1107 1430 1108 
2678 1311 1107 1423 
2679 1311 1555 1107 
2680 1107 1555 1430 
2681 1112 1108 1430 
2682 1123 1122 1109 
2683 1123 1109 1166 
2684 1207 1127 1111 
2685 1312 1207 1111 
2686 1392 1130 1112 
2687 1430 1392 1112 
2688 1113 1114 1115 
2689 1113 1308 1114 
2690 1178 1113 1115 
2691 1193 1113 1178 
2692 1115 1114 1163 
2693 1163 1114 1154 
2694 1114 1256 1154 
2695 1114 1308 1256 
2696 1135 1115 1163 
2697 1178 1115 1135 
2698 1230 1116 1466 
2699 1118 1119 1120 
2700 1118 1545 1119 
2701 1306 1118 1120 
2702 1305 1118 1306 
2703 1305 1545 1118 
2704 1306 1120 1507 
2705 1120 1506 1507 
2706 1121 1122 1123 
2707 1121 1322 1385 
2708 1121 1414 1322 
2709 1123 1166 1165 
2710 1272 1123 1165 
2711 1124 1125 1126 
2712 1124 1340 1125 
2713 1301 1124 1126 
2714 1301 1215 1124 
2715 1215 1340 1124 
2716 1125 1380 1126 
2717 1125 1415 1218 
2718 1125 1218 1560 
2719 1125 1340 1415 
2720 1125 1560 1380 
2721 1301 1126 1455 
2722 1126 1380 1512 
2723 1126 1454 1455 
2724 1126 1512 1454 
2725 1207 1131 1127 
2726 1128 1129 1130 
2727 1128 1437 1129 
2728 1128 1130 1392 
2729 1130 1129 1574 
2730 1468 1129 1437 
2731 1574 1129 1468 
2732 1132 1133 1134 
2733 1132 1220 1133 
2734 1608 1132 1134 
2735 1593 1220 1132 
2736 1558 1132 1602 
2737 1608 1602 1132 
2738 1608 1134 1133 
2739 1133 1175 1348 
2740 1608 1133 1348 
2741 1135 1136 1137 
2742 1135 1163 1136 
2743 1206 1135 1137 
2744 1273 1178 1135 
2745 1273 1135 1206 
2746 1206 1137 1277 
2747 1211 1277 1137 
2748 1139 1140 1273 
2749 1139 1273 1274 
2750 1482 1139 1274 
2751 1139 1404 1399 
2752 1482 1404 1139 
2753 1140 1193 1273 
2754 1141 1142 1143 
2755 1419 1142 1141 
2756 1141 1143 1343 
2757 1141 1417 1419 
2758 1141 1480 1417 
2759 1480 1141 1429 
2760 1142 1395 1381 
2761 1142 1394 1395 
2762 1142 1419 1394 
2763 1201 1144 1208 
2764 1201 1270 1144 
2765 1145 1146 1147 
2766 1145 1484 1146 
2767 1217 1145 1147 
2768 1217 1475 1145 
2769 1459 1145 1475 
2770 1484 1145 1459 
2771 1146 1202 1147 
2772 1165 1166 1146 
2773 1484 1165 1146 
2774 1281 1146 1166 
2775 1146 1203 1202 
2776 1281 1203 1146 
2777 1217 1147 1202 
2778 1346 1148 1204 
2779 1148 1317 1251 
2780 1148 1345 1317 
2781 1346 1345 1148 
2782 1189 1149 1285 
2783 1460 1149 1189 
2784 1285 1149 1426 
2785 1174 1150 1173 
2786 1261 1262 1152 
2787 1155 1156 1157 
2788 1155 1465 1156 
2789 1433 1155 1167 
2790 1433 1465 1155 
2791 1156 1194 1157 
2792 1513 1156 1465 
2793 1160 1161 1162 
2794 1160 1374 1161 
2795 1160 1162 1235 
2796 1235 1449 1160 
2797 1449 1374 1160 
2798 1162 1161 1316 
2799 1315 1161 1229 
2800 1374 1229 1161 
2801 1161 1315 1316 
2802 1235 1162 1387 
2803 1162 1316 1599 
2804 1387 1162 1514 
2805 1599 1514 1162 
2806 1164 1231 1232 
2807 1164 1469 1231 
2808 1234 1291 1164 
2809 1290 1164 1291 
2810 1164 1290 1397 
2811 1164 1397 1469 
2812 1484 1272 1165 
2813 1166 1230 1466 
2814 1466 1281 1166 
2815 1170 1171 1172 
2816 1170 1172 1539 
2817 1172 1171 1300 
2818 1311 1172 1300 
2819 1539 1172 1311 
2820 1347 1348 1175 
2821 1273 1193 1178 
2822 1179 1180 1181 
2823 1179 1320 1180 
2824 1318 1320 1179 
2825 1318 1179 1581 
2826 1180 1456 1181 
2827 1320 1456 1180 
2828 1181 1307 1309 
2829 1456 1307 1181 
2830 1182 1329 1183 
2831 1182 1445 1329 
2832 1329 1609 1183 
2833 1609 1604 1183 
2834 1185 1518 1517 
2835 1571 1185 1517 
2836 1571 1596 1185 
2837 1186 1187 1188 
2838 1188 1406 1186 
2839 1188 1187 1427 
2840 1336 1426 1187 
2841 1336 1187 1573 
2842 1426 1427 1187 
2843 1188 1405 1406 
2844 1188 1520 1405 
2845 1188 1427 1520 
2846 1190 1191 1192 
2847 1190 1192 1399 
2848 1234 1190 1399 
2849 1192 1191 1434 
2850 1420 1191 1421 
2851 1192 1434 1339 
2852 1196 1197 1198 
2853 1196 1198 1587 
2854 1197 1334 1198 
2855 1198 1376 1483 
2856 1198 1483 1580 
2857 1580 1587 1198 
2858 1253 1199 1368 
2859 1199 1253 1602 
2860 1201 1202 1203 
2861 1202 1201 1550 
2862 1201 1203 1270 
2863 1292 1201 1208 
2864 1201 1292 1550 
2865 1217 1202 1340 
2866 1340 1202 1550 
2867 1281 1270 1203 
2868 1273 1206 1274 
2869 1206 1297 1274 
2870 1277 1297 1206 
2871 1292 1208 1207 
2872 1207 1312 1292 
2873 1311 1210 1555 
2874 1213 1277 1211 
2875 1213 1492 1277 
2876 1492 1213 1499 
2877 1499 1213 1494 
2878 1221 1222 1214 
2879 1221 1214 1251 
2880 1215 1216 1217 
2881 1216 1215 1455 
2882 1215 1217 1340 
2883 1301 1455 1215 
2884 1217 1216 1475 
2885 1508 1216 1455 
2886 1508 1475 1216 
2887 1510 1218 1219 
2888 1560 1218 1510 
2889 1549 1219 1283 
2890 1510 1219 1549 
2891 1478 1220 1422 
2892 1422 1220 1593 
2893 1462 1222 1221 
2894 1317 1221 1251 
2895 1345 1221 1317 
2896 1345 1462 1221 
2897 1248 1250 1222 
2898 1462 1248 1222 
2899 1223 1224 1225 
2900 1223 1600 1224 
2901 1541 1223 1225 
2902 1541 1540 1223 
2903 1540 1557 1223 
2904 1557 1600 1223 
2905 1225 1224 1368 
2906 1252 1253 1224 
2907 1252 1224 1600 
2908 1368 1224 1253 
2909 1541 1225 1421 
2910 1310 1575 1226 
2911 1315 1229 1228 
2912 1606 1315 1228 
2913 1393 1229 1374 
2914 1232 1231 1478 
2915 1231 1469 1478 
2916 1478 1422 1232 
2917 1234 1337 1291 
2918 1234 1403 1337 
2919 1404 1234 1399 
2920 1403 1234 1404 
2921 1235 1236 1449 
2922 1260 1313 1238 
2923 1255 1428 1240 
2924 1242 1243 1244 
2925 1242 1359 1243 
2926 1364 1359 1242 
2927 1242 1363 1364 
2928 1488 1244 1267 
2929 1248 1249 1250 
2930 1248 1461 1249 
2931 1257 1248 1258 
2932 1257 1461 1248 
2933 1462 1258 1248 
2934 1559 1350 1249 
2935 1249 1461 1559 
2936 1253 1252 1602 
2937 1557 1558 1252 
2938 1557 1252 1600 
2939 1558 1602 1252 
2940 1255 1254 1589 
2941 1589 1254 1328 
2942 1255 1589 1428 
2943 1257 1258 1259 
2944 1257 1259 1457 
2945 1257 1457 1461 
2946 1402 1259 1258 
2947 1402 1258 1462 
2948 1402 1388 1259 
2949 1388 1498 1259 
2950 1457 1259 1498 
2951 1265 1260 1266 
2952 1313 1260 1265 
2953 1488 1262 1261 
2954 1488 1267 1262 
2955 1263 1543 1264 
2956 1263 1537 1543 
2957 1264 1437 1436 
2958 1438 1264 1436 
2959 1264 1543 1437 
2960 1265 1319 1486 
2961 1549 1267 1510 
2962 1268 1554 1269 
2963 1592 1554 1268 
2964 1269 1409 1286 
2965 1583 1409 1269 
2966 1554 1583 1269 
2967 1281 1466 1270 
2968 1271 1272 1383 
2969 1383 1272 1459 
2970 1484 1459 1272 
2971 1482 1274 1297 
2972 1275 1485 1276 
2973 1278 1280 1275 
2974 1481 1278 1275 
2975 1280 1526 1275 
2976 1275 1526 1485 
2977 1277 1296 1297 
2978 1277 1532 1296 
2979 1532 1277 1492 
2980 1278 1279 1280 
2981 1278 1523 1279 
2982 1481 1577 1278 
2983 1279 1352 1280 
2984 1523 1352 1279 
2985 1352 1351 1280 
2986 1351 1485 1280 
2987 1280 1485 1526 
2988 1282 1431 1432 
2989 1284 1285 1601 
2990 1284 1336 1335 
2991 1472 1284 1335 
2992 1284 1601 1336 
2993 1285 1426 1601 
2994 1286 1287 1288 
2995 1408 1287 1286 
2996 1546 1286 1288 
2997 1408 1286 1409 
2998 1408 1398 1287 
2999 1546 1288 1487 
3000 1289 1290 1291 
3001 1289 1480 1290 
3002 1289 1291 1337 
3003 1289 1337 1358 
3004 1480 1289 1358 
3005 1396 1397 1290 
3006 1396 1290 1443 
3007 1290 1429 1443 
3008 1290 1480 1429 
3009 1292 1312 1415 
3010 1550 1292 1415 
3011 1293 1294 1295 
3012 1294 1293 1357 
3013 1547 1357 1293 
3014 1416 1295 1294 
3015 1357 1403 1294 
3016 1403 1404 1294 
3017 1404 1416 1294 
3018 1296 1477 1295 
3019 1538 1296 1295 
3020 1538 1295 1416 
3021 1538 1297 1296 
3022 1532 1477 1296 
3023 1538 1482 1297 
3024 1508 1298 1299 
3025 1360 1361 1298 
3026 1360 1298 1454 
3027 1535 1454 1298 
3028 1508 1535 1298 
3029 1299 1325 1324 
3030 1299 1324 1474 
3031 1365 1325 1299 
3032 1365 1299 1366 
3033 1299 1474 1475 
3034 1508 1299 1475 
3035 1305 1306 1307 
3036 1456 1305 1307 
3037 1456 1529 1305 
3038 1305 1529 1545 
3039 1306 1310 1307 
3040 1310 1306 1507 
3041 1309 1307 1310 
3042 1310 1507 1575 
3043 1539 1311 1423 
3044 1316 1315 1483 
3045 1483 1315 1533 
3046 1533 1315 1606 
3047 1376 1378 1316 
3048 1376 1316 1483 
3049 1599 1316 1378 
3050 1318 1319 1320 
3051 1486 1319 1318 
3052 1486 1318 1581 
3053 1319 1456 1320 
3054 1319 1529 1456 
3055 1321 1322 1414 
3056 1323 1324 1325 
3057 1323 1384 1324 
3058 1365 1323 1325 
3059 1365 1367 1323 
3060 1323 1367 1493 
3061 1323 1493 1384 
3062 1324 1384 1458 
3063 1458 1475 1324 
3064 1474 1324 1475 
3065 1332 1328 1326 
3066 1332 1331 1328 
3067 1589 1328 1331 
3068 1329 1604 1609 
3069 1331 1332 1333 
3070 1601 1426 1336 
3071 1357 1358 1337 
3072 1357 1337 1403 
3073 1523 1338 1352 
3074 1340 1550 1415 
3075 1344 1345 1346 
3076 1344 1356 1345 
3077 1345 1356 1462 
3078 1348 1347 1608 
3079 1349 1462 1356 
3080 1349 1402 1462 
3081 1350 1536 1362 
3082 1559 1536 1350 
3083 1431 1485 1351 
3084 1431 1351 1569 
3085 1353 1354 1355 
3086 1354 1379 1355 
3087 1354 1386 1379 
3088 1358 1357 1547 
3089 1480 1358 1417 
3090 1417 1358 1548 
3091 1548 1358 1547 
3092 1363 1359 1364 
3093 1534 1359 1363 
3094 1361 1360 1411 
3095 1512 1360 1454 
3096 1361 1411 1412 
3097 1361 1412 1464 
3098 1363 1362 1369 
3099 1457 1369 1362 
3100 1536 1457 1362 
3101 1363 1369 1388 
3102 1381 1382 1363 
3103 1381 1363 1388 
3104 1534 1363 1382 
3105 1365 1366 1367 
3106 1467 1367 1366 
3107 1467 1366 1373 
3108 1372 1367 1467 
3109 1372 1494 1367 
3110 1367 1494 1493 
3111 1369 1498 1388 
3112 1457 1498 1369 
3113 1591 1433 1370 
3114 1370 1531 1591 
3115 1594 1531 1370 
3116 1371 1372 1373 
3117 1371 1499 1372 
3118 1491 1492 1371 
3119 1371 1492 1499 
3120 1372 1467 1373 
3121 1372 1499 1494 
3122 1393 1374 1449 
3123 1376 1375 1378 
3124 1375 1377 1378 
3125 1375 1522 1377 
3126 1568 1522 1375 
3127 1377 1599 1378 
3128 1377 1522 1610 
3129 1377 1610 1599 
3130 1379 1386 1413 
3131 1556 1379 1413 
3132 1381 1390 1382 
3133 1391 1390 1381 
3134 1391 1381 1395 
3135 1534 1382 1390 
3136 1383 1458 1384 
3137 1458 1383 1459 
3138 1387 1514 1515 
3139 1441 1446 1389 
3140 1394 1391 1395 
3141 1542 1391 1394 
3142 1394 1419 1418 
3143 1394 1418 1542 
3144 1396 1441 1397 
3145 1396 1450 1441 
3146 1396 1443 1444 
3147 1450 1396 1444 
3148 1441 1469 1397 
3149 1416 1404 1482 
3150 1405 1615 1406 
3151 1520 1427 1405 
3152 1427 1603 1405 
3153 1407 1408 1409 
3154 1583 1407 1409 
3155 1567 1566 1407 
3156 1566 1595 1407 
3157 1567 1407 1583 
3158 1525 1410 1524 
3159 1556 1524 1410 
3160 1412 1542 1511 
3161 1524 1556 1413 
3162 1538 1416 1482 
3163 1417 1418 1419 
3164 1417 1548 1418 
3165 1418 1511 1542 
3166 1418 1548 1528 
3167 1424 1425 1453 
3168 1427 1426 1468 
3169 1468 1603 1427 
3170 1430 1555 1439 
3171 1431 1569 1432 
3172 1591 1465 1433 
3173 1500 1590 1435 
3174 1438 1436 1519 
3175 1468 1437 1537 
3176 1437 1543 1537 
3177 1441 1447 1446 
3178 1450 1447 1441 
3179 1446 1447 1444 
3180 1447 1450 1444 
3181 1451 1471 1527 
3182 1451 1530 1497 
3183 1451 1527 1530 
3184 1455 1454 1535 
3185 1508 1455 1535 
3186 1457 1559 1461 
3187 1559 1457 1536 
3188 1458 1459 1475 
3189 1591 1513 1465 
3190 1603 1468 1537 
3191 1471 1470 1572 
3192 1572 1470 1513 
3193 1471 1572 1527 
3194 1506 1473 1507 
3195 1575 1507 1473 
3196 1477 1532 1491 
3197 1552 1481 1553 
3198 1552 1577 1481 
3199 1483 1533 1580 
3200 1551 1489 1614 
3201 1491 1532 1492 
3202 1495 1496 1554 
3203 1582 1554 1496 
3204 1561 1582 1496 
3205 1505 1501 1597 
3206 1504 1503 1571 
3207 1503 1505 1588 
3208 1503 1596 1571 
3209 1503 1588 1596 
3210 1533 1504 1580 
3211 1586 1504 1571 
3212 1586 1580 1504 
3213 1572 1513 1591 
3214 1515 1514 1599 
3215 1579 1515 1610 
3216 1515 1599 1610 
3217 1516 1517 1518 
3218 1586 1517 1516 
3219 1586 1516 1587 
3220 1586 1571 1517 
3221 1521 1610 1522 
3222 1546 1579 1521 
3223 1521 1579 1610 
3224 1530 1527 1531 
3225 1531 1527 1591 
3226 1527 1572 1591 
3227 1547 1528 1548 
3228 1530 1531 1594 
3229 1533 1606 1598 
3230 1552 1578 1577 
3231 1582 1583 1554 
3232 1561 1565 1582 
3233 1565 1566 1567 
3234 1565 1567 1582 
3235 1582 1567 1583 
3236 1586 1587 1580 
3 1 4 6018
3237 1379 1386 1683 1723 
3238 1592 1268 1700 1786 
3239 455 394 357 358 
3240 1355 1379 1354 1683 
3241 1609 1663 1640 1717 
3242 711 1639 668 1656 
3243 1355 1625 1379 1683 
3244 1601 1638 753 1735 
3245 1078 1079 1144 1731 
3246 1356 1675 1628 1748 
3247 1355 983 1625 1683 
3248 647 687 609 1737 
3249 1601 1638 1284 1812 
3250 1386 1697 1683 1723 
3251 1355 1379 1625 1739 
3252 1619 1640 1662 1764 
3253 1358 1627 1695 1702 
3254 1355 1625 983 1739 
3255 1623 1644 1632 1679 
3256 726 1689 1638 1812 
3257 69 9 8 288 
3258 977 1182 1650 1775 
3259 1630 1742 1680 1777 
3260 1671 1685 1626 1762 
3261 934 1497 792 1713 
3262 973 1308 1651 1729 
3263 1245 562 563 1737 
3264 975 1688 1704 1712 
3265 1472 889 888 1047 
3266 1308 973 920 1729 
3267 368 369 445 1652 
3268 1248 1680 1257 1748 
3269 1635 1763 798 1801 
3270 977 1640 1182 1775 
3271 1308 920 1727 1729 
3272 559 1656 507 1803 
3273 1082 1728 1650 1750 
3274 680 616 681 679 
3275 558 665 477 1768 
3276 1657 1495 1700 1714 
3277 753 726 1638 1812 
3278 284 398 349 283 
3279 1622 1641 1576 1724 
3280 736 1636 518 1683 
3281 12 27 9 69 
3282 550 1663 1629 1764 
3283 1081 1660 1095 1678 
3284 1379 1386 1354 1683 
3285 1502 1771 1635 1801 
3286 823 1666 1801 1802 
3287 1631 1655 1708 1778 
3288 1609 1640 1641 1775 
3289 760 736 1636 1649 
3290 1113 1651 1308 1727 
3291 1632 1644 1623 1684 
3292 1688 1619 1704 1712 
3293 803 1656 1487 1722 
3294 1592 1700 1679 1786 
3295 823 1643 1666 1802 
3296 1479 1235 1387 1706 
3297 1568 1522 1676 1725 
3298 975 1688 1662 1704 
3299 760 762 736 1649 
3300 1658 1626 1685 1762 
3301 1656 1755 507 1803 
3302 371 1245 563 1737 
3303 1666 1747 1635 1761 
3304 1599 1515 1377 1725 
3305 865 1136 1699 1789 
3306 550 1629 1663 1673 
3307 668 1656 1639 1756 
3308 1308 1727 1651 1729 
3309 1470 1572 1710 1753 
3310 647 609 1664 1737 
3311 1257 1748 1680 1804 
3312 842 1662 1641 1704 
3313 1591 1465 1513 1433 
3314 758 1683 1386 1697 
3315 1645 1638 1769 1809 
3316 1470 1710 1647 1753 
3317 726 1667 1638 1689 
3318 1352 749 750 1280 
3319 1318 1486 1581 1646 
3320 11 9 10 69 
3321 1358 1695 1289 1702 
3322 1379 1683 1625 1723 
3323 1604 1609 1183 1717 
3324 507 1656 559 1755 
3325 1641 1724 1622 1765 
3326 1078 1645 1079 1731 
3327 802 1579 1610 1676 
3328 920 876 1727 1729 
3329 1079 1078 1063 1645 
3330 647 721 1668 1813 
3331 1638 1734 1669 1753 
3332 1645 1647 1638 1809 
3333 478 357 558 477 
3334 1001 620 1440 1682 
3335 1664 1668 647 1737 
3336 1632 1696 1679 1700 
3337 1601 1284 1638 1735 
3338 546 601 527 1787 
3339 1680 1742 1098 1777 
3340 995 1642 1628 1659 
3341 1173 1763 1677 1801 
3342 726 1038 1689 1812 
3343 1035 1711 1037 1750 
3344 1619 1717 1640 1764 
3345 451 1690 1652 1708 
3346 602 601 546 1672 
3347 1670 1730 1650 1780 
3348 1379 1723 1625 1739 
3349 1291 1695 1621 1702 
3350 1668 1698 752 1737 
3351 595 558 454 639 
3352 802 1676 1610 1706 
3353 1609 1641 1640 1663 
3354 518 1683 1636 1792 
3355 43 11 10 69 
3356 977 1650 1686 1775 
3357 566 1778 507 1803 
3358 1356 1015 1344 1790 
3359 1152 1707 1670 1777 
3360 1387 1515 1725 1744 
3361 1630 1670 1650 1711 
3362 1638 1753 1647 1810 
3363 753 1038 726 1812 
3364 1635 1703 798 1763 
3365 983 1625 1683 1705 
3366 983 1625 1646 1739 
3367 956 1655 957 1723 
3368 467 450 468 1690 
3369 1182 1640 977 1717 
3370 722 1655 1631 1778 
3371 983 1646 1625 1705 
3372 1657 1700 1679 1714 
3373 1599 1514 1659 1784 
3374 1244 1042 1243 1242 
3375 1679 1700 1696 1786 
3376 924 925 1678 1730 
3377 1662 1688 1619 1704 
3378 1655 1723 956 1739 
3379 1638 1734 1753 1810 
3380 1525 1657 1700 1773 
3381 1619 1667 1704 1712 
3382 1470 1572 1513 1710 
3383 1644 1684 1632 1718 
3384 1630 1707 1670 1711 
3385 924 860 925 1730 
3386 1651 1692 1627 1695 
3387 1448 1683 541 1705 
3388 1632 1623 1679 1696 
3389 1650 1728 1630 1750 
3390 413 349 398 283 
3391 1530 1620 1682 1698 
3392 1265 1320 1266 1646 
3393 1650 1711 1035 1750 
3394 371 1245 1737 1799 
3395 1136 865 1163 1789 
3396 647 1668 1664 1813 
3397 975 1662 970 1704 
3398 803 1579 1639 1656 
3399 1245 401 562 1737 
3400 1621 1651 1627 1695 
3401 1654 1683 1625 1792 
3402 1597 1445 1027 1643 
3403 1623 1684 1644 1772 
3404 1632 1679 1657 1700 
3405 803 1579 1656 1722 
3406 935 1530 1682 1698 
3407 451 1625 1690 1708 
3408 823 1666 1643 1742 
3409 550 1629 1667 1764 
3410 559 1755 1656 1756 
3411 43 10 8 69 
3412 1579 1639 1656 1722 
3413 769 711 668 1656 
3414 1113 1178 1154 1695 
3415 803 804 711 1639 
3416 1183 1640 1609 1775 
3417 1377 1515 1610 1634 
3418 998 1627 1480 1702 
3419 1641 1662 1640 1764 
3420 1638 1669 1647 1753 
3421 1251 1221 1317 1628 
3422 1530 1620 1003 1682 
3423 969 1686 1116 1731 
3424 1642 1685 1671 1762 
3425 1183 1182 1640 1775 
3426 1525 1009 1657 1773 
3427 1000 1112 1519 1749 
3428 975 1704 1689 1712 
3429 1692 1709 1627 1790 
3430 1620 1698 1530 1753 
3431 1670 1678 1650 1730 
3432 1531 1530 1698 1753 
3433 601 546 1672 1787 
3434 1247 1683 1448 1705 
3435 1179 1318 1581 1705 
3436 1625 541 1683 1705 
3437 1266 1260 1265 1718 
3438 548 648 442 1788 
3439 1626 1635 1747 1761 
3440 1082 1750 1650 1796 
3441 270 334 335 269 
3442 1623 1639 1757 1795 
3443 955 1700 1655 1739 
3444 1387 1706 1515 1744 
3445 916 928 917 1709 
3446 1081 1660 1678 1728 
3447 368 404 369 1652 
3448 200 138 124 249 
3449 369 316 404 368 
3450 1533 819 1598 1685 
3451 1270 1079 1466 1731 
3452 1635 1626 1685 1761 
3453 804 803 802 1639 
3454 467 468 1654 1690 
3455 908 758 1386 1697 
3456 1621 1695 1627 1702 
3457 1677 1801 1666 1802 
3458 1565 1567 1566 1655 
3459 566 507 1755 1803 
3460 1082 1678 1650 1728 
3461 1417 1627 1692 1695 
3462 1647 1753 1734 1810 
3463 1686 1719 1717 1782 
3464 900 1519 1112 1749 
3465 1377 1378 1599 1725 
3466 1609 1641 1716 1775 
3467 896 1525 1657 1700 
3468 956 955 1655 1739 
3469 562 332 1245 463 
3470 1088 1448 541 1705 
3471 1655 1684 1631 1708 
3472 1620 1682 1637 1749 
3473 1683 1697 1654 1723 
3474 1029 1677 1028 1681 
3475 1642 1659 995 1746 
3476 686 1708 1655 1778 
3477 1638 1734 753 1735 
3478 1053 1622 1576 1724 
3479 512 467 468 1654 
3480 1686 1730 1116 1731 
3481 1658 1774 1626 1804 
3482 1270 1203 1694 1740 
3483 736 452 1636 1649 
3484 1352 1351 749 1280 
3485 1480 1627 1358 1702 
3486 1638 1667 726 1734 
3487 1179 1581 1087 1705 
3488 768 1487 803 1656 
3489 1266 1265 1646 1718 
3490 469 319 318 1701 
3491 1003 1530 1497 1620 
3492 1445 1643 1711 1716 
3493 603 527 601 1648 
3494 1662 1688 1104 1766 
3495 711 804 710 1639 
3496 1626 1675 1671 1762 
3497 1650 1670 1630 1678 
3498 857 1266 1646 1718 
3499 9 8 10 69 
3500 1268 1554 1700 1786 
3501 1635 1626 1671 1685 
3502 369 1652 1690 1708 
3503 1643 1677 1666 1802 
3504 1182 1711 1650 1775 
3505 620 1733 1637 1749 
3506 1644 1632 1679 1814 
3507 1628 1671 1251 1748 
3508 758 1354 1386 1683 
3509 1504 1580 1658 1685 
3510 1641 1663 1609 1806 
3511 517 1683 518 1792 
3512 1579 1676 1639 1722 
3513 956 955 957 1655 
3514 1003 1682 1620 1732 
3515 1572 1591 1710 1753 
3516 603 601 672 1813 
3517 975 1076 970 1662 
3518 881 1593 1687 1760 
3519 513 612 1726 1737 
3520 1154 1178 1691 1695 
3521 1640 1717 1663 1764 
3522 1626 1751 1685 1761 
3523 1248 1257 1258 1748 
3524 975 1076 1662 1688 
3525 1661 1680 1666 1747 
3526 1638 1647 1645 1810 
3527 1609 1640 1183 1717 
3528 1637 1682 620 1749 
3529 977 1686 1640 1775 
3530 798 1763 1703 1811 
3531 1064 878 1645 1769 
3532 931 1678 1630 1777 
3533 1609 1716 1641 1806 
3534 1336 1601 1284 1812 
3535 1530 1003 935 1682 
3536 798 1703 1635 1781 
3537 1568 973 916 1651 
3538 1248 1250 1680 1747 
3539 911 935 1003 1682 
3540 1631 1655 722 1696 
3541 1643 1742 1661 1750 
3542 1358 1480 1417 1627 
3543 1230 1678 924 1740 
3544 608 513 514 1737 
3545 370 334 335 1758 
3546 821 1504 1658 1685 
3547 1027 1028 1643 1681 
3548 1345 1317 1221 1628 
3549 1003 1620 1497 1732 
3550 802 1639 1579 1676 
3551 584 1646 1625 1684 
3552 803 1579 802 1639 
3553 620 1649 1440 1682 
3554 977 1650 1035 1796 
3555 1643 1677 1028 1761 
3556 69 27 9 288 
3557 1650 1678 1082 1730 
3558 1599 1659 1378 1784 
3559 1565 1582 1567 1700 
3560 1668 1710 1591 1753 
3561 1640 1686 1650 1775 
3562 1221 1628 1251 1748 
3563 1197 839 1658 1789 
3564 931 1630 1678 1728 
3565 1634 1744 1706 1795 
3566 1619 1717 1764 1810 
3567 802 1639 1676 1706 
3568 924 1678 1230 1730 
3569 1028 1677 1643 1802 
3570 1637 1733 1620 1749 
3571 1669 1769 1638 1809 
3572 690 957 723 1723 
3573 1553 1641 862 1805 
3574 1433 1710 1591 1813 
3575 1205 1628 1627 1659 
3576 773 1439 1649 1682 
3577 1417 1692 1627 1790 
3578 1610 1676 1634 1706 
3579 736 759 760 1636 
3580 821 1685 1658 1751 
3581 869 1589 1689 1704 
3582 1636 1683 758 1697 
3583 577 559 1656 1756 
3584 1576 1641 1622 1805 
3585 927 845 844 1719 
3586 1670 1678 1730 1780 
3587 1703 1746 1642 1781 
3588 455 357 558 478 
3589 758 760 759 1636 
3590 1639 1795 1623 1807 
3591 1647 1645 1719 1809 
3592 1724 1766 1283 1780 
3593 729 1684 1644 1718 
3594 1322 1743 1660 1774 
3595 370 371 608 1799 
3596 404 316 369 1690 
3597 803 1639 711 1656 
3598 1644 1684 729 1772 
3599 1568 1725 1676 1729 
3600 413 347 349 283 
3601 1531 1698 1668 1753 
3602 1384 1365 1383 948 
3603 510 1648 1629 1673 
3604 1624 1688 1662 1766 
3605 1028 1643 1681 1802 
3606 1621 1727 1715 1729 
3607 1626 1635 1671 1747 
3608 1667 1712 1619 1810 
3609 1714 1727 876 1729 
3610 969 1719 1686 1731 
3611 369 1652 404 1690 
3612 1483 1658 1580 1685 
3613 1548 1692 1691 1695 
3614 513 1726 1701 1737 
3615 1670 1707 1622 1711 
3616 1182 1183 1640 1717 
3617 1582 1583 1567 1700 
3618 1242 1042 1243 1359 
3619 1136 1665 1699 1789 
3620 1658 1685 1483 1762 
3621 1597 1661 1643 1761 
3622 1597 1445 1643 1711 
3623 579 1655 1708 1723 
3624 1284 1638 1472 1812 
3625 1621 1715 1776 1807 
3626 1417 1480 998 1627 
3627 1628 1642 994 1671 
3628 848 846 1035 1750 
3629 1691 1692 1154 1695 
3630 80 67 43 69 
3631 759 1636 736 1683 
3632 1054 1136 1056 1699 
3633 878 979 1064 1645 
3634 603 1648 601 1813 
3635 1620 1637 1682 1698 
3636 1497 1620 1530 1753 
3637 1626 1658 1751 1774 
3638 1629 1648 510 1733 
3639 1270 1466 1694 1731 
3640 1634 1515 1706 1725 
3641 1318 1646 1581 1705 
3642 722 686 1655 1778 
3643 1629 1764 1717 1810 
3644 714 1487 768 1656 
3645 1652 1631 1684 1708 
3646 1601 753 1426 1735 
3647 958 907 905 1657 
3648 1622 1650 1670 1711 
3649 1597 1643 1028 1761 
3650 1576 1622 1053 1805 
3651 1658 1633 1743 1774 
3652 513 1701 514 1737 
3653 1658 1675 1626 1762 
3654 1010 1219 1766 1780 
3655 458 349 398 413 
3656 1065 1361 1298 1653 
3657 642 602 546 1672 
3658 1356 1344 1345 1790 
3659 1624 1650 1730 1780 
3660 836 1627 998 1702 
3661 1689 1704 1667 1712 
3662 672 601 1672 1813 
3663 798 1502 1635 1801 
3664 1449 1160 1374 1425 
3665 370 563 608 371 
3666 352 1625 1654 1690 
3667 1565 1567 1655 1700 
3668 1504 1533 1580 1685 
3669 1591 1710 1668 1813 
3670 753 1638 726 1734 
3671 1627 1659 1628 1709 
3672 1662 1724 1641 1765 
3673 1191 1745 1760 1791 
3674 1633 1774 1658 1804 
3675 337 1720 1736 1758 
3676 648 647 609 1664 
3677 1641 1704 1662 1764 
3678 1093 1280 1029 1785 
3679 1568 1522 1090 1676 
3680 1628 1627 1709 1790 
3681 1234 1190 1621 1727 
3682 1623 1632 1684 1696 
3683 1650 1678 1630 1728 
3684 1173 1677 1763 1811 
3685 935 675 1698 1726 
3686 1630 1678 1670 1777 
3687 1568 973 1651 1729 
3688 1656 1756 1755 1757 
3689 1647 1710 1668 1753 
3690 1291 1289 1695 1702 
3691 1597 1027 1028 1643 
3692 470 1637 1649 1682 
3693 848 1661 1588 1774 
3694 1387 1725 1659 1744 
3695 1460 974 904 1735 
3696 1640 1662 1641 1765 
3697 973 1308 1256 1651 
3698 1365 1325 1384 1383 
3699 332 401 562 1245 
3700 1662 1724 1624 1766 
3701 1624 1766 1724 1780 
3702 971 869 867 1704 
3703 316 361 374 1736 
3704 802 1610 1515 1706 
3705 1525 896 894 1700 
3706 1104 1724 1662 1766 
3707 1583 1407 1567 1696 
3708 1203 1550 1694 1740 
3709 1082 1544 1728 1750 
3710 445 446 449 1778 
3711 1668 1734 1647 1753 
3712 1647 1669 1638 1809 
3713 1625 1708 1655 1723 
3714 1633 1658 839 1789 
3715 983 1646 811 1739 
3716 1609 1785 1716 1806 
3717 1588 848 1036 1661 
3718 1515 1634 1377 1725 
3719 1604 1710 1663 1717 
3720 1063 979 1079 1645 
3721 518 736 520 1636 
3722 1249 1098 1680 1742 
3723 1248 1747 1680 1748 
3724 1638 1620 1669 1734 
3725 1029 1677 1681 1693 
3726 1604 1663 1609 1717 
3727 1485 1280 1526 1693 
3728 1630 1711 1650 1750 
3729 1661 1742 1630 1750 
3730 1626 1658 1685 1751 
3731 1082 1650 1730 1796 
3732 1621 1634 1725 1729 
3733 1082 846 1750 1796 
3734 839 1633 1699 1743 
3735 1056 1136 1653 1699 
3736 1553 1716 1641 1805 
3737 1082 846 1544 1750 
3738 1178 1113 1193 1695 
3739 843 927 1686 1719 
3740 1012 1283 1724 1766 
3741 1669 1734 1620 1753 
3742 1622 1724 1670 1765 
3743 1093 779 750 1280 
3744 1623 1656 1639 1722 
3745 839 1699 1633 1789 
3746 371 1737 608 1799 
3747 513 1701 1726 1767 
3748 773 1649 774 1682 
3749 839 1658 1633 1743 
3750 1513 1572 1591 1710 
3751 1679 1772 1644 1807 
3752 363 338 326 241 
3753 1330 1029 1681 1785 
3754 1714 1715 1192 1727 
3755 1733 1734 1620 1749 
3756 957 1655 723 1723 
3757 8 27 69 288 
3758 168 334 336 337 
3759 1595 957 1566 1655 
3760 1666 1677 1643 1761 
3761 1620 1637 1698 1733 
3762 1662 1704 1619 1764 
3763 1508 1299 1298 1653 
3764 1230 1694 1678 1740 
3765 1273 1140 1357 1695 
3766 1063 1064 979 1645 
3767 1659 1762 1378 1784 
3768 337 336 168 1736 
3769 619 1734 1733 1749 
3770 1485 1526 1681 1693 
3771 1627 1725 1621 1776 
3772 1300 1003 1497 1732 
3773 1037 1711 1597 1750 
3774 697 647 1664 1813 
3775 1717 1719 1647 1782 
3776 1459 1475 1216 1272 
3777 1619 1712 1645 1810 
3778 1636 1697 761 1726 
3779 1247 794 1448 1683 
3780 1355 812 1379 1739 
3781 876 1714 1018 1727 
3782 1269 1286 1409 1722 
3783 1466 1730 1694 1731 
3784 1358 1627 1417 1695 
3785 352 1690 1654 1792 
3786 1387 1479 1706 1744 
3787 1440 1002 698 620 
3788 603 1648 697 1788 
3789 1230 1678 1694 1730 
3790 1650 1750 1035 1796 
3791 977 1640 1686 1717 
3792 520 736 452 1636 
3793 798 1635 1502 1771 
3794 821 1685 1751 1761 
3795 1497 1713 1620 1753 
3796 1104 1688 1076 1766 
3797 1623 1639 1676 1722 
3798 1648 1672 601 1813 
3799 1246 1245 371 1799 
3800 1666 1680 1661 1742 
3801 1631 1656 1623 1722 
3802 881 882 1593 1760 
3803 1583 1696 1567 1700 
3804 894 955 1524 1700 
3805 1571 1658 1585 1743 
3806 810 1581 1486 1646 
3807 1655 1684 1632 1696 
3808 603 697 1648 1813 
3809 1643 1711 1707 1742 
3810 1621 1627 1651 1725 
3811 1194 790 751 1710 
3812 1604 751 1663 1710 
3813 1707 1711 1630 1742 
3814 518 734 735 736 
3815 1388 1381 1014 1402 
3816 1374 1229 784 1703 
3817 1472 1638 1769 1812 
3818 821 820 1685 1761 
3819 1581 1646 811 1705 
3820 977 1686 1650 1796 
3821 839 865 1699 1789 
3822 688 1674 1760 1772 
3823 269 219 224 553 
3824 751 1672 1663 1710 
3825 1638 1712 1667 1810 
3826 1624 1730 1686 1731 
3827 1024 1687 1674 1776 
3828 1210 773 774 1682 
3829 1249 1248 1250 1680 
3830 911 909 935 1726 
3831 1140 1139 1404 1727 
3832 710 1639 804 1770 
3833 1644 1715 1679 1807 
3834 790 1672 751 1710 
3835 1576 862 1641 1805 
3836 1072 1689 1336 1812 
3837 946 1689 975 1704 
3838 723 957 1595 1655 
3839 1630 1680 1068 1777 
3840 908 1697 1386 1723 
3841 1064 880 878 1769 
3842 574 769 668 1656 
3843 1661 1626 1680 1747 
3844 924 1230 860 1730 
3845 994 1628 995 1642 
3846 1638 1689 1667 1712 
3847 1610 1634 1515 1706 
3848 1190 1715 1621 1727 
3849 916 917 928 915 
3850 316 374 1690 1736 
3851 603 549 527 1788 
3852 1205 1627 1628 1790 
3853 1219 1283 1766 1780 
3854 1504 1503 821 1658 
3855 1112 1000 1519 1130 
3856 1503 821 1658 1751 
3857 510 1629 1733 1734 
3858 1620 1713 1497 1732 
3859 1178 1695 1273 1808 
3860 368 316 1074 317 
3861 1706 1725 1515 1744 
3862 1661 1751 1626 1761 
3863 1619 1717 1647 1782 
3864 823 1666 824 1801 
3865 1542 1675 1356 1748 
3866 620 1682 1001 1749 
3867 236 68 237 62 
3868 608 612 513 1737 
3869 1609 1663 1604 1806 
3870 1028 1681 1677 1802 
3871 1659 1709 1378 1762 
3872 803 711 768 1656 
3873 1605 1746 1703 1781 
3874 1289 1480 1358 1702 
3875 1098 1044 1680 1777 
3876 1308 1113 1256 1651 
3877 1407 1655 1567 1696 
3878 509 1667 1629 1734 
3879 372 1701 1637 1799 
3880 1553 1481 1641 1716 
3881 1332 1331 1333 1689 
3882 1601 1285 1284 1735 
3883 1644 1674 1715 1807 
3884 1125 1678 1694 1740 
3885 811 1646 983 1705 
3886 784 1229 704 1703 
3887 1270 1230 1203 1740 
3888 734 533 794 1683 
3889 270 335 334 1758 
3890 517 533 734 1683 
3891 810 811 1581 1646 
3892 832 823 1643 1742 
3893 1097 744 696 743 
3894 1624 1765 1662 1782 
3895 802 804 1639 1706 
3896 1660 1743 1633 1774 
3897 1433 1513 1591 1710 
3898 1205 1627 1085 1659 
3899 369 417 1652 1708 
3900 1336 1284 1335 1812 
3901 955 894 1565 1700 
3902 1633 1660 1774 1804 
3903 1398 1631 1696 1722 
3904 540 581 1733 1734 
3905 1622 1670 872 1707 
3906 281 1110 413 280 
3907 1173 798 1763 1801 
3908 1623 1757 1674 1795 
3909 1655 1696 1632 1700 
3910 458 347 547 1788 
3911 759 736 734 1683 
3912 1012 1724 1104 1766 
3913 316 374 369 1690 
3914 732 776 1439 772 
3915 1531 1527 1530 1753 
3916 928 918 917 1709 
3917 601 1648 527 1787 
3918 1351 749 661 1352 
3919 692 1439 1440 1649 
3920 1326 1327 943 1689 
3921 916 1375 1568 1651 
3922 779 1279 1280 1785 
3923 1623 1644 1679 1772 
3924 1519 900 901 1749 
3925 920 876 1018 1727 
3926 1620 1734 1735 1749 
3927 927 976 1686 1719 
3928 848 1544 1750 1774 
3929 1644 1718 1632 1814 
3930 1644 1679 1791 1814 
3931 977 1035 926 1796 
3932 1071 1018 1714 1727 
3933 1113 1695 1651 1727 
3934 370 335 1701 1758 
3935 1644 1760 1745 1791 
3936 894 1561 1565 1700 
3937 1113 1154 1651 1695 
3938 1671 1675 1626 1748 
3939 906 905 907 1657 
3940 1619 1662 1640 1782 
3941 470 1440 620 1649 
3942 1632 1700 1657 1773 
3943 1651 1154 1692 1695 
3944 1624 1686 1650 1765 
3945 1203 1201 1270 1694 
3946 1640 1663 1641 1764 
3947 1012 1010 1219 1766 
3948 1035 848 1058 846 
3949 349 458 347 413 
3950 773 1555 1439 1682 
3951 1645 1712 1638 1810 
3952 1625 1684 1655 1708 
3953 1514 1599 1162 1784 
3954 1621 1634 1729 1807 
3955 1260 1265 1718 1773 
3956 1592 1568 1090 1676 
3957 819 1504 821 1685 
3958 1743 1751 1658 1774 
3959 1420 1745 1191 1791 
3960 723 1655 579 1723 
3961 1685 1761 820 1763 
3962 787 785 1703 1811 
3963 1144 1270 1694 1731 
3964 878 1645 1769 1809 
3965 603 527 1648 1788 
3966 1631 1684 1655 1696 
3967 722 1398 1631 1696 
3968 1662 1765 1640 1782 
3969 1631 1708 1652 1778 
3970 1553 862 1069 1805 
3971 1645 1647 1619 1810 
3972 1108 900 1112 1732 
3973 1645 1731 1078 1783 
3974 219 224 232 269 
3975 955 1524 1700 1739 
3976 1567 1696 1655 1700 
3977 761 1636 758 1697 
3978 1193 1140 1695 1727 
3979 773 692 762 1649 
3980 613 513 612 1726 
3981 1466 1281 1270 1230 
3982 1663 1717 1629 1764 
3983 547 347 1787 1788 
3984 1417 998 834 1627 
3985 1646 1718 1265 1773 
3986 798 1304 1502 1801 
3987 1678 1721 1109 1740 
3988 976 1717 1686 1719 
3989 692 773 1439 1649 
3990 1687 1776 1715 1807 
3991 774 762 760 1649 
3992 1519 1112 1130 900 
3993 900 1732 899 1735 
3994 1669 1647 1753 1809 
3995 846 1035 1750 1796 
3996 1300 1171 1172 1713 
3997 923 1681 922 1802 
3998 1609 1329 1716 1785 
3999 876 920 972 1729 
4000 1597 1661 1036 1750 
4001 827 1327 1038 1336 
4002 1260 817 1265 1773 
4003 1657 1679 1632 1714 
4004 1650 1686 1624 1730 
4005 639 1768 454 1798 
4006 1417 1627 834 1790 
4007 1633 1699 1665 1789 
4008 1624 1765 1650 1780 
4009 1144 1079 1270 1731 
4010 833 1793 1643 1802 
4011 883 1687 1621 1715 
4012 1495 877 1657 1700 
4013 1010 1218 1219 1780 
4014 974 897 904 1669 
4015 1635 1685 1671 1781 
4016 236 130 40 678 
4017 335 269 254 553 
4018 1629 1668 1648 1733 
4019 1245 401 1737 1799 
4020 1413 956 1723 1739 
4021 1219 1283 1012 1766 
4022 1623 1772 1679 1807 
4023 890 1472 1284 1638 
4024 1113 1193 1695 1727 
4025 559 577 1656 1803 
4026 1585 1658 839 1743 
4027 769 768 711 1656 
4028 1174 1677 964 1801 
4029 1647 1668 1629 1734 
4030 996 995 1628 1659 
4031 1654 1683 1636 1697 
4032 872 1670 1622 1724 
4033 908 761 758 1697 
4034 1638 1712 1645 1769 
4035 1038 1336 1689 1812 
4036 924 1678 1109 1740 
4037 751 641 1663 1672 
4038 1636 1697 1726 1767 
4039 550 1663 506 1673 
4040 1512 1126 1454 1721 
4041 1063 1645 1078 1783 
4042 833 832 823 1643 
4043 1619 1640 1717 1782 
4044 758 761 760 1636 
4045 576 479 559 1756 
4046 1656 1722 1631 1803 
4047 1627 1621 1702 1776 
4048 762 736 693 771 
4049 36 70 104 129 
4050 1679 1696 1623 1786 
4051 1161 1703 1746 1784 
4052 716 1667 1704 1764 
4053 1275 1276 1526 1681 
4054 609 561 1664 1737 
4055 879 878 880 1769 
4056 129 70 104 307 
4057 1525 1700 1524 1773 
4058 1101 1174 964 1801 
4059 1676 1729 1679 1786 
4060 369 374 417 1690 
4061 1625 1683 1654 1723 
4062 1300 1497 1713 1732 
4063 1632 1714 1679 1814 
4064 881 1687 883 1760 
4065 722 1407 1408 1696 
4066 976 1647 927 1710 
4067 1347 1760 1644 1772 
4068 931 930 1660 1678 
4069 1687 1715 1674 1807 
4070 1668 1698 1620 1753 
4071 1661 1666 1643 1761 
4072 911 1682 909 1726 
4073 758 1636 759 1683 
4074 823 1801 1151 1802 
4075 322 1758 1720 1792 
4076 579 1655 686 1708 
4077 1700 1739 1524 1773 
4078 1414 1699 1322 1743 
4079 1632 1739 1700 1773 
4080 1190 883 1621 1715 
4081 936 690 908 1723 
4082 540 691 581 1734 
4083 697 648 548 1788 
4084 1164 1621 1687 1702 
4085 1322 1633 1660 1743 
4086 1628 1709 1659 1762 
4087 369 1690 417 1708 
4088 6 5 7 41 
4089 1679 1714 876 1729 
4090 21 23 22 1752 
4091 561 562 1664 1737 
4092 690 613 908 1697 
4093 442 458 348 349 
4094 1502 1030 982 1801 
4095 1519 1436 901 1574 
4096 1674 1623 1795 1807 
4097 1235 1160 1449 912 
4098 617 715 577 1803 
4099 601 1672 1648 1787 
4100 1313 1773 1718 1814 
4101 924 925 1109 1678 
4102 1182 977 1183 1717 
4103 1260 1718 1313 1773 
4104 848 1036 1661 1750 
4105 1689 1712 1638 1812 
4106 1701 1726 1637 1737 
4107 1378 1659 1599 1725 
4108 957 955 1566 1655 
4109 334 370 515 1758 
4110 1568 1651 1725 1729 
4111 1136 1163 1665 1789 
4112 1621 1715 1687 1776 
4113 470 620 1637 1682 
4114 1370 1433 1591 1813 
4115 684 557 496 669 
4116 1632 1684 1646 1718 
4117 1178 1691 1695 1808 
4118 1663 1710 1629 1717 
4119 1623 1684 1631 1696 
4120 1483 1580 1533 1685 
4121 1680 1747 1626 1748 
4122 1641 1716 1481 1806 
4123 1634 1621 1725 1776 
4124 810 1646 1486 1773 
4125 791 897 974 1669 
4126 1714 1791 1679 1814 
4127 1455 1215 1216 1740 
4128 1687 1702 1621 1776 
4129 1577 1552 1481 1806 
4130 1668 1733 1698 1737 
4131 1565 1566 955 1655 
4132 1522 1610 1521 1676 
4133 1203 1550 1201 1694 
4134 566 1755 1778 1803 
4135 1083 1170 1435 1713 
4136 958 906 907 1657 
4137 1629 1717 1647 1810 
4138 1650 1686 1640 1765 
4139 1387 1659 1479 1744 
4140 1076 1104 1662 1688 
4141 839 1197 865 1789 
4142 608 1737 514 1799 
4143 773 762 774 1649 
4144 843 845 927 1719 
4145 1270 1466 1230 1694 
4146 1532 1492 1277 1741 
4147 1409 1408 1407 1696 
4148 1634 1676 1639 1706 
4149 955 1565 1655 1700 
4150 1657 1714 1632 1814 
4151 1686 1730 1650 1796 
4152 1685 1703 1635 1763 
4153 1628 1659 1642 1762 
4154 1171 1170 1172 1713 
4155 1620 1698 1668 1733 
4156 1407 1566 1567 1655 
4157 127 101 105 532 
4158 275 230 412 276 
4159 1642 1746 1703 1784 
4160 1682 1732 1001 1749 
4161 642 1672 546 1787 
4162 848 1544 846 1750 
4163 1056 1136 1137 1653 
4164 798 1635 1771 1781 
4165 1356 1345 1628 1790 
4166 337 1736 168 1758 
4167 1597 1037 1445 1711 
4168 1639 1706 804 1770 
4169 1625 1684 1646 1739 
4170 1663 1672 1629 1710 
4171 1641 1017 1704 1764 
4172 619 1733 620 1749 
4173 1646 1684 1632 1739 
4174 857 809 854 1266 
4175 1002 620 1001 1749 
4176 716 1667 1333 1704 
4177 714 1487 1656 1722 
4178 994 1251 1628 1671 
4179 1169 811 983 1705 
4180 1330 1093 1029 1785 
4181 1234 1190 883 1621 
4182 890 1638 1284 1735 
4183 516 541 1625 1705 
4184 619 1735 1734 1749 
4185 810 1486 817 1773 
4186 470 1649 1637 1701 
4187 1270 1694 1230 1740 
4188 910 911 1003 1682 
4189 950 1061 1055 1794 
4190 1548 1417 1692 1695 
4191 1629 1668 1647 1710 
4192 1413 1723 1379 1739 
4193 879 1669 878 1769 
4194 1452 1776 1674 1795 
4195 1530 1527 1451 1753 
4196 577 1656 574 1756 
4197 1634 1725 1706 1744 
4198 1071 1714 1192 1727 
4199 1239 1684 1652 1754 
4200 1035 846 1058 1796 
4201 1098 1742 1707 1777 
4202 1687 1715 883 1760 
4203 1152 872 1670 1707 
4204 1644 1715 1674 1760 
4205 789 751 790 1672 
4206 6 130 39 236 
4207 1651 1727 1621 1729 
4208 270 1701 335 1758 
4209 639 641 1672 1798 
4210 796 1605 1703 1781 
4211 1637 1698 1733 1737 
4212 1200 801 1718 1745 
4213 1623 1656 1631 1757 
4214 1621 1725 1651 1729 
4215 1629 1647 1734 1810 
4216 998 1480 1159 1702 
4217 1134 1133 1132 1760 
4218 1425 1424 1374 784 
4219 1260 1238 1313 1718 
4220 1041 1706 1744 1795 
4221 566 1652 449 1778 
4222 1645 1688 1619 1782 
4223 452 1636 1649 1758 
4224 980 1719 969 1731 
4225 1657 1773 813 1814 
4226 1038 1336 1327 1689 
4227 756 1200 855 1718 
4228 709 684 557 496 
4229 1622 1670 1650 1765 
4230 931 1678 1660 1728 
4231 1240 842 1641 1704 
4232 1552 1641 1481 1806 
4233 1639 1623 1676 1807 
4234 1621 1729 1715 1807 
4235 582 467 512 1654 
4236 848 1750 1661 1774 
4237 1393 1449 1374 1425 
4238 1668 1733 1629 1734 
4239 539 435 558 503 
4240 900 1112 1732 1749 
4241 1686 1731 1719 1782 
4242 1629 1648 1668 1813 
4243 785 765 1703 1811 
4244 1052 872 1622 1724 
4245 868 1328 829 1689 
4246 996 1628 1205 1659 
4247 1029 1280 1093 1693 
4248 168 334 337 1758 
4249 1414 1322 1699 1738 
4250 1619 1704 1667 1764 
4251 320 1636 1758 1792 
4252 1246 333 1245 1799 
4253 280 284 283 398 
4254 902 1735 1669 1769 
4255 1053 1622 1052 1805 
4256 1525 1009 807 1657 
4257 219 232 259 269 
4258 1655 1684 1625 1739 
4259 962 1677 1693 1802 
4260 1052 1622 1053 1724 
4261 1627 1692 1651 1709 
4262 1347 1644 728 1772 
4263 1676 1679 1623 1786 
4264 1313 1718 1238 1814 
4265 401 1664 562 1737 
4266 900 1732 1735 1749 
4267 1634 1639 1676 1807 
4268 445 1652 446 1778 
4269 760 1636 761 1649 
4270 1514 1746 1659 1784 
4271 1674 1644 1772 1807 
4272 1191 1760 1715 1791 
4273 1625 1723 1655 1739 
4274 1198 1334 1658 1762 
4275 879 880 903 1669 
4276 469 1637 620 1733 
4277 1686 1717 1640 1782 
4278 1329 1445 1182 1711 
4279 1093 779 1280 1785 
4280 1676 1623 1722 1786 
4281 1630 1728 1661 1750 
4282 641 644 602 1672 
4283 1642 1762 1659 1784 
4284 1117 1719 1645 1809 
4285 862 1553 864 1641 
4286 1650 1765 1670 1780 
4287 922 1681 1793 1802 
4288 931 1630 1068 1777 
4289 821 1501 820 1761 
4290 1460 904 1189 1735 
4291 997 998 1159 1702 
4292 1592 1729 1676 1786 
4293 1671 1675 1628 1762 
4294 1623 1674 1757 1772 
4295 510 581 578 1734 
4296 1286 1092 1546 1722 
4297 582 512 583 1654 
4298 1643 1666 1661 1742 
4299 269 335 270 553 
4300 1131 1688 1007 1712 
4301 823 822 1666 1742 
4302 1200 801 855 1718 
4303 1719 1731 1645 1782 
4304 514 1737 1701 1799 
4305 1635 1747 1666 1771 
4306 728 1644 729 1772 
4307 1054 866 865 1699 
4308 1635 1703 1685 1781 
4309 1590 791 974 1669 
4310 1643 1793 1681 1802 
4311 869 1255 1589 1704 
4312 469 1637 372 1701 
4313 928 916 915 1651 
4314 1627 1702 836 1744 
4315 1132 1593 882 1760 
4316 931 1380 930 1678 
4317 1656 1631 1757 1803 
4318 1349 1356 1462 1542 
4319 1592 1679 1729 1786 
4320 1165 1166 1721 1740 
4321 890 1472 1638 1769 
4322 1699 1738 1322 1743 
4323 1505 1661 1597 1761 
4324 706 1453 1425 746 
4325 563 608 371 1737 
4326 1173 1763 798 1811 
4327 994 1020 1251 1671 
4328 1666 1747 987 1771 
4329 1383 1475 1458 1459 
4330 566 507 443 1755 
4331 1135 1136 1163 1741 
4332 1483 1198 1658 1762 
4333 719 1722 714 1803 
4334 829 1328 943 1689 
4335 823 824 828 1801 
4336 1552 1553 1481 1641 
4337 969 1686 859 1796 
4338 1116 1730 1466 1731 
4339 39 130 40 236 
4340 600 637 685 666 
4341 506 1673 1663 1798 
4342 1144 1731 1694 1766 
4343 335 1701 270 1799 
4344 558 394 454 1768 
4345 1630 1661 1680 1742 
4346 936 908 1386 1723 
4347 832 1643 833 1793 
4348 879 880 1669 1769 
4349 1483 1762 1685 1784 
4350 1061 1699 1055 1794 
4351 370 608 514 1799 
4352 1681 1693 1677 1802 
4353 451 1652 1239 1684 
4354 1440 1002 620 1001 
4355 1620 1734 1668 1753 
4356 1650 1711 1622 1775 
4357 1266 857 809 1718 
4358 928 1651 1692 1709 
4359 964 1174 1150 1677 
4360 1357 1140 1273 1404 
4361 690 727 908 613 
4362 761 1649 1636 1726 
4363 1622 1716 1641 1775 
4364 1505 1751 1661 1761 
4365 1677 1761 1666 1801 
4366 1152 1670 872 1777 
4367 1661 1680 1626 1774 
4368 1624 1662 1688 1782 
4369 1643 1707 832 1742 
4370 1579 1676 1722 1786 
4371 360 1637 1733 1737 
4372 690 1697 908 1723 
4373 1629 1668 1710 1813 
4374 467 1654 582 1708 
4375 1037 1597 1036 1750 
4376 935 675 770 1698 
4377 1636 1701 1649 1758 
4378 1230 1694 1466 1730 
4379 821 1751 1501 1761 
4380 1407 722 1655 1696 
4381 1630 1680 1661 1728 
4382 683 709 633 496 
4383 1291 1289 1337 1695 
4384 1629 1672 1663 1673 
4385 1269 1286 1722 1786 
4386 1641 1716 1622 1805 
4387 697 1664 1648 1813 
4388 561 562 462 1664 
4389 819 1533 1504 1685 
4390 1425 1374 1393 784 
4391 595 639 454 1798 
4392 1462 1542 1356 1748 
4393 1127 1111 1688 1766 
4394 514 1701 513 1767 
4395 603 671 697 1813 
4396 1327 827 831 1336 
4397 829 830 868 1689 
4398 1578 1663 1641 1806 
4399 550 1629 509 1667 
4400 1110 347 413 280 
4401 1707 1742 1630 1777 
4402 641 789 644 1672 
4403 1539 1172 1170 1732 
4404 983 1683 1353 1705 
4405 1527 1531 1591 1753 
4406 1627 1744 1725 1776 
4407 900 1084 899 1732 
4408 963 962 1677 1693 
4409 832 1707 1643 1793 
4410 1592 1568 1676 1729 
4411 1619 1647 1717 1810 
4412 1074 368 566 1652 
4413 1676 1725 1634 1729 
4414 1525 906 896 1657 
4415 1018 1193 920 1727 
4416 307 40 130 678 
4417 950 1212 1061 1794 
4418 847 1743 1322 1774 
4419 1502 982 1771 1801 
4420 1505 1588 1036 1661 
4421 1453 1449 706 1425 
4422 928 1651 1154 1692 
4423 688 1760 1347 1772 
4424 1510 1670 1549 1780 
4425 1028 1029 1094 1677 
4426 1228 787 785 1703 
4427 881 883 882 1760 
4428 1670 1707 1630 1777 
4429 1351 661 749 1759 
4430 1663 1672 641 1798 
4431 619 753 1734 1735 
4432 579 723 686 1655 
4433 1511 1789 1665 1797 
4434 853 857 854 1266 
4435 470 1649 620 1682 
4436 861 798 1703 1811 
4437 1578 777 1663 1806 
4438 550 509 1629 1673 
4439 1063 1064 1645 1783 
4440 977 926 1686 1796 
4441 1643 1716 1681 1793 
4442 1164 1621 883 1687 
4443 1028 1677 1501 1761 
4444 1150 1693 1677 1811 
4445 1531 1668 1591 1753 
4446 1632 1684 1655 1739 
4447 509 510 1629 1673 
4448 533 517 734 518 
4449 1245 332 401 1799 
4450 374 450 417 1690 
4451 1370 1591 1668 1813 
4452 1028 1501 1677 1763 
4453 1654 1690 1625 1708 
4454 890 1638 1735 1769 
4455 1588 1661 1505 1751 
4456 1007 1688 975 1712 
4457 1626 1774 1680 1804 
4458 1661 1751 1588 1774 
4459 1619 1688 1645 1712 
4460 541 377 516 1625 
4461 322 1736 1720 1758 
4462 467 450 1690 1708 
4463 1642 1671 1628 1762 
4464 1648 1664 697 1788 
4465 1631 1623 1696 1722 
4466 639 1673 1768 1798 
4467 1044 1068 1680 1777 
4468 510 509 1629 1734 
4469 1391 1394 1014 1542 
4470 1028 1677 1094 1763 
4471 1576 1069 862 1805 
4472 916 1651 928 1709 
4473 722 686 723 1655 
4474 768 769 618 1656 
4475 1624 1731 1686 1782 
4476 618 577 715 1656 
4477 1668 1664 1733 1737 
4478 1398 722 1631 1778 
4479 1152 993 1707 1777 
4480 1671 1685 1642 1781 
4481 1194 978 976 1710 
4482 896 1657 877 1700 
4483 903 902 1669 1769 
4484 792 791 793 1669 
4485 1525 807 906 1657 
4486 1666 1680 1099 1747 
4487 445 449 1652 1778 
4488 1694 1730 1678 1780 
4489 510 511 1648 1673 
4490 1628 1675 1671 1748 
4491 1647 1629 1710 1717 
4492 927 844 1470 1647 
4493 1636 1726 1649 1767 
4494 1216 1475 1459 1217 
4495 1524 1739 1410 1773 
4496 784 704 783 1703 
4497 1102 1645 878 1809 
4498 1150 963 1677 1693 
4499 1009 1410 818 1773 
4500 1262 872 1670 1777 
4501 1009 807 1657 1773 
4502 1715 1729 1679 1807 
4503 1687 1674 1776 1807 
4504 936 727 935 909 
4505 1628 1675 1790 1797 
4506 1375 1522 1568 1725 
4507 895 896 877 1700 
4508 1651 1695 1621 1727 
4509 363 338 392 326 
4510 1462 1258 1391 1748 
4511 1140 1404 1695 1727 
4512 1380 1721 1678 1740 
4513 582 1654 583 1697 
4514 1378 1709 1659 1725 
4515 510 1648 415 1733 
4516 69 11 12 68 
4517 1670 1724 1549 1780 
4518 1315 1685 1606 1703 
4519 1633 1322 1738 1743 
4520 1579 1722 1546 1786 
4521 897 903 904 1669 
4522 1413 1386 1379 1723 
4523 824 1666 960 1801 
4524 1647 1710 976 1717 
4525 1137 1211 1056 1653 
4526 793 1669 791 1713 
4527 976 927 1513 1710 
4528 127 105 101 1442 
4529 1511 1692 1542 1797 
4530 1079 979 980 1645 
4531 938 999 838 1699 
4532 1703 1763 787 1811 
4533 113 131 114 218 
4534 1289 1302 1075 1702 
4535 1437 1468 1574 1129 
4536 1164 1291 1621 1702 
4537 899 1083 1713 1732 
4538 1598 1703 1685 1763 
4539 335 370 1701 1799 
4540 1313 813 1773 1814 
4541 1483 1198 1580 1658 
4542 779 640 1279 1785 
4543 454 455 394 558 
4544 1568 1651 1375 1725 
4545 1161 1374 1160 1424 
4546 847 1751 1743 1774 
4547 715 1656 577 1803 
4548 1570 1233 1040 1744 
4549 680 525 616 679 
4550 1560 1694 1678 1780 
4551 1070 922 923 1681 
4552 41 104 130 129 
4553 1577 1578 1552 1806 
4554 833 1032 1793 1802 
4555 104 130 129 307 
4556 1430 1112 1000 1749 
4557 1433 1167 1710 1813 
4558 694 763 732 695 
4559 954 1657 984 1714 
4560 1269 1409 1696 1722 
4561 1145 1217 1147 1740 
4562 352 451 1625 1690 
4563 1003 1106 910 1682 
4564 1688 1712 1131 1783 
4565 1638 1669 1620 1735 
4566 904 903 902 1669 
4567 820 1761 1501 1763 
4568 1720 1758 1636 1792 
4569 1407 1595 1566 1655 
4570 1289 1291 1302 1702 
4571 1715 1760 1644 1791 
4572 1262 1152 872 1777 
4573 980 1645 1719 1731 
4574 1072 831 1336 1689 
4575 1036 1597 1505 1661 
4576 1619 1688 1662 1782 
4577 70 73 104 307 
4578 609 687 607 1737 
4579 259 334 219 269 
4580 477 1110 396 1768 
4581 697 671 647 1813 
4582 996 995 1659 1746 
4583 1608 1745 1644 1760 
4584 127 102 101 532 
4585 996 1205 1085 1659 
4586 899 1732 1713 1735 
4587 1009 806 807 1773 
4588 889 1769 1047 1812 
4589 1092 1521 1546 1786 
4590 1258 1257 1381 1748 
4591 1621 1776 1634 1807 
4592 527 1787 1648 1788 
4593 1650 1622 1765 1775 
4594 1117 1645 1102 1809 
4595 980 1079 1645 1731 
4596 1334 1658 1675 1789 
4597 1285 1189 902 1735 
4598 1452 1024 1674 1776 
4599 76 78 57 128 
4600 1108 1084 900 1732 
4601 613 908 1697 1726 
4602 648 697 647 1664 
4603 467 1690 1654 1708 
4604 747 784 1393 1229 
4605 947 975 1689 1712 
4606 1092 1722 1286 1786 
4607 1649 1701 376 1758 
4608 1241 1576 1641 1724 
4609 1111 1011 1076 1766 
4610 12 9 11 69 
4611 1322 1660 1633 1738 
4612 396 1110 281 1768 
4613 899 1084 1083 1732 
4614 1667 1734 1638 1810 
4615 1644 1679 1715 1791 
4616 1631 1722 1398 1803 
4617 1606 1685 1598 1703 
4618 772 653 732 695 
4619 1671 1747 1635 1771 
4620 751 1604 1194 1710 
4621 1192 1715 1714 1791 
4622 1093 1612 779 1785 
4623 1315 1685 1703 1784 
4624 984 1714 1657 1814 
4625 634 680 704 679 
4626 1426 753 919 1735 
4627 1644 1760 1674 1772 
4628 1593 1422 881 1687 
4629 728 1644 1347 1745 
4630 831 1327 1336 1689 
4631 811 1646 810 1739 
4632 1234 883 1164 1621 
4633 793 791 1590 1713 
4634 1030 1771 982 1801 
4635 613 612 675 1726 
4636 370 1701 515 1758 
4637 237 24 25 236 
4638 258 168 336 1736 
4639 734 794 1247 1683 
4640 882 883 1715 1760 
4641 332 562 462 463 
4642 690 611 1697 1723 
4643 902 890 1735 1769 
4644 1511 1665 1692 1797 
4645 1656 1757 1755 1803 
4646 879 903 897 1669 
4647 1696 1700 1554 1786 
4648 1620 1734 1638 1735 
4649 719 718 1722 1803 
4650 1006 1131 1007 1712 
4651 1099 1680 1666 1742 
4652 659 785 683 786 
4653 899 1500 1460 1735 
4654 1418 1511 1691 1692 
4655 1626 1675 1658 1804 
4656 1098 1350 1249 1680 
4657 1158 1076 1104 1662 
4658 784 1424 1374 1703 
4659 836 834 998 1627 
4660 1334 1675 1658 1762 
4661 773 1210 1555 1682 
4662 836 1702 1233 1744 
4663 1275 1681 1526 1785 
4664 688 1347 728 1772 
4665 708 1693 749 1759 
4666 1505 1501 1751 1761 
4667 1571 1503 1504 1658 
4668 1623 1639 1656 1757 
4669 1257 1461 932 1680 
4670 659 683 785 660 
4671 1082 1081 1678 1728 
4672 1357 1273 1695 1808 
4673 878 1769 1669 1809 
4674 1326 943 1328 1689 
4675 1635 1771 1666 1801 
4676 869 1589 1254 1689 
4677 372 360 1637 1733 
4678 1342 779 1463 1279 
4679 77 76 74 532 
4680 1291 1234 1164 1621 
4681 865 1136 1054 1699 
4682 928 915 1154 1651 
4683 1542 1511 1418 1692 
4684 1111 1076 1688 1766 
4685 836 998 997 1702 
4686 908 936 727 690 
4687 280 413 398 283 
4688 1227 792 1753 1809 
4689 904 902 1189 1735 
4690 931 1660 1680 1728 
4691 1728 1750 1544 1774 
4692 1145 1484 1459 1217 
4693 932 1257 1680 1804 
4694 1240 1641 1017 1704 
4695 960 1666 1771 1801 
4696 1329 1711 1182 1775 
4697 334 270 219 269 
4698 1351 1093 1280 1693 
4699 804 1706 1236 1770 
4700 415 510 511 1648 
4701 894 895 1561 1700 
4702 1090 1592 1676 1786 
4703 1660 1680 1774 1804 
4704 254 255 1246 333 
4705 1424 1161 1374 1703 
4706 1497 1451 1713 1753 
4707 561 648 609 1664 
4708 1579 1521 1610 1676 
4709 1553 1069 1716 1805 
4710 1674 1715 1687 1760 
4711 1355 983 812 1739 
4712 688 1674 689 1760 
4713 247 244 327 265 
4714 1578 1641 1552 1806 
4715 1425 1393 706 746 
4716 964 1801 1677 1802 
4717 689 1674 688 1772 
4718 1640 1650 1765 1775 
4719 1649 1682 1637 1726 
4720 316 404 235 1690 
4721 1590 1669 974 1713 
4722 574 668 667 1756 
4723 954 984 814 1714 
4724 1451 1497 1530 1753 
4725 1027 1330 1681 1785 
4726 1081 925 1082 1678 
4727 470 1637 469 1701 
4728 1173 1677 1174 1801 
4729 978 976 1710 1717 
4730 1642 1703 1685 1784 
4731 876 972 1679 1729 
4732 785 786 765 1811 
4733 801 1200 1199 1745 
4734 1635 1761 1685 1763 
4735 684 709 683 496 
4736 360 1637 1737 1799 
4737 1634 1795 1639 1807 
4738 1680 1748 1626 1804 
4739 460 507 559 1755 
4740 1011 1104 1076 1766 
4741 1505 1501 821 1751 
4742 1380 1678 1125 1740 
4743 40 130 104 307 
4744 1029 1094 1677 1693 
4745 1669 1735 1638 1769 
4746 927 844 1647 1719 
4747 1015 1356 1542 1790 
4748 360 1733 1664 1737 
4749 1655 1700 1632 1739 
4750 1501 1761 1677 1763 
4751 1383 1653 1508 1794 
4752 915 1256 1154 1651 
4753 787 786 785 1811 
4754 841 869 971 1704 
4755 869 1254 868 1689 
4756 316 1690 235 1736 
4757 1114 1178 1154 1113 
4758 749 1693 1351 1759 
4759 1322 1385 1660 1738 
4760 1512 1678 1380 1721 
4761 975 1007 1076 1688 
4762 903 889 902 1769 
4763 1596 1658 1743 1751 
4764 1661 1750 1728 1774 
4765 880 903 1669 1769 
4766 880 889 903 1769 
4767 1407 1583 1409 1696 
4768 980 1645 1117 1719 
4769 1249 1680 1099 1742 
4770 507 1778 508 1803 
4771 1471 844 1451 1753 
4772 1713 1753 792 1809 
4773 1088 1448 586 541 
4774 899 1083 1500 1713 
4775 574 1656 668 1756 
4776 1636 1683 1654 1792 
4777 1641 1663 1017 1764 
4778 727 936 908 909 
4779 761 909 1682 1726 
4780 930 1380 1512 1678 
4781 1036 848 1035 1750 
4782 1707 1711 1643 1793 
4783 1525 894 1524 1700 
4784 1355 1353 983 1683 
4785 1418 1511 1528 1691 
4786 1629 1667 1764 1810 
4787 1627 1702 1744 1776 
4788 1302 1075 1389 1289 
4789 798 1502 797 1771 
4790 1549 1724 1283 1780 
4791 1196 1198 1197 1658 
4792 1002 1000 1519 1749 
4793 1215 1217 1216 1740 
4794 1351 1693 1569 1759 
4795 1636 1649 1701 1767 
4796 1021 1642 995 1746 
4797 556 633 709 496 
4798 454 1768 1673 1798 
4799 1247 1353 1683 1705 
4800 133 170 166 169 
4801 813 1657 805 1773 
4802 1116 969 859 1796 
4803 1082 1544 1081 1728 
4804 1055 1056 1653 1699 
4805 1260 1313 817 1773 
4806 1629 1672 1648 1813 
4807 541 1683 517 1792 
4808 450 417 1690 1708 
4809 864 1553 1552 1641 
4810 714 1722 1656 1803 
4811 372 1637 360 1799 
4812 1514 1162 1746 1784 
4813 692 693 762 1649 
4814 685 600 666 1770 
4815 886 1670 1510 1780 
4816 402 1246 255 333 
4817 980 1117 969 1719 
4818 1249 1099 1098 1742 
4819 1136 1665 1653 1699 
4820 1150 1677 1173 1811 
4821 1086 1008 1671 1771 
4822 931 885 1678 1777 
4823 237 68 26 62 
4824 935 1594 1530 1698 
4825 316 291 1074 317 
4826 1424 1374 1160 1425 
4827 1663 1673 1672 1798 
4828 1645 1769 1712 1783 
4829 1623 1679 1676 1807 
4830 1192 1714 1434 1791 
4831 980 969 1116 1731 
4832 1190 1192 1715 1727 
4833 688 689 1175 1760 
4834 904 1669 902 1735 
4835 611 582 1697 1723 
4836 585 677 584 1646 
4837 1344 1346 1345 1790 
4838 329 1768 347 1787 
4839 831 943 1327 1689 
4840 1070 922 1681 1793 
4841 603 672 671 1813 
4842 1375 1651 916 1709 
4843 1632 1718 1646 1773 
4844 1279 779 1463 640 
4845 246 228 967 214 
4846 1449 1393 706 1425 
4847 1351 1280 1485 1693 
4848 973 972 920 1729 
4849 984 814 1714 1814 
4850 329 328 281 1768 
4851 618 714 768 1656 
4852 1300 1713 1172 1732 
4853 1521 1090 1522 1676 
4854 820 1598 1685 1763 
4855 44 50 66 69 
4856 558 454 433 595 
4857 1685 1703 1642 1781 
4858 1329 1445 1711 1716 
4859 1470 1647 844 1753 
4860 1711 1716 1643 1793 
4861 839 865 866 1699 
4862 1197 1658 1334 1789 
4863 798 1771 797 1781 
4864 1430 1732 1112 1749 
4865 1661 1728 1680 1774 
4866 1080 1064 1645 1769 
4867 1127 1766 1688 1783 
4868 338 363 274 230 
4869 983 1353 1089 1705 
4870 963 962 964 1677 
4871 1092 1546 1722 1786 
4872 1250 1099 1680 1747 
4873 460 1755 559 1756 
4874 1048 937 873 1699 
4875 726 1667 578 1734 
4876 761 774 1649 1682 
4877 1027 1445 1329 1716 
4878 587 683 633 496 
4879 1027 1329 1330 1785 
4880 879 897 898 1669 
4881 104 41 36 129 
4882 722 1408 1398 1696 
4883 13 17 16 1752 
4884 1634 1725 1744 1776 
4885 1629 1734 1667 1810 
4886 1081 1544 1660 1728 
4887 1633 1738 1699 1743 
4888 1624 1724 1662 1765 
4889 1694 1730 1624 1731 
4890 540 1733 619 1734 
4891 641 602 642 1672 
4892 706 1453 746 631 
4893 1776 1795 1634 1807 
4894 396 357 477 1768 
4895 413 1110 281 396 
4896 710 804 1236 1770 
4897 1090 1268 1592 1786 
4898 1040 1233 1039 1744 
4899 372 319 1701 1799 
4900 1690 1720 1654 1792 
4901 792 1669 793 1713 
4902 829 943 831 1689 
4903 134 70 129 307 
4904 1219 1549 1283 1780 
4905 1178 1115 1154 1691 
4906 1398 1696 1408 1722 
4907 1439 652 732 772 
4908 57 74 76 128 
4909 1106 1682 1003 1732 
4910 1144 1694 1292 1766 
4911 585 1646 1684 1718 
4912 1690 1720 321 1736 
4913 1074 404 316 368 
4914 146 338 242 241 
4915 915 916 1256 1651 
4916 1701 1737 1637 1799 
4917 1060 1235 1449 912 
4918 1620 1733 1668 1734 
4919 1205 834 1627 1790 
4920 861 782 1173 1811 
4921 755 1519 754 1749 
4922 54 4 32 676 
4923 645 1639 1756 1770 
4924 729 1718 1644 1745 
4925 1646 1705 1320 1779 
4926 1665 1691 1511 1692 
4927 659 765 786 1811 
4928 1565 1561 1582 1700 
4929 1502 1304 1030 1801 
4930 1654 1697 1636 1720 
4931 964 1151 1801 1802 
4932 1664 1668 1648 1813 
4933 1714 1715 1679 1791 
4934 1657 1632 1773 1814 
4935 1631 1684 1623 1754 
4936 1205 834 1085 1627 
4937 332 1245 333 1799 
4938 1160 1161 1424 1746 
4939 841 1255 869 1704 
4940 1624 1731 1688 1766 
4941 237 25 26 236 
4942 1755 1757 1631 1803 
4943 1578 777 1641 1663 
4944 1636 1720 1697 1767 
4945 518 1636 320 1792 
4946 1387 1659 1514 1746 
4947 1648 1787 415 1788 
4948 128 74 76 532 
4949 506 1663 597 1798 
4950 819 820 1598 1685 
4951 1649 1637 1701 1726 
4952 320 1758 322 1792 
4953 1654 1697 582 1723 
4954 715 714 1656 1803 
4955 1434 1714 814 1814 
4956 1685 1762 1642 1784 
4957 1235 1479 1387 1746 
4958 1387 1514 1162 1746 
4959 1531 1530 1594 1698 
4960 1701 1758 1636 1767 
4961 634 747 1393 1229 
4962 1661 1626 1751 1774 
4963 1152 1261 993 1777 
4964 634 785 633 679 
4965 230 363 412 396 
4966 1409 1408 1696 1722 
4967 430 436 524 408 
4968 556 709 557 496 
4969 1160 912 1235 1746 
4970 1383 948 1653 1794 
4971 727 909 908 1726 
4972 924 1109 1721 1740 
4973 889 1047 1472 1812 
4974 1137 1277 1211 1741 
4975 1159 1480 1075 1702 
4976 918 929 928 917 
4977 618 617 715 577 
4978 520 518 735 736 
4979 1289 1075 1480 1702 
4980 1619 1764 1667 1810 
4981 810 1739 1646 1773 
4982 993 992 1707 1777 
4983 1035 1058 926 1796 
4984 452 378 1636 1758 
4985 1330 1612 1093 1785 
4986 1485 1681 1431 1693 
4987 442 458 349 398 
4988 537 384 424 1303 
4989 901 754 1436 1519 
4990 396 397 357 1768 
4991 1623 1754 1684 1772 
4992 1533 1483 1685 1784 
4993 1645 1712 1688 1783 
4994 1521 1676 1579 1786 
4995 1357 1695 1691 1808 
4996 347 413 280 283 
4997 792 898 791 1669 
4998 1135 1137 1136 1741 
4999 221 128 127 532 
5000 899 1713 1500 1735 
5001 561 563 562 1737 
5002 984 1657 813 1814 
5003 399 462 463 312 
5004 1637 1726 1698 1737 
5005 1197 1198 1334 1658 
5006 1083 1435 1500 1713 
5007 960 1666 987 1771 
5008 1590 1500 1435 1713 
5009 403 1754 1652 1755 
5010 752 721 1370 1668 
5011 1411 1633 1660 1738 
5012 888 1712 1769 1783 
5013 585 584 1625 1684 
5014 1709 1762 1628 1797 
5015 1412 1633 1789 1804 
5016 372 1637 469 1733 
5017 1285 890 1284 1735 
5018 1159 1075 997 1702 
5019 1646 1739 1632 1773 
5020 327 227 247 213 
5021 765 704 785 1703 
5022 414 566 1074 368 
5023 1108 1112 1430 1732 
5024 584 516 451 1625 
5025 225 179 178 205 
5026 1269 1092 1286 1786 
5027 761 1210 774 1682 
5028 609 607 561 1737 
5029 641 751 1663 1798 
5030 1150 781 1693 1811 
5031 105 103 101 1442 
5032 843 1059 859 1796 
5033 468 512 1654 1720 
5034 894 896 895 1700 
5035 1233 1702 1039 1744 
5036 1560 1125 1678 1694 
5037 230 412 356 275 
5038 1434 1791 1714 1814 
5039 1078 1731 1144 1783 
5040 1411 1653 1633 1738 
5041 1331 1689 1589 1704 
5042 877 1657 884 1714 
5043 1470 1471 1572 1753 
5044 225 178 179 731 
5045 939 1699 1048 1794 
5046 1596 1743 847 1751 
5047 335 553 254 1799 
5048 938 999 1699 1743 
5049 338 326 241 464 
5050 611 613 690 1697 
5051 636 1017 1663 1764 
5052 1249 1068 1461 1680 
5053 1008 1747 1671 1771 
5054 660 683 633 587 
5055 967 73 108 344 
5056 1239 451 405 1652 
5057 722 1595 1407 1655 
5058 1256 916 973 1651 
5059 1669 1713 792 1809 
5060 747 1393 680 634 
5061 394 1673 454 1768 
5062 36 70 129 134 
5063 1533 1606 1315 1685 
5064 1052 871 872 1724 
5065 1718 1773 1632 1814 
5066 716 1333 1331 1704 
5067 1590 933 793 1713 
5068 999 838 1699 1743 
5069 1375 1377 1522 1725 
5070 653 694 732 695 
5071 1125 1694 1340 1740 
5072 531 1754 1757 1772 
5073 1111 1007 1127 1688 
5074 824 823 822 1666 
5075 911 936 935 909 
5076 1194 1710 1604 1717 
5077 1598 787 1703 1763 
5078 1340 1694 1550 1740 
5079 1624 1688 1731 1782 
5080 1292 1144 1201 1694 
5081 174 172 126 233 
5082 1269 1722 1696 1786 
5083 885 1670 886 1780 
5084 338 363 242 241 
5085 1202 1550 1203 1740 
5086 1083 1084 1539 1732 
5087 832 822 823 1742 
5088 1125 1340 1124 1740 
5089 742 702 1575 1226 
5090 785 633 679 660 
5091 977 1686 976 1717 
5092 859 845 843 1719 
5093 1070 1681 1716 1793 
5094 533 794 795 519 
5095 1410 1524 1556 1739 
5096 322 321 1720 1736 
5097 321 1720 1690 1792 
5098 1546 1521 1579 1786 
5099 1183 978 1604 1717 
5100 1674 1757 605 1795 
5101 1021 995 1022 1746 
5102 861 1703 765 1811 
5103 1299 1065 1298 1653 
5104 861 1703 798 1781 
5105 1154 1178 1114 1115 
5106 469 372 319 1701 
5107 1652 1684 1631 1754 
5108 1354 1353 1355 1683 
5109 1181 1456 1180 1779 
5110 321 322 1720 1792 
5111 1006 1007 975 1712 
5112 791 1669 1590 1713 
5113 1161 1703 1424 1746 
5114 275 412 356 276 
5115 539 558 595 503 
5116 1629 1710 1672 1813 
5117 948 1212 950 1794 
5118 716 717 1667 1764 
5119 1644 1745 1718 1814 
5120 1497 1451 792 1713 
5121 1144 1270 1201 1694 
5122 925 1082 1678 1730 
5123 697 1664 648 1788 
5124 1696 1722 1623 1786 
5125 879 953 878 1669 
5126 1479 1659 1387 1746 
5127 921 923 922 1802 
5128 320 1636 378 1758 
5129 1669 1753 1713 1809 
5130 1674 1795 1776 1807 
5131 1511 1665 1528 1691 
5132 633 525 679 660 
5133 1028 1094 1501 1763 
5134 363 338 242 230 
5135 1036 1035 1037 1750 
5136 585 729 1684 1772 
5137 1604 1663 751 1806 
5138 1131 1712 888 1783 
5139 1329 1609 788 1785 
5140 1549 1510 1267 1670 
5141 898 1669 792 1809 
5142 1163 865 1096 1789 
5143 964 1677 962 1802 
5144 1048 1699 1061 1794 
5145 326 358 363 241 
5146 644 789 643 1672 
5147 108 134 967 344 
5148 884 958 954 1657 
5149 872 870 1549 1670 
5150 673 1452 1674 1795 
5151 516 377 352 1625 
5152 1659 1746 1642 1784 
5153 968 1753 1719 1809 
5154 1398 1778 1631 1803 
5155 1414 1699 1121 1738 
5156 585 1646 584 1684 
5157 337 334 515 1758 
5158 1501 1505 1597 1761 
5159 1172 1713 1170 1732 
5160 452 1649 376 1758 
5161 73 70 134 307 
5162 1647 1719 844 1753 
5163 900 1735 901 1749 
5164 801 1718 799 1814 
5165 1160 1449 1424 1425 
5166 785 683 633 660 
5167 1591 1572 1527 1753 
5168 792 1713 1451 1753 
5169 886 1267 1510 1670 
5170 1080 1645 1064 1783 
5171 128 102 127 532 
5172 636 1663 597 1764 
5173 976 977 926 1686 
5174 1267 1670 886 1777 
5175 1623 1631 1754 1757 
5176 1121 1738 1699 1794 
5177 958 884 1237 1657 
5178 1679 1729 1676 1807 
5179 813 1313 1238 1814 
5180 734 1247 759 1683 
5181 877 896 906 1657 
5182 258 289 268 1736 
5183 375 1649 470 1701 
5184 510 1733 581 1734 
5185 885 1678 1670 1780 
5186 1117 980 1102 1645 
5187 1611 787 1763 1811 
5188 73 70 108 134 
5189 1645 1731 1688 1782 
5190 1008 1214 1086 1671 
5191 1596 1503 1658 1751 
5192 270 553 335 1799 
5193 1660 1680 1728 1774 
5194 1222 1671 1747 1748 
5195 109 110 88 89 
5196 1549 1670 870 1724 
5197 1439 776 773 772 
5198 1471 1527 1572 1753 
5199 101 102 127 1442 
5200 812 983 811 1739 
5201 784 1374 1393 1229 
5202 1358 1337 1289 1695 
5203 770 752 1594 1698 
5204 855 801 809 1718 
5205 1343 1417 834 1790 
5206 582 1708 1654 1723 
5207 861 959 1703 1781 
5208 227 214 228 246 
5209 1216 1475 1508 1272 
5210 1110 546 547 1787 
5211 1155 1672 790 1710 
5212 889 1472 1769 1812 
5213 242 363 230 396 
5214 1158 1662 1104 1724 
5215 396 281 328 1768 
5216 1109 1095 1122 1738 
5217 1098 1044 1350 1680 
5218 644 643 602 1672 
5219 1322 1660 1544 1774 
5220 981 797 1771 1781 
5221 1144 1731 1766 1783 
5222 1071 986 1192 1714 
5223 799 1718 1745 1814 
5224 753 726 691 1734 
5225 1086 1026 1008 1771 
5226 998 1343 991 1417 
5227 1090 1521 1092 1786 
5228 962 1693 1282 1802 
5229 451 516 352 1625 
5230 1347 1644 1608 1745 
5231 496 557 439 669 
5232 247 244 227 327 
5233 322 168 1736 1758 
5234 1039 1744 1702 1776 
5235 400 399 310 312 
5236 1330 1029 1027 1681 
5237 1428 716 1704 1764 
5238 1200 856 855 801 
5239 905 984 958 1657 
5240 611 1708 582 1723 
5241 1173 1150 1174 1677 
5242 977 978 1183 1717 
5243 1282 1693 1681 1802 
5244 1055 1056 1211 1653 
5245 1430 1555 1107 1732 
5246 1001 1430 1002 1749 
5247 757 1646 585 1718 
5248 984 813 814 1814 
5249 584 1646 625 1705 
5250 21 11 42 68 
5251 467 582 450 1708 
5252 610 614 729 1772 
5253 404 368 1074 1652 
5254 1671 1771 1635 1781 
5255 1247 1089 1353 1705 
5256 453 302 353 264 
5257 1302 1702 1291 1800 
5258 454 433 455 558 
5259 1607 1703 1605 1746 
5260 578 1667 509 1734 
5261 688 1175 1347 1760 
5262 1106 1003 1300 1732 
5263 1235 1060 1236 1706 
5264 619 540 620 1733 
5265 653 772 1341 695 
5266 1489 1235 1479 1706 
5267 1357 1404 1273 1808 
5268 1719 1753 1647 1809 
5269 375 376 1649 1701 
5270 1417 991 998 1480 
5271 633 556 587 496 
5272 370 514 1701 1799 
5273 1533 1685 1315 1784 
5274 761 1682 1649 1726 
5275 1694 1766 1624 1780 
5276 1412 1789 1675 1804 
5277 1609 1329 1182 1775 
5278 805 905 807 1657 
5279 1608 1644 1347 1760 
5280 928 1709 1692 1797 
5281 1090 1676 1521 1786 
5282 659 765 785 786 
5283 51 52 231 1752 
5284 1624 1694 1731 1766 
5285 1622 1711 1707 1793 
5286 881 1687 1422 1800 
5287 746 1453 656 631 
5288 770 674 752 1698 
5289 1440 470 692 1649 
5290 1151 1032 833 1802 
5291 813 805 816 1773 
5292 1706 1770 1639 1795 
5293 401 562 462 332 
5294 714 618 715 1656 
5295 1300 1172 1311 1732 
5296 26 68 21 1752 
5297 188 187 189 300 
5298 788 1604 751 1806 
5299 1648 1672 1629 1673 
5300 958 1237 906 1657 
5301 562 401 462 1664 
5302 1020 1086 1214 1671 
5303 80 43 67 45 
5304 1495 895 877 1700 
5305 924 1721 1166 1740 
5306 1674 1687 720 1760 
5307 636 777 635 1663 
5308 1002 1430 1000 1749 
5309 1179 1320 1705 1779 
5310 1623 1674 1772 1807 
5311 1329 1716 1711 1775 
5312 520 693 736 771 
5313 28 47 62 1752 
5314 1289 1075 1389 1480 
5315 652 692 693 762 
5316 1651 1709 1375 1725 
5317 605 1757 1674 1772 
5318 451 585 584 1625 
5319 704 747 680 634 
5320 1333 716 717 1667 
5321 1001 1732 1430 1749 
5322 1048 939 937 1699 
5323 1609 1716 1329 1775 
5324 1428 1704 1017 1764 
5325 1070 1681 1276 1716 
5326 1653 1665 1633 1699 
5327 1410 1739 818 1773 
5328 992 832 1707 1742 
5329 639 1672 1673 1798 
5330 1582 1554 1583 1700 
5331 720 1674 1024 1687 
5332 1644 1791 1745 1814 
5333 146 338 241 301 
5334 859 1686 969 1719 
5335 26 21 22 1752 
5336 807 805 1657 1773 
5337 102 77 101 532 
5338 1634 1706 1639 1795 
5339 11 21 12 68 
5340 985 1671 1062 1781 
5341 7 36 41 129 
5342 672 1672 1155 1813 
5343 1262 1261 1152 1777 
5344 789 790 643 1672 
5345 270 334 219 1758 
5346 1624 1730 1694 1780 
5347 640 641 639 1798 
5348 68 26 62 1752 
5349 712 1060 1614 1706 
5350 1462 1248 1258 1748 
5351 963 964 1150 1677 
5352 947 975 946 1689 
5353 1075 1159 1389 1480 
5354 801 1200 856 1199 
5355 774 760 761 1649 
5356 582 583 513 1697 
5357 561 462 648 1664 
5358 595 539 1463 1523 
5359 413 276 280 593 
5360 1626 1747 1671 1748 
5361 999 837 838 1743 
5362 841 840 842 1662 
5363 585 1625 451 1684 
5364 995 994 996 1628 
5365 1755 1756 460 1757 
5366 799 1718 801 1745 
5367 1315 1703 1161 1784 
5368 1597 1028 1501 1761 
5369 617 577 560 1803 
5370 237 130 24 236 
5371 735 520 736 771 
5372 721 647 671 1813 
5373 642 639 1672 1673 
5374 1648 1668 1664 1733 
5375 318 375 470 1701 
5376 901 900 899 1735 
5377 704 765 783 1703 
5378 1235 1489 1060 1706 
5379 1086 1671 985 1771 
5380 1357 1140 1404 1695 
5381 723 1595 722 1655 
5382 512 1720 515 1767 
5383 1409 1286 1408 1722 
5384 1452 1024 673 1674 
5385 1007 1131 1127 1688 
5386 1093 708 766 1693 
5387 1094 1763 1677 1811 
5388 620 469 470 1637 
5389 936 1386 1413 1723 
5390 1606 787 1228 1703 
5391 1526 1276 1485 1681 
5392 897 791 898 1669 
5393 992 1707 1098 1742 
5394 926 843 1686 1796 
5395 1720 1758 515 1767 
5396 1126 1721 1380 1740 
5397 1220 1687 940 1800 
5398 1548 1417 1418 1692 
5399 952 884 951 1714 
5400 275 273 187 276 
5401 407 326 434 475 
5402 1249 1250 1099 1680 
5403 922 1793 1032 1802 
5404 659 785 765 660 
5405 1418 1692 1417 1790 
5406 1652 1754 1631 1755 
5407 1024 942 1687 1776 
5408 743 1351 661 1352 
5409 1168 1044 1098 1777 
5410 1606 1598 787 1703 
5411 247 214 227 245 
5412 602 643 601 1672 
5413 818 806 1009 1773 
5414 434 358 455 478 
5415 27 24 236 25 
5416 1653 1721 1508 1794 
5417 1412 1411 1633 1804 
5418 778 1663 777 1806 
5419 1262 1670 1267 1777 
5420 363 474 412 396 
5421 843 859 1686 1796 
5422 662 632 766 1759 
5423 972 876 1679 1714 
5424 320 278 322 1758 
5425 899 1460 1149 1735 
5426 614 728 729 1772 
5427 1020 1214 1251 1671 
5428 520 693 452 736 
5429 1088 541 586 1705 
5430 1091 1269 1268 1786 
5431 1150 781 963 1693 
5432 910 909 911 1682 
5433 1132 892 882 1593 
5434 1692 1790 1542 1797 
5435 1191 882 1715 1760 
5436 591 659 683 682 
5437 1140 1193 1018 1727 
5438 717 550 1667 1764 
5439 585 1684 729 1718 
5440 799 1791 1025 1814 
5441 1241 1641 842 1662 
5442 582 611 579 1708 
5443 376 1701 270 1758 
5444 669 486 684 591 
5445 1411 1361 1633 1653 
5446 348 400 442 349 
5447 280 284 398 593 
5448 322 260 321 1736 
5449 1346 1628 1345 1790 
5450 1008 1222 1671 1747 
5451 1550 1292 1201 1694 
5452 520 452 378 1636 
5453 888 1047 889 1769 
5454 703 681 616 679 
5455 1008 1222 1214 1671 
5456 807 806 805 1773 
5457 529 624 508 1778 
5458 767 1770 1706 1795 
5459 407 392 326 475 
5460 1609 788 1785 1806 
5461 642 1673 1672 1787 
5462 1275 1276 1681 1716 
5463 1176 1327 831 943 
5464 785 634 704 679 
5465 1005 928 1154 1692 
5466 721 1370 1668 1813 
5467 470 469 318 1701 
5468 360 1737 401 1799 
5469 799 1745 1791 1814 
5470 637 600 685 1770 
5471 1636 1758 1720 1767 
5472 1624 1724 1765 1780 
5473 888 1769 1080 1783 
5474 641 642 639 1672 
5475 838 837 839 1743 
5476 245 214 227 246 
5477 723 579 690 1723 
5478 1200 1718 730 1745 
5479 358 434 326 475 
5480 1571 1596 1503 1658 
5481 885 887 886 1777 
5482 1583 1269 1409 1696 
5483 600 637 666 554 
5484 1631 1778 1755 1803 
5485 1282 1431 1681 1693 
5486 1299 849 1065 1653 
5487 1094 1677 1693 1811 
5488 1085 1627 835 1659 
5489 1672 1710 1155 1813 
5490 192 194 421 670 
5491 838 839 1699 1743 
5492 219 175 224 553 
5493 214 247 367 245 
5494 36 37 70 134 
5495 1633 1653 1361 1665 
5496 821 820 819 1685 
5497 759 1354 758 1683 
5498 648 1664 462 1788 
5499 1164 1702 1687 1800 
5500 1137 1211 1653 1741 
5501 832 965 993 1707 
5502 1412 1633 1361 1665 
5503 946 830 947 1689 
5504 1334 1675 1762 1797 
5505 1556 812 1410 1739 
5506 1354 759 1353 1683 
5507 1569 743 1351 1759 
5508 1076 1007 1111 1688 
5509 693 772 762 771 
5510 1292 1694 1415 1766 
5511 1383 1508 1721 1794 
5512 1127 1688 1131 1783 
5513 1481 1278 1577 1785 
5514 1130 1128 1437 1129 
5515 135 967 228 209 
5516 1351 1485 1431 1693 
5517 1500 1590 974 1713 
5518 504 394 346 1673 
5519 12 27 69 26 
5520 513 1697 583 1767 
5521 899 1149 901 1735 
5522 1334 1789 1675 1797 
5523 1183 1609 1182 1775 
5524 998 834 1343 1417 
5525 1411 1660 1633 1804 
5526 332 1245 463 402 
5527 1192 1399 1071 1727 
5528 1519 1130 1574 900 
5529 789 641 751 1672 
5530 1635 1666 1761 1801 
5531 1675 1542 1790 1797 
5532 621 516 584 1705 
5533 325 1303 391 407 
5534 363 358 326 474 
5535 496 486 684 669 
5536 829 831 830 1689 
5537 1194 1604 978 1717 
5538 1676 1729 1634 1807 
5539 209 967 228 214 
5540 1200 756 757 1718 
5541 20 28 22 1752 
5542 1227 792 1451 1753 
5543 1533 1598 1606 1685 
5544 1448 586 795 1088 
5545 1585 839 837 1743 
5546 1222 1250 1248 1747 
5547 1326 724 1327 1689 
5548 929 918 1709 1762 
5549 1554 1696 1583 1700 
5550 1449 1453 1424 1425 
5551 1631 1755 1754 1757 
5552 1466 1079 980 1731 
5553 707 1060 638 637 
5554 801 1199 799 1745 
5555 679 704 785 660 
5556 1219 1510 1549 1780 
5557 227 214 213 228 
5558 818 1410 812 1739 
5559 967 147 73 344 
5560 1557 893 1540 1541 
5561 28 14 47 1752 
5562 910 761 909 1682 
5563 357 455 358 478 
5564 1470 844 1471 1753 
5565 928 929 918 1709 
5566 128 60 74 532 
5567 1266 809 1260 1718 
5568 236 40 48 678 
5569 352 321 1690 1792 
5570 836 1233 1570 1744 
5571 600 1756 666 1770 
5572 50 66 678 323 
5573 353 279 354 299 
5574 474 363 357 396 
5575 1194 978 1710 1717 
5576 1483 1376 1198 1762 
5577 1412 1411 1361 1633 
5578 508 1778 624 1803 
5579 861 798 959 1781 
5580 372 416 360 1733 
5581 287 315 463 312 
5582 1434 814 815 1814 
5583 224 232 174 219 
5584 517 541 533 1683 
5585 1166 924 1109 1721 
5586 1060 1236 1706 1770 
5587 987 1747 1008 1771 
5588 276 413 398 593 
5589 270 219 269 553 
5590 1607 796 1605 1703 
5591 985 1771 1671 1781 
5592 835 1627 836 1744 
5593 600 637 638 1770 
5594 689 688 614 1772 
5595 967 135 108 209 
5596 1434 815 1791 1814 
5597 1398 718 1778 1803 
5598 835 1659 1627 1744 
5599 337 1720 373 1736 
5600 129 34 36 134 
5601 1189 1149 1460 1735 
5602 344 73 134 307 
5603 528 460 1756 1757 
5604 968 844 1719 1753 
5605 1688 1731 1645 1783 
5606 743 661 1097 1352 
5607 276 281 413 280 
5608 606 1756 1639 1757 
5609 1085 834 835 1627 
5610 585 610 729 1772 
5611 253 155 192 367 
5612 1011 1012 1104 1766 
5613 1313 813 816 1773 
5614 859 843 1686 1719 
5615 481 1652 566 1755 
5616 1390 1461 1068 1680 
5617 824 822 988 1666 
5618 1649 1726 1701 1767 
5619 34 36 7 129 
5620 871 1662 1153 1724 
5621 1182 1445 1037 1711 
5622 953 879 898 1669 
5623 996 914 995 1746 
5624 958 984 954 1657 
5625 977 976 978 1717 
5626 1479 1659 913 1744 
5627 1654 1690 468 1720 
5628 672 601 643 1672 
5629 227 327 210 213 
5630 1455 1126 1301 1740 
5631 799 1745 1025 1791 
5632 947 1712 1689 1812 
5633 1139 1399 1404 1727 
5634 168 219 334 1758 
5635 329 347 505 1787 
5636 1127 1207 1766 1783 
5637 1511 1066 1528 1665 
5638 607 608 561 1737 
5639 870 1670 872 1724 
5640 220 127 105 532 
5641 1072 1336 1335 1812 
5642 486 683 684 591 
5643 579 1708 611 1723 
5644 1054 1056 1055 1699 
5645 770 675 674 1698 
5646 1606 1228 1315 1703 
5647 888 1131 1006 1712 
5648 1312 1010 1011 1766 
5649 1315 1228 1229 1703 
5650 988 1099 987 1666 
5651 745 1449 706 1453 
5652 281 412 413 396 
5653 1161 1229 1374 1703 
5654 1317 1148 1251 1628 
5655 540 619 691 1734 
5656 415 1664 360 1733 
5657 673 1024 720 1674 
5658 1592 1679 972 1729 
5659 1238 1718 801 1814 
5660 881 1164 883 1687 
5661 134 108 73 344 
5662 1496 895 1495 1700 
5663 375 270 376 1701 
5664 808 855 856 801 
5665 801 856 808 1199 
5666 14 20 17 1752 
5667 589 496 439 669 
5668 953 878 1669 1809 
5669 1350 1044 1068 1680 
5670 1442 107 103 139 
5671 1095 1660 1385 1738 
5672 338 392 326 464 
5673 12 26 69 68 
5674 356 274 230 275 
5675 1055 1699 1653 1794 
5676 882 891 881 1593 
5677 230 281 412 276 
5678 1639 1770 645 1795 
5679 1091 1092 1269 1786 
5680 942 1687 1776 1800 
5681 1589 1331 1328 1689 
5682 1132 882 1558 1421 
5683 1282 1485 923 1681 
5684 1039 1776 1702 1800 
5685 159 421 192 367 
5686 720 1687 1023 1760 
5687 236 48 50 678 
5688 1203 1230 1146 1740 
5689 1315 1229 1161 1703 
5690 171 168 126 233 
5691 1639 1756 1656 1757 
5692 981 1771 985 1781 
5693 1608 1132 1602 882 
5694 442 648 462 1788 
5695 796 959 798 1781 
5696 384 391 1613 1303 
5697 67 80 66 69 
5698 861 1173 798 1811 
5699 890 902 889 1769 
5700 780 1341 775 695 
5701 1260 801 1238 1718 
5702 1463 1338 539 594 
5703 1115 1665 1691 1808 
5704 1072 947 1689 1812 
5705 1412 1665 1511 1789 
5706 972 875 876 1714 
5707 68 11 42 45 
5708 1623 1757 1754 1772 
5709 1466 980 1116 1731 
5710 415 360 416 1733 
5711 1431 1485 1282 1681 
5712 1136 1665 1163 1741 
5713 564 457 565 342 
5714 490 382 422 425 
5715 812 811 810 1739 
5716 525 633 556 587 
5717 1754 1755 482 1757 
5718 1622 1716 1711 1793 
5719 985 1020 1062 1671 
5720 766 1693 708 1759 
5721 951 884 954 1714 
5722 1390 932 1257 1461 
5723 1659 1709 1627 1725 
5724 337 515 1720 1758 
5725 1054 1055 874 1699 
5726 949 948 950 1653 
5727 235 291 404 316 
5728 1487 1288 1546 1722 
5729 232 174 168 233 
5730 1592 973 1568 1729 
5731 835 834 836 1627 
5732 1101 1173 1174 1801 
5733 1212 1048 1061 1794 
5734 882 1191 1421 1602 
5735 1074 404 291 316 
5736 1181 1119 1456 1779 
5737 1475 1383 1272 1459 
5738 401 1664 1648 1788 
5739 1343 1141 1417 1790 
5740 329 505 1768 1787 
5741 486 684 683 496 
5742 469 620 540 1733 
5743 1048 873 1061 1699 
5744 1351 743 661 1759 
5745 1069 1070 1275 1716 
5746 1383 1721 1272 1794 
5747 892 891 882 1593 
5748 667 666 575 1756 
5749 1156 1157 1194 1710 
5750 349 400 442 398 
5751 1192 1191 1715 1791 
5752 888 1047 1769 1812 
5753 478 434 358 474 
5754 42 67 63 68 
5755 484 449 446 1778 
5756 606 605 1757 1795 
5757 1247 1353 759 1683 
5758 1462 1391 1542 1748 
5759 401 415 1787 1788 
5760 1148 996 994 1628 
5761 933 1590 1435 1713 
5762 1660 1728 1544 1774 
5763 1127 1207 1111 1766 
5764 431 271 409 1004 
5765 1139 1140 1018 1727 
5766 877 906 1237 1657 
5767 1312 1011 1111 1766 
5768 1146 1147 1202 1740 
5769 1133 720 1023 1760 
5770 1654 1720 1636 1792 
5771 1548 1418 1691 1692 
5772 1481 1553 1069 1716 
5773 357 242 363 241 
5774 950 1055 1653 1794 
5775 1434 815 1025 1791 
5776 1166 1165 1146 1740 
5777 1682 1698 1637 1726 
5778 1452 1041 1776 1795 
5779 996 1659 914 1746 
5780 332 360 401 1799 
5781 214 247 227 213 
5782 706 707 1449 745 
5783 784 783 1607 1703 
5784 1222 1747 1248 1748 
5785 772 652 693 762 
5786 1145 1459 1475 1217 
5787 508 624 560 1803 
5788 793 933 934 1713 
5789 79 78 76 646 
5790 866 874 838 1699 
5791 828 1101 964 1801 
5792 642 546 665 1768 
5793 1011 1010 1012 1766 
5794 1547 1548 1691 1695 
5795 938 1321 999 1743 
5796 1576 862 863 1641 
5797 518 735 734 519 
5798 755 1438 1519 1749 
5799 1489 1706 1479 1744 
5800 919 901 1436 1574 
5801 1412 1633 1665 1789 
5802 1074 566 481 1652 
5803 734 533 518 519 
5804 954 814 1339 1714 
5805 1496 1561 895 1700 
5806 1413 956 936 1723 
5807 1191 1025 1420 1791 
5808 1402 1391 1462 1258 
5809 809 854 855 857 
5810 1238 799 815 1814 
5811 935 770 1594 1698 
5812 1025 1791 815 1814 
5813 1039 1041 1040 1744 
5814 171 166 1490 122 
5815 1571 1596 1658 1743 
5816 466 465 403 1754 
5817 1455 1721 1126 1740 
5818 1171 934 933 1713 
5819 344 72 73 307 
5820 539 435 433 558 
5821 871 1241 842 1662 
5822 327 210 244 227 
5823 1059 858 859 1796 
5824 605 1674 689 1772 
5825 1240 1016 1017 1641 
5826 280 398 413 593 
5827 515 1758 1701 1767 
5828 152 201 199 202 
5829 922 1032 921 1802 
5830 159 192 155 367 
5831 289 361 256 1736 
5832 866 1054 874 1699 
5833 631 664 573 1314 
5834 541 517 377 1792 
5835 37 36 34 134 
5836 642 546 1768 1787 
5837 128 221 248 532 
5838 1645 1080 1769 1783 
5839 1153 871 842 1662 
5840 667 637 685 1770 
5841 1518 837 999 1743 
5842 1060 710 1236 1770 
5843 1008 1026 960 1771 
5844 655 661 534 1209 
5845 1234 1399 1190 1727 
5846 1287 1286 1288 1722 
5847 862 864 863 1641 
5848 1434 1339 814 1714 
5849 1060 1706 712 1770 
5850 1086 1020 985 1671 
5851 1560 1125 1380 1678 
5852 585 757 677 1646 
5853 1471 1451 1527 1753 
5854 1275 1716 1681 1785 
5855 660 659 683 587 
5856 1653 1699 1633 1738 
5857 510 578 509 1734 
5858 1417 1343 991 1141 
5859 1550 1415 1292 1694 
5860 1029 1028 1027 1681 
5861 782 861 765 1811 
5862 1438 620 1002 1749 
5863 307 72 40 678 
5864 454 433 595 1798 
5865 1554 1269 1583 1696 
5866 1195 1039 1233 1702 
5867 635 777 778 1663 
5868 906 807 905 1657 
5869 884 1657 954 1714 
5870 285 310 400 304 
5871 732 652 653 772 
5872 827 1038 826 1336 
5873 466 610 465 1754 
5874 1041 1744 1039 1776 
5875 719 718 1398 1722 
5876 1614 1060 1489 1706 
5877 513 1726 613 1767 
5878 147 72 344 307 
5879 800 799 801 1199 
5880 1019 940 941 1800 
5881 796 1703 959 1781 
5882 507 508 560 1803 
5883 1062 1021 796 1781 
5884 691 726 578 1734 
5885 1547 1691 1357 1695 
5886 1287 1288 719 1722 
5887 1286 1546 1288 1722 
5888 539 1338 1463 1523 
5889 1261 887 1044 1777 
5890 1584 657 420 731 
5891 42 67 68 45 
5892 205 295 354 299 
5893 559 560 577 1803 
5894 890 889 1472 1769 
5895 1311 1107 1555 1732 
5896 929 1709 928 1797 
5897 62 28 26 237 
5898 595 1463 539 594 
5899 788 640 1785 1806 
5900 302 387 353 264 
5901 18 231 52 1752 
5902 754 901 1426 1735 
5903 580 450 582 1708 
5904 363 242 357 396 
5905 1080 1131 888 1783 
5906 304 348 285 284 
5907 839 866 838 1699 
5908 1105 1158 1104 1724 
5909 1063 1080 1064 1783 
5910 1582 1561 1496 1700 
5911 599 575 666 1756 
5912 373 1690 374 1736 
5913 877 1237 884 1657 
5914 415 1648 1664 1733 
5915 515 370 514 1701 
5916 818 812 810 1739 
5917 716 597 717 1764 
5918 479 460 559 1756 
5919 411 343 327 243 
5920 1547 1357 1691 1808 
5921 637 600 630 554 
5922 1436 1519 1130 1574 
5923 397 396 328 1768 
5924 1688 1766 1731 1783 
5925 1146 1202 1203 1740 
5926 1157 1155 790 1710 
5927 885 931 1068 1777 
5928 168 259 334 219 
5929 232 172 174 233 
5930 511 1648 1673 1787 
5931 1376 1709 918 1762 
5932 1702 1776 1687 1800 
5933 659 782 765 1811 
5934 1150 1173 782 1811 
5935 48 8 49 27 
5936 1560 1678 885 1780 
5937 5 41 104 130 
5938 888 1769 1712 1812 
5939 1350 1068 1249 1680 
5940 1670 1765 1724 1780 
5941 413 412 281 276 
5942 692 620 1440 649 
5943 321 320 322 1792 
5944 1438 1002 1519 1749 
5945 992 822 832 1742 
5946 661 1097 569 1138 
5947 7 35 36 34 
5948 307 148 72 678 
5949 678 66 148 323 
5950 1279 1278 1280 1785 
5951 1144 1292 1208 1766 
5952 718 1398 1722 1803 
5953 401 1648 415 1788 
5954 613 1726 1697 1767 
5955 1574 901 1519 900 
5956 1711 1716 1622 1775 
5957 692 452 693 1649 
5958 1485 1431 1282 923 
5959 1693 1759 766 1811 
5960 1626 1748 1675 1804 
5961 246 967 147 214 
5962 72 147 148 307 
5963 617 1077 715 1803 
5964 835 913 1659 1744 
5965 1163 1096 1665 1789 
5966 838 873 938 1699 
5967 401 348 332 462 
5968 1625 1654 1708 1723 
5969 1325 1324 1384 1383 
5970 691 619 753 1734 
5971 947 1006 975 1712 
5972 450 580 417 1708 
5973 1421 1558 1132 1602 
5974 150 188 221 248 
5975 471 587 556 496 
5976 1275 1278 1481 1785 
5977 1503 1505 821 1751 
5978 953 1102 878 1809 
5979 1269 1696 1554 1786 
5980 1138 534 661 1209 
5981 373 468 1690 1720 
5982 1359 1534 1042 1044 
5983 672 1167 671 1813 
5984 666 599 600 554 
5985 320 378 278 1758 
5986 675 770 727 935 
5987 1614 1551 712 1706 
5988 645 1639 606 1756 
5989 1577 1481 1785 1806 
5990 127 220 221 532 
5991 332 333 360 1799 
5992 353 279 657 354 
5993 682 659 683 786 
5994 659 496 683 587 
5995 1301 1124 1215 1740 
5996 1160 1449 912 1424 
5997 561 608 563 1737 
5998 1086 985 1026 1771 
5999 327 210 243 244 
6000 933 1435 1170 1713 
6001 487 589 491 628 
6002 620 649 698 1440 
6003 210 243 244 227 
6004 816 806 818 1773 
6005 582 613 611 1697 
6006 578 581 691 1734 
6007 1094 1693 766 1811 
6008 511 505 359 1787 
6009 1084 1107 1423 1732 
6010 885 1068 887 1777 
6011 1080 880 1064 1769 
6012 696 569 1097 1138 
6013 1218 1694 1560 1780 
6014 778 1798 1663 1806 
6015 1203 1270 1281 1230 
6016 1699 1738 1653 1794 
6017 1041 1570 1040 1744 
6018 404 1074 403 1652 
6019 1227 1451 968 1753 
6020 475 358 434 474 
6021 1551 1706 1489 1744 
6022 1041 1706 1551 1744 
6023 799 1025 815 1814 
6024 659 786 1759 1811 
6025 412 281 230 396 
6026 1261 1044 1168 1777 
6027 1238 801 799 1814 
6028 579 580 582 1708 
6029 1659 1725 1627 1744 
6030 1598 1611 787 1763 
6031 672 1155 1167 1813 
6032 1378 1709 1376 1762 
6033 563 370 608 514 
6034 129 41 7 623 
6035 367 214 245 306 
6036 472 496 439 589 
6037 1479 1235 1060 912 
6038 564 457 342 476 
6039 968 1117 1102 1809 
6040 1171 933 1170 1713 
6041 59 51 52 53 
6042 653 1341 780 695 
6043 287 463 332 312 
6044 730 1199 1200 1745 
6045 1285 902 890 1735 
6046 276 398 305 593 
6047 559 507 560 1803 
6048 550 506 509 1673 
6049 798 797 796 1781 
6050 1302 1075 1702 1800 
6051 765 861 783 1703 
6052 44 43 80 71 
6053 1713 1732 1620 1735 
6054 780 775 737 695 
6055 960 1771 1030 1801 
6056 805 806 816 1773 
6057 150 191 188 248 
6058 990 991 1343 1141 
6059 1613 424 384 1303 
6060 1431 1569 1351 1693 
6061 1512 1380 1126 1721 
6062 1250 1222 987 1747 
6063 784 1607 1424 1703 
6064 70 87 108 134 
6065 1148 1345 1346 1628 
6066 1455 1301 1215 1740 
6067 1620 1732 1682 1749 
6068 1148 1204 996 1628 
6069 1144 1766 1208 1783 
6070 829 944 943 1328 
6071 460 482 1755 1757 
6072 948 950 1653 1794 
6073 376 270 277 1758 
6074 1059 926 1058 1796 
6075 1496 1495 1554 1700 
6076 918 929 1334 1762 
6077 402 315 463 287 
6078 938 937 939 1699 
6079 885 886 1510 1780 
6080 1574 1436 919 1537 
6081 661 1209 655 1759 
6082 232 168 259 233 
6083 1398 686 722 1778 
6084 744 1097 696 590 
6085 587 556 525 471 
6086 798 1173 1304 1801 
6087 1502 982 797 1771 
6088 585 1684 1239 1754 
6089 635 1663 778 1798 
6090 420 657 179 731 
6091 782 781 1150 1811 
6092 1620 1735 1732 1749 
6093 20 14 28 1752 
6094 1097 744 1338 590 
6095 533 795 586 519 
6096 505 1673 346 1768 
6097 1418 1417 1419 1790 
6098 585 451 1239 1684 
6099 1190 1192 1191 1715 
6100 1195 1702 1075 1800 
6101 89 110 97 117 
6102 248 60 128 532 
6103 318 270 375 1701 
6104 586 1309 795 1088 
6105 531 689 614 1772 
6106 1094 1611 1501 1763 
6107 301 338 241 464 
6108 1213 949 950 1653 
6109 514 515 1701 1767 
6110 799 1199 800 1745 
6111 932 1461 1390 1680 
6112 200 201 152 240 
6113 818 1739 810 1773 
6114 1157 790 1194 1710 
6115 1006 1047 888 1812 
6116 1153 842 840 1662 
6117 640 751 1798 1806 
6118 800 801 808 1199 
6119 1148 1317 1345 1628 
6120 588 491 589 628 
6121 360 1664 401 1737 
6122 921 1032 1151 1802 
6123 1141 991 1417 1480 
6124 352 261 404 1690 
6125 792 793 934 1713 
6126 1164 1687 881 1800 
6127 1272 1383 1508 1721 
6128 134 135 108 967 
6129 1283 1549 870 1724 
6130 1620 1713 1669 1753 
6131 1089 1088 1087 1705 
6132 1330 1329 788 1785 
6133 373 1720 1690 1736 
6134 506 504 509 1673 
6135 299 207 295 294 
6136 824 960 828 1801 
6137 1115 1114 1154 1163 
6138 607 612 608 1737 
6139 1452 1041 1039 1776 
6140 250 421 194 251 
6141 929 1762 1709 1797 
6142 258 336 289 1736 
6143 864 1552 1578 1641 
6144 938 1699 1321 1743 
6145 1558 882 893 1421 
6146 1192 1434 1191 1791 
6147 261 1690 321 1736 
6148 1548 1358 1417 1695 
6149 728 1347 730 1745 
6150 667 710 1060 1770 
6151 189 127 186 220 
6152 1412 932 1411 1804 
6153 254 269 224 553 
6154 688 728 614 1772 
6155 1097 590 569 696 
6156 1067 1691 1665 1808 
6157 1675 1628 1762 1797 
6158 838 874 873 1699 
6159 1488 1044 887 1043 
6160 778 1785 640 1806 
6161 1453 706 745 631 
6162 1503 1588 1505 1751 
6163 221 188 184 248 
6164 1592 972 973 1729 
6165 1148 994 1251 1628 
6166 1039 942 1776 1800 
6167 982 981 797 1771 
6168 1176 1327 827 831 
6169 734 794 533 519 
6170 1254 1589 869 1255 
6171 48 6 39 236 
6172 847 1588 1751 1774 
6173 720 689 1674 1760 
6174 692 375 376 1649 
6175 229 272 210 243 
6176 1539 1311 1172 1732 
6177 558 433 539 595 
6178 981 985 797 1781 
6179 160 421 670 192 
6180 653 694 652 732 
6181 1622 1793 1707 1805 
6182 258 259 168 233 
6183 1039 1702 1195 1800 
6184 1612 640 779 1785 
6185 1311 1423 1107 1732 
6186 960 1030 828 1801 
6187 358 357 363 241 
6188 1204 1628 1346 1790 
6189 26 12 21 68 
6190 847 848 1588 1774 
6191 500 471 496 389 
6192 471 556 500 496 
6193 1109 1122 1123 1721 
6194 1069 1576 1033 1805 
6195 1449 745 912 1453 
6196 1099 987 1666 1747 
6197 939 1414 938 1699 
6198 704 765 785 660 
6199 130 104 5 40 
6200 642 1768 1673 1787 
6201 62 47 38 1752 
6202 949 1366 948 1653 
6203 621 586 541 1705 
6204 1481 1069 1275 1716 
6205 166 133 169 158 
6206 1326 1328 724 1689 
6207 1015 1542 1394 1790 
6208 1663 1798 751 1806 
6209 429 199 292 202 
6210 259 168 232 219 
6211 305 273 276 593 
6212 285 400 348 304 
6213 659 1759 654 1811 
6214 468 373 512 1720 
6215 360 415 401 1664 
6216 1156 1155 1157 1710 
6217 632 786 766 1759 
6218 189 185 188 300 
6219 1110 665 546 1768 
6220 478 358 357 474 
6221 1614 712 638 1060 
6222 1547 1691 1293 1808 
6223 1532 849 1492 1741 
6224 1093 766 1094 1693 
6225 476 564 524 362 
6226 146 338 182 242 
6227 505 1673 1768 1787 
6228 1672 1673 1648 1787 
6229 225 179 657 731 
6230 472 496 500 437 
6231 1084 1423 1539 1732 
6232 766 708 662 1759 
6233 228 209 214 213 
6234 1166 1109 1123 1721 
6235 1422 1593 1220 1687 
6236 39 130 5 40 
6237 472 500 496 389 
6238 636 597 1017 1764 
6239 40 48 39 236 
6240 154 247 245 367 
6241 1528 1665 1067 1691 
6242 60 57 58 248 
6243 667 1060 637 1770 
6244 1539 1423 1311 1732 
6245 524 436 476 362 
6246 1175 689 1133 1760 
6247 354 296 353 299 
6248 633 525 660 587 
6249 992 1098 822 1742 
6250 967 73 147 214 
6251 767 645 1770 1795 
6252 528 1756 606 1757 
6253 1457 1362 1559 1536 
6254 1408 1286 1287 1722 
6255 1424 1703 1607 1746 
6256 1195 997 1075 1702 
6257 781 1759 1693 1811 
6258 1384 1323 1325 1365 
6259 439 496 472 437 
6260 630 637 554 555 
6261 641 640 751 1798 
6262 177 205 206 226 
6263 1090 1092 1091 1786 
6264 848 1036 1035 1058 
6265 820 1501 1611 1763 
6266 853 1319 852 1779 
6267 959 796 1607 1703 
6268 1375 1376 1378 1709 
6269 1438 755 620 1749 
6270 595 433 778 1798 
6271 1334 1762 929 1797 
6272 953 1669 898 1809 
6273 1041 712 1551 1706 
6274 1006 888 1712 1812 
6275 820 1611 1598 1763 
6276 126 168 174 233 
6277 486 589 588 591 
6278 211 150 59 248 
6279 511 415 1648 1787 
6280 1430 1107 1108 1732 
6281 621 584 625 1705 
6282 1271 1383 1272 1794 
6283 1627 1709 1651 1725 
6284 843 926 1058 1059 
6285 600 630 638 637 
6286 1298 1721 1653 1738 
6287 133 170 161 166 
6288 1110 1768 546 1787 
6289 1601 1426 1285 1735 
6290 1506 586 795 519 
6291 1334 865 1197 1789 
6292 1319 1529 852 1456 
6293 354 279 205 299 
6294 586 1088 1705 1779 
6295 63 68 62 1752 
6296 1508 1653 1298 1721 
6297 681 663 747 703 
6298 589 486 669 591 
6299 1058 1036 1035 926 
6300 531 605 689 1772 
6301 588 589 486 628 
6302 606 645 605 1795 
6303 1267 872 870 1549 
6304 1115 1691 1178 1808 
6305 1018 1071 1139 1727 
6306 73 147 72 344 
6307 968 1227 1753 1809 
6308 572 571 573 545 
6309 1335 1284 1472 1812 
6310 692 376 452 1649 
6311 345 302 353 453 
6312 1109 1122 1721 1738 
6313 619 754 1735 1749 
6314 520 735 521 771 
6315 513 613 1697 1767 
6316 1578 777 1016 1641 
6317 403 482 1754 1755 
6318 926 1059 843 1796 
6319 192 193 194 670 
6320 1097 744 743 1338 
6321 832 993 992 1707 
6322 781 1432 963 1693 
6323 430 524 572 408 
6324 938 873 937 1699 
6325 28 25 26 237 
6326 226 205 206 225 
6327 1149 1426 901 1735 
6328 746 747 1393 663 
6329 1380 885 1560 1678 
6330 594 539 595 503 
6331 81 114 91 64 
6332 857 677 1646 1779 
6333 1240 1017 1428 1704 
6334 883 1190 882 1715 
6335 1421 1420 800 1745 
6336 155 154 109 159 
6337 189 127 220 221 
6338 443 461 460 507 
6339 486 654 659 588 
6340 58 52 57 53 
6341 721 1433 1370 1813 
6342 51 61 52 1752 
6343 355 472 439 589 
6344 617 560 1077 1803 
6345 1496 1554 1582 1700 
6346 188 185 187 300 
6347 1570 835 836 1744 
6348 415 1648 401 1664 
6349 1399 1192 1190 1727 
6350 1293 1691 1067 1808 
6351 258 268 168 1736 
6352 394 346 1673 1768 
6353 1712 1769 1638 1812 
6354 625 1646 677 1705 
6355 595 433 539 1523 
6356 1320 1456 1319 1779 
6357 275 356 305 276 
6358 718 715 1077 1803 
6359 589 487 486 628 
6360 1024 1687 942 1800 
6361 486 496 589 669 
6362 265 253 367 247 
6363 857 853 852 1779 
6364 1025 1745 1420 1791 
6365 1143 1141 1343 1790 
6366 127 184 189 186 
6367 159 421 160 192 
6368 1191 882 1190 1715 
6369 640 1523 1279 1785 
6370 248 221 60 532 
6371 593 398 304 284 
6372 1289 1290 1302 1291 
6373 531 1757 605 1772 
6374 1596 847 1588 1751 
6375 1143 1343 834 1790 
6376 745 656 1453 631 
6377 1132 882 1421 1602 
6378 1375 918 1376 1709 
6379 771 653 772 739 
6380 757 585 729 1718 
6381 844 968 1451 1753 
6382 1084 1108 1107 1732 
6383 306 154 245 367 
6384 579 611 690 1723 
6385 1529 852 1456 1779 
6386 1005 928 1692 1797 
6387 1462 1349 1391 1402 
6388 582 513 613 1697 
6389 809 801 1260 1718 
6390 1422 1687 1220 1800 
6391 316 235 291 257 
6392 122 168 126 171 
6393 739 653 772 1341 
6394 488 472 355 589 
6395 1344 1015 1013 1790 
6396 677 1705 1646 1779 
6397 1322 1544 847 1774 
6398 1319 1456 852 1779 
6399 427 543 544 385 
6400 628 588 661 655 
6401 1426 1149 1285 1735 
6402 645 1756 600 1770 
6403 1415 1125 1218 1694 
6404 1716 1793 1622 1805 
6405 588 659 486 591 
6406 1381 1391 1258 1748 
6407 59 58 211 248 
6408 1611 786 787 1811 
6409 531 1754 482 1757 
6410 938 1414 1321 1699 
6411 500 525 556 471 
6412 1290 1302 1389 1289 
6413 155 154 159 367 
6414 1235 912 1479 1746 
6415 86 83 33 37 
6416 315 222 311 287 
6417 132 159 192 117 
6418 1340 1550 1202 1740 
6419 127 183 105 1442 
6420 942 941 940 1800 
6421 1361 1464 1412 1665 
6422 1030 1304 828 1801 
6423 1653 1738 1721 1794 
6424 1411 1298 1653 1738 
6425 1341 739 653 740 
6426 130 5 6 39 
6427 659 496 486 683 
6428 1403 1695 1404 1727 
6429 940 1687 1024 1800 
6430 683 486 659 591 
6431 1453 912 1449 1424 
6432 1304 1173 1101 1801 
6433 46 83 86 37 
6434 692 470 375 1649 
6435 342 343 327 411 
6436 624 1077 560 1803 
6437 1506 586 1309 795 
6438 1006 1712 947 1812 
6439 333 254 255 314 
6440 507 460 559 461 
6441 80 131 89 71 
6442 626 741 627 739 
6443 225 657 179 205 
6444 576 599 479 1756 
6445 492 570 485 1314 
6446 359 1787 347 1788 
6447 1167 1155 1710 1813 
6448 1569 1693 1432 1759 
6449 356 273 274 275 
6450 189 182 186 300 
6451 233 171 168 268 
6452 845 968 844 1719 
6453 378 277 278 1758 
6454 454 1673 506 1798 
6455 1220 940 1019 1800 
6456 117 92 89 118 
6457 420 263 657 1584 
6458 352 377 321 1792 
6459 51 58 59 52 
6460 1611 1763 1094 1811 
6461 52 58 59 53 
6462 342 599 565 564 
6463 361 373 374 1736 
6464 1068 1390 1369 1461 
6465 398 304 305 593 
6466 1008 987 1222 1747 
6467 1529 699 852 1779 
6468 996 1204 1205 1628 
6469 340 657 1584 731 
6470 304 526 305 593 
6471 932 1680 1660 1804 
6472 359 401 1787 1788 
6473 182 189 187 300 
6474 152 201 202 240 
6475 1206 1137 1135 1741 
6476 403 1652 481 1755 
6477 305 273 275 276 
6478 83 46 33 37 
6479 402 463 332 287 
6480 486 654 588 628 
6481 228 229 210 227 
6482 379 604 429 1004 
6483 342 565 479 461 
6484 1159 998 991 1480 
6485 835 1479 913 1744 
6486 1164 1291 1702 1800 
6487 338 146 182 301 
6488 295 296 354 299 
6489 188 185 191 592 
6490 221 60 150 248 
6491 479 528 460 1756 
6492 431 271 239 409 
6493 529 551 624 1778 
6494 772 627 653 771 
6495 605 673 1674 1795 
6496 1283 870 1103 1724 
6497 391 392 326 390 
6498 1205 1628 1204 1790 
6499 322 219 168 1758 
6500 1373 1366 1372 1499 
6501 943 944 1326 1328 
6502 472 486 589 488 
6503 185 189 186 300 
6504 1548 1418 1528 1691 
6505 772 693 627 771 
6506 1122 1123 1721 1794 
6507 33 83 86 87 
6508 581 510 540 1733 
6509 490 382 491 422 
6510 1602 1199 730 1745 
6511 188 184 189 221 
6512 712 1706 767 1770 
6513 460 443 507 1755 
6514 574 667 575 1756 
6515 67 81 80 45 
6516 1141 1429 990 1480 
6517 134 135 87 108 
6518 1614 1489 1551 1706 
6519 1312 1111 1207 1766 
6520 982 1026 981 1771 
6521 1432 1569 1431 1693 
6522 1049 1048 1050 1794 
6523 150 489 211 59 
6524 407 326 392 390 
6525 472 486 496 589 
6526 631 571 745 615 
6527 270 1701 319 1799 
6528 1263 919 1436 1537 
6529 18 16 17 1752 
6530 705 387 388 501 
6531 210 272 327 243 
6532 397 328 346 1768 
6533 398 305 356 276 
6534 433 595 778 1523 
6535 93 133 158 118 
6536 659 654 782 1811 
6537 809 855 808 801 
6538 1380 931 885 1678 
6539 1181 586 1119 1779 
6540 127 184 128 221 
6541 497 570 703 543 
6542 1148 1346 1204 1628 
6543 525 500 498 471 
6544 1562 727 936 690 
6545 912 1160 1424 1746 
6546 729 730 1718 1745 
6547 795 1309 1473 738 
6548 1177 857 852 1779 
6549 534 628 661 655 
6550 1304 1101 828 1801 
6551 225 354 657 205 
6552 550 509 725 1667 
6553 387 340 657 1584 
6554 100 135 108 87 
6555 701 735 738 739 
6556 272 411 327 243 
6557 51 61 58 52 
6558 1074 481 403 1652 
6559 1488 1044 1261 887 
6560 404 261 235 1690 
6561 274 182 300 338 
6562 986 952 951 1714 
6563 1417 1141 1419 1790 
6564 654 1759 782 1811 
6565 1059 1058 846 1796 
6566 460 606 482 1757 
6567 148 72 678 323 
6568 1472 1047 1335 1812 
6569 1421 800 1199 1745 
6570 408 430 436 362 
6571 1669 1713 1620 1735 
6572 251 421 194 670 
6573 540 372 469 1733 
6574 112 81 67 64 
6575 1593 1220 1687 1760 
6576 154 155 253 367 
6577 538 615 573 542 
6578 406 386 432 1004 
6579 353 324 453 264 
6580 260 261 321 1736 
6581 324 279 353 299 
6582 353 387 302 345 
6583 253 192 421 367 
6584 1217 1202 1147 1740 
6585 771 627 653 739 
6586 1023 720 1024 1687 
6587 1059 846 858 1796 
6588 1436 754 755 1519 
6589 782 1759 781 1811 
6590 662 708 749 1759 
6591 127 189 184 221 
6592 1383 1271 948 1794 
6593 71 43 80 45 
6594 53 57 58 60 
6595 1477 1532 1296 1741 
6596 783 959 1607 1703 
6597 63 61 64 1752 
6598 1066 1067 1528 1665 
6599 440 303 365 456 
6600 329 346 328 1768 
6601 1523 1279 1463 640 
6602 871 870 872 1724 
6603 600 638 712 1770 
6604 70 37 87 134 
6605 491 422 487 628 
6606 960 987 1008 1771 
6607 86 108 70 87 
6608 159 110 109 117 
6609 254 1246 335 1799 
6610 1570 1551 835 1744 
6611 1121 1122 1738 1794 
6612 564 476 342 362 
6613 60 59 150 248 
6614 42 67 81 64 
6615 858 846 1082 1796 
6616 1189 1285 1149 1735 
6617 1272 1721 1123 1794 
6618 1071 952 986 1714 
6619 273 592 187 276 
6620 359 505 347 1787 
6621 416 510 415 1733 
6622 1024 940 1023 1687 
6623 325 241 326 464 
6624 15 28 62 237 
6625 358 363 357 474 
6626 253 265 367 266 
6627 232 168 174 219 
6628 325 1303 1613 391 
6629 1596 1588 1503 1751 
6630 1390 1257 1388 1461 
6631 53 74 57 60 
6632 778 640 1798 1806 
6633 913 1659 1479 1746 
6634 1489 1479 1235 1060 
6635 1013 1204 1346 1790 
6636 254 333 1246 1799 
6637 1473 795 738 519 
6638 52 38 16 1752 
6639 95 80 81 45 
6640 233 168 258 268 
6641 260 322 168 1736 
6642 1321 1322 847 1743 
6643 1421 1225 1253 800 
6644 453 324 353 438 
6645 1309 1473 1506 795 
6646 37 36 35 34 
6647 880 1080 889 1769 
6648 1307 586 1120 1181 
6649 482 466 403 1754 
6650 207 295 354 205 
6651 1218 1125 1560 1694 
6652 724 1038 1327 1689 
6653 311 162 287 222 
6654 600 598 630 554 
6655 600 599 666 1756 
6656 91 42 81 64 
6657 1414 1321 1699 1743 
6658 788 1609 1604 1806 
6659 1301 1126 1124 1740 
6660 20 18 17 1752 
6661 456 565 457 461 
6662 442 462 400 348 
6663 1199 1602 1421 1745 
6664 1255 1240 1428 1704 
6665 1099 1250 987 1747 
6666 215 115 149 526 
6667 1518 999 1185 1743 
6668 222 287 402 255 
6669 1072 1047 947 1812 
6670 440 303 308 365 
6671 626 741 739 700 
6672 361 289 336 1736 
6673 1347 1608 730 1745 
6674 524 564 598 362 
6675 1281 1146 1203 1230 
6676 1097 696 1138 743 
6677 129 7 34 623 
6678 751 640 788 1806 
6679 414 317 1074 351 
6680 1090 1091 1268 1786 
6681 741 653 627 739 
6682 738 1310 1575 1226 
6683 416 372 540 1733 
6684 411 303 343 243 
6685 795 1473 1506 519 
6686 1434 1025 1191 1791 
6687 739 741 653 740 
6688 273 305 526 593 
6689 128 76 78 646 
6690 87 86 33 37 
6691 234 195 161 267 
6692 1545 699 852 1529 
6693 348 442 462 359 
6694 1006 947 1047 1812 
6695 743 1097 1338 1352 
6696 584 677 625 1646 
6697 342 457 565 461 
6698 996 1085 913 1659 
6699 224 174 175 219 
6700 519 518 735 520 
6701 364 444 459 366 
6702 788 640 1612 1785 
6703 394 506 454 1673 
6704 1414 1322 1321 1743 
6705 800 1420 1025 1745 
6706 47 15 14 28 
6707 1050 1048 1212 1794 
6708 1411 1298 1361 1653 
6709 405 404 403 1652 
6710 1269 1554 1268 1786 
6711 458 442 348 359 
6712 968 1719 1117 1809 
6713 570 497 493 543 
6714 28 47 15 62 
6715 326 407 391 390 
6716 263 387 657 1584 
6717 640 639 595 1798 
6718 565 559 461 456 
6719 270 219 277 1758 
6720 592 190 526 273 
6721 150 489 116 211 
6722 41 40 39 5 
6723 477 665 1110 1768 
6724 312 315 310 285 
6725 117 192 132 169 
6726 657 279 179 205 
6727 304 526 593 284 
6728 159 92 97 117 
6729 262 386 406 1004 
6730 1578 863 864 1641 
6731 1138 661 1097 743 
6732 625 1705 677 1779 
6733 58 59 60 248 
6734 578 725 509 1667 
6735 620 755 619 1749 
6736 243 210 229 227 
6737 1313 816 817 1773 
6738 219 270 175 553 
6739 652 693 627 772 
6740 1146 1230 1166 1740 
6741 387 705 345 501 
6742 166 161 195 170 
6743 229 272 239 210 
6744 1215 1124 1340 1740 
6745 960 982 1030 1771 
6746 51 59 58 489 
6747 401 348 462 359 
6748 901 754 919 1436 
6749 1255 1428 1589 1704 
6750 444 331 459 366 
6751 245 246 147 214 
6752 81 67 42 45 
6753 543 703 497 622 
6754 512 337 515 1720 
6755 545 748 571 573 
6756 1231 1046 1164 1800 
6757 831 827 1573 1336 
6758 240 202 429 1564 
6759 372 360 319 1799 
6760 1446 1396 1389 1443 
6761 285 286 162 217 
6762 1608 1133 1134 1760 
6763 543 427 485 385 
6764 1342 1338 1097 1352 
6765 464 392 326 391 
6766 359 442 462 1788 
6767 538 615 748 573 
6768 303 327 343 243 
6769 594 1463 1338 1342 
6770 61 65 64 1752 
6771 356 273 275 305 
6772 106 103 101 105 
6773 439 472 324 438 
6774 489 65 61 1752 
6775 614 1754 531 1772 
6776 1367 1494 1366 1365 
6777 1545 699 1529 1456 
6778 1517 1518 1185 1743 
6779 427 432 485 385 
6780 217 286 215 526 
6781 1300 1311 1106 1732 
6782 929 1005 1789 1797 
6783 1602 730 1608 1745 
6784 572 571 545 555 
6785 849 850 1476 1741 
6786 888 889 1080 1769 
6787 479 599 565 342 
6788 534 661 569 1138 
6789 253 247 154 367 
6790 1015 1349 1100 1014 
6791 1334 929 1789 1797 
6792 81 112 114 64 
6793 299 207 205 295 
6794 740 653 1341 780 
6795 528 606 460 1757 
6796 186 127 183 220 
6797 527 458 547 1788 
6798 1200 855 856 756 
6799 1099 822 1098 1742 
6800 359 347 458 1788 
6801 1166 1281 1466 1230 
6802 458 442 359 1788 
6803 215 286 115 526 
6804 1151 962 921 1802 
6805 1000 1130 1436 1519 
6806 652 627 653 772 
6807 1209 661 743 1759 
6808 549 548 527 1788 
6809 27 5 24 25 
6810 893 892 891 882 
6811 500 498 471 501 
6812 857 854 852 853 
6813 838 873 999 938 
6814 1337 1358 1357 1695 
6815 92 133 93 118 
6816 285 162 287 217 
6817 748 545 572 573 
6818 1358 1548 1547 1695 
6819 657 279 353 264 
6820 1523 1278 1279 1785 
6821 53 58 59 60 
6822 1185 847 1596 1743 
6823 699 1456 1119 1779 
6824 605 645 673 1795 
6825 318 319 270 1701 
6826 324 353 279 264 
6827 482 483 460 1755 
6828 610 1754 614 1772 
6829 588 661 569 628 
6830 148 88 306 323 
6831 661 1138 1209 743 
6832 1119 699 1545 1456 
6833 1122 1721 1738 1794 
6834 279 657 354 205 
6835 766 1759 786 1811 
6836 159 154 109 306 
6837 1383 1365 1325 1299 
6838 857 856 855 756 
6839 627 521 626 739 
6840 699 1177 852 1779 
6841 191 150 188 592 
6842 586 1705 621 1779 
6843 818 817 816 1773 
6844 1422 881 891 1593 
6845 1244 1042 1043 1243 
6846 822 1099 1666 1742 
6847 535 480 536 696 
6848 416 540 510 1733 
6849 701 626 521 739 
6850 822 1099 988 1666 
6851 632 708 662 766 
6852 570 492 485 493 
6853 235 1690 261 1736 
6854 622 497 543 495 
6855 186 184 189 185 
6856 221 184 128 248 
6857 1166 1230 924 1740 
6858 625 621 1705 1779 
6859 222 313 287 255 
6860 1517 1185 1571 1743 
6861 1426 1537 1468 1574 
6862 861 959 783 1703 
6863 52 16 18 1752 
6864 432 406 1004 431 
6865 755 754 619 1749 
6866 1050 1271 1049 1794 
6867 738 702 1473 701 
6868 466 614 610 1754 
6869 440 443 507 461 
6870 407 391 390 1303 
6871 387 302 263 264 
6872 1335 1047 1072 1812 
6873 151 143 153 152 
6874 91 81 42 45 
6875 278 219 322 1758 
6876 535 569 590 696 
6877 990 1159 991 1480 
6878 599 565 575 576 
6879 1023 1687 1220 1760 
6880 254 553 333 1799 
6881 631 745 656 615 
6882 712 767 645 1770 
6883 315 222 287 402 
6884 1529 1456 699 1779 
6885 52 61 38 1752 
6886 720 1133 689 1760 
6887 367 266 265 421 
6888 739 738 701 1226 
6889 319 553 270 1799 
6890 389 500 471 501 
6891 996 913 914 1659 
6892 628 661 569 534 
6893 82 125 100 473 
6894 567 664 631 1314 
6895 913 1085 835 1659 
6896 315 287 311 309 
6897 1022 995 914 1746 
6898 852 1529 1319 853 
6899 1206 1274 1297 1808 
6900 1067 1665 1741 1808 
6901 1368 808 856 1199 
6902 449 566 414 368 
6903 521 735 701 739 
6904 1362 1536 1350 1559 
6905 505 346 329 1768 
6906 1133 1023 1220 1760 
6907 990 991 1141 1480 
6908 91 95 81 45 
6909 187 185 188 592 
6910 228 210 229 209 
6911 167 168 171 268 
6912 535 590 480 696 
6913 782 654 781 1759 
6914 1321 847 1185 1743 
6915 324 472 439 355 
6916 723 1562 1595 957 
6917 196 163 448 162 
6918 411 327 342 272 
6919 34 35 32 54 
6920 542 573 568 615 
6921 1094 766 786 1811 
6922 543 522 427 544 
6923 1563 379 429 1004 
6924 1302 1045 1075 1800 
6925 422 491 490 628 
6926 50 27 48 236 
6927 1618 464 1613 383 
6928 1117 968 969 1719 
6929 51 58 61 489 
6930 982 960 1026 1771 
6931 538 748 572 573 
6932 95 71 80 45 
6933 185 184 189 188 
6934 692 620 470 1440 
6935 262 297 386 1004 
6936 1179 1180 1320 1779 
6937 1212 948 1271 1794 
6938 1432 1693 781 1759 
6939 394 397 346 1768 
6940 511 1673 505 1787 
6941 1547 1548 1528 1691 
6942 538 432 430 406 
6943 912 1424 914 1746 
6944 472 439 437 438 
6945 663 631 746 567 
6946 1508 1383 1299 1653 
6947 171 122 168 167 
6948 735 521 771 739 
6949 1175 1133 1608 1760 
6950 75 88 97 89 
6951 293 238 429 604 
6952 850 1532 1477 1741 
6953 149 111 115 215 
6954 321 261 352 1690 
6955 1162 1316 1161 1784 
6956 551 530 686 1778 
6957 1031 1032 922 1793 
6958 588 628 654 655 
6959 277 219 278 1758 
6960 421 251 252 670 
6961 942 940 1024 1800 
6962 487 486 488 589 
6963 48 27 6 236 
6964 306 159 154 367 
6965 19 22 23 1752 
6966 817 818 810 1773 
6967 75 44 80 71 
6968 1577 1278 778 1785 
6969 55 85 86 82 
6970 1454 1360 1512 1721 
6971 849 1653 1492 1741 
6972 1615 1188 1187 1405 
6973 311 196 162 222 
6974 82 100 86 87 
6975 430 572 432 538 
6976 517 518 320 1792 
6977 1050 1212 1271 1794 
6978 1314 573 631 568 
6979 1290 1046 1164 1397 
6980 1545 1305 1119 1456 
6981 253 421 266 367 
6982 1309 1310 1473 738 
6983 661 662 749 1759 
6984 1207 1292 1312 1766 
6985 1491 1477 850 1532 
6986 1510 1560 885 1780 
6987 37 87 86 70 
6988 1329 1604 788 1609 
6989 489 61 51 1752 
6990 1444 1396 1446 1443 
6991 1004 406 262 431 
6992 100 108 85 87 
6993 625 699 621 1779 
6994 1014 1394 1015 1542 
6995 521 627 771 739 
6996 586 1181 1088 1779 
6997 1574 1437 1436 1537 
6998 72 148 147 306 
6999 507 559 440 461 
7000 919 1537 1603 1468 
7001 1506 586 1307 1309 
7002 1400 1341 775 780 
7003 61 112 63 64 
7004 1289 1389 1290 1480 
7005 1179 1181 1180 1779 
7006 1399 1139 1071 1727 
7007 606 528 600 1756 
7008 323 75 88 97 
7009 55 85 82 125 
7010 1550 1202 1203 1201 
7011 1616 763 775 776 
7012 1219 1012 1218 1010 
7013 738 702 701 1226 
7014 1571 1185 1596 1743 
7015 592 190 149 526 
7016 171 122 167 268 
7017 425 390 537 480 
7018 185 190 191 592 
7019 94 131 157 218 
7020 1143 1205 1013 1790 
7021 105 183 127 220 
7022 1488 887 1261 1777 
7023 843 927 845 844 
7024 572 524 598 408 
7025 1103 870 1153 1724 
7026 324 472 353 438 
7027 485 567 570 543 
7028 1618 464 203 1613 
7029 504 346 505 1673 
7030 255 313 287 314 
7031 223 196 163 197 
7032 599 598 600 554 
7033 201 199 202 200 
7034 303 265 327 244 
7035 488 355 499 491 
7036 204 186 145 301 
7037 243 303 327 244 
7038 147 73 72 214 
7039 799 800 1025 1745 
7040 443 461 364 460 
7041 1293 1067 1741 1808 
7042 945 829 944 943 
7043 1494 1372 1366 1499 
7044 1231 1164 1046 1469 
7045 61 62 38 1752 
7046 1 33 46 37 
7047 1207 1208 1766 1783 
7048 849 1476 1653 1741 
7049 1151 964 962 1802 
7050 657 353 387 264 
7051 1535 1508 1298 1721 
7052 102 101 103 1442 
7053 156 113 447 164 
7054 1274 1206 1273 1808 
7055 324 353 296 299 
7056 290 291 1074 459 
7057 528 479 599 1756 
7058 211 191 150 248 
7059 1346 1344 1013 1790 
7060 848 847 1544 1774 
7061 414 317 368 1074 
7062 657 179 279 264 
7063 182 146 186 301 
7064 852 1177 699 1545 
7065 61 112 64 211 
7066 33 1 35 37 
7067 631 656 746 567 
7068 28 24 25 237 
7069 241 325 301 464 
7070 1426 1537 1574 919 
7071 754 919 1426 901 
7072 350 267 317 290 
7073 460 479 559 461 
7074 1508 1535 1455 1721 
7075 1570 1041 1551 1744 
7076 567 703 570 543 
7077 514 513 515 1767 
7078 406 432 430 431 
7079 1225 1253 1223 1541 
7080 1094 1029 1093 1693 
7081 850 849 1532 1741 
7082 1323 1324 1384 1325 
7083 304 309 285 310 
7084 263 302 387 345 
7085 1447 1444 1396 1446 
7086 61 38 58 52 
7087 1004 238 429 271 
7088 63 62 61 1752 
7089 457 365 343 303 
7090 238 429 604 1004 
7091 1180 1456 1320 1779 
7092 1169 1353 1089 983 
7093 240 429 1563 1564 
7094 1576 1053 1033 1805 
7095 373 337 512 1720 
7096 914 1659 913 1746 
7097 570 493 485 543 
7098 167 268 289 1736 
7099 296 472 353 324 
7100 1045 1302 1046 1800 
7101 145 523 203 301 
7102 1488 1261 1262 1777 
7103 269 224 223 254 
7104 1397 1046 1164 1469 
7105 454 506 596 1798 
7106 1143 834 1205 1790 
7107 41 40 5 104 
7108 1611 1094 786 1811 
7109 859 968 845 1719 
7110 521 519 735 520 
7111 708 750 1093 766 
7112 30 46 33 83 
7113 303 343 457 411 
7114 1372 1371 1373 1499 
7115 640 778 1523 1785 
7116 13 15 14 47 
7117 202 199 152 240 
7118 539 435 503 502 
7119 383 391 1613 384 
7120 1389 1159 1429 1480 
7121 859 843 845 1059 
7122 778 1577 1785 1806 
7123 1004 385 432 428 
7124 97 92 89 117 
7125 968 1102 1227 1809 
7126 317 291 1074 290 
7127 159 92 117 132 
7128 800 808 1253 1199 
7129 1421 1225 1541 1253 
7130 1358 1547 1357 1695 
7131 186 146 145 301 
7132 1608 1347 1175 1760 
7133 312 287 315 285 
7134 388 339 387 705 
7135 215 149 190 526 
7136 313 287 162 222 
7137 1432 655 1209 1759 
7138 366 421 251 252 
7139 217 285 286 526 
7140 289 256 167 1736 
7141 673 645 767 1795 
7142 421 343 365 308 
7143 308 441 365 330 
7144 28 24 237 15 
7145 658 487 499 418 
7146 218 157 94 552 
7147 66 88 148 323 
7148 86 108 87 85 
7149 989 1389 1159 990 
7150 386 297 385 1004 
7151 605 482 606 1757 
7152 1357 1403 1337 1695 
7153 1482 1297 1274 1808 
7154 631 656 567 1314 
7155 299 296 324 298 
7156 285 315 310 309 
7157 272 362 239 210 
7158 133 158 118 169 
7159 389 472 500 345 
7160 458 527 442 1788 
7161 223 255 254 314 
7162 146 241 325 301 
7163 420 181 1584 731 
7164 1506 586 1120 1307 
7165 1066 1511 1412 1665 
7166 395 331 252 350 
7167 1275 1070 1276 1716 
7168 51 231 65 1752 
7169 268 256 195 234 
7170 75 80 89 71 
7171 1207 1208 1292 1766 
7172 1526 1485 1276 1275 
7173 203 204 145 301 
7174 592 185 190 273 
7175 1004 429 1563 271 
7176 431 406 262 409 
7177 631 656 1314 568 
7178 125 100 85 82 
7179 61 64 65 489 
7180 645 606 600 1756 
7181 64 61 211 489 
7182 149 190 111 215 
7183 387 353 472 345 
7184 343 342 457 411 
7185 225 207 354 205 
7186 572 492 432 538 
7187 392 407 390 475 
7188 407 480 1303 475 
7189 153 100 125 473 
7190 808 1368 1253 1199 
7191 160 159 192 132 
7192 738 734 735 519 
7193 1396 1290 1389 1443 
7194 1185 999 1321 1743 
7195 1396 1450 1444 1447 
7196 424 383 1613 384 
7197 1324 1458 1384 1383 
7198 429 199 176 238 
7199 1207 1127 1131 1783 
7200 306 72 148 323 
7201 310 399 400 304 
7202 942 1039 1195 1800 
7203 35 33 37 34 
7204 63 67 42 64 
7205 238 176 429 271 
7206 713 234 161 267 
7207 133 166 120 158 
7208 82 100 85 86 
7209 1205 1204 1013 1790 
7210 586 699 1119 1779 
7211 190 149 191 592 
7212 131 94 71 95 
7213 1426 1537 919 1468 
7214 1252 1541 1253 1602 
7215 1199 1253 1421 1602 
7216 932 1068 931 1680 
7217 362 208 239 210 
7218 355 324 296 298 
7219 737 1400 775 780 
7220 1404 1403 1357 1695 
7221 1400 740 1341 780 
7222 389 388 387 501 
7223 667 711 668 769 
7224 893 1558 1421 1541 
7225 108 135 143 209 
7226 406 430 538 408 
7227 740 739 741 700 
7228 495 426 388 501 
7229 526 304 285 284 
7230 1477 1296 1295 1741 
7231 1330 788 1612 1785 
7232 542 432 492 538 
7233 437 345 472 438 
7234 859 969 968 1719 
7235 1297 1538 1296 1741 
7236 150 191 149 592 
7237 152 143 200 240 
7238 407 325 326 391 
7239 143 135 108 100 
7240 385 604 379 1004 
7241 497 426 427 522 
7242 600 528 599 1756 
7243 297 238 604 1004 
7244 229 239 208 210 
7245 564 598 599 554 
7246 605 531 482 1757 
7247 1153 870 871 1724 
7248 133 166 161 120 
7249 932 1390 1068 1680 
7250 1135 1115 1178 1808 
7251 519 738 1473 701 
7252 1137 1206 1277 1741 
7253 430 572 538 408 
7254 385 432 386 1004 
7255 664 631 663 567 
7256 655 1432 781 1759 
7257 448 1057 164 1509 
7258 1102 953 1227 1809 
7259 457 456 365 303 
7260 150 116 191 211 
7261 41 5 7 623 
7262 841 1240 1255 1704 
7263 914 1605 1022 1746 
7264 1265 1260 1313 817 
7265 454 596 433 1798 
7266 198 138 202 292 
7267 345 472 500 437 
7268 981 1026 985 1771 
7269 1224 1223 1253 1252 
7270 431 430 406 408 
7271 1223 1224 1600 1252 
7272 97 88 110 89 
7273 598 545 572 408 
7274 1103 1283 1549 870 
7275 35 32 33 34 
7276 211 116 64 489 
7277 1005 929 928 1797 
7278 296 488 355 298 
7279 366 421 252 670 
7280 250 266 421 251 
7281 435 407 480 1303 
7282 599 565 576 479 
7283 833 1032 966 1793 
7284 1031 1034 1033 1805 
7285 1257 1388 932 1390 
7286 67 63 112 64 
7287 705 339 387 341 
7288 296 488 324 355 
7289 1436 1264 755 1263 
7290 319 333 553 1799 
7291 778 1278 1523 1785 
7292 1074 566 414 481 
7293 141 139 140 204 
7294 296 488 472 324 
7295 989 1159 991 990 
7296 118 131 93 75 
7297 460 364 443 483 
7298 1206 1297 1741 1808 
7299 385 432 485 386 
7300 707 629 745 571 
7301 568 573 631 615 
7302 1176 827 1573 831 
7303 158 131 157 94 
7304 408 431 430 362 
7305 655 781 654 1759 
7306 236 307 130 678 
7307 33 2 1 30 
7308 604 385 297 1004 
7309 901 919 1426 1574 
7310 121 122 165 119 
7311 131 94 95 218 
7312 110 88 97 323 
7313 488 487 589 491 
7314 930 1411 932 1660 
7315 712 645 600 1770 
7316 936 727 1562 935 
7317 383 424 1613 1618 
7318 1206 1741 1135 1808 
7319 282 217 215 526 
7320 166 122 165 1490 
7321 306 245 147 214 
7322 46 83 55 86 
7323 123 82 137 473 
7324 1381 1391 1402 1258 
7325 118 93 92 75 
7326 345 437 453 438 
7327 1253 1223 1224 1225 
7328 193 192 160 670 
7329 966 1793 1031 1805 
7330 271 429 1563 240 
7331 86 83 82 87 
7332 887 1267 886 1777 
7333 1467 1372 1494 1367 
7334 406 431 408 409 
7335 487 488 499 491 
7336 355 488 589 491 
7337 344 134 129 307 
7338 118 92 133 169 
7339 1161 1316 1315 1784 
7340 1411 932 1660 1804 
7341 1080 1063 1208 1783 
7342 1296 1532 1277 1741 
7343 1044 1068 1534 1350 
7344 168 268 167 1736 
7345 1369 1498 1457 1461 
7346 1574 901 1468 1426 
7347 159 97 110 117 
7348 495 471 498 501 
7349 827 1573 1336 1187 
7350 537 384 390 425 
7351 990 1429 1159 1480 
7352 142 143 200 473 
7353 1558 1421 1541 1602 
7354 1362 1534 1068 1350 
7355 232 172 197 224 
7356 527 548 442 1788 
7357 431 436 430 362 
7358 448 164 163 1509 
7359 1430 1392 1000 1112 
7360 149 115 111 116 
7361 1273 1206 1135 1808 
7362 187 185 592 273 
7363 355 299 324 298 
7364 673 767 1452 1795 
7365 108 85 143 100 
7366 1298 1411 1361 1360 
7367 1046 1389 1441 1397 
7368 621 541 516 1705 
7369 1545 1305 1118 1119 
7370 1541 1253 1223 1252 
7371 294 296 295 299 
7372 290 1074 317 459 
7373 88 66 50 323 
7374 1429 1159 1389 990 
7375 1257 1381 1388 1258 
7376 1488 1262 1267 1777 
7377 572 545 748 538 
7378 535 537 425 423 
7379 945 829 1073 944 
7380 1074 351 317 459 
7381 260 235 261 1736 
7382 216 115 111 215 
7383 1541 1421 1253 1602 
7384 76 128 102 646 
7385 571 631 573 615 
7386 1220 1023 940 1687 
7387 503 594 539 502 
7388 586 621 699 1779 
7389 464 326 325 391 
7390 122 121 165 1490 
7391 1421 800 1253 1199 
7392 527 601 549 603 
7393 1000 1002 1001 1430 
7394 118 117 92 169 
7395 116 90 112 211 
7396 1135 1178 1273 1808 
7397 287 315 285 309 
7398 46 33 1 30 
7399 1057 164 99 448 
7400 265 421 212 367 
7401 696 480 536 744 
7402 131 94 75 71 
7403 48 8 27 50 
7404 705 388 426 501 
7405 229 143 209 240 
7406 152 143 153 200 
7407 849 1366 1373 1499 
7408 435 539 480 502 
7409 664 567 570 1314 
7410 440 441 365 308 
7411 142 200 143 240 
7412 1263 1436 1543 1537 
7413 1295 1296 1538 1741 
7414 495 498 426 501 
7415 111 98 90 115 
7416 841 1254 869 1255 
7417 490 480 536 535 
7418 418 499 382 487 
7419 123 56 84 55 
7420 504 506 394 1673 
7421 1511 1528 1066 1418 
7422 306 147 72 214 
7423 427 497 522 543 
7424 497 522 543 495 
7425 218 94 95 552 
7426 167 260 168 1736 
7427 1372 1366 1467 1494 
7428 989 1444 1446 1443 
7429 120 195 161 234 
7430 1303 390 407 475 
7431 1112 1392 1000 1130 
7432 628 490 422 534 
7433 1323 1384 1493 1365 
7434 568 631 656 615 
7435 524 554 555 598 
7436 169 192 160 193 
7437 290 317 257 267 
7438 256 257 195 234 
7439 165 119 157 156 
7440 616 664 703 570 
7441 414 351 1074 459 
7442 171 166 122 268 
7443 291 316 257 317 
7444 75 89 131 71 
7445 209 143 151 240 
7446 107 140 139 204 
7447 1297 1277 1206 1741 
7448 265 327 212 303 
7449 1252 1558 1541 1602 
7450 55 83 82 86 
7451 1613 203 523 301 
7452 447 162 164 216 
7453 1391 1349 1014 1402 
7454 1361 1065 1464 1665 
7455 303 365 343 308 
7456 432 538 386 406 
7457 409 271 239 410 
7458 112 191 116 211 
7459 142 200 124 473 
7460 90 116 64 211 
7461 575 565 599 564 
7462 538 542 432 386 
7463 1 29 30 31 
7464 989 1446 1389 1443 
7465 519 735 738 701 
7466 256 167 235 234 
7467 426 497 498 495 
7468 554 598 630 555 
7469 421 266 250 253 
7470 343 212 327 303 
7471 1296 1277 1297 1741 
7472 472 389 387 345 
7473 343 212 303 308 
7474 488 472 324 355 
7475 330 366 421 251 
7476 744 435 539 480 
7477 217 309 285 282 
7478 132 192 160 169 
7479 1494 1366 1467 1367 
7480 476 457 342 411 
7481 153 100 85 125 
7482 33 1 4 35 
7483 628 569 490 534 
7484 1120 1118 1305 1119 
7485 93 131 118 94 
7486 1473 1575 702 738 
7487 126 172 171 233 
7488 118 158 93 94 
7489 411 342 476 272 
7490 497 426 522 495 
7491 1436 754 919 1263 
7492 263 657 387 264 
7493 22 19 20 1752 
7494 696 590 480 744 
7495 257 291 317 290 
7496 176 152 199 240 
7497 431 408 409 362 
7498 156 165 121 1490 
7499 1610 1377 1599 1515 
7500 1418 1419 1394 1790 
7501 93 131 94 75 
7502 541 586 621 533 
7503 167 256 235 1736 
7504 170 193 161 713 
7505 216 286 215 217 
7506 239 240 229 208 
7507 1489 638 629 707 
7508 713 170 193 395 
7509 476 436 393 362 
7510 529 484 530 1778 
7511 86 100 85 87 
7512 314 333 254 553 
7513 282 285 217 526 
7514 427 426 497 493 
7515 207 225 206 205 
7516 193 161 160 170 
7517 340 387 339 341 
7518 200 143 153 473 
7519 345 389 387 501 
7520 165 122 120 119 
7521 504 505 511 1673 
7522 316 257 317 267 
7523 447 164 162 448 
7524 1599 1316 1162 1784 
7525 142 202 240 1564 
7526 443 460 483 1755 
7527 229 143 135 209 
7528 569 490 534 535 
7529 1447 1396 1441 1446 
7530 1464 1066 1412 1665 
7531 319 360 333 1799 
7532 123 56 55 96 
7533 1031 966 1032 1793 
7534 165 119 158 157 
7535 64 112 90 211 
7536 1236 1235 1449 1060 
7537 345 500 389 501 
7538 163 174 197 1509 
7539 744 435 480 1303 
7540 1303 480 390 475 
7541 430 572 492 432 
7542 144 141 140 204 
7543 447 196 162 216 
7544 1389 989 1429 990 
7545 143 142 240 1564 
7546 421 343 308 212 
7547 1477 1295 850 1741 
7548 1400 775 1401 737 
7549 297 262 238 1004 
7550 1613 523 325 301 
7551 1406 1188 1615 1405 
7552 1529 1305 1545 1456 
7553 116 191 149 150 
7554 156 164 447 448 
7555 1575 1473 1310 738 
7556 202 200 138 142 
7557 658 487 488 499 
7558 255 223 313 314 
7559 390 537 480 1303 
7560 82 84 55 123 
7561 431 262 1004 409 
7562 1253 1225 808 800 
7563 447 162 196 448 
7564 1310 1473 1506 1309 
7565 138 124 136 142 
7566 713 290 234 267 
7567 1613 464 391 383 
7568 165 120 122 166 
7569 298 296 488 658 
7570 524 554 598 564 
7571 1397 1290 1389 1396 
7572 1507 1506 1120 1307 
7573 111 112 191 116 
7574 1599 1378 1316 1784 
7575 160 169 193 170 
7576 132 92 117 169 
7577 656 567 1314 568 
7578 538 572 545 408 
7579 432 542 485 386 
7580 1065 1361 1653 1665 
7581 344 967 147 246 
7582 1292 1201 1144 1208 
7583 380 426 522 428 
7584 133 170 169 161 
7585 157 119 158 94 
7586 124 138 200 142 
7587 166 161 120 195 
7588 1293 1067 1476 1741 
7589 494 426 522 380 
7590 409 239 431 362 
7591 164 91 113 98 
7592 90 111 115 116 
7593 304 309 282 285 
7594 51 65 489 1752 
7595 487 499 382 491 
7596 560 577 617 559 
7597 298 488 355 658 
7598 1067 1665 1476 1741 
7599 94 157 119 552 
7600 700 740 739 742 
7601 115 111 113 216 
7602 113 99 91 164 
7603 89 92 97 75 
7604 1613 203 301 464 
7605 1568 916 973 1592 
7606 1488 1267 887 1777 
7607 487 382 418 422 
7608 687 770 674 752 
7609 163 162 164 448 
7610 1257 1388 1381 932 
7611 1562 770 935 727 
7612 962 1282 921 1802 
7613 1256 1308 1114 1113 
7614 118 131 158 94 
7615 119 157 156 552 
7616 92 132 133 169 
7617 1225 1368 1253 808 
7618 82 84 83 55 
7619 99 156 1057 448 
7620 243 411 303 244 
7621 93 158 119 94 
7622 763 733 694 732 
7623 158 120 133 93 
7624 485 493 427 543 
7625 112 111 90 116 
7626 1306 1507 1120 1307 
7627 299 294 296 298 
7628 663 664 567 703 
7629 431 393 436 362 
7630 119 165 121 156 
7631 229 135 228 209 
7632 1166 1146 1281 1230 
7633 292 429 202 1564 
7634 239 393 431 362 
7635 441 331 366 330 
7636 1402 1388 1381 1258 
7637 249 200 153 473 
7638 167 256 268 234 
7639 1476 1065 1653 1741 
7640 286 115 216 215 
7641 494 426 380 428 
7642 282 215 190 526 
7643 198 202 138 1564 
7644 124 125 96 473 
7645 382 419 418 422 
7646 1034 1069 1033 1805 
7647 249 124 200 473 
7648 98 111 113 115 
7649 142 138 202 1564 
7650 1490 173 1057 448 
7651 1490 1057 156 448 
7652 1065 849 1476 1653 
7653 1130 1000 1436 1437 
7654 917 929 928 915 
7655 713 193 161 670 
7656 1544 847 848 846 
7657 1188 1405 1520 1427 
7658 100 143 142 473 
7659 499 355 488 658 
7660 1329 1182 1183 1609 
7661 193 160 161 670 
7662 239 393 362 272 
7663 1373 1366 1467 1372 
7664 76 77 101 102 
7665 292 202 198 1564 
7666 733 651 694 732 
7667 426 494 705 428 
7668 1436 1130 1437 1574 
7669 143 100 153 473 
7670 1578 1016 863 1641 
7671 174 197 172 224 
7672 1264 1436 1437 1543 
7673 713 193 252 395 
7674 544 522 427 428 
7675 99 156 157 552 
7676 172 173 197 1509 
7677 325 1613 301 464 
7678 545 630 598 555 
7679 4 2 33 32 
7680 942 1045 941 1800 
7681 83 84 29 56 
7682 492 432 542 485 
7683 1429 1290 1389 1480 
7684 1436 1437 1543 1537 
7685 91 113 114 218 
7686 1396 1441 1450 1447 
7687 857 1177 677 1779 
7688 113 98 115 216 
7689 1000 1437 1130 1128 
7690 138 124 137 136 
7691 1541 1557 1558 1252 
7692 114 81 91 218 
7693 701 519 735 521 
7694 235 260 167 1736 
7695 591 683 684 682 
7696 382 425 423 422 
7697 529 530 551 1778 
7698 18 20 19 1752 
7699 494 388 426 705 
7700 249 125 124 473 
7701 285 282 304 526 
7702 156 99 164 448 
7703 234 257 195 267 
7704 497 427 493 543 
7705 151 143 152 240 
7706 223 175 163 313 
7707 36 35 7 41 
7708 573 748 571 615 
7709 83 29 46 56 
7710 223 197 175 224 
7711 149 111 191 116 
7712 422 487 382 491 
7713 1348 1608 1175 1133 
7714 744 590 480 594 
7715 85 143 100 153 
7716 257 291 290 267 
7717 1557 1223 1600 1541 
7718 111 190 149 191 
7719 174 172 197 1509 
7720 1076 1104 1011 1158 
7721 625 677 699 1779 
7722 1557 1223 1541 1540 
7723 419 382 423 422 
7724 362 476 342 272 
7725 738 1575 702 1226 
7726 175 163 197 223 
7727 622 498 497 495 
7728 480 539 744 502 
7729 426 427 522 428 
7730 204 145 144 203 
7731 1130 1392 1000 1128 
7732 249 153 125 473 
7733 744 1338 590 594 
7734 1065 1665 1653 1741 
7735 481 444 414 459 
7736 911 908 936 909 
7737 252 350 713 395 
7738 81 95 91 218 
7739 172 171 173 1490 
7740 156 166 165 1490 
7741 169 160 161 170 
7742 594 480 744 502 
7743 133 160 161 169 
7744 1558 893 1557 1541 
7745 419 382 384 423 
7746 41 6 5 39 
7747 204 144 141 203 
7748 1573 827 825 1187 
7749 123 125 96 55 
7750 425 384 382 423 
7751 123 82 125 55 
7752 1310 1506 1507 1309 
7753 1443 1290 1389 1429 
7754 252 193 713 670 
7755 574 575 565 576 
7756 1557 1541 1600 1252 
7757 938 1185 999 1321 
7758 699 677 1177 1779 
7759 539 1338 744 594 
7760 362 393 476 272 
7761 30 29 46 83 
7762 594 744 539 502 
7763 1324 1474 1383 1299 
7764 881 1232 1422 891 
7765 54 4 35 32 
7766 133 132 160 169 
7767 1018 876 920 1193 
7768 1045 1046 1019 1800 
7769 544 380 522 428 
7770 351 331 350 459 
7771 1600 1541 1223 1252 
7772 173 126 172 1490 
7773 976 977 1035 926 
7774 705 381 379 428 
7775 164 113 447 216 
7776 1188 1187 1406 1615 
7777 1294 1293 1741 1808 
7778 418 382 499 658 
7779 1562 770 1594 935 
7780 1057 156 121 1490 
7781 99 156 121 1057 
7782 594 590 480 502 
7783 210 208 229 209 
7784 171 172 126 1490 
7785 1000 1519 1438 1002 
7786 1057 121 126 1490 
7787 1389 989 1443 1429 
7788 1326 724 1328 1332 
7789 232 174 172 224 
7790 216 98 115 286 
7791 537 536 480 1303 
7792 651 652 694 732 
7793 461 456 440 365 
7794 290 291 234 267 
7795 891 892 1422 1593 
7796 32 33 4 35 
7797 163 174 175 197 
7798 256 289 167 268 
7799 1130 1437 1574 1129 
7800 293 604 379 385 
7801 1307 1507 1506 1309 
7802 1293 1295 1294 1741 
7803 1113 1114 1178 1115 
7804 1264 1436 1543 1263 
7805 152 176 151 240 
7806 197 174 175 224 
7807 56 46 83 55 
7808 158 119 120 93 
7809 650 649 651 698 
7810 876 920 875 972 
7811 126 173 1057 1490 
7812 425 537 384 423 
7813 364 461 440 365 
7814 1436 755 754 1263 
7815 440 441 364 365 
7816 291 257 234 267 
7817 1014 1381 1391 1402 
7818 56 83 84 55 
7819 120 165 158 166 
7820 444 483 443 364 
7821 1299 1475 1272 1508 
7822 559 456 440 461 
7823 1303 536 480 744 
7824 1 29 46 30 
7825 664 567 703 570 
7826 1507 1473 1506 1310 
7827 379 544 293 385 
7828 113 164 98 216 
7829 173 1057 448 1509 
7830 1383 1325 1324 1299 
7831 31 1 2 30 
7832 102 79 76 646 
7833 350 713 290 459 
7834 122 126 121 1490 
7835 173 172 126 1509 
7836 705 494 380 428 
7837 1383 1508 1299 1272 
7838 151 176 271 240 
7839 448 163 173 1509 
7840 481 414 1074 459 
7841 174 126 172 1509 
7842 380 381 705 428 
7843 887 1244 1267 1488 
7844 443 483 444 481 
7845 1065 1067 1066 1665 
7846 424 384 537 423 
7847 126 122 171 1490 
7848 222 223 313 255 
7849 203 523 1618 1613 
7850 1464 1065 1066 1665 
7851 1476 1665 1065 1741 
7852 120 165 119 158 
7853 271 176 151 410 
7854 1045 1019 941 1800 
7855 380 381 494 705 
7856 523 144 145 203 
7857 381 339 494 705 
7858 1046 1397 1441 1469 
7859 383 419 382 384 
7860 173 126 1057 1509 
7861 419 383 1617 424 
7862 1368 1253 1224 1225 
7863 1065 1476 1067 1665 
7864 932 1388 1381 1390 
7865 419 383 424 384 
7866 384 424 419 423 
7867 1323 1493 1367 1365 
7868 464 325 1613 391 
7869 163 197 173 1509 
7870 1042 1363 1534 1359 
7871 388 494 339 705 
7872 1608 1347 1348 1175 
7873 1478 1231 1046 1469 
7874 1117 980 969 1116 
7875 72 48 40 678 
7876 1014 1143 1013 1142 
7877 1515 1579 1610 802 
7878 1404 1294 1357 1403 
7879 1507 1575 1473 1310 
7880 156 158 113 157 
7881 301 392 338 464 
7882 382 1617 419 383 
7883 347 284 349 283 
7884 650 652 651 649 
7885 763 764 694 733 
7886 1437 1468 1537 1574 
7887 1381 1363 1390 1388 
7888 1185 938 999 1184 
7889 1381 1363 1382 1390 
7890 1390 932 1391 1381 
7891 1388 1363 1390 1369 
7892 1350 1099 1098 1249 
7893 919 826 754 753 
7894 888 890 889 1472 
7895 1299 1366 849 1653 
7896 1231 1422 1232 1478 
7897 1019 1220 1046 1478 
7898 1019 1046 1220 1800 
7899 40 73 307 104 
7900 40 307 73 72 
7901 364 443 366 441 
7902 364 366 443 444 
7903 331 366 443 441 
7904 331 443 366 444 
7905 240 239 151 208 
7906 240 151 239 271 
7907 410 151 239 208 
7908 410 239 151 271 
7909 491 569 628 588 
7910 491 628 569 490 
7911 397 394 558 1768 
7912 1366 948 1383 1365 
7913 1383 948 1366 1653 
7914 1383 1299 1366 1365 
7915 1366 1299 1383 1653 
7916 1763 1801 1761 1677 
7917 1761 1801 1763 1635 
7918 1309 1181 586 1307 
7919 1309 586 1181 1088 
7920 1768 558 639 454 
7921 1768 639 558 665 
7922 69 11 45 43 
7923 45 11 69 68 
7924 45 67 69 43 
7925 69 67 45 68 
7926 1748 1222 1214 1221 
7927 1214 1222 1748 1671 
7928 1214 1251 1748 1221 
7929 1748 1251 1214 1671 
7930 1169 1581 1705 1087 
7931 1169 1705 1581 811 
7932 919 1615 1426 1405 
7933 1440 1682 1439 1001 
7934 1439 1682 1440 1649 
7935 1146 1740 1145 1147 
7936 394 357 558 455 
7937 394 558 357 397 
7938 1049 1272 1794 1271 
7939 1049 1794 1272 1123 
7940 1812 1601 753 1336 
7941 1812 753 1601 1638 
7942 1765 1775 1641 1640 
7943 1641 1775 1765 1622 
7944 282 526 305 304 
7945 752 1737 674 687 
7946 674 1737 752 1698 
7947 1750 1643 1597 1661 
7948 1750 1597 1643 1711 
7949 1182 1711 977 1650 
7950 1182 977 1711 1037 
7951 1035 977 1711 1650 
7952 1035 1711 977 1037 
7953 1716 1027 1643 1681 
7954 1716 1643 1027 1445 
7955 1322 1121 1738 1414 
7956 1322 1738 1121 1385 
7957 1461 1680 1248 1249 
7958 1248 1680 1461 1257 
7959 1683 518 734 517 
7960 1683 734 518 736 
7961 1796 1116 1686 1730 
7962 1796 1686 1116 969 
7963 901 1749 754 1519 
7964 754 1749 901 1735 
7965 1729 1714 1715 1679 
7966 1729 1715 1714 1727 
7967 293 429 1564 1563 
7968 1564 429 293 292 
7969 1564 198 293 1563 
7970 293 198 1564 292 
7971 1389 1046 1290 1397 
7972 1389 1290 1046 1302 
7973 666 1770 667 685 
7974 667 1770 666 1756 
7975 1678 1095 925 1109 
7976 1678 925 1095 1081 
7977 1562 723 690 957 
7978 1562 690 723 727 
7979 692 773 652 1439 
7980 692 652 773 762 
7981 772 652 773 1439 
7982 772 773 652 762 
7983 932 1542 1804 1412 
7984 1675 1804 1542 1412 
7985 1675 1542 1804 1748 
7986 1710 1470 927 1513 
7987 1710 927 1470 1647 
7988 1747 1661 1761 1666 
7989 1747 1761 1661 1626 
7990 1726 908 761 909 
7991 1726 761 908 1697 
7992 1659 1514 1725 1387 
7993 1659 1725 1514 1599 
7994 1515 1725 1514 1387 
7995 1515 1514 1725 1599 
7996 636 1016 1641 1017 
7997 1641 1016 636 777 
7998 1641 1663 636 1017 
7999 636 1663 1641 777 
8000 1719 976 1647 927 
8001 1719 1647 976 1717 
8002 69 44 80 66 
8003 69 80 44 43 
8004 1161 1162 1746 1160 
8005 1746 1162 1161 1784 
8006 1695 1273 1193 1178 
8007 1695 1193 1273 1140 
8008 867 1704 1689 946 
8009 1689 1704 867 869 
8010 1021 1642 994 995 
8011 1693 1526 1029 1280 
8012 1693 1029 1526 1681 
8013 1785 1029 1526 1280 
8014 1785 1526 1029 1681 
8015 676 623 4 5 
8016 676 4 623 54 
8017 7 4 623 5 
8018 1693 749 1093 708 
8019 1693 1093 749 1351 
8020 750 1093 749 708 
8021 435 434 558 503 
8022 478 434 558 455 
8023 478 558 434 503 
8024 1726 727 935 675 
8025 1726 935 727 909 
8026 575 554 599 666 
8027 575 599 554 564 
8028 68 236 26 69 
8029 68 26 236 237 
8030 1742 1711 1750 1643 
8031 1742 1750 1711 1630 
8032 912 913 1746 914 
8033 912 1746 913 1479 
8034 825 826 1187 827 
8035 1336 1187 826 827 
8036 1336 826 1187 1615 
8037 1494 1213 1366 949 
8038 1494 1366 1213 1499 
8039 1653 1366 1213 949 
8040 1647 1782 1645 1619 
8041 1645 1782 1647 1719 
8042 1737 1726 675 612 
8043 675 1726 1737 1698 
8044 675 674 1737 612 
8045 1737 674 675 1698 
8046 872 1267 1670 1549 
8047 872 1670 1267 1262 
8048 1430 1439 1732 1001 
8049 1430 1732 1439 1555 
8050 1682 1732 1439 1001 
8051 1682 1439 1732 1555 
8052 267 350 713 290 
8053 267 713 350 395 
8054 1705 1318 1320 1179 
8055 1705 1320 1318 1646 
8056 196 173 163 197 
8057 196 163 173 448 
8058 113 156 99 164 
8059 113 99 156 157 
8060 1217 1216 1484 1459 
8061 1272 1216 1484 1165 
8062 1272 1484 1216 1459 
8063 512 1654 1697 583 
8064 1697 1654 512 1720 
8065 1697 1767 512 583 
8066 512 1767 1697 1720 
8067 960 961 1666 824 
8068 960 1666 961 987 
8069 988 1666 961 824 
8070 988 961 1666 987 
8071 1792 352 1625 1654 
8072 1792 1625 352 377 
8073 1760 1191 1608 1745 
8074 1760 1608 1191 882 
8075 1602 1608 1191 1745 
8076 1602 1191 1608 882 
8077 927 1686 926 843 
8078 926 1686 927 976 
8079 1033 1805 966 1031 
8080 687 612 1737 674 
8081 687 1737 612 607 
8082 1802 823 833 1151 
8083 1802 833 823 1643 
8084 1682 935 1726 911 
8085 1682 1726 935 1698 
8086 1740 1217 1484 1145 
8087 1740 1146 1484 1165 
8088 1484 1146 1740 1145 
8089 1669 974 1735 904 
8090 1669 1735 974 1713 
8091 1744 1795 1776 1041 
8092 1776 1795 1744 1634 
8093 1781 1746 1022 1605 
8094 1383 1475 1299 1474 
8095 1383 1299 1475 1272 
8096 1689 1333 1704 1331 
8097 1689 1704 1333 1667 
8098 1735 1500 974 1713 
8099 1735 974 1500 1460 
8100 1442 107 127 183 
8101 590 1342 1338 1097 
8102 590 1338 1342 594 
8103 1689 726 724 1038 
8104 1689 724 726 1667 
8105 727 1726 613 675 
8106 613 1726 727 908 
8107 577 576 1756 574 
8108 577 1756 576 559 
8109 1169 1705 1089 1087 
8110 1089 1705 1169 983 
8111 1714 877 1495 875 
8112 1714 1495 877 1657 
8113 474 434 503 478 
8114 1782 1765 1686 1624 
8115 1782 1686 1765 1640 
8116 1773 1486 1265 1646 
8117 1773 1265 1486 817 
8118 1154 1113 1256 1114 
8119 1154 1256 1113 1651 
8120 916 918 1709 917 
8121 1709 918 916 1375 
8122 57 128 60 74 
8123 27 69 50 8 
8124 50 69 27 236 
8125 747 1229 704 784 
8126 704 1229 747 634 
8127 236 26 27 25 
8128 236 27 26 69 
8129 953 792 1809 898 
8130 953 1809 792 1227 
8131 284 398 400 349 
8132 400 398 284 304 
8133 400 348 284 349 
8134 284 348 400 304 
8135 417 580 1652 1708 
8136 1778 1652 580 1708 
8137 507 1778 449 508 
8138 449 1778 507 566 
8139 449 443 507 508 
8140 507 443 449 566 
8141 1752 13 14 47 
8142 1752 14 13 17 
8143 1781 1021 1671 1062 
8144 1781 1671 1021 1642 
8145 994 1021 1671 1642 
8146 1055 1213 1653 1211 
8147 1653 1213 1055 950 
8148 1716 1027 1785 1329 
8149 1716 1785 1027 1681 
8150 1739 955 1413 956 
8151 1745 1421 1191 1602 
8152 1745 1191 1421 1420 
8153 868 1689 867 869 
8154 1196 839 1658 1197 
8155 1658 839 1196 1585 
8156 384 1303 390 391 
8157 390 1303 384 537 
8158 1755 1778 1652 566 
8159 1652 1778 1755 1631 
8160 280 329 1768 347 
8161 1768 329 280 281 
8162 1768 1110 280 347 
8163 280 1110 1768 281 
8164 1724 1012 1103 1283 
8165 1724 1103 1012 1104 
8166 1038 1336 753 826 
8167 753 1336 1038 1812 
8168 1792 541 1625 377 
8169 1792 1625 541 1683 
8170 400 312 285 348 
8171 285 312 400 310 
8172 1689 1332 1328 724 
8173 1689 1328 1332 1331 
8174 446 369 1652 445 
8175 446 1652 369 417 
8176 535 537 490 425 
8177 535 490 537 536 
8178 480 490 537 425 
8179 480 537 490 536 
8180 1689 1332 1667 1333 
8181 1689 1667 1332 724 
8182 725 1667 1332 1333 
8183 725 1332 1667 724 
8184 1768 357 558 397 
8185 1768 558 357 477 
8186 1724 1053 1241 1576 
8187 1725 1378 1375 1377 
8188 1725 1375 1378 1709 
8189 678 69 50 236 
8190 678 50 69 66 
8191 1759 632 659 662 
8192 588 659 632 662 
8193 333 402 1245 332 
8194 333 1245 402 1246 
8195 1789 1804 1658 1675 
8196 1658 1804 1789 1633 
8197 1777 885 1670 886 
8198 1777 1670 885 1678 
8199 235 257 1736 256 
8200 235 1736 257 316 
8201 361 1736 257 256 
8202 361 257 1736 316 
8203 1680 931 1630 1068 
8204 1680 1630 931 1728 
8205 643 1155 1672 790 
8206 1672 1155 643 672 
8207 462 312 332 463 
8208 332 312 462 348 
8209 511 401 1787 359 
8210 511 1787 401 415 
8211 1777 992 1098 1168 
8212 1777 1098 992 1707 
8213 946 970 1704 975 
8214 1804 1257 1381 932 
8215 1804 1381 1257 1748 
8216 1391 1804 1381 932 
8217 1391 1381 1804 1748 
8218 1542 1804 1391 932 
8219 1542 1391 1804 1748 
8220 966 1793 965 833 
8221 832 965 1793 833 
8222 832 1793 965 1707 
8223 855 1718 857 756 
8224 857 1718 855 809 
8225 1689 1254 1328 1589 
8226 1689 1328 1254 868 
8227 1752 13 38 16 
8228 1752 38 13 47 
8229 1272 1721 1740 1165 
8230 1740 1721 1272 1508 
8231 1740 1216 1272 1165 
8232 1272 1216 1740 1508 
8233 1746 1021 1781 1022 
8234 1746 1781 1021 1642 
8235 1534 1363 1390 1382 
8236 1781 1022 796 1605 
8237 1781 796 1022 1021 
8238 1724 1241 1662 1641 
8239 1724 1662 1241 871 
8240 1649 693 736 452 
8241 1649 736 693 762 
8242 1704 842 841 1240 
8243 1704 841 842 1662 
8244 1756 667 1639 668 
8245 1756 1639 667 1770 
8246 710 667 1639 1770 
8247 1714 1495 972 875 
8248 719 715 1803 714 
8249 719 1803 715 718 
8250 1766 1415 1780 1694 
8251 1766 1780 1415 1010 
8252 1218 1780 1415 1694 
8253 1218 1415 1780 1010 
8254 1622 1052 1707 872 
8255 1622 1707 1052 1805 
8256 1051 1052 1707 1805 
8257 1068 1359 1044 1534 
8258 1727 1403 1621 1234 
8259 1727 1621 1403 1695 
8260 1291 1621 1337 1234 
8261 1291 1337 1621 1695 
8262 1621 1403 1337 1234 
8263 1621 1337 1403 1695 
8264 1721 1165 1123 1166 
8265 1721 1123 1165 1272 
8266 1795 606 1639 1757 
8267 1795 1639 606 645 
8268 532 76 102 77 
8269 532 102 76 128 
8270 1790 1797 1709 1628 
8271 1709 1797 1790 1692 
8272 527 1787 547 546 
8273 547 1787 527 1788 
8274 205 177 225 226 
8275 205 225 177 178 
8276 225 177 731 226 
8277 225 731 177 178 
8278 731 177 181 226 
8279 1797 1789 1412 1511 
8280 1412 1789 1797 1675 
8281 1412 1542 1797 1511 
8282 1797 1542 1412 1675 
8283 1015 1349 1542 1356 
8284 1015 1542 1349 1014 
8285 1170 1732 1083 1539 
8286 1083 1732 1170 1713 
8287 412 398 276 413 
8288 412 276 398 356 
8289 1752 26 28 22 
8290 1752 28 26 62 
8291 1675 1790 1356 1628 
8292 1356 1790 1675 1542 
8293 449 368 1652 566 
8294 1652 368 449 445 
8295 618 574 1656 769 
8296 1656 574 618 577 
8297 772 695 775 1341 
8298 50 75 88 323 
8299 50 88 75 44 
8300 622 498 703 497 
8301 570 703 498 497 
8302 570 498 703 616 
8303 1772 585 1754 1684 
8304 1772 1754 585 610 
8305 248 57 128 60 
8306 245 154 88 147 
8307 1406 826 1187 825 
8308 1406 1187 826 1615 
8309 1508 1740 1455 1216 
8310 1455 1740 1508 1721 
8311 1768 639 642 1673 
8312 1768 642 639 665 
8313 1646 1779 1266 857 
8314 1646 1266 1779 1320 
8315 853 1266 1779 857 
8316 1483 1315 1784 1533 
8317 1483 1784 1315 1316 
8318 1735 754 919 1426 
8319 1741 1136 1653 1137 
8320 1741 1653 1136 1665 
8321 892 1558 882 893 
8322 882 1558 892 1132 
8323 338 230 182 242 
8324 182 230 338 274 
8325 400 312 462 399 
8326 462 312 400 348 
8327 474 326 475 358 
8328 1745 729 728 1644 
8329 1745 728 729 730 
8330 1802 923 1282 921 
8331 1802 1282 923 1681 
8332 228 213 210 209 
8333 210 213 228 227 
8334 24 129 5 130 
8335 24 5 129 623 
8336 41 5 129 130 
8337 41 129 5 623 
8338 180 420 177 181 
8339 180 177 420 179 
8340 1770 638 1060 637 
8341 1770 1060 638 712 
8342 1790 1418 1542 1394 
8343 1790 1542 1418 1692 
8344 1163 1665 1691 1115 
8345 1691 1665 1163 1096 
8346 1691 1154 1163 1115 
8347 1163 1154 1691 1096 
8348 1808 1416 1404 1482 
8349 884 876 1714 952 
8350 314 332 255 333 
8351 314 255 332 287 
8352 402 255 332 333 
8353 402 332 255 287 
8354 202 200 240 201 
8355 202 240 200 142 
8356 218 89 80 131 
8357 218 80 89 81 
8358 159 110 306 109 
8359 159 306 110 97 
8360 323 110 306 97 
8361 1705 584 1625 516 
8362 1705 1625 584 1646 
8363 1077 1803 1778 718 
8364 1778 1803 1077 624 
8365 1778 551 1077 718 
8366 1077 551 1778 624 
8367 1349 1391 1542 1462 
8368 1542 1391 1349 1014 
8369 1787 1110 347 547 
8370 1787 347 1110 1768 
8371 534 423 425 422 
8372 425 423 534 535 
8373 425 490 534 422 
8374 534 490 425 535 
8375 1797 1665 1005 1789 
8376 1797 1005 1665 1692 
8377 1096 1005 1665 1789 
8378 1741 1808 1115 1135 
8379 1115 1808 1741 1665 
8380 1115 1163 1741 1135 
8381 1741 1163 1115 1665 
8382 887 1044 1068 1359 
8383 887 1068 1044 1777 
8384 1168 993 1777 992 
8385 1777 993 1168 1261 
8386 763 695 737 775 
8387 737 695 763 694 
8388 737 1401 763 775 
8389 640 595 778 1798 
8390 273 593 592 276 
8391 592 593 273 526 
8392 66 44 88 50 
8393 66 88 44 80 
8394 1738 1298 1360 1411 
8395 1738 1360 1298 1721 
8396 930 1660 1360 1411 
8397 1660 1738 1360 1411 
8398 1660 1360 1738 1721 
8399 1436 1438 755 1264 
8400 755 1438 1436 1519 
8401 1043 1044 1243 1042 
8402 1043 1243 1044 887 
8403 1359 1243 1044 1042 
8404 1359 1044 1243 887 
8405 595 1523 640 778 
8406 640 1523 595 1463 
8407 192 250 421 194 
8408 192 421 250 253 
8409 75 80 88 89 
8410 75 88 80 44 
8411 867 970 1704 946 
8412 867 1704 970 971 
8413 73 209 967 108 
8414 73 967 209 214 
8415 68 67 66 69 
8416 68 66 67 63 
8417 1738 1109 1660 1721 
8418 1738 1660 1109 1095 
8419 1678 1660 1109 1721 
8420 1678 1109 1660 1095 
8421 68 42 1752 63 
8422 68 1752 42 21 
8423 1481 1785 1716 1275 
8424 1716 1785 1481 1806 
8425 167 120 268 122 
8426 167 268 120 234 
8427 195 120 268 234 
8428 942 1452 1776 1024 
8429 942 1776 1452 1039 
8430 1398 1287 1722 1408 
8431 1398 1722 1287 719 
8432 1793 1069 1716 1070 
8433 1793 1716 1069 1805 
8434 1485 1070 1681 1276 
8435 1681 1070 1485 923 
8436 8 44 69 50 
8437 8 69 44 43 
8438 450 373 1690 374 
8439 450 1690 373 468 
8440 784 746 1393 1425 
8441 1393 746 784 747 
8442 183 107 186 146 
8443 145 107 186 204 
8444 145 186 107 146 
8445 850 1293 1741 1295 
8446 850 1741 1293 1476 
8447 1756 576 575 574 
8448 1756 575 576 599 
8449 437 496 557 439 
8450 18 65 1752 19 
8451 1752 65 18 231 
8452 1052 1241 1724 1053 
8453 1724 1241 1052 871 
8454 1389 1441 1396 1446 
8455 1389 1396 1441 1397 
8456 1427 1187 1405 1426 
8457 1405 1187 1427 1188 
8458 238 262 271 1004 
8459 409 262 271 410 
8460 409 271 262 1004 
8461 596 635 597 636 
8462 1181 1120 1119 586 
8463 1339 1192 1714 1434 
8464 1339 1714 1192 986 
8465 567 1314 485 570 
8466 567 485 1314 568 
8467 1499 1371 849 1492 
8468 1499 849 1371 1373 
8469 58 128 57 78 
8470 57 128 58 248 
8471 64 1752 42 63 
8472 42 1752 64 65 
8473 254 553 223 314 
8474 254 223 553 224 
8475 313 223 553 314 
8476 352 405 404 261 
8477 1063 1144 1783 1078 
8478 1063 1783 1144 1208 
8479 218 95 80 81 
8480 663 680 747 1393 
8481 747 680 663 681 
8482 1069 922 1793 1031 
8483 1069 1793 922 1070 
8484 1410 1525 1773 1009 
8485 1773 1525 1410 1524 
8486 597 1428 1764 716 
8487 597 1764 1428 1017 
8488 1531 1668 1370 1591 
8489 634 704 1703 785 
8490 1703 704 634 1229 
8491 1703 1228 634 785 
8492 634 1228 1703 1229 
8493 1156 976 1710 1194 
8494 1156 1710 976 1513 
8495 19 21 1752 23 
8496 1258 1388 1259 1402 
8497 1258 1259 1388 1257 
8498 1400 739 740 742 
8499 1400 740 739 1341 
8500 1547 1067 1691 1528 
8501 1691 1067 1547 1293 
8502 356 363 230 274 
8503 230 363 356 412 
8504 1800 1164 1302 1046 
8505 1800 1302 1164 1291 
8506 1290 1302 1164 1046 
8507 1290 1164 1302 1291 
8508 638 1489 1060 707 
8509 638 1060 1489 1614 
8510 831 945 943 829 
8511 831 943 945 1176 
8512 840 1662 1704 970 
8513 1704 1662 840 841 
8514 1704 971 840 970 
8515 840 971 1704 841 
8516 196 223 162 222 
8517 196 162 223 163 
8518 313 162 223 222 
8519 313 223 162 163 
8520 1282 963 1693 962 
8521 1021 1020 1671 1062 
8522 1021 1671 1020 994 
8523 918 1198 1762 1334 
8524 918 1762 1198 1376 
8525 700 701 739 626 
8526 1724 1105 1662 1153 
8527 1724 1662 1105 1158 
8528 840 1662 1105 1153 
8529 1592 1554 1700 1268 
8530 1387 802 1706 1235 
8531 1387 1706 802 1515 
8532 320 377 1792 321 
8533 320 1792 377 517 
8534 1589 716 1704 1428 
8535 1704 716 1589 1331 
8536 1438 620 698 1002 
8537 273 526 282 190 
8538 273 282 526 305 
8539 1594 1698 1668 1531 
8540 1668 1698 1594 752 
8541 1668 1370 1594 1531 
8542 1594 1370 1668 752 
8543 204 1442 107 127 
8544 204 107 1442 139 
8545 387 1584 341 340 
8546 341 1584 387 263 
8547 535 1138 569 696 
8548 569 1138 535 534 
8549 1105 1724 1103 1153 
8550 1103 1724 1105 1104 
8551 1314 485 542 568 
8552 542 485 1314 492 
8553 542 573 1314 568 
8554 1314 573 542 492 
8555 946 868 1689 867 
8556 1689 868 946 830 
8557 482 481 1755 403 
8558 1755 481 482 483 
8559 829 944 868 1073 
8560 829 868 944 1328 
8561 1254 868 944 1073 
8562 1254 944 868 1328 
8563 267 395 170 713 
8564 170 395 267 195 
8565 170 161 267 713 
8566 267 161 170 195 
8567 323 48 678 50 
8568 323 678 48 72 
8569 1658 1571 1580 1504 
8570 1586 1571 1580 1587 
8571 1586 1580 1571 1504 
8572 107 103 183 1442 
8573 105 183 103 1442 
8574 1300 934 1713 1497 
8575 1713 934 1300 1171 
8576 362 524 408 598 
8577 362 408 524 436 
8578 1455 1454 1721 1535 
8579 1721 1454 1455 1126 
8580 1125 1126 1740 1124 
8581 1740 1126 1125 1380 
8582 184 191 188 185 
8583 184 188 191 248 
8584 379 429 293 1563 
8585 293 429 379 604 
8586 931 932 1660 930 
8587 1660 932 931 1680 
8588 1018 952 1714 876 
8589 1714 952 1018 1071 
8590 235 257 234 291 
8591 235 234 257 256 
8592 348 347 458 359 
8593 458 347 348 349 
8594 484 508 1778 529 
8595 484 1778 508 449 
8596 525 634 679 680 
8597 525 679 634 633 
8598 815 813 1814 814 
8599 815 1814 813 1238 
8600 929 1096 1789 1005 
8601 300 301 182 186 
8602 182 301 300 338 
8603 510 504 1673 509 
8604 510 1673 504 511 
8605 186 220 182 189 
8606 1235 1162 1746 1387 
8607 1235 1746 1162 1160 
8608 309 287 217 285 
8609 136 473 124 137 
8610 124 473 136 142 
8611 714 1288 1722 719 
8612 714 1722 1288 1487 
8613 493 432 485 427 
8614 485 432 493 492 
8615 506 717 1663 550 
8616 506 1663 717 597 
8617 1764 1663 717 550 
8618 1764 717 1663 597 
8619 1404 1294 1808 1357 
8620 1404 1808 1294 1416 
8621 571 630 545 555 
8622 494 495 426 388 
8623 494 426 495 522 
8624 572 598 555 545 
8625 572 555 598 524 
8626 1379 1556 1739 812 
8627 1379 1739 1556 1413 
8628 166 268 120 122 
8629 166 120 268 195 
8630 680 704 681 747 
8631 680 681 704 679 
8632 703 681 704 747 
8633 703 704 681 679 
8634 1405 1603 1468 919 
8635 1468 1603 1405 1427 
8636 1468 1426 1405 919 
8637 1405 1426 1468 1427 
8638 489 58 211 59 
8639 489 211 58 61 
8640 240 429 176 271 
8641 1805 1052 966 1051 
8642 1053 966 1052 1051 
8643 438 345 353 453 
8644 438 353 345 472 
8645 336 259 168 258 
8646 336 168 259 334 
8647 274 230 300 182 
8648 274 300 230 275 
8649 187 300 230 182 
8650 187 230 300 275 
8651 1788 401 462 359 
8652 1788 462 401 1664 
8653 738 794 519 795 
8654 519 794 738 734 
8655 663 706 746 631 
8656 663 746 706 1393 
8657 649 1440 651 698 
8658 1778 580 484 530 
8659 417 484 580 530 
8660 134 33 37 87 
8661 134 37 33 34 
8662 315 399 312 310 
8663 315 312 399 463 
8664 331 414 459 351 
8665 459 414 331 444 
8666 465 405 1652 1239 
8667 1652 405 465 403 
8668 1652 1754 465 1239 
8669 465 1754 1652 403 
8670 1210 1311 1732 1106 
8671 1732 1311 1210 1555 
8672 1732 1682 1210 1106 
8673 1210 1682 1732 1555 
8674 175 223 553 313 
8675 175 553 223 224 
8676 308 251 421 266 
8677 421 251 308 330 
8678 1415 1312 1766 1010 
8679 1415 1766 1312 1292 
8680 1795 1452 1706 767 
8681 1795 1706 1452 1041 
8682 712 1706 1452 767 
8683 712 1452 1706 1041 
8684 742 702 701 700 
8685 701 702 742 1226 
8686 701 739 742 700 
8687 742 739 701 1226 
8688 176 262 271 238 
8689 271 262 176 410 
8690 421 265 303 266 
8691 303 265 421 212 
8692 303 308 421 266 
8693 421 308 303 212 
8694 75 118 89 92 
8695 75 89 118 131 
8696 1306 1305 1120 1118 
8697 1306 1120 1305 1307 
8698 433 635 1798 596 
8699 433 1798 635 778 
8700 1241 863 1641 1576 
8701 1641 863 1241 1016 
8702 157 131 113 218 
8703 157 113 131 158 
8704 210 342 272 362 
8705 210 272 342 327 
8706 427 385 428 432 
8707 428 385 427 544 
8708 1415 1340 1694 1550 
8709 1694 1340 1415 1125 
8710 823 964 1801 828 
8711 1801 964 823 1151 
8712 483 459 444 481 
8713 444 459 483 364 
8714 466 531 1754 482 
8715 1754 531 466 614 
8716 428 385 379 1004 
8717 428 379 385 544 
8718 1457 1259 1461 1498 
8719 1457 1461 1259 1257 
8720 1388 1461 1259 1498 
8721 1388 1259 1461 1257 
8722 117 155 159 192 
8723 117 159 155 109 
8724 1220 1132 1760 1593 
8725 1220 1760 1132 1133 
8726 804 1235 1706 802 
8727 804 1706 1235 1236 
8728 98 162 216 164 
8729 98 216 162 286 
8730 330 252 366 251 
8731 366 252 330 331 
8732 335 371 1799 1246 
8733 335 1799 371 370 
8734 538 492 573 572 
8735 538 573 492 542 
8736 630 571 707 555 
8737 707 571 630 629 
8738 707 637 630 555 
8739 478 412 396 477 
8740 396 412 478 474 
8741 396 357 478 477 
8742 478 357 396 474 
8743 309 196 162 311 
8744 162 196 309 217 
8745 162 287 309 311 
8746 309 287 162 217 
8747 754 753 1735 919 
8748 1735 753 754 619 
8749 461 365 457 456 
8750 1388 1369 1461 1498 
8751 1388 1461 1369 1390 
8752 571 706 745 707 
8753 745 706 571 631 
8754 2 4 1 3 
8755 2 1 4 33 
8756 317 350 459 351 
8757 459 350 317 290 
8758 380 379 428 544 
8759 428 379 380 381 
8760 1234 1404 1727 1403 
8761 1727 1404 1234 1399 
8762 363 475 326 392 
8763 363 326 475 474 
8764 1433 671 1813 721 
8765 1813 671 1433 1167 
8766 240 199 429 202 
8767 240 429 199 176 
8768 27 5 236 24 
8769 27 236 5 6 
8770 130 236 5 24 
8771 130 5 236 6 
8772 552 156 121 99 
8773 552 121 156 119 
8774 251 193 670 194 
8775 670 193 251 252 
8776 732 692 1439 1440 
8777 732 1439 692 652 
8778 1357 1293 1808 1547 
8779 1357 1808 1293 1294 
8780 1244 887 1043 1488 
8781 1244 1043 887 1243 
8782 1718 756 1646 857 
8783 1718 1646 756 757 
8784 677 1646 756 857 
8785 677 756 1646 757 
8786 660 622 525 679 
8787 525 622 660 587 
8788 137 96 473 124 
8789 473 96 137 123 
8790 495 587 498 471 
8791 495 498 587 622 
8792 525 498 587 471 
8793 525 587 498 622 
8794 743 1432 1759 1569 
8795 743 1759 1432 1209 
8796 1051 993 1707 1152 
8797 1051 1707 993 965 
8798 330 365 421 366 
8799 330 421 365 308 
8800 545 629 571 748 
8801 571 629 545 630 
8802 125 123 473 82 
8803 473 123 125 96 
8804 107 144 204 145 
8805 204 144 107 140 
8806 240 208 209 229 
8807 240 209 208 151 
8808 162 217 216 196 
8809 216 217 162 286 
8810 443 481 1755 483 
8811 1755 481 443 566 
8812 747 567 663 746 
8813 663 567 747 703 
8814 1564 136 138 198 
8815 1564 138 136 142 
8816 1463 1523 1342 1279 
8817 1463 1342 1523 1338 
8818 1352 1342 1523 1279 
8819 1352 1523 1342 1338 
8820 320 520 1636 518 
8821 1636 520 320 378 
8822 1433 1155 1710 1167 
8823 1310 1307 1507 1306 
8824 1310 1507 1307 1309 
8825 1390 1534 1369 1363 
8826 1390 1369 1534 1068 
8827 1362 1369 1534 1363 
8828 1362 1534 1369 1068 
8829 1187 1186 1406 825 
8830 1406 1186 1187 1188 
8831 956 1562 690 957 
8832 690 1562 956 936 
8833 690 1723 956 957 
8834 956 1723 690 936 
8835 1152 1052 1707 1051 
8836 1707 1052 1152 872 
8837 1416 1295 1741 1294 
8838 1741 1295 1416 1538 
8839 1741 1808 1416 1294 
8840 366 441 365 364 
8841 365 441 366 330 
8842 364 440 443 441 
8843 364 443 440 461 
8844 480 569 535 490 
8845 535 569 480 590 
8846 1200 729 1718 757 
8847 1200 1718 729 730 
8848 1363 1242 1359 1042 
8849 1359 1242 1363 1364 
8850 111 113 90 98 
8851 111 90 113 112 
8852 182 183 186 146 
8853 186 183 182 220 
8854 477 413 396 1110 
8855 477 396 413 412 
8856 107 105 103 106 
8857 107 103 105 183 
8858 1233 997 1702 836 
8859 1233 1702 997 1195 
8860 835 1489 1744 1551 
8861 835 1744 1489 1479 
8862 745 748 571 629 
8863 745 571 748 615 
8864 1607 914 1746 1605 
8865 1607 1746 914 1424 
8866 1060 1479 707 1489 
8867 629 707 1479 1489 
8868 629 1479 707 745 
8869 796 985 1781 797 
8870 1781 985 796 1062 
8871 1381 1142 1391 1395 
8872 1381 1391 1142 1014 
8873 1394 1391 1142 1395 
8874 1394 1142 1391 1014 
8875 1628 1345 1748 1221 
8876 1628 1748 1345 1356 
8877 1462 1748 1345 1221 
8878 1462 1345 1748 1356 
8879 1790 1013 1394 1015 
8880 1014 1394 1013 1015 
8881 1014 1013 1394 1142 
8882 1462 1222 1748 1221 
8883 1462 1748 1222 1248 
8884 1762 1376 1784 1483 
8885 1762 1784 1376 1378 
8886 1316 1784 1376 1483 
8887 1316 1376 1784 1378 
8888 920 1113 1727 1193 
8889 920 1727 1113 1308 
8890 837 1587 1586 1516 
8891 1571 1586 1743 1585 
8892 1743 1586 837 1585 
8893 1546 803 1722 1579 
8894 1546 1722 803 1487 
8895 1554 972 1700 1495 
8896 1554 1700 972 1592 
8897 1679 972 1700 1592 
8898 720 605 1674 689 
8899 1674 605 720 673 
8900 1075 942 1800 1045 
8901 1075 1800 942 1195 
8902 986 954 1714 951 
8903 1714 954 986 1339 
8904 876 877 1714 875 
8905 876 1714 877 884 
8906 1213 1277 1741 1211 
8907 1741 1277 1213 1492 
8908 1741 1653 1213 1211 
8909 1213 1653 1741 1492 
8910 984 805 1657 905 
8911 1657 805 984 813 
8912 1456 1119 1120 1305 
8913 1120 1119 1456 1181 
8914 1120 1307 1456 1305 
8915 1456 1307 1120 1181 
8916 1088 1247 1705 1089 
8917 1088 1705 1247 1448 
8918 1646 1486 1320 1318 
8919 1646 1320 1486 1265 
8920 1319 1320 1486 1318 
8921 1319 1486 1320 1265 
8922 873 1055 1699 874 
8923 873 1699 1055 1061 
8924 1132 1608 1760 882 
8925 1132 1760 1608 1134 
8926 610 1239 1754 585 
8927 610 1754 1239 465 
8928 512 513 1767 515 
8929 512 1767 513 583 
8930 530 579 1778 580 
8931 530 1778 579 686 
8932 1708 1778 579 580 
8933 1708 579 1778 686 
8934 693 521 771 520 
8935 693 771 521 627 
8936 410 362 239 409 
8937 239 362 410 208 
8938 711 667 1639 710 
8939 711 1639 667 668 
8940 559 565 479 576 
8941 559 479 565 461 
8942 443 414 481 444 
8943 443 481 414 566 
8944 556 437 496 557 
8945 556 496 437 500 
8946 616 663 703 664 
8947 616 703 663 681 
8948 345 341 387 263 
8949 345 387 341 705 
8950 388 471 501 389 
8951 388 501 471 495 
8952 599 362 564 342 
8953 564 362 599 598 
8954 263 179 657 264 
8955 263 657 179 420 
8956 88 147 306 245 
8957 88 306 147 148 
8958 214 247 212 367 
8959 265 247 212 327 
8960 265 212 247 367 
8961 713 366 252 670 
8962 157 218 99 552 
8963 95 218 99 91 
8964 95 99 218 552 
8965 325 145 301 523 
8966 325 301 145 146 
8967 1578 778 1806 1577 
8968 1578 1806 778 777 
8969 474 502 434 475 
8970 474 434 502 503 
8971 435 502 434 503 
8972 749 779 1352 750 
8973 749 1352 779 1342 
8974 1279 779 1352 1342 
8975 548 603 1788 549 
8976 1788 603 548 697 
8977 274 185 275 273 
8978 274 275 185 300 
8979 187 275 185 273 
8980 187 185 275 300 
8981 378 376 1758 452 
8982 378 1758 376 277 
8983 578 724 1667 726 
8984 578 1667 724 725 
8985 1413 1524 1739 1556 
8986 1413 1739 1524 955 
8987 1336 826 1601 753 
8988 620 1438 650 755 
8989 761 1106 1682 910 
8990 761 1682 1106 1210 
8991 1324 1475 1383 1474 
8992 1383 1475 1324 1458 
8993 947 831 1689 830 
8994 947 1689 831 1072 
8995 970 1158 1662 1076 
8996 970 1105 1662 1158 
8997 970 1662 1105 840 
8998 717 725 1667 550 
8999 717 1667 725 1333 
9000 1095 1544 1660 1081 
9001 1217 1340 1740 1215 
9002 1217 1740 1340 1202 
9003 1207 1080 1783 1131 
9004 1207 1783 1080 1208 
9005 980 878 1645 979 
9006 980 1645 878 1102 
9007 1116 1230 1730 860 
9008 1116 1730 1230 1466 
9009 1123 1121 1794 1122 
9010 1123 1794 1121 1049 
9011 1454 1298 1721 1535 
9012 1721 1298 1454 1360 
9013 1095 1322 1660 1544 
9014 1660 1322 1095 1385 
9015 1218 1510 1780 1560 
9016 1218 1780 1510 1219 
9017 1068 1362 1461 1369 
9018 1457 1461 1362 1369 
9019 1457 1362 1461 1559 
9020 661 1342 1352 749 
9021 661 1352 1342 1097 
9022 1432 1282 1693 1431 
9023 1432 1693 1282 963 
9024 1241 1240 1641 1016 
9025 1241 1641 1240 842 
9026 859 860 1796 858 
9027 859 1796 860 1116 
9028 1730 860 1796 1116 
9029 1440 649 732 692 
9030 1440 732 649 651 
9031 652 732 649 692 
9032 652 649 732 651 
9033 1275 1280 1785 1526 
9034 1275 1785 1280 1278 
9035 1110 458 347 547 
9036 1110 347 458 413 
9037 551 1398 1778 686 
9038 551 1778 1398 718 
9039 949 1366 1365 948 
9040 1365 1366 949 1494 
9041 433 434 558 435 
9042 433 558 434 455 
9043 1121 1095 1738 1122 
9044 1121 1738 1095 1385 
9045 1196 837 1586 1585 
9046 1196 1586 837 1587 
9047 1571 1196 1586 1585 
9048 1571 1586 1196 1587 
9049 1658 1196 1571 1585 
9050 247 213 212 327 
9051 247 212 213 214 
9052 85 143 209 108 
9053 337 361 1736 373 
9054 337 1736 361 336 
9055 1069 1031 1805 1034 
9056 1069 1805 1031 1793 
9057 1708 451 1684 1652 
9058 1708 1684 451 1625 
9059 1676 1725 1377 1634 
9060 1377 1725 1676 1522 
9061 1377 1610 1676 1634 
9062 1676 1610 1377 1522 
9063 1155 1465 1710 1156 
9064 1155 1710 1465 1433 
9065 1513 1710 1465 1156 
9066 1513 1465 1710 1433 
9067 732 776 695 763 
9068 732 695 776 772 
9069 775 695 776 763 
9070 775 776 695 772 
9071 461 343 457 365 
9072 457 343 461 342 
9073 865 929 1789 1334 
9074 865 1789 929 1096 
9075 19 42 1752 21 
9076 19 1752 42 65 
9077 1586 1743 1517 1571 
9078 85 151 143 153 
9079 85 143 151 209 
9080 1231 1478 1220 1422 
9081 1220 1478 1231 1046 
9082 1220 1800 1231 1422 
9083 1231 1800 1220 1046 
9084 1422 881 1164 1232 
9085 1164 881 1422 1800 
9086 1164 1231 1422 1232 
9087 1422 1231 1164 1800 
9088 1615 1426 1187 1336 
9089 1615 1187 1426 1405 
9090 1336 1426 919 1615 
9091 919 826 1336 1615 
9092 752 1668 687 721 
9093 752 687 1668 1737 
9094 647 687 1668 721 
9095 647 1668 687 1737 
9096 1139 1404 1273 1140 
9097 1139 1274 1404 1482 
9098 1139 1404 1274 1273 
9099 1808 1404 1274 1482 
9100 1808 1274 1404 1273 
9101 1280 749 1093 1351 
9102 1093 749 1280 750 
9103 4 623 35 7 
9104 4 35 623 54 
9105 34 35 623 7 
9106 34 623 35 54 
9107 1366 1213 849 1653 
9108 1366 849 1213 1499 
9109 1492 849 1213 1653 
9110 1492 1213 849 1499 
9111 1484 1740 1216 1217 
9112 1216 1740 1484 1165 
9113 851 850 1532 1491 
9114 851 1532 850 849 
9115 1492 851 1532 1491 
9116 1492 1532 851 849 
9117 1371 851 1492 1491 
9118 1371 1492 851 849 
9119 794 795 586 533 
9120 794 586 795 1448 
9121 541 794 586 533 
9122 541 586 794 1448 
9123 1683 794 541 533 
9124 1683 541 794 1448 
9125 632 659 786 1759 
9126 632 786 659 682 
9127 659 632 591 588 
9128 659 591 632 682 
9129 1805 1793 1051 966 
9130 1805 1051 1793 1707 
9131 965 1051 1793 966 
9132 965 1793 1051 1707 
9133 525 498 679 622 
9134 525 679 498 616 
9135 703 679 498 622 
9136 703 498 679 616 
9137 154 88 306 245 
9138 154 306 88 109 
9139 420 731 177 181 
9140 177 179 731 420 
9141 731 179 177 178 
9142 131 95 80 218 
9143 131 80 95 71 
9144 110 306 88 323 
9145 110 88 306 109 
9146 662 659 654 588 
9147 662 654 659 1759 
9148 655 662 654 588 
9149 655 654 662 1759 
9150 661 662 655 588 
9151 661 655 662 1759 
9152 1154 1005 1691 1096 
9153 1154 1691 1005 1692 
9154 1665 1691 1005 1096 
9155 1665 1005 1691 1692 
9156 1512 1678 1660 930 
9157 1660 1678 1512 1721 
9158 1660 1360 1512 930 
9159 1512 1360 1660 1721 
9160 763 737 764 1401 
9161 764 737 763 694 
9162 107 186 127 183 
9163 107 127 186 204 
9164 1265 1320 853 1266 
9165 1265 853 1320 1319 
9166 1779 853 1320 1266 
9167 1779 1320 853 1319 
9168 635 597 1663 1798 
9169 635 1663 597 636 
9170 597 596 1798 635 
9171 1798 596 597 506 
9172 405 1652 1690 404 
9173 1690 1652 405 451 
9174 1690 352 405 404 
9175 405 352 1690 451 
9176 252 366 459 331 
9177 459 366 252 713 
9178 459 350 252 331 
9179 252 350 459 713 
9180 1365 1493 948 1384 
9181 1179 1181 1088 1087 
9182 1088 1181 1179 1779 
9183 1088 1705 1179 1087 
9184 1179 1705 1088 1779 
9185 1053 966 1805 1052 
9186 1805 966 1053 1033 
9187 417 484 1778 580 
9188 1778 484 417 446 
9189 1778 1652 417 580 
9190 417 1652 1778 446 
9191 1534 1362 1044 1350 
9192 1042 1534 1362 1044 
9193 1042 1362 1534 1363 
9194 630 707 638 637 
9195 638 707 630 629 
9196 1741 1297 1482 1808 
9197 1482 1297 1741 1538 
9198 1482 1416 1741 1808 
9199 1741 1416 1482 1538 
9200 113 91 90 98 
9201 113 112 64 114 
9202 64 112 113 90 
9203 64 91 113 114 
9204 113 91 64 90 
9205 1479 707 912 1060 
9206 1479 912 707 745 
9207 1449 912 707 1060 
9208 1449 707 912 745 
9209 1013 1394 1419 1790 
9210 1013 1419 1394 1142 
9211 1141 1143 1419 1790 
9212 1141 1419 1143 1142 
9213 1143 1013 1419 1790 
9214 1143 1419 1013 1142 
9215 1586 837 1517 1743 
9216 1586 1517 837 1516 
9217 1518 1517 837 1743 
9218 1518 837 1517 1516 
9219 972 1700 1714 1679 
9220 972 1714 1700 1495 
9221 218 99 113 157 
9222 218 113 99 91 
9223 480 502 407 435 
9224 480 407 502 475 
9225 434 407 502 435 
9226 434 502 407 475 
9227 779 1352 1280 1279 
9228 779 1280 1352 750 
9229 1426 753 826 919 
9230 826 753 1426 1601 
9231 826 1336 1426 919 
9232 1426 1336 826 1601 
9233 650 620 698 1438 
9234 698 620 650 649 
9235 1350 1362 1249 1068 
9236 1350 1249 1362 1559 
9237 1461 1249 1362 1068 
9238 1461 1362 1249 1559 
9239 860 1796 925 1730 
9240 860 925 1796 858 
9241 1082 925 1796 1730 
9242 1082 1796 925 858 
9243 949 1365 1493 948 
9244 1494 1493 1365 1367 
9245 1494 1365 1493 949 
9246 1196 1571 1198 1658 
9247 1196 1198 1571 1587 
9248 1580 1198 1571 1658 
9249 1580 1571 1198 1587 
9250 939 1049 1794 1048 
9251 1121 1699 1049 1794 
9252 1121 1049 1699 1414 
9253 939 1049 1699 1794 
9254 939 1699 1049 1414 
$EndElements
