$MeshFormat
4.1 0 8
$EndMeshFormat
$Entities
0 0 1 1
1 -78.168808 -20.896246 28.5383892 7.549408440000001 45.3586845 100.605141 0 0 
1 -78.168808 -20.896246 28.5383892 7.549408440000001 45.3586845 100.605141 0 1 1 
$EndEntities
$Nodes
2 3082 1 3082
2 1 0 2525
1
2
3
4
5
6
7
8
9
10
11
12
13
14
15
16
17
18
19
20
21
22
23
24
25
26
27
28
29
30
31
32
33
34
35
36
37
38
39
40
41
42
43
44
45
46
47
48
49
50
51
52
53
54
55
56
57
58
59
60
61
62
63
64
65
66
67
68
69
70
71
72
73
74
75
76
77
78
79
80
81
82
83
84
85
86
87
88
89
90
91
92
93
94
95
96
97
98
99
100
101
102
103
104
105
106
107
108
109
110
111
112
113
114
115
116
117
118
119
120
121
122
123
124
125
126
127
128
129
130
131
132
133
134
135
136
137
138
139
140
141
142
143
144
145
146
147
148
149
150
151
152
153
154
155
156
157
158
159
160
161
162
163
164
165
166
167
168
169
170
171
172
173
174
175
176
177
178
179
180
181
182
183
184
185
186
187
188
189
190
191
192
193
194
195
196
197
198
199
200
201
202
203
204
205
206
207
208
209
210
211
212
213
214
215
216
217
218
219
220
221
222
223
224
225
226
227
228
229
230
231
232
233
234
235
236
237
238
239
240
241
242
243
244
245
246
247
248
249
250
251
252
253
254
255
256
257
258
259
260
261
262
263
264
265
266
267
268
269
270
271
272
273
274
275
276
277
278
279
280
281
282
283
284
285
286
287
288
289
290
291
292
293
294
295
296
297
298
299
300
301
302
303
304
305
306
307
308
309
310
311
312
313
314
315
316
317
318
319
320
321
322
323
324
325
326
327
328
329
330
331
332
333
334
335
336
337
338
339
340
341
342
343
344
345
346
347
348
349
350
351
352
353
354
355
356
357
358
359
360
361
362
363
364
365
366
367
368
369
370
371
372
373
374
375
376
377
378
379
380
381
382
383
384
385
386
387
388
389
390
391
392
393
394
395
396
397
398
399
400
401
402
403
404
405
406
407
408
409
410
411
412
413
414
415
416
417
418
419
420
421
422
423
424
425
426
427
428
429
430
431
432
433
434
435
436
437
438
439
440
441
442
443
444
445
446
447
448
449
450
451
452
453
454
455
456
457
458
459
460
461
462
463
464
465
466
467
468
469
470
471
472
473
474
475
476
477
478
479
480
481
482
483
484
485
486
487
488
489
490
491
492
493
494
495
496
497
498
499
500
501
502
503
504
505
506
507
508
509
510
511
512
513
514
515
516
517
518
519
520
521
522
523
524
525
526
527
528
529
530
531
532
533
534
535
536
537
538
539
540
541
542
543
544
545
546
547
548
549
550
551
552
553
554
555
556
557
558
559
560
561
562
563
564
565
566
567
568
569
570
571
572
573
574
575
576
577
578
579
580
581
582
583
584
585
586
587
588
589
590
591
592
593
594
595
596
597
598
599
600
601
602
603
604
605
606
607
608
609
610
611
612
613
614
615
616
617
618
619
620
621
622
623
624
625
626
627
628
629
630
631
632
633
634
635
636
637
638
639
640
641
642
643
644
645
646
647
648
649
650
651
652
653
654
655
656
657
658
659
660
661
662
663
664
665
666
667
668
669
670
671
672
673
674
675
676
677
678
679
680
681
682
683
684
685
686
687
688
689
690
691
692
693
694
695
696
697
698
699
700
701
702
703
704
705
706
707
708
709
710
711
712
713
714
715
716
717
718
719
720
721
722
723
724
725
726
727
728
729
730
731
732
733
734
735
736
737
738
739
740
741
742
743
744
745
746
747
748
749
750
751
752
753
754
755
756
757
758
759
760
761
762
763
764
765
766
767
768
769
770
771
772
773
774
775
776
777
778
779
780
781
782
783
784
785
786
787
788
789
790
791
792
793
794
795
796
797
798
799
800
801
802
803
804
805
806
807
808
809
810
811
812
813
814
815
816
817
818
819
820
821
822
823
824
825
826
827
828
829
830
831
832
833
834
835
836
837
838
839
840
841
842
843
844
845
846
847
848
849
850
851
852
853
854
855
856
857
858
859
860
861
862
863
864
865
866
867
868
869
870
871
872
873
874
875
876
877
878
879
880
881
882
883
884
885
886
887
888
889
890
891
892
893
894
895
896
897
898
899
900
901
902
903
904
905
906
907
908
909
910
911
912
913
914
915
916
917
918
919
920
921
922
923
924
925
926
927
928
929
930
931
932
933
934
935
936
937
938
939
940
941
942
943
944
945
946
947
948
949
950
951
952
953
954
955
956
957
958
959
960
961
962
963
964
965
966
967
968
969
970
971
972
973
974
975
976
977
978
979
980
981
982
983
984
985
986
987
988
989
990
991
992
993
994
995
996
997
998
999
1000
1001
1002
1003
1004
1005
1006
1007
1008
1009
1010
1011
1012
1013
1014
1015
1016
1017
1018
1019
1020
1021
1022
1023
1024
1025
1026
1027
1028
1029
1030
1031
1032
1033
1034
1035
1036
1037
1038
1039
1040
1041
1042
1043
1044
1045
1046
1047
1048
1049
1050
1051
1052
1053
1054
1055
1056
1057
1058
1059
1060
1061
1062
1063
1064
1065
1066
1067
1068
1069
1070
1071
1072
1073
1074
1075
1076
1077
1078
1079
1080
1081
1082
1083
1084
1085
1086
1087
1088
1089
1090
1091
1092
1093
1094
1095
1096
1097
1098
1099
1100
1101
1102
1103
1104
1105
1106
1107
1108
1109
1110
1111
1112
1113
1114
1115
1116
1117
1118
1119
1120
1121
1122
1123
1124
1125
1126
1127
1128
1129
1130
1131
1132
1133
1134
1135
1136
1137
1138
1139
1140
1141
1142
1143
1144
1145
1146
1147
1148
1149
1150
1151
1152
1153
1154
1155
1156
1157
1158
1159
1160
1161
1162
1163
1164
1165
1166
1167
1168
1169
1170
1171
1172
1173
1174
1175
1176
1177
1178
1179
1180
1181
1182
1183
1184
1185
1186
1187
1188
1189
1190
1191
1192
1193
1194
1195
1196
1197
1198
1199
1200
1201
1202
1203
1204
1205
1206
1207
1208
1209
1210
1211
1212
1213
1214
1215
1216
1217
1218
1219
1220
1221
1222
1223
1224
1225
1226
1227
1228
1229
1230
1231
1232
1233
1234
1235
1236
1237
1238
1239
1240
1241
1242
1243
1244
1245
1246
1247
1248
1249
1250
1251
1252
1253
1254
1255
1256
1257
1258
1259
1260
1261
1262
1263
1264
1265
1266
1267
1268
1269
1270
1271
1272
1273
1274
1275
1276
1277
1278
1279
1280
1281
1282
1283
1284
1285
1286
1287
1288
1289
1290
1291
1292
1293
1294
1295
1296
1297
1298
1299
1300
1301
1302
1303
1304
1305
1306
1307
1308
1309
1310
1311
1312
1313
1314
1315
1316
1317
1318
1319
1320
1321
1322
1323
1324
1325
1326
1327
1328
1329
1330
1331
1332
1333
1334
1335
1336
1337
1338
1339
1340
1341
1342
1343
1344
1345
1346
1347
1348
1349
1350
1351
1352
1353
1354
1355
1356
1357
1358
1359
1360
1361
1362
1363
1364
1365
1366
1367
1368
1369
1370
1371
1372
1373
1374
1375
1376
1377
1378
1379
1380
1381
1382
1383
1384
1385
1386
1387
1388
1389
1390
1391
1392
1393
1394
1395
1396
1397
1398
1399
1400
1401
1402
1403
1404
1405
1406
1407
1408
1409
1410
1411
1412
1413
1414
1415
1416
1417
1418
1419
1420
1421
1422
1423
1424
1425
1426
1427
1428
1429
1430
1431
1432
1433
1434
1435
1436
1437
1438
1439
1440
1441
1442
1443
1444
1445
1446
1447
1448
1449
1450
1451
1452
1453
1454
1455
1456
1457
1458
1459
1460
1461
1462
1463
1464
1465
1466
1467
1468
1469
1470
1471
1472
1473
1474
1475
1476
1477
1478
1479
1480
1481
1482
1483
1484
1485
1486
1487
1488
1489
1490
1491
1492
1493
1494
1495
1496
1497
1498
1499
1500
1501
1502
1503
1504
1505
1506
1507
1508
1509
1510
1511
1512
1513
1514
1515
1516
1517
1518
1519
1520
1521
1522
1523
1524
1525
1526
1527
1528
1529
1530
1531
1532
1533
1534
1535
1536
1537
1538
1539
1540
1541
1542
1543
1544
1545
1546
1547
1548
1549
1550
1551
1552
1553
1554
1555
1556
1557
1558
1559
1560
1561
1562
1563
1564
1565
1566
1567
1568
1569
1570
1571
1572
1573
1574
1575
1576
1577
1578
1579
1580
1581
1582
1583
1584
1585
1586
1587
1588
1589
1590
1591
1592
1593
1594
1595
1596
1597
1598
1599
1600
1601
1602
1603
1604
1605
1606
1607
1608
1609
1610
1611
1612
1613
1614
1615
1616
1617
1618
1619
1620
1621
1622
1623
1624
1625
1626
1627
1628
1629
1630
1631
1632
1633
1634
1635
1636
1637
1638
1639
1640
1641
1642
1643
1644
1645
1646
1647
1648
1649
1650
1651
1652
1653
1654
1655
1656
1657
1658
1659
1660
1661
1662
1663
1664
1665
1666
1667
1668
1669
1670
1671
1672
1673
1674
1675
1676
1677
1678
1679
1680
1681
1682
1683
1684
1685
1686
1687
1688
1689
1690
1691
1692
1693
1694
1695
1696
1697
1698
1699
1700
1701
1702
1703
1704
1705
1706
1707
1708
1709
1710
1711
1712
1713
1714
1715
1716
1717
1718
1719
1720
1721
1722
1723
1724
1725
1726
1727
1728
1729
1730
1731
1732
1733
1734
1735
1736
1737
1738
1739
1740
1741
1742
1743
1744
1745
1746
1747
1748
1749
1750
1751
1752
1753
1754
1755
1756
1757
1758
1759
1760
1761
1762
1763
1764
1765
1766
1767
1768
1769
1770
1771
1772
1773
1774
1775
1776
1777
1778
1779
1780
1781
1782
1783
1784
1785
1786
1787
1788
1789
1790
1791
1792
1793
1794
1795
1796
1797
1798
1799
1800
1801
1802
1803
1804
1805
1806
1807
1808
1809
1810
1811
1812
1813
1814
1815
1816
1817
1818
1819
1820
1821
1822
1823
1824
1825
1826
1827
1828
1829
1830
1831
1832
1833
1834
1835
1836
1837
1838
1839
1840
1841
1842
1843
1844
1845
1846
1847
1848
1849
1850
1851
1852
1853
1854
1855
1856
1857
1858
1859
1860
1861
1862
1863
1864
1865
1866
1867
1868
1869
1870
1871
1872
1873
1874
1875
1876
1877
1878
1879
1880
1881
1882
1883
1884
1885
1886
1887
1888
1889
1890
1891
1892
1893
1894
1895
1896
1897
1898
1899
1900
1901
1902
1903
1904
1905
1906
1907
1908
1909
1910
1911
1912
1913
1914
1915
1916
1917
1918
1919
1920
1921
1922
1923
1924
1925
1926
1927
1928
1929
1930
1931
1932
1933
1934
1935
1936
1937
1938
1939
1940
1941
1942
1943
1944
1945
1946
1947
1948
1949
1950
1951
1952
1953
1954
1955
1956
1957
1958
1959
1960
1961
1962
1963
1964
1965
1966
1967
1968
1969
1970
1971
1972
1973
1974
1975
1976
1977
1978
1979
1980
1981
1982
1983
1984
1985
1986
1987
1988
1989
1990
1991
1992
1993
1994
1995
1996
1997
1998
1999
2000
2001
2002
2003
2004
2005
2006
2007
2008
2009
2010
2011
2012
2013
2014
2015
2016
2017
2018
2019
2020
2021
2022
2023
2024
2025
2026
2027
2028
2029
2030
2031
2032
2033
2034
2035
2036
2037
2038
2039
2040
2041
2042
2043
2044
2045
2046
2047
2048
2049
2050
2051
2052
2053
2054
2055
2056
2057
2058
2059
2060
2061
2062
2063
2064
2065
2066
2067
2068
2069
2070
2071
2072
2073
2074
2075
2076
2077
2078
2079
2080
2081
2082
2083
2084
2085
2086
2087
2088
2089
2090
2091
2092
2093
2094
2095
2096
2097
2098
2099
2100
2101
2102
2103
2104
2105
2106
2107
2108
2109
2110
2111
2112
2113
2114
2115
2116
2117
2118
2119
2120
2121
2122
2123
2124
2125
2126
2127
2128
2129
2130
2131
2132
2133
2134
2135
2136
2137
2138
2139
2140
2141
2142
2143
2144
2145
2146
2147
2148
2149
2150
2151
2152
2153
2154
2155
2156
2157
2158
2159
2160
2161
2162
2163
2164
2165
2166
2167
2168
2169
2170
2171
2172
2173
2174
2175
2176
2177
2178
2179
2180
2181
2182
2183
2184
2185
2186
2187
2188
2189
2190
2191
2192
2193
2194
2195
2196
2197
2198
2199
2200
2201
2202
2203
2204
2205
2206
2207
2208
2209
2210
2211
2212
2213
2214
2215
2216
2217
2218
2219
2220
2221
2222
2223
2224
2225
2226
2227
2228
2229
2230
2231
2232
2233
2234
2235
2236
2237
2238
2239
2240
2241
2242
2243
2244
2245
2246
2247
2248
2249
2250
2251
2252
2253
2254
2255
2256
2257
2258
2259
2260
2261
2262
2263
2264
2265
2266
2267
2268
2269
2270
2271
2272
2273
2274
2275
2276
2277
2278
2279
2280
2281
2282
2283
2284
2285
2286
2287
2288
2289
2290
2291
2292
2293
2294
2295
2296
2297
2298
2299
2300
2301
2302
2303
2304
2305
2306
2307
2308
2309
2310
2311
2312
2313
2314
2315
2316
2317
2318
2319
2320
2321
2322
2323
2324
2325
2326
2327
2328
2329
2330
2331
2332
2333
2334
2335
2336
2337
2338
2339
2340
2341
2342
2343
2344
2345
2346
2347
2348
2349
2350
2351
2352
2353
2354
2355
2356
2357
2358
2359
2360
2361
2362
2363
2364
2365
2366
2367
2368
2369
2370
2371
2372
2373
2374
2375
2376
2377
2378
2379
2380
2381
2382
2383
2384
2385
2386
2387
2388
2389
2390
2391
2392
2393
2394
2395
2396
2397
2398
2399
2400
2401
2402
2403
2404
2405
2406
2407
2408
2409
2410
2411
2412
2413
2414
2415
2416
2417
2418
2419
2420
2421
2422
2423
2424
2425
2426
2427
2428
2429
2430
2431
2432
2433
2434
2435
2436
2437
2438
2439
2440
2441
2442
2443
2444
2445
2446
2447
2448
2449
2450
2451
2452
2453
2454
2455
2456
2457
2458
2459
2460
2461
2462
2463
2464
2465
2466
2467
2468
2469
2470
2471
2472
2473
2474
2475
2476
2477
2478
2479
2480
2481
2482
2483
2484
2485
2486
2487
2488
2489
2490
2491
2492
2493
2494
2495
2496
2497
2498
2499
2500
2501
2502
2503
2504
2505
2506
2507
2508
2509
2510
2511
2512
2513
2514
2515
2516
2517
2518
2519
2520
2521
2522
2523
2524
2525
-49.2108803 -17.451128 99.24973300000001
-47.0028954 -18.2039928 99.457077
-47.5026588 -16.9860363 100.587502
-46.5963402 -14.4157047 100.605141
-44.575119 -6.68525362 100.594643
-46.2521591 -3.97510457 100.591057
-46.7564354 -9.553642269999999 100.594093
-44.3788567 1.04671419 99.2088318
-41.5661163 0.763098598 100.593445
-42.0921173 2.04062891 100.045509
-38.776741 1.99672997 99.6864243
-39.1331482 0.607872665 100.588562
-36.3638458 -7.05339289 99.4062958
-37.7629547 -5.46382618 100.601875
-38.9167519 -5.92651796 99.4073868
-34.1947784 -6.0896101 99.3131485
-34.7749481 -5.44594526 100.570518
-33.1299324 -3.888978 99.56794739999999
-34.0890884 -1.58057916 99.2363892
-34.7813492 -2.61180115 100.590935
-36.7217789 0.76074177 99.1005478
-36.5045967 -1.62627411 100.589417
-35.681881 -0.562902629 99.9046249
-41.9731979 -6.38489056 99.39894870000001
-41.5778923 -4.31342125 100.570137
-38.8738976 -1.34700584 100.597626
-44.3905716 -1.52356851 100.594856
-38.8738976 -3.86943078 100.597649
-49.6411324 -20.0922794 96.4245682
-47.9858055 -19.3722591 96.9944687
-48.9489975 -19.3141384 98.8535385
-44.7388802 -14.6852703 99.3696594
-45.6310081 -14.9278784 96.6952515
-43.6871719 -12.3110914 96.49694820000001
-47.8766594 -12.0929832 99.52886959999999
-49.3220673 -10.2230225 97.1103973
-49.4748688 -12.0014601 96.62845609999999
-36.4985847 -6.71807194 96.28746030000001
-47.541996 -3.81657386 99.4642029
-48.0327568 -3.68591142 96.573494
-48.3397789 -7.89265776 99.800499
-36.3504791 2.41741681 96.8154449
-41.7677994 3.69870639 98.18096920000001
-43.9411736 3.76804209 96.56403349999999
-38.7340088 4.22206736 97.1249466
-50.3652077 -17.3157024 96.69956209999999
-38.2076263 -5.70275974 97.2519836
-46.5859985 -1.73748493 99.0778656
-45.3293457 -0.5420609709999999 100.103607
-45.4714165 0.97020483 96.8732986
-31.8704395 -4.01963663 95.68482969999999
-33.8611336 -6.72856045 96.49448390000001
-31.4428749 -6.75198603 95.6926575
-43.5114098 -12.2335234 99.4328766
-51.6248856 -17.4277668 93.6443558
-51.3124237 -20.0427074 95.09101099999999
-33.8883934 -9.166156770000001 94.92333979999999
-35.7307625 -6.62120628 93.7215424
-31.296814 -4.05467844 93.57009119999999
-30.5544472 -7.06711912 93.4863663
-36.7116508 -3.99879432 93.6922989
-38.9144745 -4.09386349 96.40683749999999
-38.4588203 -1.16752863 94.38633729999999
-33.7277565 1.23552489 93.7359467
-33.3790588 -1.26754475 96.5776596
-41.9509163 -1.2566067 93.92327880000001
-38.7860947 1.53269446 93.50393680000001
-39.3915634 -1.84409022 95.48402400000001
-40.9019508 -1.87371182 95.49845120000001
-50.0251389 -9.59757233 93.47183990000001
-41.7848396 6.39747953 95.375145
-48.5997849 -3.97193432 92.23351289999999
-49.988308 -6.65889788 91.87952420000001
-31.3922691 -8.843778609999999 94.6321487
-44.4568863 6.22171259 93.6056442
-33.7605019 -11.4167862 93.2290802
-31.6173115 -11.4574318 93.05770870000001
-35.5280495 -9.36952782 93.5083542
-35.4035606 -11.1200104 92.70568849999999
-41.006649 2.57361054 93.2907486
-38.5703697 3.79678082 91.97334290000001
-49.4041901 -17.3889618 91.14144899999999
-48.8649406 -17.8608818 93.5161896
-49.6898766 -20.5373516 93.7653961
-51.5918388 -12.5391273 90.5210648
-51.0893936 -13.3731365 93.32784270000001
-46.9080048 -14.1092911 92.1318054
-42.5028801 1.05581057 91.5233078
-42.1275558 3.88656688 91.26987459999999
-32.9596252 1.78760087 91.102951
-36.854351 7.15942144 92.8040695
-46.3436928 6.32159662 90.8348465
-44.3202934 8.78960133 91.3544235
-41.7623329 9.61236763 92.1465149
-38.8810234 7.22954607 94.3106689
-51.8740387 -20.0239449 91.1096878
-46.5792236 3.22451329 90.9967422
-34.1889229 6.54324436 88.76182559999999
-37.0734177 10.696373 90.4116669
-49.39645 -14.9041328 88.5459366
-31.1721611 -12.5939064 91.97789760000001
-34.0477486 -12.2301702 91.23849490000001
-31.6363201 -14.173069 90.4408112
-49.1073723 -6.77646255 96.4465637
-28.9183159 -11.9985723 91.26590729999999
-29.1107311 -13.975071 90.5225449
-28.1496468 -14.8680716 88.6619949
-50.5005379 -10.0142279 89.8157806
-42.7068672 1.3771069 88.5626907
-43.0312004 2.75183463 89.6804199
-35.3166389 1.81274152 87.5441742
-36.8012695 1.18952072 91.47340389999999
-37.0425529 6.3929987 88.473381
-37.2081757 3.44850373 90.75494380000001
-32.8890114 4.73991442 87.4951401
-32.2975998 -0.506822765 89.4222412
-43.4141617 3.9049809 88.46083830000001
-42.5004005 6.92392254 89.1593857
-41.794342 11.8281832 90.8475571
-44.2410507 11.8999271 88.7545013
-38.5057678 14.601759 89.402092
-40.5359688 16.8177509 88.36586
-50.1164627 -20.0820885 91.2475433
-52.1878128 -19.8338051 88.524704
-52.3960419 -17.346674 91.2289734
-36.4245567 17.5467663 87.64359279999999
-33.0996094 -11.6654472 86.9216156
-35.0968513 -9.87116909 90.4773941
-42.9674034 -9.553112029999999 95.4936752
-42.6036987 -6.62901831 96.5776291
-41.3207245 6.18587637 90.71450040000001
-47.1814995 6.56608582 88.5892029
-46.3400574 8.97642899 88.3909302
-44.2082558 -11.9994183 92.3938904
-47.2616005 -11.7121706 86.32790369999999
-49.5501938 -20.2669296 86.0282364
-49.9715805 -20.4643402 88.31504820000001
-52.3119049 -20.1476021 85.42292019999999
-31.4937992 -15.1412106 88.69907379999999
-29.0945663 -16.3598423 87.8034744
-30.5284157 -16.534605 86.7354813
-50.7257233 -17.6846867 85.8383942
-50.0570145 -14.2404814 86.2725372
-28.2320518 -17.0956593 86.1552429
-26.7456303 -15.6555328 85.6941071
-25.4859028 -11.9777298 83.61563870000001
-42.8451767 -5.31038284 88.5536804
-42.6502571 -3.86951518 91.1384659
-31.5609608 0.284595311 86.2880783
-30.4637871 -3.76691413 88.6911621
-53.3949509 -11.8598824 83.96643829999999
-53.911644 -14.5487175 85.56823730000001
-52.8458519 -14.5779705 88.6368027
-42.5935059 -1.35207427 86.3617935
-42.5503349 1.25334513 86.1302414
-38.8567963 11.8310509 87.93872829999999
-38.8354912 9.1468153 89.12616730000001
-41.4431458 9.1427803 88.4894867
-47.4916573 1.65339518 88.6809769
-47.6170425 6.60730696 86.1021118
-46.8833656 9.427125930000001 86.1031723
-32.8590584 9.708715440000001 84.81703950000001
-33.407177 13.156455 86.59226990000001
-34.8231277 9.64784336 88.23162840000001
-41.2097244 11.6987686 88.1905975
-41.8375168 12.0437641 86.2068405
-44.3894234 19.1131191 83.4589462
-39.1147919 22.6835556 83.4092636
-43.6454735 6.35229492 87.51397710000001
-43.4445152 9.12936783 85.4411621
-38.8389854 17.0412598 85.41552729999999
-36.3197289 17.3713913 85.60694119999999
-36.4676819 14.4225121 85.7637711
-33.9668655 18.1815567 86.0696411
-31.8345547 17.6334381 85.0167465
-54.2623978 -14.6683483 83.1248016
-38.768795 -14.5781374 86.0214615
-37.968647 -13.7034492 84.4742126
-38.7596245 -12.4085636 83.276062
-40.383091 -12.7844763 85.4889069
-41.6506538 -14.6553192 85.6484985
-26.0172768 -7.25835323 83.023056
-27.5347176 -11.991931 88.8489304
-34.3616257 -9.20510101 86.5325775
-33.7946777 -6.8106575 83.1240311
-30.9898071 -11.6614075 82.98030850000001
-28.5523453 -4.01983356 83.2052841
-29.9327412 -5.20674658 86.3848495
-28.9693928 -7.07221985 86.6406021
-34.8731422 0.07293185589999999 83.77832789999999
-35.1667709 -2.17924404 87.7457733
-43.5461655 3.78874946 86.0078659
-43.8466187 6.49319363 83.1805344
-43.2848167 4.36964607 83.50394439999999
-42.9861679 12.9617395 83.8532944
-35.5158234 9.52531052 83.1031036
-35.1559563 14.405386 84.51697540000001
-49.5692101 -20.0510807 83.2350082
-53.9834404 -16.7900734 83.2421646
-52.7219391 -17.4131889 86.3752441
-53.9578094 -16.43083 85.6564331
-52.4317818 -17.4463177 83.0174255
-28.381897 -17.5382938 83.4084167
-30.9873371 -15.2576685 85.5651093
-36.5030556 -14.7168856 83.18266300000001
-37.2982712 -16.1351471 85.2008438
-36.4018669 -17.3023872 83.18421170000001
-52.6976852 -9.7788229 82.3451767
-50.6813965 -8.329433440000001 85.24635309999999
-51.0680733 -6.01804352 82.1033173
-35.7493553 -3.24189782 91.444603
-48.9348373 -0.794267476 81.1040955
-50.0100021 -3.80905795 85.6764221
-49.3022881 -3.99601388 88.53379820000001
-35.0902634 3.83282042 83.6612701
-36.1151276 6.52158117 86.12425229999999
-34.6724243 6.34762621 82.5060196
-39.0038452 6.40505886 90.744072
-34.2811012 24.5858116 82.425087
-28.3567734 -9.493930819999999 88.4661942
-29.8594151 -7.58794117 89.0581818
-33.9418945 12.560009 81.838707
-33.8401299 14.4270134 83.03350829999999
-33.8690948 17.081974 83.21066279999999
-39.0241661 -17.129137 83.2545319
-38.8018913 -16.4165516 85.4261017
-44.1498451 -6.85759544 83.1366043
-45.2733459 -9.134124760000001 84.36801149999999
-48.3097458 -10.6024561 82.1021957
-25.8508072 -3.99170351 80.40237430000001
-32.7043152 -4.09294319 97.12557219999999
-36.1830101 17.9748878 83.3289413
-37.8472328 18.3063774 84.0491486
-46.6300545 14.24757 83.4996567
-47.0026512 20.219902 80.89811709999999
-41.6201439 -4.04674101 96.4873352
-40.9574814 -5.01021767 98.1792755
-54.3334732 -16.9724331 80.41122439999999
-50.3976631 -11.628787 78.35476679999999
-50.6741638 -14.1971502 83.49588780000001
-23.5315952 -10.0228424 80.47947689999999
-24.3659725 -6.47634602 80.50225829999999
-46.8194389 -7.43848658 78.44948580000001
-44.8049965 -5.93662596 78.9683304
-43.2614822 -4.12489319 86.9167862
-43.4573631 -6.88947535 85.8885574
-43.2880974 -3.86958599 83.25597380000001
-34.7535057 -6.73251629 89.9640579
-53.1753731 -17.4275455 88.8112335
-42.7797203 3.18039608 82.51066590000001
-43.8495789 3.89845467 80.3421707
-44.7372284 6.30225801 80.4803848
-42.8646965 1.34490478 83.4359436
-32.0158043 15.3320837 79.82875060000001
-32.741642 13.6503639 80.8628616
-43.5273285 16.1291294 80.7399216
-44.7596092 14.4980326 80.4932632
-38.922802 17.7577991 80.3752289
-36.3274193 17.9410801 80.53789519999999
-44.5982399 24.1773338 81.8980026
-48.6681976 24.3033123 78.60186
-55.4381638 -14.5587568 78.00087739999999
-41.7834282 -12.0107079 80.4168396
-39.0181961 -11.8778286 80.3588791
-43.6281662 -3.88122654 80.49112700000001
-43.2683258 1.28012359 80.4414139
-45.081356 11.9709072 81.0559464
-41.57724 17.0599117 83.2613602
-33.7331123 17.1223793 80.3776321
-28.0625496 23.4518757 80.2279358
-50.9979591 -13.6439981 81.0246506
-48.8448868 -7.86989975 75.4473801
-33.8789062 -4.02611113 80.3808441
-30.9625702 -6.31853294 78.053566
-27.5221176 -3.31861091 81.1666412
-27.8958073 -1.46597326 80.663269
-31.2773113 29.9720879 79.19773859999999
-36.5139046 30.1711979 80.7325821
-36.8836594 -12.8912554 81.2873764
-25.7081375 1.24925733 79.98722840000001
-25.2031021 -1.5464977 79.3802795
-34.8469162 3.23746634 80.5251694
-25.9589958 2.91756916 79.5567703
-28.7100945 3.58711433 80.02389530000001
-30.7345352 6.40993071 80.4436111
-32.4995613 6.77039814 84.76966090000001
-30.4806557 9.26370621 79.9374313
-43.6034279 0.229508713 100.570473
-41.7250862 16.886034 80.45960239999999
-47.1639709 11.5976372 80.6352768
-48.4020042 14.5357904 81.07569119999999
-51.88274 -19.2793674 80.56054690000001
-51.6464005 -18.9573059 78.1558838
-34.3794518 -16.7995243 80.4946594
-36.4133263 -17.8183556 80.4183807
-36.4787445 -17.163662 77.9378662
-54.6730385 -16.9302578 77.94496150000001
-33.7776642 -16.9132919 77.6437912
-34.4927673 -14.8128462 79.963829
-31.7218037 -7.46127272 80.5378723
-29.207058 -12.8723574 80.52364350000001
-40.9119034 -10.6376648 78.8486328
-44.8999939 -3.39176464 77.0289307
-33.933136 2.41685724 78.431366
-33.0525169 -3.62845945 78.2656174
-47.9257317 -2.05633283 88.64985660000001
-42.5535545 -6.54685831 93.7057648
-44.9249268 0.825120866 76.7858047
-34.9328651 6.49124575 80.2543488
-34.1535645 6.57364082 77.9754257
-34.915123 9.63450241 80.0915756
-30.1485443 7.63439226 78.93727869999999
-31.2585087 13.0711784 83.63969419999999
-29.2816658 14.4346447 81.94840240000001
-34.1538773 9.35771561 78.1064301
-44.7112122 14.592247 77.8376083
-46.6367989 11.8672752 77.90724950000001
-24.3252258 22.5323868 77.01522060000001
-25.3750629 20.2797832 78.61146549999999
-39.596714 34.1216278 75.99930569999999
-46.4937973 28.7475243 77.8756714
-39.9703674 28.2492466 81.34870909999999
-46.9279289 0.262806594 92.39126589999999
-36.2481117 -12.6665506 77.5868225
-24.1543999 -14.5470896 79.6526337
-22.6418629 -12.0931063 78.0202713
-50.1891212 -3.11380672 80.3483963
-20.518589 -1.39668489 78.1892319
-20.4169998 1.21035862 78.48506159999999
-45.6184044 3.22564459 76.87096409999999
-46.9368553 6.26826572 77.7992859
-28.3767376 9.321976660000001 77.98518369999999
-27.3700829 14.2641354 79.10569
-35.8930511 18.520752 78.5378571
-33.8543892 17.0926075 77.9842453
-39.2138786 18.0649929 78.0877838
-38.7179375 19.5137939 75.6561279
-29.1472435 -9.704367639999999 77.8325348
-44.6827965 -16.3582668 77.969696
-44.5040207 -17.0059204 80.4632797
-46.1377945 -15.4976168 80.28006739999999
-52.6865997 -3.28320742 76.2337418
-49.8965569 -1.42620814 77.9471283
-42.8317833 -9.58559704 89.86572270000001
-41.6126328 -10.2033806 76.4911499
-16.4798183 0.412261933 76.28176879999999
-25.6287251 4.06750631 78.4464645
-28.4716225 6.4884057 77.81938169999999
-27.8759155 4.59414339 78.7564163
-47.1885033 9.28701496 80.3248672
-47.3545151 9.288394930000001 77.9123993
-50.85215 26.8433571 75.07797239999999
-39.1033974 -15.0795145 77.84677120000001
-38.6406326 -16.8022385 80.5588913
-33.3176537 -14.2055635 75.51631159999999
-30.9406147 -4.91078997 77.0477753
-21.5826263 -7.18773079 78.1641846
-21.3137398 -9.74215412 77.7023315
-25.7867184 6.7733345 76.5883331
-24.617981 14.4035044 76.2233658
-41.5888481 16.8165989 77.7410355
-53.7220154 -7.55716085 76.34642789999999
-28.0716953 -7.93129206 74.9149475
-49.7177658 3.68107891 75.7796783
-49.5363617 0.107320324 76.65207669999999
-47.7026672 3.85601258 77.742836
-48.1526642 -0.5202217099999999 83.9408798
-47.0990906 11.818326 75.3099442
-44.1012878 14.2509651 75.5393066
-34.3524666 17.0141296 75.4175568
-33.5972595 14.4711475 75.1449966
-21.4271145 18.7916126 74.7287979
-40.6037636 19.0131168 75.35891719999999
-41.9783211 17.3212624 75.3186874
-25.0242767 27.6998196 75.02166750000001
-27.572422 30.2629147 76.2547836
-47.5454445 31.2826424 73.3832855
-34.9835129 34.1111259 76.04623410000001
-49.3701897 -17.3867588 77.88699339999999
-47.0475616 -17.4365654 75.404129
-47.321701 -17.1059895 77.6822968
-31.5029736 -17.3876457 75.3912048
-30.5542946 -18.3632679 77.7673111
-28.4401665 -18.0113449 75.3271408
-52.0924988 -17.6661243 75.47352600000001
-54.8391571 -16.8442745 74.1543808
-41.9074249 -14.7573719 78.00868989999999
-44.1309662 -15.3893032 75.4630737
-41.8395691 -14.4475279 74.0881653
-26.5203781 -14.5256605 75.3139267
-26.752018 -15.1301775 77.3268051
-27.3531208 -12.4974928 74.78952030000001
-50.2972145 -9.40947723 74.05862430000001
-16.0882339 -4.60064268 74.963356
-44.9663658 9.43566513 80.9754028
-23.6146393 -3.58510995 78.7761459
-19.1047955 -3.82507467 77.0396271
-31.2864113 0.883642495 75.3826294
-33.4652443 5.50356102 74.89035800000001
-32.6398125 4.60503674 74.36415100000001
-33.2379456 3.59336615 76.3192062
-24.8585987 9.47647095 75.6324463
-33.8622894 6.62131596 75.20344540000001
-33.3393669 11.9134245 77.9176788
-57.2175751 14.561409 74.5922241
-52.1137695 18.1473827 76.7252045
-55.5855064 19.3351898 74.51019290000001
-56.3709068 -14.575943 74.19805150000001
-22.31036 -14.3181963 74.93812560000001
-56.8497963 -12.132308 74.1103592
-55.3678513 -11.9168301 77.8868332
-54.3248138 -12.1428957 81.3754654
-47.942524 -6.35514832 74.7086563
-28.4492798 -4.17861557 74.5404358
-28.4492989 -1.19356263 74.1739807
-48.7494202 9.03761005 75.3769913
-18.4554634 9.74384212 73.8152008
-18.2889805 14.6629524 74.4992905
-42.5801811 14.2018862 73.17732239999999
-33.1437912 -18.937149 74.5552673
-30.9303551 -19.1027565 75.27580260000001
-41.7160225 -12.5875826 83.241066
-47.8734093 1.06748044 81.6472321
-31.208601 -19.3313179 71.2804871
-28.6820259 -19.216732 72.8153763
-28.4600983 -19.3655109 75.24646
-28.2668972 -17.0670433 72.4288864
-47.3264732 -14.359705 73.0081406
-49.3949432 -15.5815763 72.56620789999999
-48.6482773 -15.9858847 75.4112854
-52.290554 -17.454319 80.4836731
-52.7831993 -11.9269266 72.8003082
-51.9696465 -12.2177315 75.4107056
-52.469574 -14.9345675 73.1512604
-17.200222 -11.2637835 70.4908676
-20.6180611 -11.8814402 75.3077469
-20.916069 -13.1670332 73.0314865
-51.75634 -9.676342959999999 72.3840179
-38.8410873 -8.390599249999999 73.78296659999999
-37.3110428 -10.5721474 76.8672028
-36.1100731 -9.63901997 72.95147710000001
-48.7217712 1.43869007 72.1626816
-48.062191 3.56697893 73.54449459999999
-31.1076984 2.48459268 74.0699158
-32.0581856 2.82485723 75.08014679999999
-31.7740993 4.10328197 73.89624019999999
-49.5089073 6.61255741 72.7697678
-49.2246513 6.70833015 75.3424301
-46.2581215 11.669961 74.16649630000001
-44.2484665 11.7229824 73.37430569999999
-36.3885269 9.358739849999999 85.968689
-36.5003662 11.9800587 86.1966705
-47.2137947 9.4780035 72.5463791
-41.1040192 16.9832172 73.0847931
-54.8671722 23.9317722 72.50735469999999
-30.5235863 33.2100182 73.26313020000001
-39.1168022 -9.997463229999999 77.6004105
-15.358016 -7.72813416 72.8378067
-18.6424751 -10.2392855 75.0700607
-48.7381897 -1.26426244 71.9860611
-48.7890396 -4.04402065 72.76913450000001
-30.2154846 1.35888159 74.2648544
-28.7173386 1.19563437 72.7780533
-28.7974453 0.204196423 73.7534409
-49.1438026 8.99090672 79.6865768
-55.9667015 3.57565308 72.14228060000001
-51.8473091 0.746549726 73.9098053
-32.8161583 6.94966602 73.2277527
-33.339386 6.95909834 74.0292358
-33.2138023 7.89223385 74.1454315
-27.624012 -14.3821106 78.2114029
-60.091217 17.0549755 72.0236511
-62.1974907 14.3461332 71.0208817
-39.9241753 17.9633865 72.23248289999999
-40.4504051 18.7858753 73.7966385
-20.6034374 22.5560188 72.31938169999999
-21.9842072 26.2658024 70.9054184
-41.8437462 -14.7533846 70.1872406
-38.7408905 -14.5343657 74.3988342
-50.6540337 -17.3627758 88.82340240000001
-27.0071087 -7.66729069 73.33963780000001
-26.4930935 -12.1701832 72.56317900000001
-49.9218483 -6.72414732 72.59557340000001
-25.214447 -4.23453665 71.7984161
-25.892168 -6.9246769 71.9464722
-54.827713 0.283533543 72.14895629999999
-26.004034 -14.754385 70.2979126
-52.8768883 9.20280457 76.3658066
-62.4483986 10.1121731 70.9733887
-53.6042252 5.82047033 74.8246765
-44.192276 10.9398899 72.9215851
-44.0623589 9.54846382 72.4257965
-43.0816269 11.8130455 72.66777039999999
-52.4730301 -17.4053707 70.0349731
-36.8172302 -15.7761774 68.64538570000001
-34.1721573 -17.9942074 71.8741531
-35.6296844 -17.0979805 74.08216090000001
-32.290535 -2.40216923 93.9981308
-28.5998573 -15.2879295 69.7543411
-31.523634 -14.9334631 72.0616989
-52.3280678 -14.3758249 70.0009384
-49.5861206 -14.526947 70.0548477
-45.1198959 -16.4760971 75.52761839999999
-44.7875099 -15.6333933 70.2840271
-38.9338417 -14.6161747 69.6927261
-47.5066643 -14.2272663 70.1215134
-46.0367241 -12.1418695 69.70315549999999
-32.2525139 -15.6093988 74.8957214
-41.8380775 -8.90318394 72.4420319
-44.3130951 -11.7721119 73.9288864
-25.4573193 -12.1593513 69.96662139999999
-24.9958401 -9.522414210000001 69.9417953
-14.2328396 3.53773284 74.9369354
-18.9286957 3.78118229 76.990799
-11.1422062 -2.21035552 71.6206284
-49.1192551 4.90596724 70.7817459
-46.672039 6.5823698 71.24821470000001
-7.6724906 8.41866493 69.4290924
-13.1091824 11.7068138 71.3676605
-16.2462845 6.61032343 74.5826569
-38.8174095 19.2881336 73.0178528
-36.2053833 17.2350082 70.05350489999999
-35.8027573 17.4417229 72.7468796
-36.835865 19.4832935 73.94997410000001
-52.3895683 31.1723156 68.0851364
-43.1811714 33.735157 71.44114690000001
-40.1343575 35.3931847 72.77308650000001
-39.5151062 40.7655945 67.27188870000001
-35.1991386 36.2854271 72.7301178
-34.3637505 41.2734261 67.3561859
-47.1745644 -17.055542 72.84101099999999
-26.337162 -17.190382 82.97165680000001
-53.1643028 -9.28022385 70.5540771
-44.2964478 -9.829324720000001 67.21450040000001
-30.3976688 2.72582388 81.8738098
-29.6951313 2.42858648 71.64955139999999
-28.6842365 1.52858829 71.5344162
-29.9487801 2.28784037 72.9161072
-58.0243683 0.645825863 69.0000458
-44.0798111 8.180286410000001 71.59226990000001
-42.9710999 8.22305107 70.89443970000001
-42.9397202 9.99890518 71.539978
-65.43314359999999 9.68550396 67.8584137
-30.0783005 -9.379697800000001 91.6749039
-44.8884773 36.5317497 69.11445620000001
-28.1631966 -19.5838165 66.71025090000001
-26.0401535 -19.0094624 68.6940613
-25.2943363 -18.0176105 70.2535858
-26.0047379 -17.5881805 72.7855301
-56.7291298 -14.5971241 71.034935
-20.7380714 -13.2894182 69.7825394
-15.8822594 18.9092369 72.0219421
-48.0839691 33.3166809 67.85628509999999
-54.8020554 -16.6062965 70.14643100000001
-49.0718956 -17.2497635 70.5259705
-49.5619698 -17.4353905 75.2640457
-58.0635262 -12.0810709 70.01631159999999
-25.9220409 -0.28996399 70.97766110000001
-27.2948456 0.688774109 70.937355
-26.8298092 0.0252553932 69.7474289
-30.5408421 2.77137637 69.5410004
-29.3926163 1.57216251 69.4088287
-29.9294167 2.54593587 70.63902280000001
-5.44136715 3.5810957 67.65604399999999
-43.2682266 6.65873623 70.42984010000001
-42.2477036 8.477537160000001 69.9174805
-38.7409439 9.94726753 91.880127
-28.8332596 17.6321106 81.9499359
-54.4127159 -6.72594404 67.315979
-54.5512123 -9.382843019999999 67.6575699
-41.1453743 -7.95342302 68.3151474
-37.805954 -7.69171667 70.17118840000001
-23.7666817 -6.62996912 69.4317856
-48.681366 2.02177072 69.4571686
-47.282093 2.70541358 69.2964935
-48.3920517 3.97536564 70.0684128
-33.4954338 9.15107918 71.6552277
-33.7097816 10.7883835 72.541275
-33.9690094 10.8625803 71.2684021
-53.4199944 -6.09540033 68.6993179
-51.8169556 -3.968503 69.335289
-49.0841789 8.965812680000001 72.9415207
-49.7565498 -16.0026379 64.8483734
-53.2209473 -16.3968544 65.7182236
-28.4366741 -14.2713814 67.3550644
-49.627182 -13.9092331 67.4445801
-54.1050148 -11.441946 65.6747208
-53.7215424 -12.2611132 70.32978060000001
-53.1169586 -13.0533991 67.0197525
-51.4400215 -1.31306458 67.2485657
-53.0118103 -3.62790775 67.46703340000001
-49.7831116 1.25470018 69.8567123
-51.1962929 -1.2690531 68.78543089999999
-49.4600372 0.511664152 68.0356369
-27.4885483 0.641879618 72.1012344
-30.9927349 3.83212376 70.9389496
-5.91011429 13.9803047 66.6694717
-40.6949196 12.210618 67.64534
-40.1753464 13.8464527 68.07305909999999
-41.3549461 11.9904833 69.995285
-10.7295294 15.8487177 68.84329219999999
-39.5837402 14.5471268 65.7799759
-39.5236206 15.9967213 67.91534420000001
-38.2432823 18.6648769 71.2742233
-39.2536278 17.3806419 69.9584045
-55.5717506 28.5147209 67.0590897
-58.9771156 21.6943321 67.14612579999999
-49.6292419 39.4292793 64.46240229999999
-41.5133171 -15.2427912 67.1857071
-30.472435 -13.641119 66.5441055
-32.5023842 -13.2942591 71.1388855
-26.126009 -13.976388 67.0648422
-33.9669647 -9.799843790000001 67.201149
-29.8489895 -2.81114125 84.41109470000001
-28.4331512 1.29625678 80.9517441
-24.7639523 -12.3286686 67.2587585
-22.8601589 -6.97666693 67.2097473
-13.6914196 -9.05138397 68.6700821
-5.25819206 -4.69686174 64.2135925
-57.3235435 -7.78334045 71.30970000000001
-56.8513794 -1.55263662 70.3922043
-59.6592484 -3.35177732 66.1060181
-26.7746239 -1.41069341 67.2882233
-25.6863918 -1.38392007 68.8353729
-26.6820965 -0.8401212689999999 68.5810089
-30.2587776 1.80925727 68.2677307
-29.0996971 0.376874626 67.04876710000001
-29.1305351 0.638913572 68.10903930000001
-52.3390999 -17.5987854 77.8006058
-65.6786118 6.06374502 66.492981
-60.2600021 2.33836389 67.5745087
-34.1399841 10.5622768 68.891098
-34.2908173 11.5209274 70.30495449999999
-34.5209579 12.6431446 68.8579483
-33.9617004 10.4418945 67.18567659999999
-33.7331161 9.159824370000001 68.34562680000001
-63.1353645 17.4347916 66.9252625
-38.8713188 16.9933434 68.5064392
-39.2021446 16.0739994 66.6028824
-35.3311996 15.8332996 68.6214981
-34.8422165 14.3951054 68.7991638
-35.4875526 15.7981186 70.21488189999999
-35.2598648 15.956955 67.1616669
-36.3347015 16.9867859 68.6201935
-65.3774109 14.8821955 66.14788059999999
-55.740818 -15.3555288 65.5997849
-47.0328407 -12.0061131 67.1713409
-46.8891907 0.879845679 67.55755619999999
-48.3805084 1.15079021 68.8560181
-48.1020088 0.675388396 67.8514404
-49.6053009 -1.11721945 66.48505400000001
-47.676178 -0.9105196 65.5720901
-48.5502052 -0.168652907 66.9236832
-37.6336594 17.1141434 67.4694061
-37.7114258 17.3864784 68.95634459999999
-45.6000633 9.33622551 72.3713226
-12.3762341 23.8789425 63.3991661
-19.1372185 25.9124527 67.6736526
-51.1290627 34.6690063 66.37979129999999
-44.6896782 -15.3640318 67.30400849999999
-43.258606 -8.480793 99.92231750000001
-43.6236534 4.98944855 69.39761350000001
-44.4674644 5.60351181 70.2635727
-55.7358437 33.0072861 65.4609756
-31.635128 44.1911507 66.14853669999999
-30.2082653 39.2514496 67.9049988
-31.6404457 -19.3158569 66.8984985
-59.2874603 -11.8595772 64.2599945
-59.1373672 -9.486009599999999 68.06354519999999
-52.4983253 -12.3391895 64.627655
-31.8631935 -10.3072214 64.5108795
-41.6471138 -9.352592469999999 64.6763382
-44.5372353 -9.127490999999999 62.0098534
-12.6813869 -9.491320610000001 65.1246414
-7.67311382 -8.042598720000001 63.2551651
-54.4863014 -6.56358957 64.5726166
-60.6173897 -9.45772743 63.0737534
-22.7867088 -3.78368568 67.24166870000001
-23.1797829 -6.86644697 62.7187691
-24.4821167 -3.15119338 66.28837590000001
-23.6451988 -3.0319953 66.7612534
-24.8002548 -2.13418961 68.00958249999999
-22.9412212 -4.01985025 65.768837
-23.1984844 -3.01456594 67.8471527
-26.9785328 -1.74095142 65.9997711
-26.7437935 -2.33281255 64.6887207
-25.7860641 -2.66113472 65.99924470000001
-62.402565 -0.744021058 64.611496
-35.3802795 -11.141778 91.8467789
-33.1221848 8.34813881 65.782196
-32.7228355 6.86552811 66.0389404
-33.2247543 7.96108389 66.9841614
-34.4338875 13.1645727 67.00112919999999
-19.3892536 29.8821793 66.8525772
-17.8078041 31.6873245 64.7820206
-20.6033974 33.5350952 64.75640110000001
-24.0033436 34.471077 67.62192539999999
-25.5276165 41.3988304 65.08992000000001
-33.3091164 -18.7594032 63.1659012
-31.4186153 -19.2569752 63.1552696
-52.6045952 -15.9633665 63.8907852
-39.7152367 -15.5580664 80.1059647
-33.8242111 -18.1193962 75.5880356
-36.6289635 -16.5320606 64.7470093
-34.157341 12.5437183 72.7081299
-34.2410316 14.8739538 73.9351425
-34.8532104 15.0799828 72.8983231
-42.085228 -15.5623055 64.6565628
-28.5064163 -14.0766039 64.9235992
-30.3150234 -13.0096378 65.2498856
-49.700882 -11.8149719 64.7157593
-49.2079926 -12.8924179 66.5795135
-22.9970779 -5.11540174 68.4029007
-23.1723499 -3.88322449 68.6579208
-54.2351265 -4.67633724 66.7386398
-52.8463173 -3.84349489 64.42359159999999
-51.6774254 -2.22804642 65.0969925
-34.7448578 -9.76162338 69.975441
-47.5508614 6.44966602 83.35520169999999
-30.3497849 2.35622597 64.8671722
-29.6440048 1.89989376 63.4413948
-29.3379974 0.794700086 65.53363040000001
-68.2436218 0.4869003 62.167675
-34.2120743 14.3922892 65.804924
-34.5823708 15.4277134 65.9292526
-34.0836258 15.3376122 64.46192929999999
-45.2275009 -13.6483326 100.59523
-34.8484421 13.9512777 70.5508652
-35.3936958 15.6457996 71.59040830000001
-57.6685104 32.5974426 62.432663
-42.555397 -3.81343222 93.848465
-44.5593376 -15.2165003 64.6631241
-46.8763084 -10.2285051 64.5067215
-47.6184387 -11.2165422 65.3651733
-33.7331161 -9.78760052 64.6709137
-37.2055435 -9.78399563 64.89257050000001
-36.3774452 -8.648925780000001 67.2103882
-54.1746864 -4.98678255 65.2699738
-28.3296795 -0.489301026 65.8580551
-28.1462669 -0.679166317 64.09443659999999
-27.6435089 -1.24006152 65.76055909999999
-41.1380882 10.9043293 67.7552032
-41.8651772 8.733594890000001 67.23512270000001
-34.1527252 13.0125103 65.76512150000001
-33.931633 13.2711334 64.6540375
-70.642662 15.750658 62.0690575
-72.59113309999999 10.0556231 61.4088135
-38.1402359 16.4954624 65.6776428
-36.9391823 17.1002464 65.20172119999999
-8.59413052 17.8542271 64.2501297
-23.6138802 31.955307 69.31426999999999
-29.9426041 35.934227 71.5382843
-20.4573021 35.8899498 64.70069890000001
-21.544836 40.0277176 63.8821678
-24.844059 -18.1933632 66.82434840000001
-30.8800583 2.95097256 67.1129456
-31.130003 3.9320991 64.8718033
-20.6355743 30.5693283 64.44544980000001
-56.1725998 38.1045799 60.9287453
-29.5791187 45.3586845 64.1362152
-35.7507019 44.0004768 65.03987119999999
-36.1631584 45.2874832 63.0037956
-47.0549736 -15.4477463 65.17016599999999
-44.4319229 -15.5464678 61.9866791
-46.7367477 -15.2034473 77.7755432
-52.4751282 -10.2257957 61.8461876
-54.3727531 -9.378089900000001 62.148468
-29.2933559 -11.3201485 62.7413063
-38.7667313 -7.87330914 67.8773575
-50.9457588 -3.38236761 62.3655777
-51.1495056 -3.15276003 63.57621
-52.3188324 -4.23289776 63.1802979
-61.910408 -5.96254158 61.0943489
-47.3855553 9.287801740000001 82.50334169999999
-46.4951706 0.759997845 63.4493103
-46.9676018 -0.107958406 65.13626859999999
-47.2406387 -0.120062292 63.9224129
0.40448752 1.89546704 61.0037041
-3.21122742 1.28294563 65.316185
-44.9966049 2.54174423 64.6109467
-45.3077393 2.08525681 63.154686
-44.2571297 3.8625865 63.0932541
-74.8884125 5.93145227 58.8195801
-31.9712982 6.8675375 63.4494133
-33.0372543 9.126525880000001 64.66566469999999
-32.6716499 9.34742737 63.5641632
-40.5824356 12.2438335 62.0589905
-40.2650261 12.6775169 63.5078964
-41.235302 11.0940876 62.9891968
0.760442734 14.0736122 59.6131744
-1.99775577 11.9841785 63.9523125
-5.69234562 16.3280258 62.2774696
-39.0641823 15.3486395 64.52725220000001
-39.6469193 13.9768372 63.803833
-38.8906174 14.8889599 62.7739868
-36.179512 17.2979565 64.24424740000001
-37.3609085 16.4381504 62.8459015
-67.71957399999999 18.7902775 62.6976814
-63.2432365 24.1724586 62.375824
-66.2250061 24.7090645 59.0620728
-41.6672974 -16.5678825 83.4310455
-23.1542168 33.2120667 64.4317932
-20.4442158 33.881546 61.9680099
-38.9629517 35.7268105 62.5921593
-36.3668633 37.2413216 63.9303894
-35.142643 32.894928 64.1479492
-19.3154888 38.4447861 61.1192284
-37.626339 40.4989166 60.5224152
-31.4948597 40.7447815 60.1617432
-26.4778519 43.4718399 62.0084991
-27.0810776 43.4879761 64.615036
-30.0501461 45.2536697 60.1774254
-25.5539131 -17.3807602 62.1286163
-23.3191833 -16.400938 68.77303310000001
-55.3472862 -14.7755299 60.6151009
-49.6027565 -15.3805037 62.0222511
-47.0694046 -15.0245152 62.0920219
-57.1693611 -14.3318415 66.49533839999999
-28.5410404 -11.7274942 63.4474258
-28.286623 -9.718194009999999 62.1357574
-23.1896896 -5.69058466 62.2402802
-23.0438881 -5.35287666 63.840004
-23.3088417 -4.62566042 63.1799927
-33.216507 11.6185303 63.3209496
-32.2849655 9.163409229999999 62.2871284
-40.1919975 12.9443226 65.2582092
-35.2343216 16.4538574 63.0989685
-35.3513107 16.468462 65.4390259
-7.7795372 20.3495274 61.8383636
-11.7178373 27.0133915 62.0788536
-15.069355 27.7671795 62.9226799
-61.9180298 30.2210693 60.1653175
-61.6861572 27.5891094 61.5980339
-36.6091881 28.0327129 62.0673485
-36.6977234 30.8928699 62.3799515
-33.6187057 30.5579567 62.766758
-33.9359093 27.923769 61.8860283
-31.4314709 33.1664162 64.0898895
-23.081459 33.292778 61.9968491
-18.7598114 35.2033348 62.1168365
-41.5561218 -17.2751312 61.7139473
-31.2161522 -10.3528442 62.1265182
-63.1940308 -3.66671348 61.4277077
-48.8060455 -1.67745137 61.9883423
-48.5511208 -1.57690191 63.4403915
-49.8232574 -2.4610014 63.2046967
-33.8645439 14.3921814 63.3650131
-33.7696304 13.1331663 63.3376541
-31.7607994 35.9650421 64.4827576
-28.7193813 35.0364151 62.9765434
-28.5009403 30.7550678 61.5732269
-31.41605 30.2108078 61.4186058
-23.7305756 35.5154533 59.1860275
-25.7255611 32.9859428 61.6416283
-10.1225262 -9.832231520000001 62.1621552
-17.5862408 -10.8891382 61.9722366
-25.9696198 -8.61133862 62.5374298
-31.9960442 5.54007292 72.61193849999999
-32.6148758 5.85923433 73.8056946
-34.0729408 11.8486204 65.75765989999999
-22.0800419 41.4501762 61.571312
-31.2097816 -19.3335876 58.2488556
-35.6041107 -19.4058342 57.924202
-44.9819641 -18.2984447 56.9486732
-47.5233116 -15.4492483 59.8524284
-41.4331856 -9.22168827 62.1255989
-34.3799095 -9.96795464 61.7795486
-37.6936951 -7.44719934 58.6184883
-23.3623123 -6.18456078 60.5872078
-23.2343292 -5.15891218 60.1852303
-24.4905701 -3.64551616 64.7893677
-25.4636612 -3.2876873 63.5466232
-23.9232426 -3.90021563 63.3464279
-25.6737995 -2.58230639 61.1665649
-26.5071449 -2.39001822 62.8578186
-27.0564213 -1.208552 61.5053558
-22.7619762 19.8561478 44.9950066
-27.2525597 18.3861904 47.2568283
-26.1505871 20.2944984 46.8503456
-41.2502594 36.1751709 61.2245941
-41.7796211 38.5255013 59.827404
-45.0064583 -19.4153194 51.0292282
-39.2093163 -20.7046719 48.6156616
-37.9757576 -20.6243038 51.475666
-62.3129387 25.4026051 49.2411308
-66.20742799999999 26.0522823 48.7447624
-60.7775879 27.5584164 50.8568268
-50.4705276 -2.35099792 57.9457512
-50.5108147 -2.8832984 59.1099663
-51.574295 -3.98876333 57.8333206
-47.6813049 25.7022057 47.9498634
-46.5508842 24.3993378 47.5956345
-48.1391754 24.6295757 46.6990738
-64.48493190000001 32.3317871 50.8377342
-57.772438 30.6690407 52.843235
-46.0807228 28.343523 54.2654724
-44.6697311 28.6700172 56.116993
-41.2013283 25.6252251 56.1031761
-53.2151642 25.4905853 46.4572105
-57.3606758 22.3054924 44.3756714
-59.4246178 24.8226852 46.961441
-49.6765289 27.3393383 48.8759499
-49.5369873 28.7935429 52.1276207
-44.4053955 25.6895943 51.2523155
-37.3404617 -4.4757967 53.9805565
-35.7001877 -4.55481911 52.8166733
-37.3821907 -3.32356977 53.0151596
-28.9815884 -16.9605961 41.9577179
-28.1508942 -18.4120197 45.7872009
-31.0919628 -18.2099838 43.3046799
-1.68755233 25.5075798 53.594429
-2.81161737 21.2808628 58.2586555
-1.34228003 21.8000393 54.9956017
-31.080698 -19.3046398 46.6955261
3.73920393 15.2815723 47.6307716
-1.20544267 12.8146944 44.5039177
-1.00129175 19.5381794 49.4213371
-24.4132385 -17.7106037 44.1549034
-23.91889 -17.9992313 45.6720543
-60.0125198 -12.2437191 37.1034012
-62.5487785 -12.1803246 47.2481918
-66.1997757 -10.879159 43.6383514
-38.9530525 7.61348581 47.5815392
-40.1274109 7.67629433 46.2494583
-39.8854256 6.46297789 47.1556664
-2.24569511 -0.372777969 39.4047966
2.62968183 -1.84697783 48.2888222
-2.84581089 -7.43778658 45.4998589
-26.9734001 5.6516943 49.4108582
-26.8277779 6.89670086 49.0114098
-26.5825672 5.2834816 48.6123047
-29.4840527 0.764076471 45.8128777
-30.0132961 0.163133442 46.4281273
-28.6131763 0.287665308 46.2620926
-41.6451874 14.3650322 28.7085991
-46.5543785 12.5376625 28.7000751
-43.0680046 15.1396227 28.7788467
-57.2997208 35.8660851 55.4204865
-55.2285309 33.2324333 54.5274658
-57.3502007 32.8472672 54.6244888
-60.0446014 32.0951233 54.0727921
-65.75753779999999 32.4577827 56.4626274
-58.9189606 32.6862946 59.5943947
-25.8937569 5.18573046 44.383461
-25.3527374 5.98038816 43.6251373
-25.8208199 4.7664814 42.276474
-40.7537422 -19.5235443 56.3448524
-12.429534 -13.9774275 51.2388153
-10.1572599 -13.7685862 53.3709831
-12.2782698 -13.8768549 54.1109924
-43.0536995 5.94158316 44.439949
-41.5579491 7.48170614 45.0182304
-42.97155 7.50012827 43.9631042
3.31689143 6.48212862 43.7348099
5.89819098 10.9975319 46.3510246
4.74200964 5.57702684 45.5173302
-11.7020359 -6.79251432 35.6456947
-7.77850866 -8.91938019 41.6385155
-13.9527292 -12.2455931 39.5130539
-37.717598 11.3674736 44.2461319
-38.7196045 10.5335827 44.9668198
-37.5310974 10.2405424 46.0260086
-50.4633865 11.9782333 44.5384293
-49.2067146 13.9340458 44.8758926
-48.1996231 13.4730568 45.9201698
-20.7308884 14.3501062 42.8325958
-20.5319023 17.2010822 43.5347939
-16.6104832 16.8869057 42.9113197
-71.6513367 11.6450567 42.0522575
-68.6553497 17.0933743 45.4469643
-68.664299 12.2292433 42.1948662
-50.4357834 14.7782555 43.8617516
-48.2661743 16.0834351 44.9769478
-20.7070503 -3.79004955 33.7081337
-19.9557095 -5.44654131 34.2167435
-20.5387573 -6.65040827 32.8561707
-9.644251819999999 15.4288282 42.9079857
-13.2212706 18.2736607 43.6959152
-12.4877586 21.6481133 46.182003
-76.8035431 16.0363197 42.9427528
-77.955658 17.3778362 46.0206261
-76.8473053 21.1701698 45.070488
-42.6368332 16.0704002 50.0175781
-43.7345276 15.9779739 48.711937
-42.3747902 17.315258 49.8757935
-20.4430523 20.3310909 44.5516281
-23.0246887 17.3425198 44.4322739
-19.4697704 27.2964096 50.3186874
-18.2632542 29.8214645 54.60606
-14.8957911 28.5298386 53.7511368
-14.8890018 22.1434097 45.9486351
-17.8528805 20.1832924 44.3239784
-17.7447357 22.7271366 46.0441933
-48.178894 21.663868 45.3346024
-47.9519539 20.6281834 45.1098328
-48.8107529 21.5841885 44.9437943
-36.3598633 23.019949 61.9939308
-34.8537636 23.2610321 61.5162468
-33.4169922 24.8544559 58.5364532
-34.2602425 22.5583572 59.3071938
-55.0532799 -14.7153044 55.8628044
-57.7332458 -14.8953085 48.8429756
-54.8697662 -15.9399862 48.3072891
-49.4897156 4.15373039 44.6131897
-48.8159866 3.38281441 45.4944077
-48.6102371 3.37970519 44.0644989
-48.5868683 -1.15738714 60.693222
-49.4557877 -2.11743116 60.5439415
-47.7009087 2.14896441 45.5290375
-48.6202164 2.53431749 46.3579102
-8.747352599999999 27.8848152 58.2824821
-51.8588219 10.6164055 43.3254204
-50.9600182 10.5597839 44.4770622
-24.8306389 -17.69277 53.1778641
-20.6550255 -16.7623787 51.5868225
-23.3292942 -16.8032856 54.2859344
-25.9609909 5.06843615 39.54702
-26.133831 4.04898548 40.8194771
-25.746727 4.82233429 40.6471863
-26.4283485 2.3728621 49.1716499
-26.4156265 2.47254467 49.9389877
-26.6971722 3.87767792 49.6805191
-48.8485832 2.5486989 42.4773788
-48.0462952 2.50589418 43.2148285
-47.8773117 1.38000762 42.9455872
-30.6066399 -2.48532987 31.5457897
-27.8700771 -3.82746959 32.4998322
-34.0334244 -4.1550498 31.8359699
-28.0552883 0.144741774 68.6784668
-25.3363018 22.7334309 47.506176
-28.5409851 20.186491 48.8194733
-34.4364281 20.263958 58.7756729
-34.6505623 17.7698135 58.9537086
-35.799942 18.9654503 59.8166962
-34.6946793 10.025404 45.5163307
-33.7331238 9.063031199999999 44.9030914
-33.9389725 10.3881531 44.0518265
-77.94155120000001 2.6405201 51.6567612
-77.47731779999999 -0.230999306 46.805088
-74.4230194 -4.29057026 48.6483879
2.0774281 17.910347 53.2816162
6.2349 14.4333096 55.2777481
6.25105 18.8668823 49.893528
-1.16270208 8.89530182 42.8109131
-4.57555866 13.5674229 44.3062363
-34.8655891 15.1243277 35.1454735
-36.6382561 15.2762213 36.4775467
-35.1993713 14.2588825 36.9933662
-51.0253372 17.4694138 43.193676
-49.7040024 17.2661114 43.9040794
-51.1939926 15.8887396 43.0727844
-23.0076694 14.1842365 44.3776436
-52.5201225 18.4388962 42.8918762
-50.8754501 18.7098846 43.6403885
-38.6278725 18.6681976 57.3671036
-38.0301361 18.484436 58.5724869
-38.9134216 16.8848724 57.1229706
-50.8251801 19.881546 43.7330208
-49.8624191 18.8212967 43.8406143
-44.2002602 -19.1819878 54.8167686
-33.9846268 -19.3277416 43.5683174
-32.2525253 -18.9536552 42.5819817
-27.2380772 -18.4030857 52.9506531
-28.8392143 -19.5037174 54.114933
-28.8295803 -19.2504635 49.8175697
-20.2585564 -17.3736362 43.1703186
-19.8928261 -17.5126629 45.757206
-44.313385 -10.2761831 87.8338852
-47.586586 2.12881994 44.1051102
-47.1777916 1.08201122 44.5040131
-25.3354073 8.47495842 46.7199173
-24.8905239 7.30004454 45.6821861
-25.8470802 7.89330101 47.1828079
-0.922257125 2.26287031 40.6169548
1.70616758 2.78875732 42.5288391
-50.8884125 7.9443593 46.0984955
-51.2758865 8.08158875 44.78508
-50.8777771 9.31795692 44.9538956
-20.4894943 23.7692394 46.739006
-4.2587347 8.56233978 42.1931343
-25.7336426 0.291156113 51.2307091
-25.0114746 -0.741316438 52.3717728
-25.7122002 0.297333241 52.7668762
-19.9871769 11.6310797 41.5192947
-22.6641293 9.102424620000001 43.358242
-38.9485092 -20.6109791 46.0395203
-36.3593445 -20.6297855 45.9783173
-43.5208092 29.2943726 58.2009964
-52.738533 23.8438339 45.2560883
-51.1523514 25.4892178 46.5598526
-50.724968 23.9987602 45.5418701
-41.4878235 -19.6098614 44.133194
-52.4804306 20.0195904 43.3637428
-53.694191 18.5727234 42.4478455
-34.147789 -17.0103054 40.202198
-31.3752365 -17.1002579 41.0693932
-71.2115402 -4.19499397 29.7257595
-67.2036209 -3.9490397 28.5383892
-65.0548782 -8.11196709 29.5871353
-22.7810555 -16.423111 39.2673683
-20.6740932 -16.5249805 39.9931564
-48.2769051 -17.1110992 40.6252098
-49.6278725 -17.7150269 46.020237
-54.269413 -15.903162 43.5049019
-70.45568849999999 -8.27108192 40.6020584
-64.50033569999999 -10.2419033 34.6746101
-37.6623344 8.881630899999999 47.4548149
-36.4305038 9.6395359 46.7024651
-18.8657436 30.4495296 60.0414124
-23.1261921 30.100996 62.1758842
-19.7538967 29.239254 62.0806656
-33.775528 19.7999229 57.1294403
-52.2589073 -14.4850788 77.9099884
-48.3610764 1.57876468 41.8489075
-47.4573898 1.37393427 42.3105927
-23.2570019 -4.09567213 64.7495651
-6.93128777 13.7727642 43.2161255
-6.87147951 8.676321980000001 40.6379929
-38.4783516 -17.662468 39.3768425
-45.5119553 22.8239193 47.5239983
-44.9876709 24.1859169 48.8443832
-13.2670727 3.48286271 34.2700462
-10.0506706 4.26616049 36.5466156
-10.6160488 1.03289056 36.2789726
-52.5114594 -11.6121426 30.0187378
-44.703228 -9.322214130000001 28.7090912
-47.8874664 -11.6100016 29.9701061
-7.24531221 -10.9104538 55.6966286
-4.75011539 -7.74858522 58.6206741
-53.7501068 11.576334 41.1162567
-52.6272125 15.2508993 42.3561363
-51.8114128 11.9868088 43.376812
-77.938942 1.70138562 41.4560699
-44.3778877 -18.1335678 41.0940399
-47.5442352 -18.4714565 47.1202774
-48.9420128 -18.6725769 49.286953
-77.8721161 5.26406336 54.812851
-74.4176483 -0.103640847 55.1302681
-63.5895042 23.1193829 47.7599831
-38.3493881 -19.6899796 42.3423042
-27.2971687 -8.091564180000001 53.8102646
-28.5062885 -9.132095339999999 55.2703323
-27.1285648 -8.545815470000001 55.1439819
-33.7027473 -20.1201496 46.0039673
-17.843462 -16.5559425 48.7262611
-21.8551235 -17.9279461 49.0460396
-14.7282877 -15.7551394 49.0342827
-16.4873734 -16.0204487 49.8339272
-27.1218777 -1.57438374 49.1350784
-27.0608177 -3.19005036 49.9521255
-26.1296425 -2.50744462 50.0899353
-1.83227193 17.0305462 58.878067
-70.0082855 -6.24101353 48.8949356
-67.6514511 -9.08639526 49.9484673
-66.0642319 -6.75155163 54.0824547
-24.9325867 -11.5733719 29.9441967
-20.7484226 -11.1234941 30.6010876
-25.9439278 -13.2120361 33.1109123
-75.87651820000001 -3.18458247 43.0672073
-76.2085266 1.16105771 37.1497154
-26.1586685 1.37817049 50.2966003
-26.5464573 2.40952826 51.3625145
-7.53197718 17.0166836 45.0585327
-33.1450958 10.8674479 41.8259659
-31.8312664 9.36843872 41.4882088
-31.9105778 10.6375532 40.4342194
-30.9999352 10.5958719 39.3155136
-32.4165421 11.6008997 39.972641
-17.1100922 -16.0922089 42.2025261
-13.4897451 -14.4832716 42.2453842
-11.4180927 -14.6338482 45.9819069
-40.2758636 11.928916 41.738266
-40.4047585 12.3009224 40.9616013
-41.6903038 11.4129677 41.6473465
-37.7371216 11.8966751 43.15242
-38.8741684 12.0801716 42.3297424
-36.3539276 14.4170856 88.8499451
-27.7228508 1.00457227 46.853138
-27.2188015 2.50951314 47.3019333
-27.4484291 2.42432404 45.9160309
-54.26754 -7.94003296 60.1165352
-36.4872169 11.8049479 43.0162086
-37.6101837 12.5474424 41.4036484
-44.9669495 -18.638773 46.8670349
-17.7029247 12.0071077 40.4989891
-18.1942577 14.1880617 42.0324135
-44.5496254 3.6969192 28.7085915
-47.1447144 1.01775038 29.8466091
-48.2937088 4.03869438 29.0798302
-28.3464222 -6.13616896 32.089325
-15.4797831 -14.9440565 51.3498497
-20.4419498 -14.7882786 53.7439804
-55.2639847 14.3465986 40.7805595
-55.4778557 16.8534126 41.7920303
-4.70744181 17.8970509 47.7145119
7.54940844 14.4022799 48.2141457
-51.5448532 12.2490492 77.22229
-44.3441086 22.758625 48.6198387
-44.0220261 24.3135109 50.0609894
-72.39732360000001 -6.49984169 39.3853035
-6.61327171 3.30151796 39.4944839
-43.5733337 4.53961897 68.3998947
-44.6584053 3.17318201 68.36553189999999
-18.4776688 9.780922889999999 40.0210762
-20.5201855 9.355650900000001 40.8952408
-14.781126 13.8402605 41.4648209
-27.1461716 1.91440666 41.894062
-26.2308674 3.03933311 41.5954475
-26.9960213 3.10868478 40.9011726
-21.6741638 27.0638638 49.965107
-23.1452827 29.5668049 53.8501472
-58.2467995 -14.6271095 44.9377174
-41.8367767 -18.6253529 40.7373962
-47.0794563 32.8852272 56.7513847
-46.5716629 35.7320786 58.4425049
-45.4416504 33.8833542 58.4138489
-48.0735168 4.36588097 52.0901833
-46.6175156 4.6967535 53.3688469
-48.2391434 3.55100322 52.6570969
-28.5191727 -9.37151051 57.8502274
-29.6219501 -9.63124275 56.9219818
-29.7543945 -9.76026154 58.5775986
-28.1952171 2.76993966 40.947998
-27.42416 3.71890736 40.4405708
-47.8818207 2.62146115 41.1284714
-46.8470116 2.71560812 42.2458725
-26.3380833 -13.8792963 65.36831669999999
-30.961628 4.80386066 62.2085114
-31.3868694 5.05484867 63.7367516
-25.2601566 -15.1343908 36.9938622
-30.7525387 -15.7360392 39.6467018
-45.4170837 -10.5778313 28.7607403
-31.1509876 -20.1086636 48.8461723
-22.7070408 11.4086971 44.0244827
-9.710038190000001 -4.05121422 35.6478653
-9.184798239999999 0.699831784 37.3776283
-6.71924925 -1.04610801 37.2908897
-30.3642178 26.9139595 55.2730713
-26.484499 30.1385612 56.5543823
-23.1860943 31.0479832 56.5290146
-26.8382988 4.2035408 39.8618317
-27.9960194 3.91015506 39.9509888
-25.9983978 -1.44364107 72.33669279999999
-9.070838930000001 6.83846521 37.9881897
-20.5536919 31.0504131 56.5579262
-50.8814507 6.47496319 40.3884277
-50.0417709 5.8497901 40.6279297
-49.6004219 6.342103 39.8937988
-24.0524559 7.46632481 43.1687508
-23.6960716 9.317610739999999 45.2601929
-50.6658859 43.5962029 56.6282921
-53.1769371 42.3125725 59.7831764
-50.1897736 44.1751328 59.6751938
-30.0688362 6.56699085 40.1255493
-29.3371277 7.43431997 38.9278603
-29.8747444 8.148945810000001 39.4134827
-20.794281 3.59881473 30.8900661
-18.4670296 1.0796411 32.065834
-24.5148335 1.50728381 30.2009506
-34.1906815 15.4152756 62.7373314
-9.98613548 9.04687977 38.6989479
-18.0176601 32.5668716 59.5510941
-13.8191319 32.4832497 55.1262856
-17.9073753 31.3199959 56.8485909
-9.98000431 11.162776 40.2545242
-76.7058411 16.7391453 51.1171684
-75.5603409 13.0956888 56.0145988
-75.30219270000001 16.8824501 53.5452766
-46.5826645 9.44239235 39.2666054
-44.7039185 10.6597958 39.4429169
-46.7104568 10.6056957 38.3862457
-26.2984314 -18.9008484 64.71919250000001
-55.6426735 11.4777784 38.2048836
-54.5575562 10.0242863 38.372673
-43.1219673 10.8770227 40.7110519
-43.3297348 9.80323982 41.8443909
-51.3235931 -3.16703892 64.0914459
-57.6617317 -3.18986011 28.7532959
-50.5370026 -6.85972881 28.7122765
-55.7631226 -10.4928064 28.7717495
-17.535408 9.12470531 38.30019
-23.4215145 11.1451406 32.8313942
-23.0644226 9.42116261 35.7366447
-22.3151379 10.0852509 32.4527168
-48.3880272 -16.0801811 36.4362602
-38.1279869 15.5763121 61.6578293
-14.4711151 26.8647709 51.533699
-25.3099613 -1.39510417 71.1339722
-26.1606293 -0.402687937 72.1019287
-31.2533073 -20.109024 54.1548233
-27.1867428 -18.5743542 48.6278191
-18.2390499 -15.2787619 39.7081223
-6.73454428 -4.20129728 37.8694992
-49.562294 3.94248056 41.7641525
-49.3432617 2.62967801 41.2775726
-28.6142578 1.1406002 57.8978386
-27.8181648 0.302605838 56.9864845
-27.9857693 0.532732904 57.9911308
-7.03438663 1.15176797 38.5228806
-68.10694890000001 -8.82798195 35.0532036
-32.0148849 5.32374668 68.80892179999999
-32.0139084 5.5022192 70.3010712
-49.5803947 -6.51605272 53.93396
-49.7004242 -7.37477016 55.2496796
-48.0913963 -7.01126957 55.0999146
-33.6791458 10.4022293 65.7103729
-48.4718323 4.95950508 40.1728554
-48.4573631 3.8891542 40.3188438
-47.0163879 5.12405014 40.7811394
-69.3761215 6.14420319 38.8902664
-25.5921001 9.726861 36.1807823
-25.7911568 8.46755505 37.1003799
-29.9978409 3.17067647 61.1603584
-29.073349 1.76596081 61.6812363
-23.1869946 -14.444561 36.0439606
-44.4403419 30.900856 56.5787659
-25.5028744 24.9502926 49.3287239
-27.6508026 23.1310921 49.322628
-28.2150993 26.0210247 51.9441376
-34.0573082 -20.6863766 51.9213295
-31.2654572 -20.458416 51.3630447
-73.0658798 14.5931034 59.0382156
1.07731378 20.2638569 51.2710533
-52.625824 17.0694733 42.4390678
-57.9496651 37.127739 59.7342072
-51.663765 7.21483946 38.9968948
-51.5367661 7.09314013 40.3989182
-49.7239799 6.95266724 39.0591354
-49.553524 33.2557297 56.503933
-49.6172676 35.8784866 56.5538597
-47.768261 36.0866356 57.5560303
-22.8858624 -3.73273325 52.8539543
-23.7069893 -2.29017639 52.4608955
-23.9636841 -2.67801666 51.5649719
-34.5753441 8.595453259999999 46.8951149
-34.5762177 7.52933502 47.9484901
-34.224369 8.028793329999999 47.321846
-1.84688675 27.8823395 54.0573769
-4.18538857 25.1225281 52.3326492
-4.00882721 28.2466354 53.7379875
-14.8649807 24.837141 48.8260651
-44.4537888 7.62665129 42.0919228
-43.4357338 8.396877290000001 42.9964752
-45.9412422 7.73520088 40.647644
-45.4458885 6.20601606 41.8049545
-63.5642776 14.7417383 41.1012535
-66.3861313 18.5962658 45.909687
-62.0310173 15.948864 41.7372475
-52.4066544 10.5322971 42.1539841
-52.1931381 9.385290149999999 41.9815483
-25.3620529 -1.06826627 54.7173538
-26.0750828 0.0952726752 54.1235809
-70.75465389999999 -7.476017 44.7336617
-43.3530045 3.72259068 47.4720039
-44.4849396 2.12002897 47.5651703
-43.6244659 2.62169671 49.3846397
-68.541481 27.0074348 54.2773628
-64.6263428 28.9995537 59.0741005
-30.5172462 8.00602531 40.341774
-29.554924 9.23009109 38.607029
-17.7986031 8.413126950000001 35.6848869
-20.7543201 9.05706024 33.0272484
-20.6083279 9.014760020000001 35.5536842
-52.119915 -14.9542036 36.549736
-55.2415581 -14.429183 37.1879692
-48.8393097 10.3462191 37.7840347
-46.8404579 11.6629047 37.4340286
-11.9428406 8.81551552 37.6299591
-15.0015202 9.453224179999999 37.7351494
-28.2868862 -18.9677505 62.5505943
-31.2320976 28.6314049 59.0496407
-41.5838394 12.8264008 39.4711151
-43.527504 13.061265 37.8788948
-43.0351105 11.8868771 39.4555626
-33.6885872 12.4852962 39.5729599
-34.7870789 12.9556389 39.3248749
-34.8404083 12.2202225 41.0498047
-40.8805923 14.9268265 36.7760048
-40.045826 13.5739937 39.1705666
-38.8650322 14.4560127 38.1378708
-41.6979561 -16.9420605 38.0310822
-23.0715523 6.55782604 29.7294693
-25.2260456 8.95854664 28.7765636
-23.3178978 9.219257349999999 30.4877796
-15.1723146 0.461868376 33.4255753
-14.3450346 -1.38443327 34.5930214
-77.9667358 10.5803709 53.9847832
-41.508255 -14.1675234 34.9145775
-37.7815094 -14.6568632 36.6037331
-75.4104614 30.1226864 47.8388138
-73.3760147 32.0942307 50.6266441
-68.6668167 32.4686012 49.5537262
-34.2619858 44.1676254 59.3382263
-24.6255951 10.3800106 46.1581039
-26.4364796 9.34601593 47.9521217
-26.8315773 11.7229919 47.8584175
-41.7411461 -8.21617794 60.5818176
-44.9444084 -8.49724483 59.9391937
-23.3039703 7.42062664 38.1460762
-25.6217003 6.46219635 38.121376
-25.200264 5.58349419 40.8773079
-28.1454411 6.99072886 38.3707275
-26.9235115 6.76474476 37.9470673
-27.218071 8.459569930000001 37.5804062
-76.8839645 7.17691565 37.6774178
-77.126503 10.7230473 39.8115082
-68.6772919 -9.087433819999999 46.966114
-64.2220993 10.416235 36.6609344
-52.3383331 -5.44092607 57.5715179
-52.3817062 -5.28206158 59.0615768
-52.8566971 -6.83922243 57.9114189
-48.7714157 19.605793 44.2464523
-48.516861 17.9978466 44.4125328
-56.5975838 26.8666763 48.5121613
-58.0227966 19.4504013 72.2599869
1.31994224 -3.78689313 49.7701874
-6.78945589 -11.8477554 46.4591904
-51.805275 8.43749905 41.8430977
-52.1927719 8.04307652 40.6073608
-22.8159542 -10.0692539 28.9207325
-20.8819332 -7.87261677 30.3675823
-20.1079483 -9.640742299999999 29.8464851
-33.5114441 10.6076488 74.05098719999999
-33.7667046 12.0096531 73.8474731
-32.9241257 14.4254589 77.9678421
-41.8666267 33.1962547 59.6653633
-37.2806549 -13.0656195 34.7252922
-31.7444248 -13.2880173 34.8880272
-33.955883 -14.6834106 37.3293152
-44.4690247 -16.9788475 38.0995216
-76.54570769999999 25.0007668 51.1652184
-70.2414703 29.443224 52.1373405
6.53553391 6.36024046 49.0831757
3.08434796 -0.0659601316 52.2489777
-50.0730362 4.9351182 41.6050568
-49.6913147 4.91058207 43.148941
-36.2552414 -12.472764 32.6909218
-38.9689903 -12.4081259 32.8481445
-36.2396126 -12.1645288 29.7604408
-55.5449257 29.616539 51.9458733
-20.878109 -13.2393475 35.2252884
-17.7506466 -12.0792046 35.6322708
-12.4178267 31.1158524 61.9747391
-14.9501619 30.8167248 62.3449707
-52.1718407 31.216732 53.7283859
-55.2999268 31.0084362 53.6695976
-17.5237255 -8.675753589999999 33.0772781
-49.9026413 21.4479313 44.4661446
-48.8611565 20.6508789 44.5803223
-46.4092026 6.74185562 52.4202347
-45.8913193 5.95706415 53.4337234
-47.4877701 5.56459999 52.0813522
-20.6298332 8.51335716 38.0485992
-30.2570038 10.7585354 37.6268845
-30.3866444 9.32096958 39.7194748
-29.5256252 10.3663092 37.3010178
-28.6282692 10.0527458 36.7492638
-52.4696121 9.3809185 37.9276924
-52.4066887 10.9492359 36.8116035
-20.5540867 -12.8947115 56.3330612
-21.5403633 -13.6359854 55.502758
-45.4329987 12.9996357 36.7726212
-47.1933327 12.6211624 36.3671837
-20.4147911 -12.467207 59.3991699
-22.6716843 -13.0219059 61.5474815
-23.3912067 -13.0030708 59.0258293
-43.6750641 14.2121553 36.2901611
-22.4339924 8.27105427 38.291317
-26.0586357 3.8823328 41.7322006
-25.7421322 -17.723032 53.858799
-12.4873896 -1.34866798 35.6766472
-9.30747032 21.6619682 48.1645203
-12.0391626 24.7836132 50.6380272
-31.4582787 4.12832451 68.4746552
-30.8888855 2.80034089 68.87633510000001
-44.1005058 3.67247391 57.9560165
-44.026516 2.76542735 58.5265427
-44.8243561 2.82704926 57.4606133
-26.4593163 5.49595833 38.5540314
-66.15314480000001 1.93294108 35.1172791
-70.8659744 1.36172652 33.1432571
-67.4991989 4.13912487 36.9373436
-34.4754944 11.3192835 43.0621719
-14.5007839 7.31341743 35.9914207
-50.7224617 7.43286133 29.3836708
-52.1339798 9.587050440000001 30.9038486
-48.939682 12.1402826 29.785614
-45.9032707 14.0250435 35.2876968
-47.5474434 13.7919006 34.2847748
-47.9181366 13.026001 35.4092407
-32.5728264 1.56211889 28.7084999
-28.8494625 11.6455755 28.7092171
-30.0218811 24.4243793 52.22295
-49.9318848 10.6011658 45.7028122
-24.7582855 3.31571865 29.0739365
-73.4317245 -2.16832471 36.5167389
-23.6997261 -16.9108582 72.82394410000001
-33.6673889 -20.7860813 48.7264137
-49.5585403 41.308857 55.7600861
-44.8739624 44.2664757 57.4341621
-45.0555801 41.565918 57.440094
-50.7352867 6.79077482 41.7386017
-50.6515579 6.98147392 43.3548889
-50.363266 5.95735264 41.7859459
-40.3938713 11.5081348 42.6394997
-42.7506027 40.1330719 58.8114052
-40.8909416 44.1241264 58.2042351
-28.2798271 28.2944546 54.5485649
-12.3295527 6.39118099 35.7931099
-52.455307 27.8451958 48.9263878
-48.9583778 11.1759939 37.1407356
-49.5550232 12.153985 35.6726646
-51.9548073 -13.776598 67.27864839999999
-25.4185123 -0.9977135660000001 69.950119
-24.549221 -2.24664021 70.09553529999999
-45.5314941 -6.59371185 56.4018784
-45.6092377 -4.79274464 54.2009468
-46.6541138 -5.9303031 54.717186
-46.1362953 -15.7852745 35.5731697
-49.5941772 31.9450684 54.8783417
-52.947628 33.1940994 54.8646317
-52.1371994 32.9510956 55.7081528
-32.2365799 4.06506729 46.4331436
-31.0900345 2.27302861 45.0096741
-32.0444374 4.65134525 44.965992
-41.9119148 9.83115005 43.5069809
-40.2072334 10.6431198 44.0223198
-31.6024647 15.5320482 29.4620132
-28.7055607 14.1213531 30.0397511
-30.0325813 13.4360352 28.7395973
3.93839741 14.9551735 56.9273529
0.808196783 16.9932652 56.6507874
4.87605047 11.4267836 56.2675781
-24.3919563 -7.01629353 53.9588852
-25.7340508 -7.58300591 55.0753288
-24.1841431 -6.65652847 55.2064667
1.98884475 7.75443602 57.681694
1.70437646 11.8914213 60.6622353
-0.27399978 6.84243774 61.7435455
-45.1725845 3.70959687 43.554985
-44.8786469 2.87433767 45.0571213
-44.2377205 4.8005476 44.1268082
-28.6553307 5.37051201 39.2269897
-26.6496277 3.85466719 47.7518005
-26.3173428 5.19756985 47.4366608
-6.8902421 20.1018486 48.6958389
-5.93509483 21.4802208 50.6682053
-27.1814346 1.34302056 44.0624771
-27.1565094 2.34245491 44.4339905
-26.4617023 2.70623279 42.9450455
-62.5528679 6.07419205 33.8106651
-22.3198414 -14.4989948 65.42280580000001
-47.3757477 0.129185557 62.3596077
-47.7607155 -0.840752125 63.9182358
-55.9560204 19.4060001 42.7071915
-54.0935287 19.889946 43.0328064
-19.540741 4.46523142 31.496273
-26.4099331 38.2509575 59.2747536
-25.270052 -10.888937 64.2948074
-60.2733917 -9.309174540000001 28.8640499
-48.8944321 -12.8953457 32.1522217
-46.9155273 -14.2737188 33.8925056
-49.9095764 -14.0080185 33.5910721
-49.1502686 7.89973974 38.6487083
-48.3160858 6.89562368 39.5793991
-47.7032166 8.04103851 39.2377243
-71.2510757 17.3214283 59.3511505
-73.3425293 17.4562874 58.8385201
-44.3164139 -11.3679914 30.0284386
-27.6323185 -13.1091022 32.7012177
-24.7888069 -15.0204191 59.4695282
-23.5831394 -14.1934195 62.3847389
-41.805275 30.8592949 59.0702248
-39.0533104 27.8468208 59.7907906
-41.4541664 28.3013763 58.6241684
-44.5760727 -12.5975008 32.5237503
-57.4135971 5.99930716 31.9182453
-59.1026268 1.08883083 32.5904617
-23.1796227 -7.69910622 29.9730587
-31.6051998 0.269144088 29.406765
-38.1743774 0.154856458 28.7873745
-28.3746319 -12.2297297 29.5116348
-51.4248009 26.6214352 47.5025635
-49.6028442 26.5505257 47.8801765
-25.6280174 -9.56080914 28.7399845
-23.2009087 -9.29813862 28.7106667
-29.2780571 4.6836648 40.1920433
-33.8963356 14.3430872 28.7098656
-36.35149 14.4175243 28.7083549
-33.9845734 16.5884933 29.9035912
-69.26331329999999 32.1916161 51.9239235
-31.1127396 -12.0177422 29.2555408
-36.3571701 13.3512793 39.4900894
-34.9507256 13.5925274 38.1508942
-31.6003799 6.76960754 60.6912918
-32.4932632 9.581663130000001 60.6879578
-45.7456169 25.4128685 49.1943016
-41.7126312 16.5343609 29.8454247
-37.7069626 17.3208733 29.746027
-40.4285202 15.9803267 28.7144985
-46.9496193 -8.44517899 58.3120804
-45.4938736 -7.89432049 58.1956673
-48.6349258 1.46197999 47.1834717
-48.5595589 0.417625576 48.0369263
-47.0643044 0.973086417 47.551136
-50.3807602 -0.223975241 50.013092
-50.3033524 -2.3715353 50.1215668
-49.6842422 -0.819061697 49.0961685
-38.9243584 25.1281643 58.9421463
-48.5673141 23.2148285 45.674408
-47.0845795 21.6941032 45.9678802
-24.5168343 -0.921833575 32.0287285
-37.8998451 -6.91348839 28.7151356
-26.2153549 -8.10138512 28.722805
-33.896656 14.1905422 35.4831734
-32.5424576 13.4557238 34.7905197
-32.6275558 14.3197269 33.8561935
-30.5346413 4.12445259 42.1764374
-29.6924591 3.27560616 42.0270653
-29.652853 4.18090439 40.9922562
-37.6896935 24.1289482 60.470314
-35.2459602 11.5757122 43.2006912
-52.3051071 -6.5531311 55.1693382
-52.3301086 -5.33243179 55.2232895
-52.3503799 -5.4464016 56.5108261
-36.0988922 -10.1308908 28.7336216
-72.01829530000001 -3.92594337 33.8408966
-31.9040813 -6.47555876 29.8349876
-39.9039917 -5.57391739 29.1359844
-20.4315929 33.0062141 59.373085
-49.5238724 -10.2944183 62.0644951
-48.5725517 -3.43760252 30.8600483
-46.0855713 -5.2869029 28.8867416
-73.8956451 0.857497036 29.3961487
-73.5001068 2.18579292 32.701004
-42.0583954 8.819468499999999 63.9513664
-42.9231224 6.64765501 65.93096920000001
-58.51968 13.4974365 38.815239
-24.2100143 39.7845421 58.151535
-20.2667027 35.7271004 59.2012863
-42.5414276 15.2951756 35.0445671
-38.8969917 -11.6870317 29.7044106
-62.3279686 8.92140961 34.5717354
-57.8402061 10.9462852 34.7357483
-6.95383692 28.0361919 56.6696548
-2.38121152 27.3070412 54.6414986
-42.3061142 8.44736767 59.8165627
-43.1427727 6.56088448 58.6706657
-42.2609024 8.696034429999999 58.4961472
-42.9918785 24.6096878 51.7400818
-42.6455231 25.6962776 53.746067
-41.5855331 24.6345062 53.8471985
-45.5082359 1.86588287 61.650177
-35.5303459 9.947785379999999 46.0182571
-35.4547729 10.8814297 44.8287849
-35.1045341 -2.26616502 31.6249352
-43.3988457 -1.99368739 31.6560116
-38.0569305 21.1243553 58.6376419
-31.3609753 6.30080509 42.0230827
-31.8084412 5.18233633 43.5968475
-31.1355076 4.99557018 42.4585037
-45.8258667 5.04874611 70.29262540000001
-46.9469681 4.68584538 70.2304001
-46.0056114 3.27662611 69.1478424
-14.7998352 4.01014233 33.6694679
-52.204361 11.5048065 32.8291092
-57.2605247 -1.14102423 31.9793758
-49.5278168 -1.37911093 32.2114754
-50.672123 -3.79025054 30.0186348
-65.52321619999999 21.9791985 47.6240501
-69.742836 23.3880119 47.4606819
-77.96962739999999 12.1373997 42.6947441
-26.6658478 29.48386 54.6865425
-50.1793594 -15.6553793 56.5590439
-49.4506454 -15.0391998 59.2000618
-10.9223232 27.0182381 53.3892784
-6.87478399 30.6267014 54.0852966
1.48516524 0.196200863 57.7825851
-68.08284759999999 -1.77191937 29.7616634
-23.0787163 30.5709782 59.1755943
-25.5959568 -17.2331181 56.6433563
-28.4749508 -18.8309002 59.1646004
-29.4793739 2.37890077 58.9211159
-29.0548897 2.22236037 59.525856
-30.0099106 3.5615685 59.1897888
-35.0437469 16.1947403 61.6330452
-32.4476433 12.3888035 38.5672836
-61.039032 20.3255978 43.8962479
-23.1914997 25.2152882 48.6784401
-54.6987572 21.1875343 43.7293625
-54.4825478 22.3073177 44.2790947
-52.5874176 21.0605927 43.7543945
-34.5682983 13.1411247 71.6374969
-15.1341515 30.7391376 60.1915207
-14.8279877 32.4153481 59.2462845
-17.7929535 28.890995 62.0480576
-25.5585117 30.9800243 61.8560028
-22.9985809 30.8492775 64.3622208
-32.4586983 13.2290602 35.5977936
-25.6403427 7.27352428 37.2570724
-76.49743650000001 1.36251616 32.4752617
-26.0082378 6.70587921 47.3801346
-26.0854454 5.37103558 46.1383781
-28.3310661 -9.485219000000001 59.511055
-29.7864876 -9.877563479999999 60.5305481
-28.3052998 -9.496942519999999 61.2357712
-32.6827202 -13.8658495 88.9679794
-25.1403408 -2.59897304 50.8916702
-24.4811935 -3.84887552 51.4127159
-71.08325960000001 -1.33666885 28.9243298
-75.3767548 -4.52119684 29.2796345
-48.1595497 20.1673183 44.7612228
-47.5471497 19.3881721 45.0913544
-44.4736824 2.37506366 59.9309273
-43.8141098 3.32791042 60.2431374
-47.1858559 -0.0431973636 66.501915
-25.4879761 -6.88007021 53.1314926
-23.8233643 -6.17436838 53.0892296
-75.7330475 -3.1900506 32.2133369
-78.168808 -0.336634666 30.073595
-42.480175 35.8902283 60.3949928
-52.994133 -7.94644499 58.8640099
-52.6046677 -8.014531140000001 57.9517288
-76.5593033 1.22155046 29.0240746
-28.4692364 11.9414034 49.2304611
-27.368475 9.09573174 48.9374886
-28.8539619 11.2431822 49.5538025
-68.0349884 -3.50162125 57.5334091
-45.8965149 2.19354057 68.11793520000001
-47.0645332 1.59985232 68.5070953
-45.87714 1.51252854 67.23182679999999
-33.8642921 13.4634781 73.9276581
-52.4360924 -15.234849 59.3013115
-28.3133469 0.846109331 29.5346088
-26.0115948 4.15576887 28.685688
-50.5873413 37.0744514 55.8025055
-33.4382477 -13.9036598 31.4177856
-26.9506226 13.6963453 32.1018944
-30.7520351 12.7404661 34.0386353
-28.0167522 12.5983562 33.5273018
-17.6323147 25.51791 48.6177139
-32.546093 -13.0902052 33.3499374
-41.6442566 -12.6560287 32.6327667
-23.9545021 -9.139980319999999 64.886734
-44.461071 0.995913446 28.8475666
-50.3434067 -1.67163825 65.9642563
-48.818943 -1.6140976 65.1037445
-29.1654816 1.38131416 58.8045769
-28.9236794 1.31392574 57.5460892
-22.7120686 8.476772309999999 40.7519226
-36.3925896 15.9940157 28.7142258
-8.753807070000001 32.6602211 54.4626045
-76.55194849999999 4.64965534 34.3469276
-25.821846 -1.69477916 58.0962257
-26.909565 -0.673988938 57.8075066
-26.6726112 -0.926516891 56.7515793
-28.4687824 7.29741621 50.2594986
-29.7416534 8.53006744 51.0676804
-29.058815 9.504842760000001 50.0394058
-10.0319223 20.6479073 46.5270576
-41.1876297 45.2595406 62.7577057
-45.6731453 5.22703409 54.2220688
-44.9881554 5.39461517 55.2711639
-46.0507355 3.94936752 55.3454781
-37.8090248 13.6919193 39.2016678
-26.6978931 3.9685216 44.9528046
-33.5582123 13.4846706 62.1448135
-27.6567841 12.5455074 29.2611599
-25.7936821 11.8080235 30.1136456
-47.0660133 6.54542446 28.7100391
-40.0733299 9.30809975 45.2429314
-49.0208282 13.5306711 32.6648178
-47.8119926 14.0035639 30.2851048
-77.9770889 4.49345303 35.8271408
-57.5790367 -13.7960367 54.4134369
-65.26260379999999 -0.261235714 33.1357803
-17.7091579 -12.9098797 56.3124428
-52.3531189 11.5907583 35.6246567
-46.9262505 -2.04950023 50.1362305
-45.985321 -2.60919094 51.7310257
-46.0011635 -0.527152359 49.7073212
-24.8369198 11.3182697 34.8571587
-23.1862564 -14.6620579 56.5056915
-49.6410904 30.7493172 53.8209
-43.446888 5.44048357 67.2378769
-43.6680031 5.35615253 64.1853638
-48.3179779 -0.354646087 59.1145592
-47.7713013 -0.08819566669999999 60.6916809
-18.6072235 -11.4411154 32.9282112
-60.1328545 -11.6451006 57.4931831
-39.0134087 14.6751385 86.4754715
-43.8697472 15.804965 29.7476177
-42.1641197 16.2528419 32.1770248
-49.7041206 4.96292019 40.6200027
-37.8077354 16.2192383 35.353508
-37.894249 15.1428642 37.0410614
-34.1333389 16.0820503 32.8734131
-34.0426559 16.6241055 31.7003384
-36.2264099 16.6310997 33.6636848
-46.6003151 17.8982086 45.9764366
-47.2620811 17.5544128 45.3654709
-48.7693977 9.39381504 38.3256378
-50.4861336 8.21758938 38.3739395
-45.5581245 13.4272432 48.1425323
-43.872982 13.078598 49.537632
-44.961216 11.5239363 49.5473976
-31.322649 19.6924572 51.7973099
-48.2425346 12.1848383 46.5684128
-48.3425827 10.5883064 47.4241447
-33.7623405 -12.7555208 29.4527302
-25.4280682 6.47623777 46.0546036
-24.661293 6.76923323 44.4374313
-40.2954178 16.8827667 31.1424904
-38.8758087 16.9411144 32.7965393
-38.3034058 17.2612267 31.2114601
-40.8475151 13.7322941 70.1334763
-20.5893593 25.3880405 48.6409378
-25.5168457 12.4775877 32.8403931
-28.5759926 11.1662512 35.2754288
-33.6264687 -4.87955761 52.263092
-33.9072037 -5.86863232 53.4652596
-36.3514442 -20.896246 48.8880501
-34.8946915 16.9117241 31.0220051
-36.2563171 16.9594402 32.7956657
-36.6311493 -1.09754384 51.6288376
-37.3234024 -2.19658566 52.3667946
-35.1227417 -2.27570534 51.3901405
-24.4274788 -6.29941845 56.9700089
-23.3433571 -5.67314053 55.8573151
-31.48419 -4.91286039 51.8973083
-33.2309799 -3.55549955 51.4471512
-44.7384224 44.4761429 62.1988907
-44.8792038 45.3079567 59.4146614
-28.4674301 9.37390518 28.7092094
-34.494236 14.501152 87.6388092
-52.6745186 -6.88926363 56.5195389
-51.4891891 -7.58498669 56.3056793
-17.3710346 -4.02259493 34.4725685
-32.2161484 12.7695818 36.8262863
-31.1187668 11.6490326 37.7241669
-29.7403603 5.1700573 40.5324554
-46.8776474 -1.46158051 32.0301895
-29.9416332 -1.05134869 30.8447247
-28.3084831 1.763116 55.5717163
-29.3792248 2.8398633 56.6413345
-51.2549744 27.5536652 48.7040176
-33.42799 8.21115208 68.75260160000001
-51.0203247 -5.95498848 53.3054886
-51.1007462 -4.70648003 52.8960075
-51.9858398 -5.01346779 54.0889206
-37.6654282 6.10500002 50.9721947
-36.1601105 6.80540037 49.9413834
-37.517601 6.64367008 49.9675369
-46.3200302 1.7960341 43.6642151
-45.7996254 3.44657993 43.141552
-31.3752728 14.453207 32.6067543
-52.1282997 -8.854922289999999 59.4859238
-17.2779026 29.0129128 60.260994
-4.32351398 30.6458244 54.3337173
-49.2770882 2.52844548 52.4747086
-49.8782539 1.18874073 52.7254677
-49.9953117 2.46490812 51.4524651
-49.5689049 24.0970592 45.7730026
-20.3554115 -12.4042892 62.3889427
-41.4632492 18.5385666 51.0307922
-42.1307182 18.7250652 49.8812981
-42.2436905 20.2708397 50.0334015
-22.6284103 -13.0138922 57.1373749
-30.1276665 12.5903912 50.4208298
-31.2522697 12.3084784 52.1441193
-31.5192909 14.5358047 52.1589203
-50.3044281 1.28647435 30.8705921
-54.272068 38.5654602 54.338131
-53.4727325 9.66352081 39.4524536
-52.6780434 9.333092690000001 40.6191788
-52.7453117 9.04058075 39.0667801
-32.9493141 15.5762444 54.490097
-33.1243477 14.0995235 55.3092422
-33.7702065 15.887496 56.2091293
-51.5239334 8.343009950000001 43.3840981
-51.3775978 7.51736927 41.677124
-52.3790245 8.094614030000001 39.6455994
-50.7683105 21.0557117 44.0441093
-50.5015182 22.5279312 44.8177338
-45.9220581 14.5962648 34.0222244
-43.7825851 15.2603474 33.9727783
-37.5418816 17.0382156 33.0097809
-36.7557983 17.2915382 31.3183022
-46.3596916 0.518923759 66.1575089
-45.4590988 1.60325217 65.8602753
-44.6292801 -3.44612646 53.3997421
-43.2170372 -3.64584804 54.2052307
-43.3955994 -2.08670592 52.5697441
-25.5794315 -7.38553619 29.8718452
-53.2369766 10.3588142 40.9624329
-28.6247787 2.84791207 28.7361889
-50.4293976 -3.18903732 60.5292244
-40.9109726 16.1401329 33.9902802
-28.7592335 -13.6502171 30.7653809
-11.4401388 32.613678 58.934494
-37.6589203 7.66567326 48.4342079
-50.199791 12.6052694 32.6861267
-45.762825 1.22403431 47.6304817
-45.1253662 1.44280601 46.8959236
-46.3434715 1.16075778 45.4457092
-25.4441147 27.6376839 51.8202934
-27.2683811 2.23426747 53.3302917
-27.6190567 3.27513981 52.7357941
-43.7807007 4.56425619 61.7802162
-38.7247162 16.6692162 34.1222801
-40.3965759 16.6671543 32.6744194
-75.7890396 29.6127815 47.096981
-73.7397995 25.2806587 46.7767906
-45.2855263 -3.12544894 31.6338863
-50.5616226 6.10155869 44.7769699
-50.2121964 5.14248562 46.2066841
-50.0064201 4.93976688 44.7304382
-33.0006828 15.1996737 33.1212997
-13.2776976 32.3175659 61.550148
-29.9504585 0.965304613 45.0435715
-29.8923759 2.07341218 43.4465027
-43.2259369 18.8891068 48.621582
-30.930378 12.3164234 35.7724724
-51.485157 -4.12457895 60.8155975
-52.7481728 -5.59259129 60.4567299
-32.7720184 6.9364686 70.2533035
-33.2964706 8.012391089999999 71.113945
-54.8713875 40.2792015 55.8227921
-32.0605888 16.0264931 30.6371593
-47.2197456 2.53398085 55.4088326
-48.1628914 1.64401007 55.1969185
-48.2928009 2.48399234 53.7749977
-37.8394356 16.6499577 34.4382935
-54.8530312 2.91700983 31.3139229
-54.4871941 1.42779756 31.8497581
-14.1755905 -5.40936375 34.4488602
-25.4040565 -5.12116098 51.7420845
-23.924427 -5.08109999 52.1454124
-46.0549736 2.77377605 56.6910934
-45.9002533 1.98216248 57.3837585
-51.1276321 7.37121105 44.5257492
-51.9490776 8.43586159 38.6446838
-28.7156601 9.020035740000001 37.8295288
-27.3350105 9.660573960000001 36.7098923
-45.3463783 21.541254 47.1779785
-45.0608063 20.3578472 47.06707
-42.8927307 5.03511 45.5619431
-42.5340271 21.6436272 50.0914917
-41.8819122 21.8142624 51.077507
-17.87714 6.11916113 33.146862
-33.7024651 13.5030737 36.7813492
-63.622261 -9.727945330000001 55.8346138
-24.7385159 9.429943079999999 46.4793129
-13.9695749 -13.592329 56.0692902
-14.7555971 -13.6424475 53.8492393
-45.6952591 14.9771996 32.9399796
-45.740181 0.7109503150000001 48.7142677
-44.8973236 -0.0467138439 50.1734772
-46.9043846 7.44741869 51.2583923
-45.1058655 7.745327 52.9621048
-32.8549957 6.68812466 44.7859879
-28.8007202 29.5097618 59.0722427
-40.369854 22.9224262 54.2869949
-39.3894119 23.860796 57.0617218
-39.2219009 22.0581188 56.2670517
-26.778244 2.48933387 48.3461533
-26.9595604 0.999215066 48.8323517
-77.94834899999999 25.298605 48.5371361
-77.5937576 21.2615318 49.4208984
-30.9890251 -13.8040037 32.2993431
-17.9817619 -1.22976363 33.0331345
-46.7768097 0.852667928 60.5151405
-41.6762772 15.8700409 51.1235504
-42.8032913 14.6669788 50.0613785
-36.8463516 18.750824 60.2231827
-37.3119698 18.9709339 59.919323
-37.4646835 20.098896 59.6906052
-36.2633629 16.9303112 67.10134119999999
-49.7195587 -8.0562706 56.2588081
-49.8614655 -17.9554462 80.20098110000001
-49.9722481 -17.9753227 83.3701782
-40.7216263 21.6466064 52.9490852
-41.2790375 23.1974583 52.9090881
-44.1319046 10.2104111 51.3785019
-46.0706406 10.2338934 49.6096191
-38.9766159 -2.12195921 53.1478729
-33.5799828 9.233244900000001 75.2950974
-39.9473991 13.8820515 55.7239914
-40.5088997 12.4534769 57.0128555
-40.6591415 13.0326424 55.3015289
-50.4662781 2.38202643 48.6924629
-49.8606796 2.39238977 47.1859207
-50.3299255 3.9111681 47.5065384
-25.9582272 -17.1490803 59.2309074
-66.1671753 -9.79585743 50.7500191
-50.7321739 9.24041939 37.9689713
-28.431057 0.850499392 44.7820244
-27.6290703 1.11658287 43.2223892
-27.2306767 10.5083895 35.726635
-32.3288727 5.89304638 67.0935211
-35.355629 -0.151760459 50.8317413
-37.2607803 0.490248442 51.7772751
-26.327776 7.76110315 48.2654495
-30.1636772 7.52561951 52.7337265
-30.9585342 9.93061638 52.3586006
-35.8228149 17.2755089 59.8978043
-1.5900234 22.6766262 51.4905701
-15.137805 30.6251106 55.1765785
-26.7157211 13.7097521 47.5266571
-37.0716057 45.3149643 60.1751404
-10.0087824 -13.4897213 48.6279068
-17.1905117 -11.5881853 60.1195145
-10.9669218 -12.2989721 57.4966698
-24.4995899 -2.91283584 58.9867134
-25.0081482 -2.80631137 60.1744919
-32.9370346 21.8354511 55.2992668
-49.1214104 -0.461192727 57.7211838
-50.3589935 -1.63755703 56.5633965
-49.3045502 25.4128666 46.8312416
-33.9141617 8.07771301 46.2084236
-33.6510925 6.53218889 47.5050278
-32.0340652 5.61903524 65.5270996
-40.4552498 -1.67075205 53.0083313
-40.6150055 -0.384782612 52.5252724
-42.0299377 -1.37984085 52.4611816
-46.854908 30.6887341 54.9759254
-41.6896324 13.1175537 52.7283478
-42.6635666 11.5041914 52.3740768
-42.4901123 13.0673246 51.1250153
-41.9982414 9.84989738 57.8649445
-42.7941322 8.501061440000001 56.8395004
-44.1758232 -14.7679482 83.2195816
-46.7299614 13.9215002 47.0237808
-35.3837395 9.167432789999999 46.7171898
-40.8116531 5.52247572 47.2454987
-39.9811935 5.68452215 48.2269211
-41.1790848 4.96306515 48.3220673
-40.5482864 5.14085245 49.2352753
-38.9534683 5.08344746 51.5886993
-39.7620926 4.96234703 51.0434952
-40.2241364 3.69592452 51.8189468
-40.135891 5.18446827 50.0112724
-38.8437538 6.0631876 49.8738556
-42.0561943 4.91104126 47.1063423
-31.0361214 -0.279789507 47.4517021
-29.9223824 -0.974785924 47.5816078
3.58931947 5.57785606 54.635067
-41.8249207 1.89980507 51.5687637
-40.620018 1.80870831 52.1714554
-23.0650806 22.6782875 46.6013107
-45.2070274 18.6464462 46.9443741
-45.3324585 16.6043911 47.1150436
-28.6145287 14.4925528 48.863678
-30.3196716 5.14403105 41.225872
-35.2003708 7.33268833 48.5141068
-35.3228111 8.235239030000001 47.7163849
-43.2057419 22.9725857 50.0445366
-43.7952461 21.6108513 48.615654
-39.8927498 15.3984737 54.6760941
-39.4486046 15.0529604 56.3653107
-30.1893501 14.9719038 50.1061592
-29.0055904 17.0608997 48.7955284
-47.6938324 9.238398549999999 49.0893822
-30.2571583 5.624856 55.7765274
-30.7145271 5.1162715 57.1297226
-36.1949844 7.55480289 48.6013374
-35.1139755 7.11890554 48.9383583
-32.6804886 3.7876749 47.5644875
-50.4901962 6.44898701 47.2963028
-50.0569153 5.22644567 47.4897003
-50.2383575 5.20386934 48.7730293
-50.3477631 1.31245697 50.1240807
-50.6037483 0.139944345 51.5208397
-49.8036232 -2.23541117 64.4033127
-51.1718369 -2.32983923 65.0149231
-48.5412788 5.83181334 40.2735748
-77.9702911 14.3828697 48.6047134
-35.304512 15.868578 60.0640373
-34.2654877 14.7681246 60.7796059
-35.2896767 16.2136555 60.921711
-37.952095 15.5240479 60.0229645
-38.3063354 15.4629288 59.1058769
-37.3444328 17.4605713 59.7353973
-33.0825806 8.090175629999999 73.0391769
-33.4833145 11.7780752 75.34192659999999
-23.7598495 -2.77003145 69.1815948
-24.7225552 -1.77832294 69.4246674
-23.6727009 -3.77677202 69.80286409999999
-27.3165703 -0.0403155088 72.84136959999999
-32.0954285 16.1157589 52.9859581
-32.550621 18.3006878 53.6360817
-30.8177471 17.4202805 50.9670258
-33.7900047 14.0430927 57.8388481
-32.9139709 10.7995596 57.85215
-33.2451019 11.3312435 59.3366241
-45.4563217 14.9877214 47.4846878
-47.8536873 7.92382765 50.0520172
-49.7000465 8.0333395 48.1214447
-50.2347565 3.92414093 50.2237015
-50.413887 2.44440222 50.2675705
-33.6648521 3.13222694 48.7166367
-32.0574608 1.15447652 47.7138672
-28.0511589 -0.229586467 47.2797089
-28.6400108 -1.25941682 47.8791389
-27.8115387 -0.456718087 48.4019814
-32.2151947 -0.477594405 48.8264389
-29.5961971 -1.73889387 48.8080521
-44.4457092 -7.31680679 58.2611694
-40.3705521 12.1457291 59.3314438
-40.4876404 12.3108006 60.5832443
-41.434906 10.6950855 60.4885483
-37.5950317 7.02447128 49.034977
-48.1936493 -1.53951097 49.1664429
-32.5640221 -1.29866838 49.9313583
-33.7150726 -0.35725677 49.9358902
-31.2372913 -8.04930115 55.0281601
-29.9724541 -8.894416809999999 55.3350945
-30.1156254 -7.39455986 53.3840179
-49.0632629 6.43828773 50.1321411
-49.3052063 4.98795414 50.798336
-50.1304283 5.24415874 49.9498558
-48.9005203 2.78800106 40.7275238
-25.6819229 -1.16492844 50.4972076
-26.575922 -0.0189619958 49.4515152
-27.3533707 -0.354074955 48.8809586
-32.5718918 8.069984440000001 43.3756866
-31.3641567 7.80089855 41.6288033
-29.6363201 -4.43879461 51.1303253
-28.2307415 -3.76270676 50.3144226
-29.5471725 -2.68341875 49.8449478
-47.9737473 -3.57543373 50.7567062
-38.615654 -4.55019379 54.9178429
-36.8678665 -5.80990648 55.4647598
-48.5798302 -4.4089222 51.8191261
-49.4837265 -3.92479944 50.7101822
-78.0642471 26.4716167 50.3912659
-10.0152025 24.6208038 51.8081169
-45.5034027 8.09786892 71.9297638
-73.47153470000001 21.8775101 53.6180191
-31.3206596 6.01349735 57.7580528
-31.3040886 5.79035282 58.9913979
-31.9641075 8.123205179999999 57.5500946
-30.3078671 3.33254766 58.5782433
-43.9514542 4.79667091 58.3072662
-44.0846291 5.58881092 57.0534554
-43.5913925 4.54753113 59.5327034
-35.2095757 5.96559763 49.733223
-41.827816 3.88510895 50.0307541
-39.0851364 1.29164851 52.2479935
-33.2796555 9.09506798 74.1272125
-50.3654251 -2.96551681 51.3235588
-26.9560642 -4.78838682 51.2039719
-31.0097141 -2.04367185 49.8623352
-8.10214996 32.5381966 55.7360382
-23.4834576 -5.63388824 58.2536469
-23.1659298 -4.73249722 57.3877716
-37.4963074 2.64482307 51.6588783
-36.177227 4.14536047 50.7566795
-37.7026291 4.77802372 51.4535561
-48.6544533 -18.6574745 50.9864235
-27.4461899 5.82733917 49.9405403
-28.1670074 5.31999874 51.3928413
-34.5368538 1.41416121 49.9383698
-34.9815712 3.95437384 49.8525543
-42.9185448 2.11317062 50.6276093
-43.556221 0.40616104 50.9178123
-26.0153408 0.275230676 50.4510269
-32.7697296 -2.27647734 50.6494217
-43.0439835 -5.18861628 56.1660652
-41.6858749 -3.92434955 54.8139687
-39.789238 -5.16297197 56.0489082
-40.0043144 -4.05380917 54.8198242
-39.9827499 -2.90582514 53.8934746
-24.2044849 -2.48900819 55.2829323
-24.3422985 -2.76566935 56.8347664
-44.3212357 3.56763744 66.5905228
-46.7004089 -7.6228981 56.8332367
-48.3866806 -17.213768 55.6905594
-39.4780159 13.5386925 60.7571411
-40.5847931 24.4025345 55.3018303
-72.2440033 18.2149181 56.6687775
-23.0337601 -5.0704174 53.0732956
-22.3212395 -5.08113909 53.6709366
-22.5358295 -3.68409705 53.9386559
-21.6847725 -4.80092239 54.335228
-26.6809425 -6.03955507 52.2168617
-27.1556892 -8.46711254 56.6307297
-42.5145111 10.4036512 54.9154358
-43.7525406 9.02602673 53.978878
-43.3917084 10.1245022 53.1363678
-28.9835205 4.91718006 53.3182411
-30.0144634 6.05236053 54.4643021
-49.7983093 0.243147939 54.0422897
-50.4758377 -0.00610067695 52.9475174
-23.4109268 -4.0363946 58.9385414
-27.0495567 -6.93409872 52.8265343
-28.4525852 -6.98464298 52.6489983
-43.7541885 -0.813821852 51.4564247
-29.9625721 -6.00240755 52.1745148
-24.1010666 7.75370359 45.0149155
-31.8071651 -6.27534389 52.9533043
-32.7645264 -7.28089523 55.0272713
-48.332695 0.237259731 57.9314232
-48.2778931 1.0090692 56.6170044
-41.4944382 11.8109074 55.2372284
-41.8478165 10.5369034 56.6509171
-54.3384399 -8.71010113 60.8279305
-53.3355026 -6.0851264 61.3473358
-53.4568329 -7.39949608 59.6803818
-31.9293098 11.1237984 53.9162674
-43.792469 7.94948196 54.91959
-50.1474533 -4.96898794 52.0738258
-50.7964325 -3.85650969 52.6230621
-51.9060478 -4.39772749 62.3339043
-36.9131012 20.0844975 60.1708298
-24.1656513 -3.69444418 61.8682175
-41.9666748 9.98981285 70.148819
-42.3222733 11.8677111 71.78254699999999
-39.4623337 16.729023 55.329937
-38.8875656 19.1087265 56.6934242
-27.0251617 -8.267756459999999 59.2873116
-27.106245 -8.88206768 60.89851
-25.9371891 -7.88316727 61.0611877
-40.5785446 15.9443998 52.8178406
-41.0419006 14.6151533 52.6433945
-40.5386009 11.8829193 58.3451462
-41.3721924 10.985857 58.010334
-39.5160751 13.4399662 58.4577942
-34.7931328 -6.69978619 55.3997993
-41.1618881 13.1586342 54.0228577
-50.6185341 -1.32894802 52.5778389
-50.581501 -2.86435771 52.7104225
-50.8378563 -2.26893449 54.1476974
-23.863369 -2.38844681 54.0041008
-25.6064873 -17.3554707 80.40988160000001
-48.1907272 -5.34841728 53.3283463
-49.4138412 -5.2435298 52.3485413
-49.973896 -6.16643238 52.8346329
-33.4499054 7.96708822 44.7588615
-50.985981 -6.73558474 53.9435616
-51.976326 22.139473 44.3054237
-33.3840561 12.7593212 60.6574631
-39.664505 20.2327633 54.9114456
-33.5374107 16.9780178 55.6741714
-33.4397202 19.3120613 55.5151443
-27.1462955 1.17156148 54.3009109
-36.0831451 -7.01807117 56.8275833
-42.4697571 8.54101086 62.0776443
-28.9469929 2.38273931 41.8674088
-28.3059845 1.51515937 42.110321
-31.4628315 8.772033690000001 55.0294342
-61.5135155 -10.0283146 59.7826576
-39.5454025 -6.46219158 57.7472076
-37.7072639 -6.69514465 57.3118248
-30.5458832 3.97430205 60.6182938
-30.9435596 4.85384464 60.6895103
-39.0202332 15.1300983 57.942482
-43.9469414 6.86979294 55.7630386
-50.5737457 -1.49693835 55.373848
-49.9197693 -0.33783704 55.0976295
-51.5807457 -3.42282963 55.2392044
-22.5921898 -3.64187932 55.2162857
-23.0287056 -6.00642776 53.8954659
-23.1550236 -3.85730147 56.3580246
-21.1290016 -5.31276274 54.1944084
-51.305294 -6.89782381 54.9155579
-45.6193542 1.61962986 60.1559143
-46.0674667 1.38487673 58.6105576
-40.22715 18.4061565 53.6069183
-34.0191612 15.9139214 57.6658745
-32.4658928 11.6465931 55.0837746
-32.6340714 11.2235661 56.2636795
-48.9462967 0.91698879 55.1781082
-26.8844376 -0.157671452 55.8108749
-25.9270058 -7.08758736 57.8647461
-24.4087334 -6.31390762 58.8031998
-43.2053871 -6.89731884 58.3144684
-41.5762367 -6.64883184 58.2314339
-30.8800697 -9.52733707 57.2936211
-34.0989609 -8.04323101 57.3097038
-27.1790485 -8.40844059 57.9447632
-4.29976273 25.0289726 56.8241005
-34.6418839 16.0252781 59.0675049
-34.0083694 17.3163414 57.4041977
-47.2663727 0.922942162 57.7692451
-27.5723019 -0.0839497149 59.550148
-45.2823906 6.66873598 71.2249298
-41.6426353 -5.10165024 56.2336502
-37.9808807 -5.90164328 56.3273735
-25.0141945 33.064949 60.280117
-36.6401978 16.8274231 61.2042847
-40.4657364 16.9830074 53.0010529
-28.523159 0.562525749 61.6966476
-43.2303162 5.96267843 61.1498642
-43.5198441 4.52519703 60.8963776
-53.4061279 -8.635996820000001 59.623127
-24.2745323 -6.84335852 60.9253044
-25.7137966 -7.02961159 59.2477646
-33.2984314 9.32790756 72.8024597
-28.0223007 -0.226523221 61.7729836
-44.3322754 -5.51043749 55.8597374
-42.5507393 8.273552889999999 61.029438
-30.3165112 -19.2711029 77.9544678
-27.0376453 -19.3194447 81.99486539999999
-38.2277565 15.4520855 61.0643158
-45.9075394 4.70606136 42.2077713
-31.0515862 3.79636121 72.9601059
-28.4965057 1.1149267 70.0745926
-44.1020164 6.95841599 70.9677734
-26.4282703 0.24622491 71.70088199999999
-31.0193615 3.66996145 69.9229431
-30.1833858 2.04275727 69.1412354
-42.7931061 6.60668612 69.4914169
-33.7927704 9.34516621 70.0552673
-27.9039993 -0.644410968 67.02899170000001
-25.8086185 -2.05750394 67.4425888
-30.2669678 1.67966235 67.0894699
-34.288269 11.6987133 67.20285029999999
-33.6118202 9.225852010000001 67.2066956
-38.6587067 16.7331276 67.31181340000001
-34.654808 14.5261021 67.0358658
-44.728363 4.0282402 69.2512131
-24.1495304 -2.3462894 68.5074539
-27.5155869 -1.5229032 64.2214355
-25.8487682 -3.06521416 64.7728729
-32.4157295 6.8428297 64.8003616
-32.8379707 6.99148369 67.06204219999999
-30.4684811 3.49778962 62.5296516
-28.6802902 0.211121038 64.1493073
-34.0472984 14.5570269 64.7109756
-34.4612617 15.9981737 64.1673203
-40.7422752 11.5148144 64.77922820000001
-33.6789818 11.6475763 64.51650239999999
-37.9994659 16.5021114 63.8171806
-31.6358566 4.44136906 67.16740419999999
-49.7092056 -2.6762712 61.8636017
-46.7870598 0.937835097 62.1288071
-46.1618652 0.890929043 64.649704
-44.0421524 4.6304307 65.1070709
-44.3231812 3.06622815 61.5460358
-31.5824585 6.77209806 62.2728996
-41.5038834 10.9861813 61.8043213
-39.8372383 13.2306356 62.3032608
-36.3713608 16.9174423 61.732357
-23.6072807 -4.33178473 61.6257477
-32.9554443 11.7067404 62.0489197
-48.009201 -0.743402779 62.2422829
-33.9762802 14.5254459 62.0797195
-25.0868587 -3.32502007 62.0706482
-26.3871021 -1.30923259 59.4332542
-51.5981903 -3.68588495 56.5322571
-49.3819656 -1.5549382 59.1889114
-51.5172806 -4.06876564 59.0967636
-47.2876434 23.3418636 46.393631
-38.6632195 -3.45538974 53.9615822
-35.8985481 -5.31804323 53.9179001
-35.6290855 -3.61766505 52.111721
-38.9625092 6.41679716 48.7660065
-38.8676453 9.28005123 46.329567
-41.3157387 6.05138063 45.728363
-26.4639244 3.73159218 48.926136
-27.748827 7.75143051 49.4621582
-26.3701649 6.44477177 48.4852562
-28.0219307 0.921945333 45.7708168
-31.0545349 1.16139841 46.2506523
-28.9228573 -0.630461991 46.603199
-26.4296265 3.82290435 43.2140007
-44.4720421 5.83353424 43.4084053
-41.4751129 9.193024640000001 44.4113693
-36.5777245 10.8997326 45.355484
-38.8967972 11.4982443 43.3200684
-49.4517784 11.7207603 45.5984612
-46.7118988 15.5794878 46.2769508
-41.3990517 17.2516041 51.296093
-44.1958733 14.6190624 48.8232155
-43.6124077 17.4743729 48.388485
-49.4641991 22.7941971 45.2163353
-46.9333611 20.1413288 45.6338577
-48.4884682 21.0390034 44.7887459
-49.001194 3.87011838 43.1002007
-49.7454491 3.76917076 46.0510292
-48.1533318 2.93299747 44.9449348
-47.2022743 1.41616905 46.1842384
-51.6319771 9.446979519999999 43.4947739
-26.3613739 1.22579646 49.2358856
-27.0826683 3.78268361 50.7544289
-48.7201691 1.63475096 42.317337
-47.1894264 1.38083351 43.2812233
-34.7067795 10.6273842 44.6748581
-34.2646599 9.14212513 45.7492905
-33.16782 9.57478714 43.5398674
-36.27631 16.0234604 35.0355415
-36.339386 14.2628689 38.0101204
-38.0780754 19.9429111 58.6635361
-38.1848717 17.0368977 58.9706383
-49.6813469 20.0214367 44.1252441
-50.0668144 9.466545099999999 46.4090919
-50.7460938 6.38348484 45.9900551
-26.1225758 1.34094262 51.7474174
-24.9826031 -1.2016089 51.1341629
-25.1884842 -1.01319873 53.9778328
-36.4178352 8.39495945 48.0493317
-47.8421936 2.15820169 41.4547119
-26.0023403 -7.80911636 54.0960007
-28.5840149 -8.25778008 53.8721085
-28.4844475 -9.255087850000001 56.412281
-26.3426037 -1.17718768 49.652977
-28.2714443 -1.84703672 48.8784485
-25.6213875 -3.96772432 51.1160736
-33.6923485 11.9332352 40.7291527
-31.5590916 11.6026478 39.2055817
-41.9815445 10.8041821 42.6075668
-38.9923935 12.6240406 40.8764
-41.7423859 11.9100599 40.6711273
-27.5184498 1.06672335 48.1337776
-26.808197 4.1467948 46.2381401
-36.1601791 12.7202358 40.8099327
-44.7828178 2.37148213 67.1429443
-27.9932327 2.08964682 41.4139214
-26.547451 1.96262157 42.5267601
-49.4349174 3.69172072 51.3274689
-46.4653549 5.23936844 53.0115471
-47.0446281 3.75622606 53.9330292
-28.6406574 3.67678595 40.3938789
-47.290451 3.7576704 40.9266472
-27.5482521 4.61320257 39.162571
-30.6799412 6.63976288 40.921917
-29.5839348 6.1781249 39.7060204
-44.6245155 9.3873558 40.5623665
-44.6328583 11.8978357 38.3084106
-49.7413521 3.7052629 40.4486847
-28.5040894 1.19297194 59.2058716
-28.3185425 1.18283617 56.5151634
-27.3643131 -0.398471206 57.1569252
-46.901207 6.45275354 40.4121361
-29.5802059 3.15660048 59.9593277
-23.3575439 -4.01064205 51.9765968
-34.7749481 8.42690754 47.3958702
-34.2255096 6.18179321 48.7061272
-25.6467533 -1.49857569 56.3322411
-42.4677505 3.9785881 48.8804588
-44.2381172 3.75589705 45.6084633
-44.482048 1.15503109 49.5437737
-41.9786949 13.8996201 37.712635
-33.5342789 12.8066349 38.2700882
-39.1684151 16.0822144 35.4441872
-53.0638962 -6.56824923 59.0628128
-48.0012321 18.8654842 44.5714798
-50.217411 6.18256569 43.307785
-48.5401382 6.16718435 50.8711739
-45.0262909 6.72443056 54.066391
-44.878273 4.04474163 56.8793182
-43.627552 3.54579854 59.2274475
-44.7269211 2.01469159 58.3684883
-51.2206764 7.72388268 43.0466766
-46.835804 -3.99638224 52.4872856
-33.1769943 6.70203352 46.2393799
-31.0506287 3.58476615 43.6304321
-25.7694035 -7.20819807 56.486042
-45.5525513 1.84900832 44.2770233
-32.0308647 7.64861107 59.1711349
-49.9451447 1.12066424 48.7558517
-47.0224991 0.09859316799999999 48.2469444
-50.6872635 -1.30529976 51.2453232
-49.2789078 -3.14093375 49.7636833
-30.2391243 4.31752253 41.4169197
-52.0289917 -6.31009626 53.9675636
-43.4291 5.95402479 62.4792099
-41.5435295 10.4601393 59.3180771
-43.1845818 5.97407722 59.8779144
-43.0955849 7.32893991 57.3178139
-42.1169205 23.5397091 51.8567963
-32.3451424 6.43720961 43.4149857
-30.5364914 3.95558167 59.0647125
-25.0569153 -5.95656824 52.4297829
-29.7771091 2.09954119 58.0551834
-29.4272041 7.17337084 51.5858192
-30.0981827 10.1636171 50.9898834
-45.0468063 -1.37714088 51.1388168
-47.1819038 0.723910511 59.1256065
-46.9302025 11.9960136 47.7984657
-43.262104 11.6119356 50.8918037
-34.321888 -1.08787334 50.6679726
-38.8166924 -0.83873409 52.577034
-31.0623627 -3.28641009 50.7857475
-28.4654369 3.01122928 54.9969025
-50.2247925 -5.44637775 52.5803261
-51.6418533 -3.57724905 54.1840286
-38.6957016 5.74107647 50.8432732
-36.5782623 5.91437101 50.7438965
-36.2896996 7.23529911 49.1993828
-49.1634712 1.26989233 53.8211441
-50.2875671 1.30134463 51.5907364
-41.37883 20.1611099 51.3758316
-43.2031403 20.1682968 48.7308998
-32.3982697 13.5871267 53.9719963
-33.4413071 13.9211321 56.4599457
-41.5439377 -2.45601702 53.3851013
-28.739233 1.10640526 43.4565773
-47.4136848 1.59308553 56.7075653
-45.0934715 8.81599712 51.7580681
-41.8689613 14.4564447 51.2854691
-36.6895676 17.3895054 60.4120255
-40.355732 14.340847 54.1214676
-39.7794456 13.3717194 57.3319855
-41.1849022 11.7755623 56.4180336
-50.6421318 3.69141912 48.9287262
-35.8571396 1.46812558 50.8116951
-31.1507187 8.817630769999999 53.6912346
-49.0459518 0.449226052 56.2219505
-42.35812 -0.24144499 52.0234184
-42.090004 11.8482447 53.9548225
-42.6428757 9.20333862 56.1317406
-40.5170021 5.3236413 48.0490761
-38.9868813 3.87680483 51.9559326
-41.0528641 3.72106957 51.1691322
-31.0745354 -1.22069812 48.9943123
-31.9019909 8.74655437 56.2617683
-49.9793587 6.72268105 48.9236946
-34.2349167 14.4846754 59.4109688
-39.1756897 13.743989 59.2569695
-33.2702293 0.713758886 49.0422554
-28.3042545 -5.69356775 51.7787399
-49.9384003 -4.19171381 51.3397865
-50.4969826 -1.17095697 53.9933052
3 1 0 557
2526
2527
2528
2529
2530
2531
2532
2533
2534
2535
2536
2537
2538
2539
2540
2541
2542
2543
2544
2545
2546
2547
2548
2549
2550
2551
2552
2553
2554
2555
2556
2557
2558
2559
2560
2561
2562
2563
2564
2565
2566
2567
2568
2569
2570
2571
2572
2573
2574
2575
2576
2577
2578
2579
2580
2581
2582
2583
2584
2585
2586
2587
2588
2589
2590
2591
2592
2593
2594
2595
2596
2597
2598
2599
2600
2601
2602
2603
2604
2605
2606
2607
2608
2609
2610
2611
2612
2613
2614
2615
2616
2617
2618
2619
2620
2621
2622
2623
2624
2625
2626
2627
2628
2629
2630
2631
2632
2633
2634
2635
2636
2637
2638
2639
2640
2641
2642
2643
2644
2645
2646
2647
2648
2649
2650
2651
2652
2653
2654
2655
2656
2657
2658
2659
2660
2661
2662
2663
2664
2665
2666
2667
2668
2669
2670
2671
2672
2673
2674
2675
2676
2677
2678
2679
2680
2681
2682
2683
2684
2685
2686
2687
2688
2689
2690
2691
2692
2693
2694
2695
2696
2697
2698
2699
2700
2701
2702
2703
2704
2705
2706
2707
2708
2709
2710
2711
2712
2713
2714
2715
2716
2717
2718
2719
2720
2721
2722
2723
2724
2725
2726
2727
2728
2729
2730
2731
2732
2733
2734
2735
2736
2737
2738
2739
2740
2741
2742
2743
2744
2745
2746
2747
2748
2749
2750
2751
2752
2753
2754
2755
2756
2757
2758
2759
2760
2761
2762
2763
2764
2765
2766
2767
2768
2769
2770
2771
2772
2773
2774
2775
2776
2777
2778
2779
2780
2781
2782
2783
2784
2785
2786
2787
2788
2789
2790
2791
2792
2793
2794
2795
2796
2797
2798
2799
2800
2801
2802
2803
2804
2805
2806
2807
2808
2809
2810
2811
2812
2813
2814
2815
2816
2817
2818
2819
2820
2821
2822
2823
2824
2825
2826
2827
2828
2829
2830
2831
2832
2833
2834
2835
2836
2837
2838
2839
2840
2841
2842
2843
2844
2845
2846
2847
2848
2849
2850
2851
2852
2853
2854
2855
2856
2857
2858
2859
2860
2861
2862
2863
2864
2865
2866
2867
2868
2869
2870
2871
2872
2873
2874
2875
2876
2877
2878
2879
2880
2881
2882
2883
2884
2885
2886
2887
2888
2889
2890
2891
2892
2893
2894
2895
2896
2897
2898
2899
2900
2901
2902
2903
2904
2905
2906
2907
2908
2909
2910
2911
2912
2913
2914
2915
2916
2917
2918
2919
2920
2921
2922
2923
2924
2925
2926
2927
2928
2929
2930
2931
2932
2933
2934
2935
2936
2937
2938
2939
2940
2941
2942
2943
2944
2945
2946
2947
2948
2949
2950
2951
2952
2953
2954
2955
2956
2957
2958
2959
2960
2961
2962
2963
2964
2965
2966
2967
2968
2969
2970
2971
2972
2973
2974
2975
2976
2977
2978
2979
2980
2981
2982
2983
2984
2985
2986
2987
2988
2989
2990
2991
2992
2993
2994
2995
2996
2997
2998
2999
3000
3001
3002
3003
3004
3005
3006
3007
3008
3009
3010
3011
3012
3013
3014
3015
3016
3017
3018
3019
3020
3021
3022
3023
3024
3025
3026
3027
3028
3029
3030
3031
3032
3033
3034
3035
3036
3037
3038
3039
3040
3041
3042
3043
3044
3045
3046
3047
3048
3049
3050
3051
3052
3053
3054
3055
3056
3057
3058
3059
3060
3061
3062
3063
3064
3065
3066
3067
3068
3069
3070
3071
3072
3073
3074
3075
3076
3077
3078
3079
3080
3081
3082
-15.69117639643395 7.954553593590196 55.53064523515589
-58.840836320954 -2.523811167455317 43.2204548481166
-51.04272459295989 16.54440593725359 58.7210149183494
-19.86728244639959 -4.156678594167071 43.55493548316303
-56.88011169812894 6.022623434688234 57.34007313114934
-50.30979448149817 -7.236831857896184 41.7838734496671
-32.75026882892006 -5.750391269630743 41.95170619970739
-51.76012535285133 19.08951100940752 50.89132356477465
-21.38089875863783 5.321586845536025 66.13406106969903
-19.38551349947957 3.287231563546483 49.32635000306395
-23.63545310003202 17.99980642731019 60.91181403468814
-41.27166116196555 -9.334962376351188 46.30018367138313
-58.49509817336854 6.129599606240578 43.81722212268351
-38.11387853056517 0.898112091549518 39.46949888636489
-27.33298632521001 14.86621041622629 68.81562091380505
-54.43743752307233 -6.976404773287627 48.74631504215562
-22.15944027140402 -10.21176598721278 47.12383713712447
-44.84958093838814 22.82047361599871 65.52861492792728
-23.49262575604889 0.4740691236026473 37.54917489925839
-57.45775103347711 -0.3599242784185425 52.27955383739916
-53.95759040318039 1.12223608177549 43.78292519091048
-35.58721050387992 6.729958658762831 35.22772171890549
-50.63726908121596 6.705902239116872 58.92560788545455
-38.70395565065147 0.0206100565491143 45.59170661827406
-32.54418537495244 0.7074786886860784 38.75704311800155
-25.59499848978692 -3.722147275330708 45.16582790411795
-56.14677318333342 2.071765030689264 60.19901601686058
-14.41522107048462 -0.7625986772841351 59.29211721646711
-20.28283719277225 2.030313563952672 43.09940341304286
-21.89799834453315 4.828732607165279 58.22831648462913
-27.10413931735671 8.76383751169425 66.73973822273796
-49.55441509862076 -11.38985599348803 51.69895403270862
-46.69682946685454 15.44130405311548 54.15316620124915
-42.37430023106641 19.31180086216825 62.03374663733035
-43.31387218921798 5.765529278876228 35.09786666586857
-30.81654615323432 -11.51505778800546 47.13695288541807
-46.54063305014858 -2.15747329120752 37.78872467211171
-57.68778984204409 -4.409827574485001 57.09652311266572
-55.8329023442015 6.842591459754302 49.82406604837437
-22.7671757019014 1.089020127353833 63.24322442250389
-41.77623433172367 -11.43820125483341 53.66992029104711
-30.4165687001254 21.99297438552382 67.75715934893928
-26.48552109292845 -2.821050170037066 40.28154567706645
-38.31252490182744 6.779359383890862 40.75864446054396
-11.33291440869253 -4.939388658422037 48.83662144262141
-24.40928750705647 11.51377319460424 55.77025531398721
-51.9260715618102 -1.683166075672003 39.88108468801271
-22.02667040365146 7.5622120224266 51.95929757503597
-22.37387049032786 -1.601613363606397 47.543544278749
-20.19613664505879 1.983058872654469 71.13543688021801
-44.19328459969886 15.55381645090058 58.8280543087993
-47.3986238666331 -3.050946733200878 42.84814948953209
-49.55442925035132 -7.643824024664962 49.07112003260481
-50.03853603216393 4.864228258281873 64.6391210091647
-13.71182151683298 5.828758364644798 44.69075904985207
-35.25209634105997 -3.394957608667121 46.61235835104259
-22.4502262801505 -5.779618476177294 48.23639650180237
-26.1065584989902 5.055725966697349 70.06584583305084
-29.72406052659274 -5.026726982117954 45.89902154070878
-31.40092837946798 19.40903735430944 62.49664552176274
-29.13109221739473 6.371751355530135 33.6853382802224
-37.79167759822225 11.54779202766473 32.5949607810762
-48.40449763544908 13.18361196852792 65.67939113689233
-53.99725686724985 5.078411054079403 43.37506300493835
-57.02408524714062 4.465502711873642 38.13052993649885
-55.05971466832365 9.7968130302374 46.22764149181805
-21.10292415535373 -10.14919247829519 52.048051884572
-27.15814542140082 -9.013802824338249 48.636898469594
-26.65669378624757 -9.733900330370883 41.64385302561937
-27.43837714842919 -12.75981549588638 51.96791020048781
-22.87093520492231 2.430306317226585 47.17678903770137
-22.9001357916274 2.934139806097897 40.82418292550841
-19.2555366553993 0.974618205907781 54.57017394144205
-50.44207232978049 -0.4578464388022365 44.71008461641586
-36.82092376164224 -9.507880970386157 50.01495548143394
-38.35759019312122 2.617542612928005 48.2966235014126
-51.14556280736701 0.8921458278614574 62.97302035013865
-42.30708349848222 -3.558331196083114 47.14591703143081
-17.99040520550567 15.06563976795143 51.40147721474653
-24.73988921072131 2.395409965465654 57.56330833237937
-46.31251809901998 21.78492624719006 57.03128461276978
-49.51685697168602 3.882221791988943 36.37554029926337
-24.49043271014875 -0.529305435138316 46.7391901780796
-55.0573196945611 16.84260259197184 47.32504014144585
-42.69354377664631 1.520399295245658 39.42921137666618
-36.73177000977093 5.971091552072497 45.72073672044525
-46.87697947904191 11.05749640995173 59.46720829724532
-26.88089360296543 6.934322326908335 59.82877118509302
-52.75944135101648 12.50689415704786 52.20630165501773
-61.50303353391699 16.50380843525889 54.96552748116795
-28.48473856565285 9.258928732826901 71.50507497026688
-39.5319240178337 21.38334914257163 65.62167423637513
-48.93322693593503 7.740282381829481 34.32635283093217
-39.74564148491147 -6.285931500439476 50.75286848085899
-49.96336393730465 19.07142588444354 47.17341280205441
-39.12399521889191 -5.136406621637178 41.81702105900668
-47.6288671602021 21.58891253801034 52.21133956291191
-28.70524500062284 14.13689830287248 63.86409330939151
-19.37133090291017 -3.357132890320644 50.23602649489705
-33.29882042320593 -13.28867707890366 53.02037358719114
-32.48305371011547 -1.958407585715122 44.16079820516422
-53.49239309270128 -10.1863908570006 53.09617567659615
-51.03984986124709 26.21578271067497 60.2152969232313
-21.97033903464994 -9.219748769240347 57.83855012543736
-40.22458924859794 9.163443698321922 37.81397395245845
-48.30476432815313 4.023346217579214 59.04289053294993
-53.52795539896519 1.593743556506045 50.99134191218811
-53.16202310664377 5.538299282298564 53.55097626634705
-22.27368428354881 6.108381726881392 48.30859452164091
-53.6783565739704 -1.550078164424211 47.45268614077751
-27.67653510261286 -13.39851448844014 56.82042634609525
-19.22609368672547 11.35015096839049 61.63214487827396
-13.95402831726344 -0.7185971776889818 42.42344182917039
-34.83703597812581 8.940322607104113 38.58646553321135
-33.55754706963437 4.070921134828178 39.84883030544871
-23.07513056860844 2.963538642398789 50.98690516162489
-28.30128265688019 15.7191521568348 58.33966155137245
-9.854863868780917 13.1311514909103 52.36782933177568
-25.58489045868522 2.772179285806185 65.96537371821822
-37.53395545393694 27.44324105095642 71.17469868946104
-28.91924976322153 -2.466694815627022 43.53182338661785
-55.35882740050248 6.726788739045149 36.13011307786536
-27.46862936860253 3.535502359706951 75.28653012131255
-24.47623866014381 -10.9077725802665 54.94586487308263
-17.73781258118508 -3.136432954570811 63.3682554921363
-45.94458795111965 9.100055477045208 67.92343856939934
-53.50709490621064 0.8754917170243595 55.0400427899194
-24.96196133519208 -1.101250282677231 42.96885327954013
-47.40852826458376 21.46453387545849 72.7545609377313
-54.07266040364755 2.840048884977452 47.28174916478896
-8.399121527434351 4.282060069404779 51.77327569206288
-43.30994077556937 10.46951638262625 33.18211688125916
-49.91963060869989 22.31657898431478 49.05809779745193
-22.71454686666546 20.28064855994917 53.11988243463204
-16.85081538864858 8.830100438018995 48.98098407088037
-46.54797891826978 2.057279353407728 37.69505629692948
-44.62706922522418 2.574820128415913 41.16198927474334
-19.85500611726852 -1.858192415459882 69.84946558846136
-32.04564957236369 -8.038838545641561 49.14868970442951
-24.96564672280548 -10.08152743591664 51.39314804812755
-40.27892328929323 3.184428368198446 42.75304034224931
-44.51344670062913 14.22354490854571 63.15171259317288
-53.97017342782001 -2.565161395360374 51.70753974811721
-66.30698979621694 5.403710775081362 51.00123549727309
-35.07568040971103 2.024099425079934 43.34510351340852
-31.69111214463705 17.86892847426414 65.94090180943124
-48.50675225057012 2.395469118605031 65.52602142717932
-55.76189628685161 -5.485015452405234 53.47460611779432
-34.94522521516816 10.97606608472713 34.78339394969264
-20.08665858513552 -0.8717388236760053 65.89765064141243
-53.50837755706526 8.883947117566867 68.27133209777489
-51.52608205072332 2.935255049261797 43.32213789712941
-35.81056264963652 -10.25559483579844 44.24195147479909
-28.19192404884543 0.2666650835828142 36.91542200398419
-31.43867721067562 16.49194715234705 69.82275129550342
-50.90508550626556 14.74571294620031 71.24032019229766
-30.19528789479471 12.09257690798493 67.10713306646974
-44.56715644725467 -8.172455555895102 50.40363681995547
-46.63241092666372 -12.32511591117156 46.38176564731661
-23.12079360035148 1.021435557584913 67.87820982465571
-48.50732041458443 9.237155341039774 55.61329838690241
-25.39331954498672 1.375219654287963 57.072936809622
-38.26155402264587 -15.39735149329464 46.78531705699051
-19.85993552261802 23.13239779263375 60.0875536209375
-55.28772612862804 8.049142351723283 42.36571094309245
-46.51341573856595 -4.942170049038647 46.79005216228656
-45.83733757931516 13.25333766627558 69.62284667539713
-32.19870519910747 6.146443414313492 37.3833897544984
-48.58663413073214 16.26259471056775 49.96215665259969
-39.67247367565955 -2.817342783276339 49.63958479568289
-49.44961972326966 5.799609627879277 54.6422808478111
-36.49097982295578 8.44470893101891 43.99009043027461
-50.56418412066392 3.408158769959635 56.64787790793215
-49.26465742524432 20.53626529262342 46.31406655775685
-25.65207666429965 3.181501898751337 33.73838148146492
-24.99368242768111 6.129661836580174 55.04268068340416
-27.00507724349817 2.060168166238575 38.68697045355339
-21.76177770340427 -6.844875683486337 50.98128526251423
-24.40415456238159 -3.986558996249423 48.8083744320766
-17.23497683415644 -7.535179153246728 47.17064416311533
-23.31085000711436 1.394869183549118 72.293829312277
-44.73678893732176 12.74159365129608 56.59053955899489
-37.23111758262294 -9.41032118601006 53.92496079001507
-13.765212511601 20.07345005355794 56.22858077614421
-51.04242057748274 4.826799980079178 38.4902289607381
-27.38028261063286 5.78345822052558 63.88805153649669
-44.03462955637556 -9.788912808645662 39.82943633311159
-26.92871720571668 -1.182971000436414 45.37972994900955
-26.28449694281465 -13.77175961876645 47.14331247567456
-26.34799799540868 9.236532590516321 52.98861784514552
-18.50088143037049 -2.522481459470762 57.50633333353827
-30.01869416297716 13.07888590863504 72.30181771572954
-15.37476675630236 -7.528739746192336 54.39986922854587
-51.713448039798 -6.705555750596222 50.50701326516042
-38.70534964840237 4.227281192587697 46.48796874999103
-38.59507818703635 19.08670633936984 62.55774782038876
-32.08016768721501 1.821008843395456 41.69169905916397
-29.57070913731173 -9.732378813123807 50.94994949605596
-17.55772783583229 -0.6698465558669331 46.37300822058611
-41.77176724652546 18.73705456416755 66.96584371349608
-41.927931245369 22.01253263656315 70.51601731787098
-43.62563481925475 16.68689838028262 53.55507923637511
-21.10392774927734 5.390564200523166 44.73629769839673
-18.10152636035711 3.740853636957761 38.44710624608867
-23.05168620468786 2.207487561810567 55.11135225370291
-51.44572069235592 13.43672423023538 47.90098376149813
-8.091948541196397 8.40534252181234 59.08869762231162
-35.78667661612555 21.68715398696432 68.50071755729034
-21.8698889123908 -0.3797797623265612 50.53885822285934
-56.78461014383996 22.7946011276659 55.73442790488158
-42.54661176910039 15.17551953638688 55.83764060918747
-42.3766376494539 -1.289527901046594 43.13477469716505
-21.04068934454026 10.21259968022062 48.5087106984138
-50.91309240611308 -4.760875193324844 45.90682714032422
-17.87777190605636 9.685560145994687 44.68334444164608
-41.24599776728066 1.200524942172323 47.61179073182251
-16.13017270878137 5.316510959489282 61.76401851231932
-31.21256184676899 16.04466538733612 63.44817599066814
-29.81814199168686 2.95429522749638 37.54724991524314
-21.0569431040277 -8.537658367007021 39.41273785463316
-24.82787402785033 0.6063496287927652 40.40141376656239
-25.50535425696176 -7.317224143902553 50.06435515010855
-26.35805304553756 24.06285857946208 62.6240410610156
-47.56894222364399 -8.372233495422153 51.94795730602677
-26.39856971291581 -12.14479040624244 60.32669692219486
-35.68867703779583 -3.817634027982774 37.53800887960146
-21.10264736982914 -1.943115320846348 62.43002549618627
-24.26267154665613 1.618501358435019 44.65648130116388
-31.5183656202129 -13.94260910045198 59.27766378177732
-31.88451082294334 -3.008523903035296 46.82493048534771
-46.76427549457273 5.789932108398386 67.08422815373551
-28.41681606482577 13.04198982253724 55.12912465515397
-28.53585149144938 4.433157807548853 68.1394414453686
-51.93311515346711 16.53036065287377 46.226505090042
-62.46823221956419 -4.164879611301546 49.00418063278855
-57.26737350926566 -2.262765722191993 60.27006876233364
-19.09137802887815 -7.78952342128464 66.56934035156672
-46.51323720223255 6.924935552227986 59.03976693640011
-21.84180952565106 -2.664167653158318 73.86729580404817
-33.73377724325898 -9.238454074452836 52.12903048753859
-47.494945362357 4.549036271138537 62.30530776410981
-29.9730382198062 27.97662355877947 66.86970557010558
-33.26378014683097 -14.16891272816908 44.17507333588132
-24.99586525264399 24.63506274837797 56.37173818152961
-49.63242516971676 1.504387790328528 44.25334900079157
-31.43607537849567 14.10279061897682 65.60767524115226
-47.83450790409993 -1.44643969339891 45.87081339790014
-25.10224089510524 2.288165410781707 70.37763710067593
-52.62506566263847 5.015767547883991 47.10656724815897
-36.05797843304235 -0.3645894045193747 47.62070555016484
-44.27304411619699 5.085043710971103 38.90232539210808
-21.28767482158235 -4.790327003180487 51.72025752973418
-35.65743203723763 -6.183883698843916 49.67634739156653
-53.21605735618621 20.97378278128738 47.7099990859743
-32.75745163048127 3.04775428427586 33.60289181872115
-24.43400906486934 5.774202261234599 50.01824354555114
-18.55818268809739 -6.449731650957309 59.91034143419104
-46.75043498933376 8.844582392628482 63.48648687632635
-29.74874946716007 -12.02774595204469 54.83402605761073
-21.39538440864228 -0.1009123098080691 58.31915444904032
-24.67946618227707 0.04811016793076006 75.55849092146862
-25.70736686944078 2.567993692054874 60.95878115885122
-31.32419382311686 4.855939433725679 37.99870913469742
-29.67793957803838 0.5126330356644466 39.63356793209768
-40.22131249581321 -13.05615935730416 42.2715671829954
-18.96777639133106 -1.281920854399545 39.34617800309974
-15.45163437672388 -5.886419409127762 40.13488216486585
-13.69786893220432 13.67893167064568 47.48446638112466
-24.7191070381608 15.37738060607673 52.24936589357331
-38.73813390873891 -5.677094348844367 46.7535211869654
-24.25679241107495 -0.7168283875207562 65.87585513845723
-23.04801549885128 -7.1453909691008 44.09849435187488
-44.8242926775002 -1.657421602458129 46.9103201352054
-2.603578092765679 12.45422244819991 52.08151651064878
-27.05093341734256 -5.605185703926756 47.72236548238377
-41.25997508082011 15.9434451482705 59.93251746866381
-41.60732823604943 16.34420662120211 63.20322205417548
-31.91684366006627 8.877683092704823 34.94565202928583
-31.71574074740713 20.912071908036 72.84643630164179
-48.31834731080967 0.4174136829317767 39.23358974978244
-13.00622967221689 13.50764575411903 59.01536383193127
-54.62888471066179 2.350231185732367 40.60534940967285
-33.83675156413851 7.454499757928061 40.03367535768654
-42.04343822044276 29.38120297175763 66.21075216733935
-39.02116512520246 6.350118328005663 43.71313729352779
-14.22509111091396 3.186050809898171 52.28729125760749
-30.34037715965517 10.38364788030342 75.36133734406933
-32.34260913697649 -10.71801504436433 40.34539026568624
-41.7883384706405 5.794148165343914 41.38354260560533
-27.35044690757576 -0.212322197064752 40.45899704873389
-29.21054136573187 12.21025693817638 60.11640474439826
-24.58494090430495 10.96055451467459 62.53833751659381
-9.023166892167399 9.313857182629949 47.3005741471793
-32.07622348178477 -8.239037114360354 45.09120836043638
-32.43038003782632 17.01669814279795 60.66826616048343
-35.26670029754885 7.947837195006492 31.12352999434328
-55.44405363479422 1.018970275659801 65.93692933893698
-35.32052825487419 5.23474195948082 42.88402038053123
-30.63620430231808 -4.030614441668128 37.74440047904312
-37.10463486086091 11.26953554339893 37.83581869895083
-45.12314726000066 17.35231588414615 50.89962994973133
-61.93794370200155 11.45238338313435 49.20351836321909
-42.07935949327039 -7.170278749003368 53.33284811084237
-30.80992871887581 9.871452839415831 69.23638518064995
-47.31965818408403 6.270648639377939 36.63116114651957
-43.56695992421761 -5.850572928811564 43.22339343377198
-36.42972565823009 -1.933767840381148 42.57522758709921
-46.20032290624756 -11.67944596574496 54.78923269140645
-21.49676437345242 15.16804301479083 66.22759923551631
-50.8055366207312 1.744577078563258 59.45599257111778
-23.75423919031065 0.9841227748409137 49.33304274194686
-37.82190915197443 9.53680009303833 41.52566633394089
-40.47143582078648 -7.672288990809054 54.25571571593678
-58.05076708027598 13.05321468108213 61.83281458058055
-36.52358504875029 5.521413073424283 47.85483347024364
-36.1897305123538 2.988623325111911 46.1639987601625
-8.603259042041188 1.638138133254577 45.64630419839875
-19.88891757259836 15.24568069188883 57.10219431679022
-48.5775385313224 31.43185814561008 62.17781519699627
-65.12781085176651 2.023263262865741 44.06590351473783
-17.54986694788914 20.62221504903118 51.12069558195413
-42.00034875010792 13.956382531637 58.41187804548431
-28.25389127336674 21.17174899270584 58.40683193302338
-50.68648876611771 19.51256305436532 66.43749027791617
-35.45250999422605 19.44546610677544 62.57131311813109
-24.75462359162686 -9.623537694478275 57.38358187429824
-27.17296330652841 4.301948256247239 58.27158220410276
-46.39044568686969 14.25108984520621 51.11263610756048
-64.42407942754934 9.378839600820875 58.02219920611172
-41.32353112890114 25.28704070390068 75.91011634982421
-30.06257336552492 8.394903396752852 66.01295472782198
-32.63087798588155 9.054216197057832 38.3427419652476
-48.74172801114366 -0.9401209752819497 42.23335795921651
-50.28014864520237 0.4053643091241526 40.89321107459783
-26.87085917681935 -10.97470562775093 55.61840295678563
-29.5676848586182 -6.724227298669049 49.47324007939992
-48.44162092568229 -7.810029744173697 35.81316528377403
-41.17251424057491 -5.627465423108362 35.29512607798053
-33.66216751851967 18.29806098264202 68.17493818426064
-17.44811716043076 6.031050125954518 42.23592069279565
-51.5200408864746 -4.577472865406022 48.90900555400007
-51.8696754757408 7.010472070646107 36.04706158370254
-32.98504192295758 -15.44582923276164 48.76976689242557
-49.96783716598891 -8.698958239645798 52.70272689390855
-42.59345824510105 21.21176773301083 78.73973516616589
-44.47188832133188 13.5757853916472 53.1007847755155
-25.66444744774648 1.15592567185219 47.23523281419043
-27.01290190713842 -2.80747039654022 47.10912140654565
-26.73974606941349 19.35211066182805 64.94258656162788
-32.61497939537473 -5.077846342097827 48.90685627471365
-42.36909075963786 -2.764908160255649 50.12164369340985
-56.36427446727656 -8.245064611375826 56.7941051340018
-45.16253181770653 -0.583767175572885 42.21329160226324
-25.05639154302142 4.468373273434049 52.60691400734164
-24.61491758598221 3.839228079769355 47.95241139763367
-23.62504470957708 4.652080332640286 45.56209297055169
-20.35236033706139 8.952874391522084 56.26307182988619
-29.36442646142983 -2.849996292548248 46.43133663303177
-22.19893825863975 -8.913723288124304 54.83372122935857
-30.88530350929106 -0.2868527931944334 42.95676366441069
-33.55683742065892 -0.782321236141204 46.42467551032425
-45.756287968212 8.940090451231569 56.95491391122872
-44.56106687860525 20.4001487743147 52.37070808278965
-32.09504271346382 13.97711788555068 68.34264431444639
-27.6091523234579 -6.090197226063279 42.76325818525339
-37.50282810705281 -9.563910706041138 39.13477947754794
-13.49700308381147 4.215970903533216 40.00875027575822
-16.52483874046659 18.02117149667918 61.64762697805445
-23.84003312995589 8.076973655552093 48.7524769463801
-30.8635909294571 2.928376969985289 39.92874751139455
-39.92107278317755 19.86577850620054 60.22513029582937
-27.96362909188585 9.113129701089958 57.33914750361056
-50.58943385649643 8.664550952054608 52.63350260245465
-52.12830457172881 2.561005460407859 53.02649206805019
-38.41162947732061 -13.43462438206234 58.27193268453914
-37.93592376806178 -13.70958258058067 51.98055644134183
-39.16017822212991 0.08227621996561596 49.56324928597517
-53.31828042203293 4.874243870529569 50.29050142663493
-16.06486572512829 3.155994548694536 67.18446606830292
-25.16183608889374 7.773280593626089 32.89949439614129
-55.60056601258516 6.388529143685473 63.33656043772451
-29.35707395361277 6.376227290601873 74.5563432762895
-45.83472437718621 4.128077616304938 59.37650522586117
-24.07349502960489 11.52063026821842 50.6908072244364
-18.2668231281726 -12.89615130187549 48.30378531458971
-69.99488873185543 12.56761016131247 51.9911929448069
-28.83270656681412 7.611721493000289 36.27205885112421
-28.1986738306119 17.24068016761002 54.34366982463736
-28.40213818524917 9.322484682497466 62.60887996434245
-23.30489669875113 6.03139075860591 62.23621251428688
-51.40767735048872 10.81131343661376 62.09513119831318
-40.68764304109135 8.650691893466346 40.91742434084442
-23.82200007605156 -1.298552625449499 63.12885465932621
-12.54471391118774 17.97363654084168 50.99283040358623
-50.99402883502035 3.430663500340557 67.50116169172995
-22.14186186943095 -3.254959849494911 49.82367024673336
-18.43867582443961 5.201095454685619 53.28040003972907
-49.36909754879751 11.04039251439996 69.32577059842714
-24.71136543594937 -7.716992930909151 46.94137160798249
-23.32491554093862 -5.00655541581979 50.20117304726451
-49.42965867010851 -5.957756189077357 50.42292942187571
-59.79137384214212 1.588615127522286 47.27683530070821
-31.30914577164647 10.49832431224405 71.67629979250358
-52.15512029541609 0.8657372930397433 47.12812750246196
-35.20687235298819 -2.755810011689413 96.9361236199931
-29.23617273945112 17.14692379709592 75.3092350026749
-52.22057041244734 23.48912701597301 53.49294559277866
-25.71936330703522 2.564410579185307 73.08702200908093
-19.27194579048634 -2.725189912206609 53.49276011935222
-64.50900275917294 21.75127562728598 53.71195793328041
-55.3350028540324 -6.55618963241632 43.48886471421809
-54.69958495212693 -6.793958515252025 37.06270204413925
-40.2134833494845 18.03660428586792 64.59071182611098
-51.79522431439536 -0.7106513389935274 60.20418839760962
-24.1839758290806 3.227470504592817 42.96381938543389
-39.28158655371846 -4.032113160066984 51.69490642210595
-23.90041017719546 -1.718967888822288 49.21278984518721
-21.73696006202352 -0.7500587103844933 55.3889992747444
-42.06598760816492 18.13873827291608 57.45250232309093
-17.22560407740461 3.515463448970527 45.66404865093388
-52.57593497054086 4.846079801529515 41.30410463991475
-15.21580418409666 -1.192250798252069 53.61790621797125
-8.453128092929999 -1.650487177526089 55.60829753669201
-43.57003123870889 24.22241470071778 60.8082143064957
-62.98604167684697 1.929777267916461 56.61091718360402
-24.16639960862148 -7.766638661345368 51.68559439707537
-23.73911580815599 0.006465801225139511 60.3295242466731
-45.93781441968765 18.32088145315562 64.88995319544465
-33.78051589636372 -11.17039437652127 49.11523814927807
-51.62352567376011 -11.65999097743557 56.4082855098352
-29.3457700076484 -0.8080006250454358 44.76547734724994
-19.32731079280828 23.97237311768863 54.85728451548165
-13.83581868759245 24.97387653158465 58.16105703090317
-42.72331616921723 -12.95571052773874 49.1697364783838
-35.38625496295413 -7.028733882802284 46.11513221436345
-22.27865359260232 -4.253471916966612 39.79116630861131
-47.58698880189834 20.15464435122301 48.98981598726761
-47.16629074301028 22.76555108893547 49.70783391326863
-38.49823856382232 4.030200550343126 49.69510983749504
-40.87538823357807 3.68238064615475 45.36430359976268
-52.43292288884672 -10.40474886975732 49.11932000425472
-57.27523577601742 -1.260820153134588 37.84562758348144
-53.63330586306017 18.57088835396435 45.42852315706096
-14.6057413102739 -10.47450484537281 50.90457744660462
-53.28520893293214 7.565904891548139 44.67265648744319
-49.148858490131 2.736979907876688 38.39267036728889
-38.18446285790704 1.976556356495987 34.0277700102741
-52.98967401461638 8.176288911986894 48.6851437181967
-35.28646543918214 7.149750020634499 46.44358275713681
-20.57604361024251 -5.550518392636405 71.49034804055388
-22.30700409945129 -0.790176423635259 44.54766307162529
-28.41726072374594 -9.387101462478373 45.03347366965471
-53.2985548712099 10.12415875411221 56.51834835309577
-43.96617076494462 8.363508590984054 37.58830286168469
-52.38090332887394 1.775304939296622 37.06907171308772
-25.84386241767944 -13.55652162254258 54.41543945915721
-39.98491571121983 4.207719856024667 38.15771278487257
-43.82051606514523 11.50126474020583 58.66752275049657
-47.23226883758617 6.926251725648975 55.4647018450521
-37.83512658942676 3.979748983682954 44.25805630459242
-46.69510721243221 -5.996777443690822 50.61757816095136
-12.16716946943476 8.380210161413551 51.52759896498276
-53.10650058088212 -5.452239311566874 52.18021150263275
-27.67022758520571 -10.41433938574672 53.44743476218503
-15.78691391705771 3.366066694642083 56.77508795252858
-22.48821157397601 -11.54581619617167 42.67111178257124
-23.85382503581283 -10.23832608970831 60.54203245830636
-53.15763815170693 -1.768108401087749 62.33139885990634
-48.91330803550398 2.233954845330203 61.23778022351911
-20.31535754313017 26.91219451831257 57.93113960247548
-53.44955815625921 -2.739104712036625 43.75093792838393
-18.94629625802455 10.77669961120291 52.42449299311079
-33.09036333515688 17.56027988740426 62.93057166386255
-22.68963620119023 -0.7542633914053791 69.24714009934816
-49.25479867105486 12.13690339434663 50.5410188199772
-32.58055852331966 -2.413064825054344 40.57778390764201
-58.51328148608755 -9.543744040004174 51.19925199823403
-54.33601242127997 6.566744708228689 40.44300827531395
-30.59423147582943 18.13406013539345 57.21150492705495
-33.32591398689316 10.85015755379234 37.18645149125624
-23.67720611975993 -14.01074483651901 50.47342385396402
-59.33811582592762 8.548232055693473 39.61430228969877
-54.71092751092271 -3.480351544406486 55.49519411069074
-43.15677792287931 15.33196206309994 66.42786726222238
-43.63838265901448 23.10404162587317 54.34884538313131
-28.28469161200258 -11.7238792480214 58.5075739409297
-37.51668312564343 -6.296451219616034 52.11536707668964
-59.13413958236239 19.82235950901918 50.2449320623807
-55.75761273968452 16.90988954110315 54.45560814192022
-25.11961640135134 -12.2047578800256 57.12870147480132
-41.68496388031717 11.42631407591157 37.38826415749461
-42.53982442439544 -10.82032117994854 57.59278874879537
-42.89289480894295 -0.6890776786163939 48.67094034060749
-24.12306148201151 3.900736960823961 37.40835586575396
-14.53989540885101 12.52902060085761 53.93961202718798
-22.4201804951826 -4.085884152355579 45.50554615841357
-18.73823705868563 1.707956790527613 61.41917688884923
-46.66112569678972 3.524362722058387 66.37346399622673
-24.35636723586391 -9.22556329807635 53.41996154426974
-14.72226081793322 9.304901509763255 41.99057030503359
-36.88996194513352 -3.57790050643974 49.51459743896145
-40.3958588335109 3.271482638927931 47.61943839649516
-44.96026811441371 -8.588071517367181 53.88887809201454
-52.85907736420449 -0.5536851660989605 52.66576720869217
-53.58759309378284 -1.454079291659208 55.11149290620767
-30.68370858726113 -13.14323521258736 50.38151972980008
-31.1864747574925 9.154973901086329 73.42510318906319
-30.40017676890171 3.866097325896976 77.34774249521718
-7.383133694557007 17.57680826264063 55.42459107984809
-72.61509835518861 4.29424823651102 46.0894044261418
-34.12632962074409 -8.348343882306732 34.96897553491996
-22.76000209757341 9.518287060611836 69.91259940719246
-31.1643663743557 13.22811937238334 63.1604431567053
-47.03297495023617 10.03360965722757 33.11442532698981
-29.63242732670016 -14.82095099048011 45.43979737384345
-35.21180133550149 13.23769486383374 32.88370147881849
-37.49838094029552 14.4949643223393 31.60174210686632
-21.14693193637074 20.89426094175118 65.29488450346881
-29.77191072378249 -15.52976537917557 53.25210380639745
-20.27100230288784 17.42721090666459 48.14560901962255
-58.34630070864136 11.64468269753451 53.87941337617178
-54.75029793711575 -5.306082279449105 57.70732063521763
-25.95646746869716 -7.091137617075264 36.91110523059783
-27.49067776024986 -7.399041283968185 50.80510898150368
-51.03156376757467 -9.184392792317595 54.6985381421233
-39.10180536909021 12.67089323980122 35.61732773584348
-18.10860791068639 13.89563784005805 46.04491365584815
-49.04063506282404 0.3130951779836582 35.62950291287218
-55.98035799080852 5.601252770016659 46.2316656716155
-35.08378502277027 9.109036315748044 41.70733297019675
-25.55762594474616 8.429557990285112 50.5976317618235
-51.45634880962877 21.01946175558832 46.1840141574737
-32.88417711416592 16.08314611960011 67.49739707122407
-16.75906258066906 8.906451547680339 66.34369023389938
-52.79334424189041 35.05605896325846 60.03418740756987
-44.23381609905226 17.20964650846963 70.14398575047659
-52.48640718208298 -1.399328950785115 49.58660858174677
-35.61633721196307 23.85576228307326 77.10849453668884
-34.30886424597671 -2.250941136875031 48.53591934870493
-36.17835905047402 5.643080099183701 38.38326563906497
-27.7263649796648 1.197466888698339 77.41672800668641
-42.73922062356183 2.726046864532492 43.5439733663249
-50.9633777166648 1.906813444380041 55.01660250167081
-18.14780654162074 0.1401901337852807 51.04124715125295
-49.59570671314523 8.484588109376038 66.26555677047814
-26.05965838257728 20.1046538010726 71.27517429872513
-23.71789603880671 8.233735551247978 58.02475274116752
-46.24926326065784 11.12722947866034 53.35174987702416
-25.78883629876506 0.8456759022663342 63.30947662247087
-47.83314030771103 21.66788073409725 61.63574323827737
-47.87299971751084 27.75040452803987 66.17318847702761
-50.05418288062125 0.4777506177762104 65.18595890514612
-27.45961110009227 13.10323547516086 51.81126335458203
-39.04527023609412 19.37490219007691 67.31215150693015
-52.1692563323794 -8.061797957888905 52.47966463238391
-13.17157844574509 1.376232169588272 47.72053686994104
-10.41412891889284 6.390861932431894 42.02473100739053
$EndNodes
$Elements
2 15912 1 15912
2 1 2 5050
1 1 2 3 
2 31 2 1 
3 1 3 4 
4 1 4 35 
5 29 31 1 
6 29 1 46 
7 1 35 37 
8 46 1 37 
9 3 2 4 
10 4 2 32 
11 30 2 31 
12 30 33 2 
13 33 32 2 
14 4 5 7 
15 727 5 4 
16 35 4 7 
17 4 32 727 
18 5 6 7 
19 27 6 5 
20 24 25 5 
21 24 5 661 
22 25 27 5 
23 727 661 5 
24 6 41 7 
25 48 6 27 
26 6 39 41 
27 48 39 6 
28 35 7 41 
29 8 9 10 
30 8 288 9 
31 8 10 43 
32 8 49 27 
33 8 27 288 
34 8 43 44 
35 50 8 44 
36 48 49 8 
37 50 48 8 
38 11 10 9 
39 11 9 12 
40 12 9 27 
41 27 9 288 
42 10 11 43 
43 21 11 12 
44 42 11 21 
45 42 45 11 
46 45 43 11 
47 21 12 26 
48 12 27 26 
49 13 14 15 
50 13 17 14 
51 13 15 47 
52 13 16 17 
53 38 16 13 
54 38 13 47 
55 15 14 28 
56 14 17 20 
57 14 20 28 
58 24 15 28 
59 24 237 15 
60 62 47 15 
61 62 15 237 
62 18 17 16 
63 18 16 52 
64 38 52 16 
65 18 20 17 
66 18 19 20 
67 65 19 18 
68 231 18 52 
69 65 18 231 
70 19 22 20 
71 19 21 23 
72 19 42 21 
73 19 23 22 
74 65 42 19 
75 22 28 20 
76 21 22 23 
77 21 26 22 
78 26 28 22 
79 24 28 25 
80 24 129 130 
81 661 129 24 
82 24 130 237 
83 26 27 25 
84 26 25 28 
85 48 27 49 
86 29 30 31 
87 30 29 83 
88 46 56 29 
89 84 29 56 
90 84 83 29 
91 33 30 83 
92 32 33 34 
93 32 34 54 
94 32 54 727 
95 134 34 33 
96 87 33 83 
97 134 33 87 
98 54 34 661 
99 134 129 34 
100 34 129 661 
101 35 36 37 
102 35 41 36 
103 36 70 37 
104 41 104 36 
105 104 70 36 
106 46 37 86 
107 70 86 37 
108 38 47 62 
109 58 52 38 
110 61 58 38 
111 61 38 62 
112 39 40 41 
113 48 40 39 
114 41 40 104 
115 48 72 40 
116 40 72 73 
117 104 40 73 
118 42 91 45 
119 64 42 65 
120 64 91 42 
121 44 43 71 
122 45 71 43 
123 75 50 44 
124 75 44 71 
125 95 71 45 
126 95 45 91 
127 46 55 56 
128 55 46 86 
129 323 48 50 
130 323 72 48 
131 75 323 50 
132 51 52 53 
133 51 231 52 
134 59 51 53 
135 59 498 51 
136 51 65 231 
137 51 498 65 
138 53 52 57 
139 57 52 58 
140 53 57 74 
141 59 53 60 
142 53 74 60 
143 727 54 661 
144 56 55 96 
145 85 55 86 
146 85 125 55 
147 96 55 125 
148 84 56 123 
149 123 56 96 
150 57 58 78 
151 74 57 76 
152 57 78 76 
153 61 211 58 
154 78 58 128 
155 248 128 58 
156 211 248 58 
157 150 59 60 
158 150 498 59 
159 74 544 60 
160 150 60 221 
161 544 221 60 
162 61 62 63 
163 112 61 63 
164 211 61 112 
165 68 63 62 
166 68 62 236 
167 236 62 237 
168 66 67 63 
169 66 63 68 
170 112 63 67 
171 64 65 498 
172 90 91 64 
173 90 64 116 
174 64 498 116 
175 66 80 67 
176 66 68 69 
177 731 66 69 
178 66 88 80 
179 148 88 66 
180 148 66 731 
181 67 80 81 
182 112 67 81 
183 69 68 236 
184 731 69 236 
185 104 73 70 
186 108 70 73 
187 70 108 86 
188 94 75 71 
189 94 71 95 
190 214 73 72 
191 214 72 306 
192 323 306 72 
193 209 108 73 
194 209 73 214 
195 74 76 77 
196 74 77 544 
197 92 75 93 
198 97 75 92 
199 94 93 75 
200 75 97 323 
201 101 77 76 
202 76 78 79 
203 76 79 102 
204 101 76 102 
205 101 544 77 
206 79 78 689 
207 78 128 689 
208 102 79 689 
209 89 81 80 
210 88 89 80 
211 89 218 81 
212 112 81 114 
213 114 81 218 
214 82 83 84 
215 82 87 83 
216 82 84 123 
217 87 82 100 
218 100 82 480 
219 82 123 137 
220 82 137 480 
221 85 86 108 
222 85 108 209 
223 153 125 85 
224 151 153 85 
225 209 151 85 
226 87 100 135 
227 134 87 135 
228 88 109 89 
229 154 109 88 
230 147 88 148 
231 147 154 88 
232 89 109 110 
233 117 89 110 
234 117 118 89 
235 89 118 131 
236 89 131 218 
237 90 98 91 
238 98 90 115 
239 115 90 116 
240 99 95 91 
241 91 98 164 
242 99 91 164 
243 93 133 92 
244 159 97 92 
245 132 92 133 
246 132 159 92 
247 93 94 119 
248 93 119 120 
249 120 133 93 
250 94 95 567 
251 94 567 119 
252 99 567 95 
253 137 123 96 
254 124 96 125 
255 137 96 124 
256 159 306 97 
257 97 306 323 
258 98 115 286 
259 162 164 98 
260 162 98 286 
261 567 99 121 
262 99 1177 121 
263 99 164 1177 
264 135 100 143 
265 142 143 100 
266 142 100 480 
267 101 102 103 
268 101 103 106 
269 105 101 106 
270 105 544 101 
271 1707 103 102 
272 127 102 128 
273 1707 102 127 
274 102 689 128 
275 106 103 107 
276 103 139 107 
277 103 1707 139 
278 105 106 107 
279 183 105 107 
280 220 105 183 
281 220 544 105 
282 139 140 107 
283 144 107 140 
284 145 107 144 
285 145 146 107 
286 183 107 146 
287 117 110 109 
288 117 109 155 
289 154 155 109 
290 111 112 113 
291 191 112 111 
292 111 113 216 
293 190 191 111 
294 111 215 190 
295 215 111 216 
296 112 114 113 
297 191 211 112 
298 131 113 114 
299 131 158 113 
300 158 156 113 
301 156 451 113 
302 451 216 113 
303 131 114 218 
304 149 115 116 
305 535 115 149 
306 286 115 535 
307 149 116 150 
308 116 498 150 
309 169 118 117 
310 117 155 192 
311 169 117 192 
312 158 118 131 
313 169 158 118 
314 122 120 119 
315 119 121 122 
316 119 567 121 
317 120 122 167 
318 120 161 133 
319 234 161 120 
320 234 120 167 
321 121 126 122 
322 121 1177 126 
323 168 122 126 
324 167 122 168 
325 124 125 249 
326 137 124 138 
327 138 124 249 
328 153 249 125 
329 168 126 174 
330 174 126 1835 
331 1835 126 1177 
332 127 128 184 
333 127 184 186 
334 204 127 186 
335 1707 127 204 
336 248 184 128 
337 130 129 307 
338 344 129 134 
339 307 129 344 
340 130 236 237 
341 130 307 236 
342 160 132 133 
343 160 159 132 
344 160 133 161 
345 134 135 1068 
346 344 134 1068 
347 229 135 143 
348 229 228 135 
349 228 1068 135 
350 136 137 138 
351 136 480 137 
352 198 136 138 
353 142 480 136 
354 1981 142 136 
355 198 1981 136 
356 198 138 292 
357 200 202 138 
358 200 138 249 
359 202 292 138 
360 139 141 140 
361 139 204 141 
362 139 1707 204 
363 144 140 141 
364 203 144 141 
365 203 141 204 
366 1981 143 142 
367 229 143 240 
368 1981 240 143 
369 532 145 144 
370 532 144 203 
371 325 146 145 
372 325 145 532 
373 146 182 183 
374 146 242 182 
375 146 241 242 
376 146 325 241 
377 307 147 148 
378 147 245 154 
379 246 245 147 
380 246 147 344 
381 307 344 147 
382 307 148 731 
383 149 150 614 
384 535 149 614 
385 150 221 188 
386 150 188 614 
387 151 152 153 
388 176 152 151 
389 412 176 151 
390 208 151 209 
391 151 208 412 
392 200 153 152 
393 199 152 176 
394 199 201 152 
395 201 200 152 
396 200 249 153 
397 253 155 154 
398 245 247 154 
399 247 253 154 
400 192 155 253 
401 156 157 158 
402 165 157 156 
403 165 166 156 
404 1791 166 156 
405 451 452 156 
406 1791 452 156 
407 165 158 157 
408 165 158 166 
409 166 158 169 
410 160 423 159 
411 159 367 306 
412 423 367 159 
413 719 160 161 
414 719 423 160 
415 774 161 234 
416 774 719 161 
417 162 163 164 
418 162 313 163 
419 285 162 286 
420 285 287 162 
421 313 162 287 
422 163 1835 164 
423 174 163 175 
424 174 1835 163 
425 313 175 163 
426 164 1835 1177 
427 166 169 170 
428 195 166 170 
429 171 166 268 
430 171 1791 166 
431 268 166 195 
432 168 260 167 
433 234 167 235 
434 235 167 260 
435 168 174 219 
436 322 168 219 
437 322 260 168 
438 193 170 169 
439 193 169 192 
440 395 170 193 
441 195 170 395 
442 171 172 173 
443 233 172 171 
444 171 173 1791 
445 233 171 268 
446 172 197 173 
447 232 197 172 
448 232 172 233 
449 196 173 197 
450 196 452 173 
451 1791 173 452 
452 219 174 175 
453 270 219 175 
454 270 175 568 
455 175 313 568 
456 238 199 176 
457 238 176 262 
458 262 176 412 
459 177 178 179 
460 177 205 178 
461 177 179 180 
462 181 177 180 
463 181 226 177 
464 177 206 205 
465 226 206 177 
466 178 205 179 
467 422 180 179 
468 205 279 179 
469 263 179 264 
470 263 422 179 
471 279 264 179 
472 181 180 422 
473 181 801 226 
474 181 422 2032 
475 181 2032 801 
476 183 182 220 
477 182 187 189 
478 182 230 187 
479 182 189 220 
480 230 182 242 
481 184 185 186 
482 185 184 191 
483 191 184 248 
484 185 300 186 
485 185 191 190 
486 185 190 273 
487 185 273 274 
488 185 274 300 
489 186 301 204 
490 300 301 186 
491 187 188 189 
492 614 188 187 
493 230 275 187 
494 275 276 187 
495 276 614 187 
496 221 189 188 
497 220 189 221 
498 282 190 215 
499 273 190 282 
500 211 191 248 
501 193 192 194 
502 192 250 194 
503 192 253 250 
504 193 194 251 
505 193 251 252 
506 395 193 252 
507 194 250 251 
508 256 195 257 
509 256 268 195 
510 267 257 195 
511 267 195 395 
512 196 197 223 
513 196 217 216 
514 451 196 216 
515 309 217 196 
516 222 196 223 
517 311 196 222 
518 309 196 311 
519 196 451 452 
520 224 223 197 
521 224 197 232 
522 198 292 293 
523 1980 198 293 
524 1980 1981 198 
525 199 200 201 
526 199 202 200 
527 202 199 292 
528 238 431 199 
529 199 431 292 
530 203 204 301 
531 471 203 301 
532 2304 203 471 
533 2304 532 203 
534 205 206 207 
535 299 205 207 
536 205 299 279 
537 207 206 225 
538 226 225 206 
539 207 225 354 
540 207 295 294 
541 294 299 207 
542 207 354 295 
543 208 209 210 
544 362 208 210 
545 412 208 362 
546 213 210 209 
547 209 214 213 
548 327 210 213 
549 342 210 327 
550 362 210 342 
551 212 213 214 
552 327 213 212 
553 212 214 367 
554 343 327 212 
555 343 212 423 
556 212 367 423 
557 306 367 214 
558 215 216 217 
559 282 215 217 
560 309 282 217 
561 277 219 270 
562 277 278 219 
563 322 219 278 
564 220 221 544 
565 255 222 223 
566 404 222 255 
567 315 311 222 
568 404 315 222 
569 223 224 269 
570 254 255 223 
571 254 223 269 
572 269 224 232 
573 801 225 226 
574 702 354 225 
575 702 225 801 
576 227 228 229 
577 227 246 228 
578 243 227 229 
579 243 244 227 
580 244 247 227 
581 227 245 246 
582 227 247 245 
583 246 1068 228 
584 239 229 240 
585 239 272 229 
586 243 229 272 
587 230 242 396 
588 230 276 275 
589 281 276 230 
590 281 230 396 
591 232 233 259 
592 269 232 259 
593 233 258 259 
594 233 268 258 
595 235 291 234 
596 290 234 291 
597 774 234 290 
598 235 260 261 
599 261 406 235 
600 406 291 235 
601 307 731 236 
602 297 238 262 
603 238 293 431 
604 238 629 293 
605 297 629 238 
606 239 240 271 
607 433 239 271 
608 393 272 239 
609 393 239 433 
610 271 240 1980 
611 240 1981 1980 
612 357 242 241 
613 325 326 241 
614 326 358 241 
615 357 241 358 
616 396 242 357 
617 413 244 243 
618 413 243 272 
619 244 265 247 
620 244 303 265 
621 303 244 413 
622 246 344 1068 
623 247 265 253 
624 251 250 266 
625 266 250 253 
626 252 251 330 
627 251 266 308 
628 251 308 330 
629 330 331 252 
630 395 252 331 
631 265 266 253 
632 1425 255 254 
633 335 254 269 
634 1425 254 335 
635 404 255 1425 
636 361 256 257 
637 268 256 289 
638 361 289 256 
639 316 257 267 
640 316 361 257 
641 259 258 336 
642 268 289 258 
643 336 258 289 
644 269 259 334 
645 259 336 334 
646 261 260 321 
647 322 321 260 
648 352 261 321 
649 352 407 261 
650 261 407 406 
651 262 386 297 
652 408 386 262 
653 408 262 411 
654 411 262 412 
655 263 264 302 
656 345 263 302 
657 341 263 345 
658 341 2032 263 
659 263 2032 422 
660 279 324 264 
661 457 302 264 
662 457 264 324 
663 265 303 266 
664 303 308 266 
665 316 267 317 
666 350 317 267 
667 350 267 395 
668 335 269 334 
669 376 277 270 
670 318 270 319 
671 375 270 318 
672 319 270 568 
673 375 376 270 
674 1113 433 271 
675 1113 271 1980 
676 393 483 272 
677 413 272 483 
678 273 356 274 
679 273 282 305 
680 273 305 356 
681 338 300 274 
682 338 274 363 
683 363 274 356 
684 280 276 281 
685 280 615 276 
686 615 614 276 
687 277 378 278 
688 376 378 277 
689 278 320 322 
690 278 378 320 
691 279 299 324 
692 329 280 281 
693 280 283 284 
694 280 347 283 
695 280 284 615 
696 329 347 280 
697 328 329 281 
698 328 281 396 
699 304 305 282 
700 304 282 309 
701 347 284 283 
702 284 348 285 
703 284 285 535 
704 347 349 284 
705 284 349 348 
706 284 535 615 
707 285 286 535 
708 312 287 285 
709 348 312 285 
710 332 287 312 
711 313 287 314 
712 332 314 287 
713 361 336 289 
714 290 291 465 
715 774 290 465 
716 406 1197 291 
717 291 1197 465 
718 431 293 292 
719 556 379 293 
720 379 1980 293 
721 385 556 293 
722 293 629 385 
723 294 295 296 
724 298 294 296 
725 298 299 294 
726 295 354 296 
727 703 298 296 
728 353 296 354 
729 479 296 353 
730 479 497 296 
731 703 296 497 
732 385 297 386 
733 297 385 629 
734 355 299 298 
735 703 355 298 
736 299 355 324 
737 300 338 301 
738 392 301 338 
739 392 471 301 
740 345 302 457 
741 442 308 303 
742 303 413 461 
743 442 303 460 
744 460 303 461 
745 398 305 304 
746 310 304 309 
747 403 304 310 
748 401 398 304 
749 403 401 304 
750 398 356 305 
751 443 330 308 
752 442 443 308 
753 310 309 315 
754 315 309 311 
755 403 310 315 
756 348 332 312 
757 314 568 313 
758 333 314 332 
759 333 568 314 
760 1987 403 315 
761 1987 315 404 
762 368 316 317 
763 361 316 374 
764 368 369 316 
765 369 374 316 
766 317 350 351 
767 317 351 416 
768 368 317 416 
769 476 318 319 
770 477 375 318 
771 476 477 318 
772 360 319 333 
773 319 568 333 
774 360 372 319 
775 476 319 372 
776 320 321 322 
777 320 377 321 
778 377 320 526 
779 529 320 378 
780 526 320 527 
781 529 527 320 
782 377 352 321 
783 441 324 355 
784 441 440 324 
785 457 324 440 
786 409 326 325 
787 1497 409 325 
788 2235 325 532 
789 325 2235 1497 
790 436 358 326 
791 436 326 409 
792 342 327 343 
793 346 329 328 
794 346 328 397 
795 328 396 397 
796 346 514 329 
797 329 514 347 
798 443 331 330 
799 350 331 351 
800 350 395 331 
801 416 351 331 
802 448 416 331 
803 443 447 331 
804 447 448 331 
805 360 333 332 
806 348 402 332 
807 402 360 332 
808 370 335 334 
809 336 337 334 
810 524 334 337 
811 370 334 524 
812 370 371 335 
813 1425 335 371 
814 337 336 361 
815 337 361 373 
816 337 373 521 
817 337 521 524 
818 363 392 338 
819 339 340 341 
820 340 339 387 
821 765 339 341 
822 381 503 339 
823 381 339 765 
824 339 388 387 
825 339 503 388 
826 2032 341 340 
827 340 387 702 
828 340 702 801 
829 340 801 2032 
830 765 341 345 
831 467 342 343 
832 621 362 342 
833 342 467 486 
834 621 342 486 
835 343 423 365 
836 467 343 365 
837 439 345 457 
838 509 345 439 
839 509 510 345 
840 510 765 345 
841 346 397 394 
842 513 346 394 
843 346 513 514 
844 347 348 349 
845 347 359 348 
846 347 514 359 
847 348 359 402 
848 525 352 377 
849 455 407 352 
850 525 455 352 
851 353 354 702 
852 479 353 387 
853 387 353 702 
854 355 611 441 
855 500 355 508 
856 500 611 355 
857 703 508 355 
858 414 363 356 
859 414 356 398 
860 358 394 357 
861 357 394 397 
862 357 397 396 
863 459 394 358 
864 436 459 358 
865 359 520 402 
866 359 514 520 
867 418 372 360 
868 417 360 402 
869 417 418 360 
870 373 361 374 
871 410 411 362 
872 620 410 362 
873 362 411 412 
874 620 362 621 
875 363 482 392 
876 481 363 414 
877 481 482 363 
878 364 365 366 
879 364 467 365 
880 364 366 465 
881 364 465 490 
882 364 466 467 
883 490 466 364 
884 365 423 366 
885 366 423 719 
886 366 774 465 
887 774 366 719 
888 368 449 369 
889 453 368 416 
890 453 449 368 
891 419 374 369 
892 450 419 369 
893 449 450 369 
894 370 706 371 
895 370 524 523 
896 523 707 370 
897 706 370 707 
898 1732 371 706 
899 2085 1425 371 
900 1732 2085 371 
901 552 372 418 
902 552 476 372 
903 454 373 374 
904 454 475 373 
905 521 373 475 
906 454 374 419 
907 751 376 375 
908 477 751 375 
909 456 378 376 
910 751 456 376 
911 525 377 553 
912 553 377 526 
913 529 378 456 
914 379 380 381 
915 556 380 379 
916 379 381 765 
917 379 765 430 
918 379 430 1113 
919 379 1113 1980 
920 380 503 381 
921 531 503 380 
922 531 380 556 
923 382 383 384 
924 383 382 2303 
925 382 384 427 
926 382 420 421 
927 420 382 703 
928 382 421 2303 
929 499 382 427 
930 499 500 382 
931 500 508 382 
932 382 508 703 
933 391 384 383 
934 471 391 383 
935 2303 426 383 
936 426 2304 383 
937 2304 471 383 
938 391 390 384 
939 390 427 384 
940 494 385 386 
941 494 555 385 
942 555 556 385 
943 550 386 408 
944 494 386 554 
945 550 554 386 
946 387 388 389 
947 479 387 389 
948 389 388 478 
949 478 388 504 
950 504 388 503 
951 505 389 478 
952 505 479 389 
953 390 391 392 
954 390 392 482 
955 390 487 427 
956 390 482 487 
957 392 391 471 
958 438 393 433 
959 438 483 393 
960 458 394 459 
961 458 515 394 
962 515 513 394 
963 398 401 445 
964 414 398 415 
965 398 464 415 
966 444 398 445 
967 444 462 398 
968 464 398 462 
969 399 400 401 
970 859 400 399 
971 401 403 399 
972 469 399 403 
973 859 399 469 
974 400 445 401 
975 446 445 400 
976 859 446 400 
977 417 402 520 
978 469 403 470 
979 1987 470 403 
980 2085 404 1425 
981 1987 404 2085 
982 405 406 407 
983 406 405 1197 
984 472 405 407 
985 472 473 405 
986 405 473 489 
987 405 489 488 
988 488 1197 405 
989 1415 407 455 
990 1415 472 407 
991 408 411 410 
992 408 410 550 
993 436 409 437 
994 1497 437 409 
995 557 550 410 
996 557 410 620 
997 461 413 483 
998 484 414 415 
999 414 485 481 
1000 484 485 414 
1001 464 2089 415 
1002 1243 484 415 
1003 1243 415 2089 
1004 447 416 448 
1005 447 582 416 
1006 453 416 582 
1007 519 418 417 
1008 519 417 520 
1009 519 552 418 
1010 450 493 419 
1011 1816 454 419 
1012 2218 419 493 
1013 419 2218 1816 
1014 420 424 421 
1015 496 424 420 
1016 496 420 703 
1017 425 421 424 
1018 425 426 421 
1019 2303 421 426 
1020 546 425 424 
1021 496 667 424 
1022 667 546 424 
1023 549 426 425 
1024 546 547 425 
1025 549 425 547 
1026 426 1497 549 
1027 426 1497 2235 
1028 426 2235 2304 
1029 499 427 487 
1030 428 429 430 
1031 502 429 428 
1032 428 430 765 
1033 502 428 506 
1034 506 428 507 
1035 510 507 428 
1036 510 428 765 
1037 430 429 434 
1038 434 429 502 
1039 430 434 1113 
1040 432 433 434 
1041 432 438 433 
1042 432 434 501 
1043 432 533 438 
1044 588 432 501 
1045 588 533 432 
1046 433 1113 434 
1047 501 434 502 
1048 435 436 437 
1049 435 459 436 
1050 551 435 437 
1051 435 458 459 
1052 618 458 435 
1053 435 551 1864 
1054 435 674 618 
1055 856 674 435 
1056 435 1864 856 
1057 551 437 814 
1058 814 437 1497 
1059 483 438 533 
1060 439 440 441 
1061 439 457 440 
1062 572 439 441 
1063 571 509 439 
1064 571 439 572 
1065 718 572 441 
1066 611 718 441 
1067 443 442 447 
1068 442 516 447 
1069 592 442 460 
1070 592 516 442 
1071 444 445 446 
1072 2307 444 446 
1073 538 462 444 
1074 2307 538 444 
1075 858 446 859 
1076 858 2307 446 
1077 447 517 453 
1078 447 453 582 
1079 447 516 517 
1080 453 450 449 
1081 453 656 450 
1082 493 450 491 
1083 491 450 656 
1084 517 2138 453 
1085 656 453 2138 
1086 454 474 475 
1087 605 474 454 
1088 1816 605 454 
1089 606 455 525 
1090 606 607 455 
1091 607 1415 455 
1092 529 456 752 
1093 751 752 456 
1094 618 515 458 
1095 460 461 581 
1096 592 460 581 
1097 580 461 483 
1098 580 581 461 
1099 462 463 464 
1100 538 463 462 
1101 463 2089 464 
1102 538 537 463 
1103 537 595 463 
1104 2089 463 595 
1105 465 488 490 
1106 465 1197 488 
1107 467 466 486 
1108 466 539 486 
1109 489 466 490 
1110 489 631 466 
1111 466 631 539 
1112 468 469 470 
1113 468 859 469 
1114 468 470 2084 
1115 468 858 859 
1116 1926 858 468 
1117 1926 468 1927 
1118 468 2084 1927 
1119 470 1987 2150 
1120 470 2150 2084 
1121 637 473 472 
1122 637 472 1415 
1123 543 489 473 
1124 543 473 645 
1125 637 645 473 
1126 521 475 474 
1127 521 474 605 
1128 476 658 477 
1129 476 552 658 
1130 658 751 477 
1131 609 478 504 
1132 609 505 478 
1133 479 495 497 
1134 505 495 479 
1135 482 481 511 
1136 512 481 485 
1137 511 481 512 
1138 482 511 487 
1139 580 483 533 
1140 573 485 484 
1141 573 484 2088 
1142 2088 484 1243 
1143 573 512 485 
1144 539 621 486 
1145 585 499 487 
1146 612 487 511 
1147 612 585 487 
1148 488 489 490 
1149 489 543 630 
1150 630 631 489 
1151 491 492 493 
1152 656 492 491 
1153 542 493 492 
1154 492 540 542 
1155 492 2138 540 
1156 2138 492 656 
1157 2218 493 542 
1158 584 494 554 
1159 583 555 494 
1160 583 494 584 
1161 495 496 497 
1162 667 496 495 
1163 505 704 495 
1164 699 667 495 
1165 704 699 495 
1166 496 703 497 
1167 585 500 499 
1168 585 610 500 
1169 500 610 611 
1170 501 502 586 
1171 501 586 1513 
1172 588 501 589 
1173 501 1513 589 
1174 586 502 506 
1175 531 504 503 
1176 555 504 531 
1177 660 504 555 
1178 609 504 660 
1179 704 505 609 
1180 586 506 507 
1181 509 507 510 
1182 534 507 509 
1183 647 507 534 
1184 647 586 507 
1185 571 534 509 
1186 616 511 512 
1187 616 612 511 
1188 573 617 512 
1189 616 512 617 
1190 513 520 514 
1191 515 518 513 
1192 513 518 519 
1193 513 519 520 
1194 564 518 515 
1195 564 515 779 
1196 618 619 515 
1197 619 779 515 
1198 517 516 1663 
1199 592 576 516 
1200 576 1663 516 
1201 1662 517 1663 
1202 1662 2287 517 
1203 2138 517 2287 
1204 597 519 518 
1205 791 518 564 
1206 791 597 518 
1207 601 552 519 
1208 597 601 519 
1209 522 524 521 
1210 522 521 604 
1211 521 605 604 
1212 522 523 524 
1213 522 729 523 
1214 522 604 605 
1215 605 655 522 
1216 522 640 642 
1217 644 640 522 
1218 729 522 642 
1219 644 522 655 
1220 707 523 729 
1221 553 659 525 
1222 659 606 525 
1223 545 526 527 
1224 553 526 545 
1225 528 527 529 
1226 545 527 528 
1227 528 529 530 
1228 528 530 761 
1229 608 545 528 
1230 1832 608 528 
1231 761 1761 528 
1232 1832 528 1761 
1233 530 529 752 
1234 665 530 666 
1235 530 665 761 
1236 530 752 666 
1237 555 531 556 
1238 2235 532 2304 
1239 569 533 570 
1240 569 580 533 
1241 588 570 533 
1242 672 534 571 
1243 733 647 534 
1244 672 673 534 
1245 673 733 534 
1246 535 614 615 
1247 536 537 538 
1248 536 2308 537 
1249 2307 536 538 
1250 596 563 536 
1251 536 563 2308 
1252 2307 596 536 
1253 559 595 537 
1254 2308 559 537 
1255 539 622 621 
1256 631 622 539 
1257 540 541 542 
1258 540 2309 541 
1259 2138 2287 540 
1260 540 2287 2309 
1261 542 541 2217 
1262 565 566 541 
1263 2309 565 541 
1264 541 566 2217 
1265 2217 2218 542 
1266 747 630 543 
1267 645 747 543 
1268 545 659 553 
1269 608 659 545 
1270 1272 547 546 
1271 667 700 546 
1272 1370 546 700 
1273 1272 546 1370 
1274 548 549 547 
1275 548 547 755 
1276 755 547 1272 
1277 1497 549 548 
1278 814 548 755 
1279 814 1497 548 
1280 646 554 550 
1281 818 550 557 
1282 646 550 818 
1283 551 814 1552 
1284 551 1552 1864 
1285 750 552 601 
1286 657 658 552 
1287 750 657 552 
1288 646 584 554 
1289 763 555 583 
1290 660 555 763 
1291 557 620 669 
1292 668 557 669 
1293 818 557 668 
1294 558 559 560 
1295 558 2310 559 
1296 1514 558 560 
1297 1288 1289 558 
1298 1514 1288 558 
1299 558 1289 2310 
1300 560 559 2308 
1301 559 2310 595 
1302 560 1029 625 
1303 1514 560 625 
1304 560 2308 1029 
1305 561 562 563 
1306 561 2312 562 
1307 2311 561 563 
1308 1475 626 561 
1309 561 626 2312 
1310 2311 1475 561 
1311 563 562 2308 
1312 628 1029 562 
1313 2312 628 562 
1314 562 1029 2308 
1315 596 2311 563 
1316 791 564 779 
1317 565 2313 566 
1318 662 565 663 
1319 662 2313 565 
1320 663 565 2309 
1321 742 566 743 
1322 742 2217 566 
1323 743 566 2313 
1324 570 676 569 
1325 591 580 569 
1326 591 569 715 
1327 715 569 676 
1328 587 570 588 
1329 767 570 587 
1330 767 676 570 
1331 571 572 769 
1332 672 571 769 
1333 718 737 572 
1334 572 737 769 
1335 617 573 713 
1336 573 2088 713 
1337 574 575 576 
1338 575 574 1730 
1339 576 592 574 
1340 574 592 649 
1341 574 649 1730 
1342 575 1663 576 
1343 1664 1663 575 
1344 1729 1664 575 
1345 1729 575 1730 
1346 577 578 579 
1347 577 2299 578 
1348 2314 577 579 
1349 2084 577 1927 
1350 1927 577 2314 
1351 2084 2299 577 
1352 579 578 705 
1353 578 1424 705 
1354 1423 1424 578 
1355 2299 1423 578 
1356 633 579 1693 
1357 633 2314 579 
1358 1693 579 705 
1359 591 581 580 
1360 590 581 591 
1361 593 581 590 
1362 592 581 593 
1363 583 584 701 
1364 583 701 816 
1365 583 817 763 
1366 583 816 817 
1367 646 701 584 
1368 585 709 610 
1369 612 1227 585 
1370 585 1227 709 
1371 712 586 647 
1372 712 1513 586 
1373 587 588 589 
1374 587 589 670 
1375 766 587 670 
1376 767 587 766 
1377 712 670 589 
1378 1513 712 589 
1379 590 591 716 
1380 593 590 594 
1381 590 651 594 
1382 590 1746 651 
1383 717 590 716 
1384 717 1746 590 
1385 591 715 716 
1386 592 593 594 
1387 594 649 592 
1388 649 594 650 
1389 650 594 653 
1390 653 594 651 
1391 2089 595 1289 
1392 1289 595 2310 
1393 1301 596 1302 
1394 1301 2311 596 
1395 1302 596 2307 
1396 601 597 750 
1397 792 750 597 
1398 790 597 791 
1399 597 790 792 
1400 598 599 600 
1401 598 602 599 
1402 2217 598 600 
1403 598 826 602 
1404 742 826 598 
1405 2217 742 598 
1406 600 599 1816 
1407 602 603 599 
1408 603 1816 599 
1409 600 1816 2218 
1410 2217 600 2218 
1411 639 603 602 
1412 639 602 793 
1413 793 602 794 
1414 826 794 602 
1415 638 605 603 
1416 1816 603 605 
1417 638 603 639 
1418 638 655 605 
1419 606 730 607 
1420 659 664 606 
1421 730 606 664 
1422 799 637 607 
1423 637 1415 607 
1424 730 833 607 
1425 833 799 607 
1426 659 608 759 
1427 608 1252 759 
1428 608 1253 1252 
1429 1253 608 1832 
1430 708 609 660 
1431 708 704 609 
1432 610 613 611 
1433 613 610 671 
1434 710 671 610 
1435 709 710 610 
1436 613 718 611 
1437 1559 612 616 
1438 1559 1227 612 
1439 613 671 735 
1440 613 737 718 
1441 613 735 737 
1442 616 617 1744 
1443 1559 616 1744 
1444 617 678 679 
1445 617 713 678 
1446 1744 617 679 
1447 675 619 618 
1448 674 675 618 
1449 1129 619 675 
1450 778 779 619 
1451 778 619 1678 
1452 1129 1678 619 
1453 620 621 622 
1454 669 620 622 
1455 631 688 622 
1456 669 622 677 
1457 622 773 677 
1458 688 773 622 
1459 623 624 625 
1460 623 2316 624 
1461 2315 623 625 
1462 741 685 623 
1463 623 685 2316 
1464 2315 741 623 
1465 625 624 1514 
1466 682 2087 624 
1467 2316 682 624 
1468 624 2087 1514 
1469 625 1029 2315 
1470 626 627 628 
1471 626 2317 627 
1472 2312 626 628 
1473 1475 2317 626 
1474 628 627 2315 
1475 722 739 627 
1476 2317 722 627 
1477 627 739 2315 
1478 628 2315 1029 
1479 630 688 631 
1480 630 723 688 
1481 783 723 630 
1482 747 783 630 
1483 632 633 634 
1484 632 2314 633 
1485 2318 632 634 
1486 635 636 632 
1487 2318 635 632 
1488 632 636 2314 
1489 634 633 728 
1490 728 633 1693 
1491 634 641 693 
1492 634 728 641 
1493 2318 634 693 
1494 635 2319 636 
1495 1306 635 860 
1496 860 635 2318 
1497 1306 2319 635 
1498 692 1847 636 
1499 2319 692 636 
1500 636 1847 2314 
1501 645 637 799 
1502 2320 638 639 
1503 654 655 638 
1504 2320 654 638 
1505 639 793 748 
1506 2320 639 748 
1507 640 641 642 
1508 640 2321 641 
1509 643 640 644 
1510 643 2321 640 
1511 642 641 728 
1512 693 641 2321 
1513 642 728 729 
1514 1978 643 644 
1515 725 643 828 
1516 725 2321 643 
1517 828 643 1978 
1518 1978 644 655 
1519 746 747 645 
1520 798 746 645 
1521 645 799 798 
1522 815 701 646 
1523 815 646 818 
1524 711 712 647 
1525 711 647 734 
1526 733 734 647 
1527 648 649 650 
1528 1730 649 648 
1529 648 650 1716 
1530 648 1716 1889 
1531 1731 1730 648 
1532 1731 648 1889 
1533 650 653 1716 
1534 651 652 653 
1535 651 1747 652 
1536 1746 1747 651 
1537 1716 653 652 
1538 777 776 652 
1539 1716 652 776 
1540 1554 777 652 
1541 1554 652 1747 
1542 654 1978 655 
1543 748 749 654 
1544 2320 748 654 
1545 654 749 1978 
1546 657 831 658 
1547 750 829 657 
1548 829 830 657 
1549 657 830 831 
1550 694 658 695 
1551 694 751 658 
1552 831 695 658 
1553 659 759 664 
1554 708 660 732 
1555 732 660 763 
1556 2322 662 663 
1557 1202 662 1203 
1558 1202 2313 662 
1559 1203 662 2322 
1560 663 2287 1662 
1561 2322 663 1662 
1562 663 2309 2287 
1563 730 664 759 
1564 666 811 665 
1565 665 760 761 
1566 665 811 760 
1567 666 697 698 
1568 666 752 697 
1569 811 666 698 
1570 667 699 700 
1571 668 669 677 
1572 1790 668 677 
1573 815 818 668 
1574 815 668 1775 
1575 668 1790 1775 
1576 711 670 712 
1577 711 766 670 
1578 768 671 710 
1579 671 867 735 
1580 768 842 671 
1581 842 867 671 
1582 866 673 672 
1583 672 769 736 
1584 866 672 736 
1585 673 1631 733 
1586 866 1397 673 
1587 673 1397 1398 
1588 673 1398 1631 
1589 855 675 674 
1590 855 674 856 
1591 1128 675 855 
1592 1128 1129 675 
1593 738 715 676 
1594 738 676 716 
1595 1181 716 676 
1596 2207 676 767 
1597 1181 676 2207 
1598 773 2252 677 
1599 1790 677 2252 
1600 678 822 679 
1601 684 683 678 
1602 822 678 683 
1603 714 684 678 
1604 678 713 714 
1605 821 679 822 
1606 869 679 821 
1607 857 1744 679 
1608 679 2297 857 
1609 869 2297 679 
1610 680 681 682 
1611 680 1116 681 
1612 2316 680 682 
1613 687 871 680 
1614 2316 687 680 
1615 680 871 1116 
1616 682 681 2323 
1617 681 683 684 
1618 681 1116 683 
1619 2323 681 684 
1620 682 2323 2087 
1621 683 1116 822 
1622 2086 684 714 
1623 2086 2323 684 
1624 685 686 687 
1625 685 2324 686 
1626 2316 685 687 
1627 741 2324 685 
1628 687 686 2325 
1629 875 872 686 
1630 686 872 2325 
1631 2324 875 686 
1632 687 2325 871 
1633 688 723 843 
1634 688 843 773 
1635 690 691 692 
1636 690 2326 691 
1637 2319 690 692 
1638 785 690 1306 
1639 785 2326 690 
1640 1306 690 2319 
1641 692 691 2327 
1642 2022 2000 691 
1643 691 2000 2327 
1644 2326 2022 691 
1645 692 2327 1847 
1646 860 693 744 
1647 744 693 2321 
1648 860 2318 693 
1649 695 697 694 
1650 694 697 751 
1651 696 697 695 
1652 758 696 695 
1653 1696 758 695 
1654 1696 695 831 
1655 753 697 696 
1656 753 696 803 
1657 1698 696 758 
1658 802 803 696 
1659 1698 802 696 
1660 753 698 697 
1661 752 751 697 
1662 754 698 753 
1663 698 754 861 
1664 698 810 811 
1665 698 861 810 
1666 862 700 699 
1667 863 699 704 
1668 862 699 863 
1669 862 1682 700 
1670 1370 700 1682 
1671 815 1733 701 
1672 1733 816 701 
1673 704 708 841 
1674 863 704 841 
1675 705 706 707 
1676 705 1732 706 
1677 705 707 1693 
1678 705 1424 1732 
1679 707 729 1693 
1680 764 708 732 
1681 764 841 708 
1682 819 710 709 
1683 819 709 1559 
1684 1559 709 1227 
1685 819 768 710 
1686 733 711 734 
1687 733 1631 711 
1688 1631 766 711 
1689 714 713 2088 
1690 2088 2086 714 
1691 738 716 715 
1692 1277 717 716 
1693 772 771 716 
1694 771 1277 716 
1695 772 716 2208 
1696 1181 2208 716 
1697 717 1277 2075 
1698 1746 717 2075 
1699 720 721 722 
1700 720 2328 721 
1701 2317 720 722 
1702 756 757 720 
1703 2317 756 720 
1704 720 757 2328 
1705 722 721 2329 
1706 721 1313 1314 
1707 721 2328 1313 
1708 2329 721 1314 
1709 722 2329 739 
1710 1138 723 783 
1711 1728 843 723 
1712 1728 723 1138 
1713 724 725 726 
1714 724 2321 725 
1715 2330 724 726 
1716 744 724 745 
1717 744 2321 724 
1718 745 724 2330 
1719 726 725 2331 
1720 2331 725 828 
1721 847 726 1260 
1722 847 2330 726 
1723 1260 726 2331 
1724 1693 729 728 
1725 730 759 1325 
1726 730 832 833 
1727 730 943 832 
1728 943 730 1325 
1729 764 732 763 
1730 735 736 737 
1731 867 736 735 
1732 736 769 737 
1733 866 736 867 
1734 739 740 741 
1735 739 2329 740 
1736 2315 739 741 
1737 741 740 2324 
1738 2300 740 2293 
1739 2293 740 2329 
1740 2300 2324 740 
1741 2332 742 743 
1742 742 2332 826 
1743 1636 743 1637 
1744 1636 2332 743 
1745 1637 743 2313 
1746 2333 744 745 
1747 2333 860 744 
1748 745 847 848 
1749 745 2330 847 
1750 2333 745 848 
1751 1322 747 746 
1752 1567 746 798 
1753 1567 1322 746 
1754 1267 783 747 
1755 1322 1267 747 
1756 748 2334 749 
1757 748 793 2334 
1758 796 749 797 
1759 796 1978 749 
1760 797 749 2334 
1761 829 750 792 
1762 807 754 753 
1763 753 803 840 
1764 840 807 753 
1765 807 861 754 
1766 813 814 755 
1767 813 755 1272 
1768 756 2335 757 
1769 1474 756 1475 
1770 1474 2335 756 
1771 1475 756 2317 
1772 1229 757 2022 
1773 1229 2328 757 
1774 2022 757 2335 
1775 758 1696 1111 
1776 1698 758 1111 
1777 1252 1928 759 
1778 759 1928 1325 
1779 762 761 760 
1780 812 762 760 
1781 810 760 811 
1782 810 812 760 
1783 1761 761 762 
1784 812 2010 762 
1785 1761 762 2010 
1786 764 763 817 
1787 865 764 817 
1788 864 841 764 
1789 865 864 764 
1790 767 766 1857 
1791 1631 1857 766 
1792 767 1857 2207 
1793 820 768 819 
1794 820 842 768 
1795 770 771 772 
1796 770 2336 771 
1797 2214 770 772 
1798 1924 1897 770 
1799 770 1897 2336 
1800 2214 1924 770 
1801 846 1277 771 
1802 2336 846 771 
1803 2208 2214 772 
1804 1728 773 843 
1805 1728 1155 773 
1806 1952 773 1155 
1807 1952 2252 773 
1808 775 776 777 
1809 775 2338 776 
1810 2337 775 777 
1811 781 775 1653 
1812 781 2338 775 
1813 1653 775 2337 
1814 1716 776 1889 
1815 1889 776 2338 
1816 1553 777 1554 
1817 1553 2337 777 
1818 1539 779 778 
1819 1537 1539 778 
1820 1537 778 2047 
1821 2047 778 1678 
1822 1539 791 779 
1823 780 781 782 
1824 780 2338 781 
1825 2339 780 782 
1826 2176 1890 780 
1827 780 1890 2338 
1828 2339 2176 780 
1829 782 781 2340 
1830 2340 781 1653 
1831 782 1909 1786 
1832 2339 782 1786 
1833 782 2340 1909 
1834 1137 1138 783 
1835 783 1267 1137 
1836 784 785 786 
1837 784 2326 785 
1838 2341 784 786 
1839 1228 1229 784 
1840 2341 1228 784 
1841 784 1229 2326 
1842 786 785 2333 
1843 2333 785 1306 
1844 824 825 786 
1845 2333 824 786 
1846 786 825 2341 
1847 787 788 789 
1848 787 2343 788 
1849 2342 787 789 
1850 2179 787 2110 
1851 2110 787 2342 
1852 2179 2343 787 
1853 789 788 2332 
1854 788 794 826 
1855 788 2343 794 
1856 2332 788 826 
1857 789 1636 2248 
1858 789 2332 1636 
1859 2342 789 2248 
1860 1538 790 791 
1861 1152 792 790 
1862 1532 1152 790 
1863 1531 1532 790 
1864 1538 1531 790 
1865 1538 791 1539 
1866 1152 829 792 
1867 793 794 795 
1868 2334 793 795 
1869 795 794 2343 
1870 797 795 1286 
1871 797 2334 795 
1872 1286 795 2343 
1873 2344 796 797 
1874 827 828 796 
1875 2344 827 796 
1876 796 828 1978 
1877 2344 797 1286 
1878 798 799 800 
1879 800 1567 798 
1880 800 799 1358 
1881 1358 799 833 
1882 1357 800 1358 
1883 1357 2139 800 
1884 800 2181 1567 
1885 2181 800 2139 
1886 802 839 803 
1887 802 854 839 
1888 1697 854 802 
1889 1697 802 1698 
1890 803 839 840 
1891 804 805 806 
1892 805 804 808 
1893 806 835 804 
1894 804 880 808 
1895 1426 804 835 
1896 1426 880 804 
1897 849 806 805 
1898 808 809 805 
1899 805 809 849 
1900 835 806 836 
1901 838 836 806 
1902 838 806 849 
1903 807 840 1640 
1904 1639 861 807 
1905 1639 807 1640 
1906 1393 809 808 
1907 808 880 881 
1908 1506 808 881 
1909 1507 1393 808 
1910 1506 1507 808 
1911 1393 812 809 
1912 812 1639 809 
1913 809 850 849 
1914 1558 850 809 
1915 1558 809 1639 
1916 812 810 1639 
1917 1639 810 861 
1918 1393 2010 812 
1919 813 1552 814 
1920 813 1272 1370 
1921 813 1370 1682 
1922 1572 1552 813 
1923 1571 1572 813 
1924 1994 1571 813 
1925 1994 813 1682 
1926 815 1001 1733 
1927 1001 815 1775 
1928 865 817 816 
1929 1675 865 816 
1930 1675 816 1733 
1931 820 819 857 
1932 857 819 1559 
1933 820 1705 842 
1934 857 2222 820 
1935 1705 820 1706 
1936 1706 820 2222 
1937 821 822 823 
1938 2345 821 823 
1939 869 821 870 
1940 870 821 2345 
1941 823 822 1116 
1942 823 1116 873 
1943 823 873 2216 
1944 2345 823 2216 
1945 824 2346 825 
1946 848 1767 824 
1947 2333 848 824 
1948 824 1767 2346 
1949 1595 825 1596 
1950 1595 2341 825 
1951 1596 825 2346 
1952 827 2331 828 
1953 1686 1260 827 
1954 827 1260 2331 
1955 2344 1686 827 
1956 912 830 829 
1957 1152 912 829 
1958 830 1443 831 
1959 912 1011 830 
1960 830 1011 1443 
1961 831 1443 1444 
1962 1696 831 1444 
1963 1358 833 832 
1964 943 942 832 
1965 942 1358 832 
1966 834 835 836 
1967 1574 835 834 
1968 834 836 837 
1969 834 837 997 
1970 834 997 1621 
1971 1574 834 1621 
1972 1426 835 1573 
1973 1573 835 1574 
1974 837 836 852 
1975 838 852 836 
1976 837 852 1371 
1977 997 837 998 
1978 837 999 998 
1979 999 837 1238 
1980 1238 837 1371 
1981 838 849 850 
1982 838 850 851 
1983 838 851 852 
1984 839 1640 840 
1985 839 853 1640 
1986 839 2290 853 
1987 839 854 2290 
1988 947 863 841 
1989 947 841 864 
1990 842 2279 867 
1991 842 1705 2279 
1992 844 845 846 
1993 844 2347 845 
1994 2336 844 846 
1995 1007 844 1008 
1996 1007 2347 844 
1997 1008 844 2336 
1998 846 845 2074 
1999 1554 1747 845 
2000 2347 1554 845 
2001 845 1747 2074 
2002 846 2074 1277 
2003 848 847 2348 
2004 2348 847 1260 
2005 848 2348 1767 
2006 851 850 854 
2007 850 853 854 
2008 850 1558 853 
2009 1371 852 851 
2010 1697 851 854 
2011 1371 851 1962 
2012 1697 1962 851 
2013 853 2290 854 
2014 1639 853 1558 
2015 853 1639 1640 
2016 855 856 2013 
2017 1128 855 2013 
2018 1464 856 1864 
2019 2012 856 1464 
2020 856 2012 2013 
2021 857 1559 1744 
2022 2223 2222 857 
2023 2223 857 2297 
2024 1302 858 1926 
2025 1302 2307 858 
2026 2333 1306 860 
2027 1290 862 863 
2028 1064 862 1290 
2029 1064 1682 862 
2030 863 947 1320 
2031 1290 863 1320 
2032 865 2178 864 
2033 947 864 1060 
2034 1060 864 2178 
2035 1674 865 1675 
2036 1674 2178 865 
2037 866 867 868 
2038 868 1397 866 
2039 868 867 2280 
2040 867 2279 2280 
2041 868 2278 1397 
2042 2254 868 2247 
2043 2280 2247 868 
2044 2254 2253 868 
2045 2278 868 2253 
2046 2155 869 870 
2047 2155 2276 869 
2048 2276 2297 869 
2049 2156 2155 870 
2050 2156 870 2195 
2051 2195 870 2345 
2052 871 872 873 
2053 871 2325 872 
2054 1116 871 873 
2055 873 872 2349 
2056 875 2349 872 
2057 2216 873 2349 
2058 874 875 876 
2059 874 2349 875 
2060 2350 874 876 
2061 2015 2216 874 
2062 2350 2015 874 
2063 874 2216 2349 
2064 876 875 2324 
2065 2286 876 2300 
2066 2286 2350 876 
2067 2300 876 2324 
2068 877 878 879 
2069 987 878 877 
2070 877 879 2050 
2071 986 987 877 
2072 1079 986 877 
2073 1079 877 2050 
2074 879 878 1031 
2075 987 1052 878 
2076 878 1807 1031 
2077 1052 2009 878 
2078 878 2062 1807 
2079 2009 2062 878 
2080 1030 879 1031 
2081 2050 879 1030 
2082 1721 881 880 
2083 1426 1721 880 
2084 1506 881 1215 
2085 1215 881 1721 
2086 882 883 884 
2087 1092 883 882 
2088 882 884 1060 
2089 1060 2178 882 
2090 1092 882 1184 
2091 1135 882 1136 
2092 1135 1184 882 
2093 1136 882 2160 
2094 2160 882 2178 
2095 1822 884 883 
2096 1086 1087 883 
2097 1086 883 1092 
2098 1087 1822 883 
2099 1060 884 947 
2100 884 1320 947 
2101 1498 1320 884 
2102 1498 884 1822 
2103 885 886 887 
2104 885 1139 886 
2105 1414 885 887 
2106 1139 885 901 
2107 901 885 1414 
2108 894 887 886 
2109 894 886 1392 
2110 886 1139 1670 
2111 886 1671 1392 
2112 886 1670 1671 
2113 894 895 887 
2114 1440 887 895 
2115 1414 887 1440 
2116 888 889 890 
2117 888 2352 889 
2118 2351 888 890 
2119 2017 888 2018 
2120 2017 2352 888 
2121 2018 888 2351 
2122 890 889 2353 
2123 1008 1897 889 
2124 2352 1008 889 
2125 889 1897 2353 
2126 1625 890 1409 
2127 1409 890 2353 
2128 1625 2351 890 
2129 891 892 893 
2130 891 1597 892 
2131 2019 891 893 
2132 1584 902 891 
2133 1597 891 902 
2134 2019 1584 891 
2135 893 892 2354 
2136 1120 892 1121 
2137 1120 2354 892 
2138 1121 892 1597 
2139 893 1610 1863 
2140 893 2354 1610 
2141 2019 893 1863 
2142 894 941 895 
2143 941 894 942 
2144 894 1591 942 
2145 1392 1591 894 
2146 941 940 895 
2147 895 940 1446 
2148 1440 895 1446 
2149 896 897 898 
2150 896 2026 897 
2151 1651 896 898 
2152 903 896 904 
2153 1784 896 903 
2154 904 896 1651 
2155 1784 2026 896 
2156 897 1088 898 
2157 897 1316 1088 
2158 897 2026 1316 
2159 898 1088 1575 
2160 898 1575 1609 
2161 1964 898 1609 
2162 1652 1651 898 
2163 898 2180 1652 
2164 898 1964 2180 
2165 899 900 901 
2166 899 1691 900 
2167 1414 899 901 
2168 1089 899 1090 
2169 1691 899 1089 
2170 899 1583 1090 
2171 899 1414 1510 
2172 899 1510 1583 
2173 1688 901 900 
2174 1555 1688 900 
2175 1690 1555 900 
2176 1690 900 1691 
2177 1688 1139 901 
2178 902 903 904 
2179 1846 903 902 
2180 1597 902 904 
2181 1583 902 1584 
2182 902 1583 1846 
2183 1510 1445 903 
2184 1445 1784 903 
2185 1510 903 1846 
2186 904 1199 1597 
2187 1199 904 1650 
2188 1650 904 1651 
2189 905 906 907 
2190 905 2356 906 
2191 2355 905 907 
2192 2132 2133 905 
2193 2355 2132 905 
2194 905 2133 2356 
2195 907 906 2357 
2196 1820 906 1821 
2197 1820 2357 906 
2198 1821 906 2356 
2199 907 1826 1986 
2200 907 2357 1826 
2201 2355 907 1986 
2202 908 909 910 
2203 918 909 908 
2204 1096 908 910 
2205 1100 918 908 
2206 1231 908 1096 
2207 1230 1100 908 
2208 1230 908 1231 
2209 909 914 910 
2210 909 1065 914 
2211 918 919 909 
2212 909 919 1291 
2213 909 1291 1065 
2214 1061 910 914 
2215 1061 1062 910 
2216 1096 910 1062 
2217 911 912 913 
2218 911 1646 912 
2219 2007 911 913 
2220 911 1339 1338 
2221 911 1338 1646 
2222 2007 1339 911 
2223 1152 913 912 
2224 1011 912 2282 
2225 2282 912 1646 
2226 1532 913 1152 
2227 1532 1323 913 
2228 2007 913 1323 
2229 1061 914 1144 
2230 914 1065 1233 
2231 914 1498 1144 
2232 914 1233 1498 
2233 915 916 917 
2234 955 916 915 
2235 917 1043 915 
2236 915 1196 955 
2237 915 1043 1196 
2238 917 916 1045 
2239 1044 916 955 
2240 1044 1045 916 
2241 917 1323 1043 
2242 1195 917 1045 
2243 1195 1547 917 
2244 2007 1323 917 
2245 1547 2007 917 
2246 1066 919 918 
2247 1066 918 1101 
2248 1100 1101 918 
2249 1066 1067 919 
2250 1067 1146 919 
2251 919 1146 1291 
2252 920 921 922 
2253 920 1212 921 
2254 920 922 1106 
2255 1560 920 1106 
2256 920 1365 1212 
2257 920 1280 1365 
2258 1280 920 1560 
2259 922 921 1995 
2260 921 1212 1002 
2261 1775 921 1002 
2262 1775 1790 921 
2263 1952 921 1790 
2264 1995 921 1952 
2265 1105 1106 922 
2266 1105 922 1407 
2267 1407 922 1995 
2268 923 924 925 
2269 923 2359 924 
2270 2358 923 925 
2271 1901 1107 923 
2272 923 1107 2359 
2273 2358 1901 923 
2274 925 924 2360 
2275 952 924 1771 
2276 952 2360 924 
2277 1771 924 2359 
2278 925 2035 2036 
2279 925 2360 2035 
2280 2358 925 2036 
2281 926 927 928 
2282 1075 927 926 
2283 1293 926 928 
2284 926 1074 1075 
2285 1237 1074 926 
2286 1237 926 1293 
2287 928 927 1416 
2288 927 1075 956 
2289 927 956 1433 
2290 1416 927 1434 
2291 927 1433 1434 
2292 1293 928 958 
2293 958 928 1417 
2294 928 1416 1417 
2295 929 930 931 
2296 929 2362 930 
2297 2361 929 931 
2298 2161 929 1022 
2299 1022 929 2361 
2300 2161 2362 929 
2301 931 930 2363 
2302 1726 2003 930 
2303 2362 1726 930 
2304 930 2003 2363 
2305 1544 931 1545 
2306 1544 2361 931 
2307 1545 931 2363 
2308 932 933 934 
2309 932 2365 933 
2310 2364 932 934 
2311 1920 932 1997 
2312 1920 2365 932 
2313 1997 932 2364 
2314 934 933 2366 
2315 2045 2046 933 
2316 2365 2045 933 
2317 933 2046 2366 
2318 934 2103 1178 
2319 2364 934 1178 
2320 934 2366 2103 
2321 935 936 937 
2322 935 1770 936 
2323 1598 935 937 
2324 935 1492 1187 
2325 1187 1770 935 
2326 935 1589 1492 
2327 935 1600 1589 
2328 1598 1600 935 
2329 936 1792 937 
2330 1485 1487 936 
2331 1770 1485 936 
2332 1487 1773 936 
2333 1773 1792 936 
2334 1598 937 1792 
2335 938 939 940 
2336 938 1873 939 
2337 943 938 940 
2338 943 1325 938 
2339 1325 1928 938 
2340 1928 1873 938 
2341 1446 940 939 
2342 1445 1446 939 
2343 1445 939 1521 
2344 1521 939 1873 
2345 941 943 940 
2346 941 942 943 
2347 942 1357 1358 
2348 1591 1357 942 
2349 944 945 946 
2350 944 1811 945 
2351 2367 944 946 
2352 1703 944 1766 
2353 1703 1811 944 
2354 1766 944 2367 
2355 946 945 1401 
2356 945 1249 1401 
2357 1249 945 1812 
2358 1811 1812 945 
2359 1019 946 1401 
2360 1469 946 1019 
2361 1469 2367 946 
2362 948 949 950 
2363 2011 949 948 
2364 948 950 1955 
2365 948 1955 1191 
2366 948 1191 2011 
2367 949 2013 950 
2368 1128 949 1417 
2369 1128 2013 949 
2370 1417 949 2011 
2371 950 1954 1955 
2372 950 2013 1954 
2373 951 952 953 
2374 951 2360 952 
2375 2368 951 953 
2376 1542 1947 951 
2377 2368 1542 951 
2378 951 1947 2360 
2379 953 952 2369 
2380 2369 952 1771 
2381 1526 1343 953 
2382 953 1343 2368 
2383 2369 1526 953 
2384 954 955 956 
2385 954 1044 955 
2386 954 956 1075 
2387 1074 1044 954 
2388 1074 954 1075 
2389 955 1433 956 
2390 955 1196 1433 
2391 957 958 959 
2392 1293 958 957 
2393 1447 957 959 
2394 1293 957 1235 
2395 1936 1235 957 
2396 1936 957 1447 
2397 959 958 1170 
2398 958 1417 1170 
2399 959 1170 1292 
2400 1442 959 1292 
2401 1442 1447 959 
2402 960 961 962 
2403 960 2371 961 
2404 2370 960 962 
2405 1175 1176 960 
2406 2370 1175 960 
2407 960 1176 2371 
2408 962 961 2359 
2409 1527 1771 961 
2410 2371 1527 961 
2411 961 1771 2359 
2412 962 1107 1108 
2413 962 2359 1107 
2414 2370 962 1108 
2415 963 964 965 
2416 963 1132 964 
2417 2372 963 965 
2418 1012 963 1013 
2419 1012 1132 963 
2420 1013 963 2372 
2421 965 964 2373 
2422 972 973 964 
2423 1132 972 964 
2424 964 973 2373 
2425 965 2033 1808 
2426 2372 965 1808 
2427 965 2373 2033 
2428 966 967 968 
2429 966 1052 967 
2430 966 968 1186 
2431 966 1234 1052 
2432 966 1084 1085 
2433 1084 966 1186 
2434 966 1085 1234 
2435 992 968 967 
2436 986 967 987 
2437 992 967 986 
2438 967 1052 987 
2439 978 968 992 
2440 978 1206 968 
2441 1206 1186 968 
2442 969 970 971 
2443 969 980 970 
2444 971 1310 969 
2445 980 969 1406 
2446 1310 1406 969 
2447 1346 971 970 
2448 980 982 970 
2449 982 1671 970 
2450 1346 970 1347 
2451 970 1671 1347 
2452 1408 1310 971 
2453 1408 971 1346 
2454 972 1050 973 
2455 1050 972 1051 
2456 1051 972 1131 
2457 1132 1131 972 
2458 1050 1413 973 
2459 1413 1801 973 
2460 973 1801 2373 
2461 974 975 976 
2462 1838 975 974 
2463 1190 974 976 
2464 1190 1027 974 
2465 1612 974 1027 
2466 1971 974 1612 
2467 1971 1838 974 
2468 976 975 1447 
2469 1838 1447 975 
2470 1190 976 1579 
2471 976 1422 1421 
2472 1579 976 1421 
2473 976 1447 1422 
2474 977 978 979 
2475 977 1206 978 
2476 977 979 1760 
2477 1117 977 1163 
2478 1265 977 1117 
2479 977 1760 1163 
2480 1206 977 1265 
2481 978 991 979 
2482 978 992 991 
2483 1473 979 991 
2484 1472 979 1473 
2485 1760 979 1472 
2486 980 981 982 
2487 1672 981 980 
2488 1406 1672 980 
2489 982 981 1969 
2490 981 1266 1969 
2491 981 2077 1266 
2492 1672 2077 981 
2493 1913 1671 982 
2494 982 1912 1913 
2495 1912 982 1968 
2496 982 1969 1968 
2497 983 984 985 
2498 983 2375 984 
2499 2374 983 985 
2500 1973 1974 983 
2501 2374 1973 983 
2502 983 1974 2375 
2503 985 984 2376 
2504 984 2096 2052 
2505 2376 984 2052 
2506 984 2375 2096 
2507 1866 985 1922 
2508 1866 2374 985 
2509 1922 985 2376 
2510 993 992 986 
2511 993 986 1079 
2512 988 989 990 
2513 988 1211 989 
2514 988 990 1287 
2515 1210 1211 988 
2516 1817 1210 988 
2517 1741 988 1287 
2518 1817 988 1741 
2519 989 2008 990 
2520 1211 1240 989 
2521 1240 1245 989 
2522 989 1245 1264 
2523 989 1264 2008 
2524 1287 990 1676 
2525 1676 990 1752 
2526 990 2008 1752 
2527 991 992 993 
2528 991 993 1341 
2529 1473 991 1341 
2530 993 1079 1741 
2531 993 1741 1341 
2532 994 995 996 
2533 994 2378 995 
2534 2377 994 996 
2535 1610 1611 994 
2536 2377 1610 994 
2537 994 1611 2378 
2538 996 995 2379 
2539 1449 995 1712 
2540 1449 2379 995 
2541 1712 995 2378 
2542 1448 996 1449 
2543 1448 2377 996 
2544 1449 996 2379 
2545 1000 997 998 
2546 997 1000 2215 
2547 2215 1621 997 
2548 998 999 1000 
2549 1000 999 2016 
2550 1238 2016 999 
2551 1000 1112 1032 
2552 1000 1032 2215 
2553 1112 1000 2016 
2554 1001 1002 1003 
2555 1775 1002 1001 
2556 1001 1003 1674 
2557 1674 1733 1001 
2558 1003 1002 1104 
2559 1002 1212 1104 
2560 1103 1003 1104 
2561 1103 1136 1003 
2562 1136 2160 1003 
2563 1674 1003 2178 
2564 2160 2178 1003 
2565 1004 1005 1006 
2566 1004 2381 1005 
2567 2380 1004 1006 
2568 1917 1004 1436 
2569 1436 1004 2380 
2570 1917 2381 1004 
2571 1006 1005 2382 
2572 1009 1005 1010 
2573 1009 2382 1005 
2574 1010 1005 2381 
2575 1006 1069 1024 
2576 2380 1006 1024 
2577 1006 2382 1069 
2578 2352 1007 1008 
2579 1787 1788 1007 
2580 2352 1787 1007 
2581 1007 1788 2347 
2582 1008 2336 1897 
2583 2383 1009 1010 
2584 1069 1009 1070 
2585 1069 2382 1009 
2586 1070 1009 2383 
2587 1992 1603 1010 
2588 1010 1603 2383 
2589 2381 1992 1010 
2590 1900 1443 1011 
2591 2154 1011 1645 
2592 1645 1011 2282 
2593 1011 2154 1900 
2594 2384 1012 1013 
2595 1349 1132 1012 
2596 1349 1012 1350 
2597 1350 1012 2384 
2598 1013 1494 1078 
2599 2384 1013 1078 
2600 1013 2372 1494 
2601 1014 1015 1016 
2602 1146 1015 1014 
2603 1470 1014 1016 
2604 1291 1014 1063 
2605 1014 1470 1063 
2606 1146 1014 1291 
2607 1015 1192 1016 
2608 1145 1015 1146 
2609 1015 1145 1191 
2610 1015 1191 1192 
2611 1192 1783 1016 
2612 1470 1016 1681 
2613 1681 1016 1783 
2614 1017 1018 1019 
2615 1017 1241 1018 
2616 1019 1401 1017 
2617 1479 1241 1017 
2618 1400 1017 1401 
2619 1400 1479 1017 
2620 1018 1469 1019 
2621 1209 1208 1018 
2622 1208 1469 1018 
2623 1224 1209 1018 
2624 1224 1018 1241 
2625 1020 1021 1022 
2626 1020 2385 1021 
2627 2361 1020 1022 
2628 1966 1967 1020 
2629 2361 1966 1020 
2630 1020 1967 2385 
2631 1022 1021 2386 
2632 1161 1162 1021 
2633 2385 1161 1021 
2634 1021 1162 2386 
2635 2386 2161 1022 
2636 1023 1024 1025 
2637 1023 2380 1024 
2638 2387 1023 1025 
2639 1294 1023 1295 
2640 1294 2380 1023 
2641 1295 1023 2387 
2642 1025 1024 2388 
2643 1024 1069 2388 
2644 1114 1025 1115 
2645 1114 2387 1025 
2646 1115 1025 2388 
2647 1026 1027 1028 
2648 1027 1026 1612 
2649 1026 1028 1656 
2650 1026 1656 1580 
2651 1026 1580 1843 
2652 1843 1612 1026 
2653 1027 1190 1028 
2654 1190 1628 1028 
2655 1028 1628 1629 
2656 1028 1629 1914 
2657 1656 1028 1657 
2658 1028 1914 1657 
2659 1030 1031 1318 
2660 1030 1318 1317 
2661 1689 1030 1317 
2662 1689 2050 1030 
2663 1031 1493 1318 
2664 1493 1031 1807 
2665 1032 1033 1034 
2666 1033 1032 1112 
2667 1034 2215 1032 
2668 1034 1033 2006 
2669 1033 1112 2284 
2670 2006 1033 2283 
2671 2284 2283 1033 
2672 1034 2006 1975 
2673 2215 1034 1975 
2674 1035 1036 1037 
2675 1035 2390 1036 
2676 2389 1035 1037 
2677 1654 1035 1655 
2678 1654 2390 1035 
2679 1655 1035 2389 
2680 1037 1036 2391 
2681 2126 1036 2239 
2682 2126 2391 1036 
2683 2239 1036 2390 
2684 1483 1037 1164 
2685 1164 1037 2391 
2686 1483 2389 1037 
2687 1038 1039 1040 
2688 1133 1039 1038 
2689 1038 1040 1138 
2690 1387 1133 1038 
2691 1137 1038 1138 
2692 1387 1038 1137 
2693 1040 1039 1159 
2694 1133 1159 1039 
2695 1138 1040 1728 
2696 1040 1353 1153 
2697 1153 1728 1040 
2698 1200 1040 1159 
2699 1040 1200 1353 
2700 1041 1042 1043 
2701 1531 1042 1041 
2702 1041 1043 1323 
2703 1532 1041 1323 
2704 1532 1531 1041 
2705 1043 1042 1196 
2706 1042 1433 1196 
2707 1042 1533 1433 
2708 1531 1533 1042 
2709 1080 1045 1044 
2710 1074 1080 1044 
2711 1117 1045 1080 
2712 1117 1163 1045 
2713 1163 1195 1045 
2714 1046 1047 1048 
2715 1046 2392 1047 
2716 1615 1046 1048 
2717 1918 1046 1615 
2718 1797 1046 1918 
2719 1797 2392 1046 
2720 1048 1047 2393 
2721 1047 1795 1796 
2722 1047 2392 1795 
2723 2393 1047 1796 
2724 1048 1594 1951 
2725 1048 2393 1594 
2726 1615 1048 1951 
2727 1049 1050 1051 
2728 1049 1054 1050 
2729 1051 1324 1049 
2730 1053 1054 1049 
2731 1324 1053 1049 
2732 1054 1059 1050 
2733 1059 1413 1050 
2734 1324 1051 1131 
2735 1052 1234 2009 
2736 1053 1093 1054 
2737 1093 1053 1094 
2738 1324 1094 1053 
2739 1058 1059 1054 
2740 1093 1058 1054 
2741 1055 1056 1057 
2742 1055 2394 1056 
2743 2219 1055 1057 
2744 2219 2220 1055 
2745 2220 2394 1055 
2746 1057 1056 2395 
2747 2083 1056 1976 
2748 1976 1056 2394 
2749 2083 2395 1056 
2750 2219 1057 2060 
2751 1057 2257 2060 
2752 1057 2395 2257 
2753 1058 2396 1059 
2754 1093 1692 1058 
2755 1692 1883 1058 
2756 1058 1883 2396 
2757 1412 1413 1059 
2758 2396 1412 1059 
2759 1095 1062 1061 
2760 1061 1087 1140 
2761 1061 1144 1087 
2762 1119 1095 1061 
2763 1119 1061 1140 
2764 1096 1062 1095 
2765 1063 1064 1065 
2766 1063 1470 1064 
2767 1063 1065 1291 
2768 1065 1064 1290 
2769 1470 1682 1064 
2770 1065 1321 1233 
2771 1065 1290 1321 
2772 1169 1067 1066 
2773 1066 1101 1169 
2774 1067 1145 1146 
2775 1147 1145 1067 
2776 1171 1147 1067 
2777 1169 1171 1067 
2778 2388 1069 1070 
2779 1070 1905 1854 
2780 2388 1070 1854 
2781 1070 2383 1905 
2782 1071 1072 1073 
2783 1071 2200 1072 
2784 1395 1071 1073 
2785 1395 1953 1071 
2786 1953 2200 1071 
2787 1073 1072 1811 
2788 1812 1811 1072 
2789 1072 2200 1812 
2790 2003 1395 1073 
2791 1702 1073 1811 
2792 2003 1073 1702 
2793 1201 1080 1074 
2794 1074 1299 1201 
2795 1237 1299 1074 
2796 1076 1077 1078 
2797 1076 2398 1077 
2798 2397 1076 1078 
2799 2098 2069 1076 
2800 1076 2069 2398 
2801 2397 2098 1076 
2802 1078 1077 2384 
2803 1880 1077 1941 
2804 1880 2384 1077 
2805 1941 1077 2398 
2806 1078 1494 2397 
2807 1079 1817 1741 
2808 1079 2050 1817 
2809 1117 1080 1118 
2810 1118 1080 1201 
2811 1081 1082 1083 
2812 1081 2400 1082 
2813 2399 1081 1083 
2814 2167 2123 1081 
2815 1081 2123 2400 
2816 2399 2167 1081 
2817 1083 1082 2401 
2818 2234 1082 1333 
2819 1333 1082 2400 
2820 2234 2401 1082 
2821 1083 1351 1352 
2822 1083 2401 1351 
2823 2399 1083 1352 
2824 1205 1085 1084 
2825 1185 1084 1186 
2826 1185 1205 1084 
2827 1205 1750 1085 
2828 1250 1234 1085 
2829 1249 1250 1085 
2830 1249 1085 1750 
2831 1140 1087 1086 
2832 1140 1086 1092 
2833 1144 1822 1087 
2834 1573 1088 1316 
2835 1573 1575 1088 
2836 1089 1090 1091 
2837 2241 1089 1091 
2838 2241 1691 1089 
2839 1091 1090 2019 
2840 1583 1584 1090 
2841 1090 1584 2019 
2842 1091 1863 1884 
2843 1091 2019 1863 
2844 2241 1091 1884 
2845 1134 1092 1184 
2846 1134 1213 1092 
2847 1213 1140 1092 
2848 1093 1094 1556 
2849 1093 1556 1690 
2850 1093 1690 1692 
2851 1094 1324 1194 
2852 1194 1555 1094 
2853 1556 1094 1555 
2854 1231 1096 1095 
2855 1389 1095 1119 
2856 1429 1231 1095 
2857 1429 1095 1389 
2858 1097 1098 1099 
2859 1679 1098 1097 
2860 1300 1097 1099 
2861 1097 1300 1627 
2862 1719 1097 1627 
2863 1710 1679 1097 
2864 1711 1710 1097 
2865 1719 1711 1097 
2866 1560 1099 1098 
2867 1278 1560 1098 
2868 1679 1278 1098 
2869 1300 1099 1106 
2870 1099 1560 1106 
2871 1315 1101 1100 
2872 1230 1315 1100 
2873 1292 1169 1101 
2874 1441 1292 1101 
2875 1441 1101 1315 
2876 1102 1103 1104 
2877 1102 1135 1103 
2878 1102 1104 1285 
2879 1102 1134 1135 
2880 1102 1430 1134 
2881 1102 1285 1430 
2882 1103 1135 1136 
2883 1365 1104 1212 
2884 1364 1285 1104 
2885 1365 1364 1104 
2886 1105 1300 1106 
2887 1200 1300 1105 
2888 1105 1353 1200 
2889 1105 1407 1353 
2890 1108 1107 2402 
2891 1901 2402 1107 
2892 1108 2034 1654 
2893 2370 1108 1654 
2894 1108 2402 2034 
2895 1109 1110 1111 
2896 1109 1680 1110 
2897 1109 1111 1696 
2898 1109 1262 1630 
2899 1109 1695 1262 
2900 1630 1680 1109 
2901 1109 1694 1695 
2902 1858 1694 1109 
2903 1858 1109 1696 
2904 1110 1698 1111 
2905 1680 1697 1110 
2906 1110 1697 1698 
2907 1112 2016 2245 
2908 1112 2245 2284 
2909 2403 1114 1115 
2910 1295 1114 2122 
2911 1295 2387 1114 
2912 2122 1114 2403 
2913 1225 1115 1226 
2914 1225 2403 1115 
2915 1226 1115 2388 
2916 1265 1117 1118 
2917 1244 1118 1201 
2918 1261 1118 1244 
2919 1261 1265 1118 
2920 1213 1119 1140 
2921 1213 1381 1119 
2922 1389 1119 1381 
2923 1198 1120 1121 
2924 1198 2058 1120 
2925 2058 1945 1120 
2926 1120 1945 2354 
2927 1198 1121 1199 
2928 1121 1597 1199 
2929 1122 1123 1124 
2930 1509 1123 1122 
2931 1385 1122 1124 
2932 1665 1122 1385 
2933 1509 1122 1665 
2934 1236 1124 1123 
2935 1123 1244 1201 
2936 1123 1201 1299 
2937 1123 1299 1236 
2938 1509 1244 1123 
2939 1235 1124 1236 
2940 1235 1471 1124 
2941 1385 1124 1386 
2942 1124 1471 1386 
2943 1125 1126 1127 
2944 1280 1126 1125 
2945 1125 1127 1561 
2946 1280 1125 1365 
2947 1125 1364 1365 
2948 1125 1563 1364 
2949 1125 1561 1563 
2950 1126 1232 1127 
2951 1126 1569 1232 
2952 1279 1126 1280 
2953 1279 1613 1126 
2954 1569 1126 1642 
2955 1126 1613 1626 
2956 1126 1626 1642 
2957 1127 1232 1569 
2958 1127 1576 1561 
2959 1127 1569 1576 
2960 1128 1416 1129 
2961 1416 1128 1417 
2962 1416 1678 1129 
2963 1130 1131 1132 
2964 1193 1131 1130 
2965 1132 1349 1130 
2966 1273 1193 1130 
2967 1273 1130 1274 
2968 1274 1130 1874 
2969 1895 1130 1349 
2970 1895 1874 1130 
2971 1193 1194 1131 
2972 1324 1131 1194 
2973 1159 1133 1160 
2974 1160 1133 1774 
2975 1774 1133 1387 
2976 1135 1134 1184 
2977 1213 1134 1381 
2978 1430 1381 1134 
2979 1137 1267 1387 
2980 1670 1139 1347 
2981 1347 1139 1688 
2982 1141 1142 1143 
2983 1141 2405 1142 
2984 2404 1141 1143 
2985 1141 2196 2197 
2986 1141 2404 2196 
2987 2405 1141 2197 
2988 1143 1142 2406 
2989 2117 1221 1142 
2990 1142 1221 2406 
2991 2405 2117 1142 
2992 1535 1143 2187 
2993 1535 2404 1143 
2994 2187 1143 2406 
2995 1144 1498 1822 
2996 1147 1148 1145 
2997 1148 1191 1145 
2998 1147 1191 1148 
2999 1171 2011 1147 
3000 2011 1191 1147 
3001 1149 1150 1151 
3002 1149 2408 1150 
3003 2407 1149 1151 
3004 1149 2124 2125 
3005 1149 2407 2124 
3006 2408 1149 2125 
3007 1151 1150 2409 
3008 1150 2129 2152 
3009 1150 2408 2129 
3010 2409 1150 2152 
3011 1151 1708 2123 
3012 1151 2409 1708 
3013 2407 1151 2123 
3014 1153 1154 1155 
3015 1154 1153 1407 
3016 1153 1155 1728 
3017 1353 1407 1153 
3018 1995 1155 1154 
3019 1407 1995 1154 
3020 1995 1952 1155 
3021 1156 1157 1158 
3022 1156 1422 1157 
3023 1158 1582 1156 
3024 1420 1422 1156 
3025 1420 1156 1585 
3026 1582 1585 1156 
3027 1789 1158 1157 
3028 1789 1157 1422 
3029 1315 1230 1158 
3030 1570 1158 1230 
3031 1315 1158 1441 
3032 1789 1441 1158 
3033 1158 1570 1582 
3034 1496 1159 1160 
3035 1496 1200 1159 
3036 1627 1496 1160 
3037 1701 1627 1160 
3038 1701 1160 1753 
3039 1160 1774 1753 
3040 1161 2399 1162 
3041 2124 2167 1161 
3042 2385 2124 1161 
3043 1161 2167 2399 
3044 1162 1907 1908 
3045 1162 2399 1907 
3046 2386 1162 1908 
3047 1163 1546 1195 
3048 1760 1546 1163 
3049 1164 1165 1166 
3050 1164 2391 1165 
3051 2410 1164 1166 
3052 2410 1483 1164 
3053 1166 1165 1455 
3054 1455 1165 2127 
3055 1165 2126 2127 
3056 1165 2391 2126 
3057 1166 1167 1168 
3058 1166 1455 1167 
3059 2410 1166 1168 
3060 1168 1167 2411 
3061 1454 1167 1455 
3062 1840 1167 1454 
3063 1840 2411 1167 
3064 1168 1687 1375 
3065 2410 1168 1375 
3066 1168 2411 1687 
3067 1169 1170 1171 
3068 1292 1170 1169 
3069 1170 1417 1171 
3070 1417 2011 1171 
3071 1172 1173 1174 
3072 1172 2413 1173 
3073 2412 1172 1174 
3074 1176 1172 1505 
3075 1176 2413 1172 
3076 1505 1172 2412 
3077 1174 1173 2414 
3078 1173 1379 1372 
3079 2414 1173 1372 
3080 1173 2413 1379 
3081 1275 1276 1174 
3082 2414 1275 1174 
3083 1174 1276 2412 
3084 1175 2413 1176 
3085 1182 1183 1175 
3086 2370 1182 1175 
3087 1175 1183 2413 
3088 2371 1176 1505 
3089 1178 1179 1180 
3090 1178 2415 1179 
3091 2364 1178 1180 
3092 1178 2103 2415 
3093 1180 1179 2416 
3094 1544 1179 1966 
3095 1544 2416 1179 
3096 1966 1179 2415 
3097 1766 1549 1180 
3098 1180 1549 2364 
3099 2416 1766 1180 
3100 1181 2207 2296 
3101 2209 2208 1181 
3102 1181 2296 2209 
3103 1182 2417 1183 
3104 1377 1182 1622 
3105 1377 2417 1182 
3106 1622 1182 2370 
3107 1183 1593 1765 
3108 1183 2417 1593 
3109 2413 1183 1765 
3110 1185 1186 1206 
3111 1204 1205 1185 
3112 1204 1185 1281 
3113 1185 1206 1369 
3114 1185 1369 1281 
3115 1187 1188 1189 
3116 1187 1745 1188 
3117 1770 1187 1189 
3118 1491 1187 1492 
3119 1581 1187 1491 
3120 1187 1581 1745 
3121 1188 1872 1189 
3122 1657 1188 1745 
3123 1657 1842 1188 
3124 1668 1188 1842 
3125 1872 1188 1668 
3126 1485 1770 1189 
3127 1189 1934 1485 
3128 1189 1872 1934 
3129 1894 1190 1579 
3130 1894 1628 1190 
3131 1460 1192 1191 
3132 1777 1460 1191 
3133 1777 1191 1955 
3134 1460 1461 1192 
3135 1461 1783 1192 
3136 1193 1348 1194 
3137 1273 1638 1193 
3138 1638 1348 1193 
3139 1348 1555 1194 
3140 1195 1546 1547 
3141 1198 1199 2057 
3142 1198 2057 2058 
3143 1199 1650 2057 
3144 1200 1627 1300 
3145 1496 1627 1200 
3146 2418 1202 1203 
3147 1785 1202 2176 
3148 1785 2313 1202 
3149 2176 1202 2418 
3150 1203 1664 1729 
3151 1203 2322 1664 
3152 2418 1203 1729 
3153 1204 1281 1205 
3154 1281 1453 1205 
3155 1453 1750 1205 
3156 1368 1206 1265 
3157 1368 1369 1206 
3158 1207 1208 1209 
3159 1207 2420 1208 
3160 2419 1207 1209 
3161 2250 1998 1207 
3162 1207 1998 2420 
3163 2419 2250 1207 
3164 1550 1469 1208 
3165 2420 1550 1208 
3166 1223 1209 1224 
3167 1223 2419 1209 
3168 1210 1906 1211 
3169 1689 1317 1210 
3170 1210 1317 1906 
3171 1817 1689 1210 
3172 1239 1240 1211 
3173 1239 1211 1673 
3174 1906 1673 1211 
3175 1214 1215 1216 
3176 1214 1331 1215 
3177 1214 1216 1316 
3178 1214 1316 2026 
3179 1329 1331 1214 
3180 1329 1214 2026 
3181 1216 1215 1426 
3182 1331 1506 1215 
3183 1426 1215 1721 
3184 1216 1573 1316 
3185 1216 1426 1573 
3186 1217 1218 1219 
3187 1217 2422 1218 
3188 2421 1217 1219 
3189 2120 1452 1217 
3190 1217 1452 2422 
3191 2421 2120 1217 
3192 1219 1218 2423 
3193 1218 1451 1762 
3194 1218 2422 1451 
3195 2423 1218 1762 
3196 1219 1932 1860 
3197 2421 1219 1860 
3198 1219 2423 1932 
3199 1220 1221 1222 
3200 1220 2406 1221 
3201 1704 1220 1222 
3202 2281 1220 1704 
3203 2187 1220 2281 
3204 2187 2406 1220 
3205 1222 1221 2279 
3206 2117 2279 1221 
3207 1704 1222 1705 
3208 1222 2279 1705 
3209 2424 1223 1224 
3210 2249 2250 1223 
3211 2424 2249 1223 
3212 1223 2250 2419 
3213 1224 1241 1242 
3214 2424 1224 1242 
3215 2425 1225 1226 
3216 2122 1225 1308 
3217 1308 1225 2425 
3218 2122 2403 1225 
3219 1226 1855 2306 
3220 1226 2388 1855 
3221 2425 1226 2306 
3222 1228 2328 1229 
3223 2255 1228 2256 
3224 2255 2328 1228 
3225 2256 1228 2341 
3226 2326 1229 2022 
3227 1570 1230 1231 
3228 1428 1231 1429 
3229 1570 1231 1428 
3230 1320 1233 1321 
3231 1498 1233 1320 
3232 1234 1250 1394 
3233 1234 1394 2009 
3234 1235 1236 1237 
3235 1237 1293 1235 
3236 1936 1471 1235 
3237 1236 1299 1237 
3238 1508 1238 1371 
3239 1508 1493 1238 
3240 1493 2016 1238 
3241 1239 1680 1240 
3242 1508 1239 1673 
3243 1508 1962 1239 
3244 1239 1962 1680 
3245 1245 1240 1680 
3246 1242 1241 2426 
3247 1479 2426 1241 
3248 1543 1587 1242 
3249 2426 1543 1242 
3250 1242 1587 2424 
3251 1288 1243 1289 
3252 1515 1243 1288 
3253 1243 2089 1289 
3254 1243 1515 2088 
3255 1368 1261 1244 
3256 1509 1368 1244 
3257 1630 1264 1245 
3258 1680 1630 1245 
3259 1246 1247 1248 
3260 1246 1502 1247 
3261 1248 1328 1246 
3262 1327 1246 1328 
3263 1327 1881 1246 
3264 1881 1502 1246 
3265 1248 1247 2076 
3266 1247 1502 1504 
3267 1247 1504 1794 
3268 2076 1247 1794 
3269 1328 1248 1565 
3270 1248 2076 1565 
3271 1249 2200 1250 
3272 1399 1401 1249 
3273 1399 1249 1750 
3274 1249 1812 2200 
3275 1953 1394 1250 
3276 2200 1953 1250 
3277 1251 1252 1253 
3278 1251 1928 1252 
3279 1500 1251 1253 
3280 1499 1251 1500 
3281 1499 1928 1251 
3282 1500 1253 1833 
3283 1253 1832 1833 
3284 1254 1255 1256 
3285 1254 2428 1255 
3286 2427 1254 1256 
3287 1841 1587 1254 
3288 1254 1587 2428 
3289 2427 1841 1254 
3290 1256 1255 1943 
3291 1255 1543 1402 
3292 1943 1255 1402 
3293 1255 2428 1543 
3294 1359 1256 1360 
3295 1359 2427 1256 
3296 1360 1256 1943 
3297 1257 1258 1259 
3298 1257 1557 1258 
3299 1495 1257 1259 
3300 1495 1382 1257 
3301 1382 1557 1257 
3302 1258 1612 1259 
3303 1258 1665 1385 
3304 1258 1385 1971 
3305 1258 1557 1665 
3306 1258 1971 1612 
3307 1495 1259 1735 
3308 1259 1612 1843 
3309 1259 1734 1735 
3310 1259 1843 1734 
3311 1686 2348 1260 
3312 1368 1265 1261 
3313 1262 1263 1264 
3314 1262 1695 1263 
3315 1262 1264 1630 
3316 1264 1263 2008 
3317 1752 1263 1695 
3318 2008 1263 1752 
3319 1266 1267 1268 
3320 1266 1387 1267 
3321 2181 1266 1268 
3322 2077 1387 1266 
3323 1969 1266 2139 
3324 2181 2139 1266 
3325 2181 1268 1267 
3326 1267 1322 1568 
3327 2181 1267 1568 
3328 1269 1270 1271 
3329 1269 2429 1270 
3330 1802 1269 1271 
3331 1566 1344 1269 
3332 1269 1344 2429 
3333 1802 1566 1269 
3334 1271 1270 2430 
3335 1374 1270 1275 
3336 1275 1270 2429 
3337 1374 2430 1270 
3338 1366 1271 1367 
3339 1366 1802 1271 
3340 1367 1271 2430 
3341 1273 1274 1458 
3342 1273 1458 1459 
3343 1778 1273 1459 
3344 1273 1644 1638 
3345 1778 1644 1273 
3346 1274 1874 1458 
3347 1275 2429 1276 
3348 2414 1374 1275 
3349 1342 1343 1276 
3350 2429 1342 1276 
3351 1276 1343 2412 
3352 2074 2075 1277 
3353 1278 1279 1280 
3354 1669 1279 1278 
3355 1278 1280 1560 
3356 1278 1667 1669 
3357 1278 1776 1667 
3358 1776 1278 1679 
3359 1279 1633 1613 
3360 1279 1632 1633 
3361 1279 1669 1632 
3362 1361 1281 1369 
3363 1361 1453 1281 
3364 1282 1283 1284 
3365 1282 1782 1283 
3366 1384 1282 1284 
3367 1384 1769 1282 
3368 1818 1282 1769 
3369 1782 1282 1818 
3370 1283 1362 1284 
3371 1311 1312 1283 
3372 1782 1311 1283 
3373 1468 1283 1312 
3374 1283 1363 1362 
3375 1468 1363 1283 
3376 1384 1284 1362 
3377 1563 1285 1364 
3378 1285 1519 1430 
3379 1285 1562 1519 
3380 1563 1562 1285 
3381 1286 2305 2291 
3382 2344 1286 2291 
3383 1286 2343 2305 
3384 1341 1287 1473 
3385 1741 1287 1341 
3386 1473 1287 1676 
3387 1514 1515 1288 
3388 1321 1290 1320 
3389 1441 1442 1292 
3390 2431 1294 1295 
3391 1435 1436 1294 
3392 2431 1435 1294 
3393 1294 1436 2380 
3394 2431 1295 2122 
3395 1296 1297 1298 
3396 1296 2433 1297 
3397 2432 1296 1298 
3398 1748 1749 1296 
3399 2432 1748 1296 
3400 1296 1749 2433 
3401 1298 1297 2434 
3402 2274 1756 1297 
3403 1297 1756 2434 
3404 2433 2274 1297 
3405 1298 1755 2286 
3406 1298 2434 1755 
3407 2432 1298 2286 
3408 2327 1301 1302 
3409 1474 1301 2000 
3410 1474 2311 1301 
3411 2000 1301 2327 
3412 2327 1302 1926 
3413 1303 1304 1305 
3414 1304 1303 2266 
3415 1303 1305 2236 
3416 1303 2236 2237 
3417 2237 2238 1303 
3418 2240 1303 2238 
3419 2266 1303 2240 
3420 1979 1305 1304 
3421 1979 1304 1837 
3422 1304 2266 1837 
3423 1305 2177 1518 
3424 1305 1518 2236 
3425 1305 1979 2177 
3426 1307 1308 1309 
3427 1307 2431 1308 
3428 2435 1307 1309 
3429 2076 1794 1307 
3430 1307 1794 2431 
3431 2435 2076 1307 
3432 1309 1308 2425 
3433 2431 2122 1308 
3434 1345 1309 2306 
3435 1345 2435 1309 
3436 2306 1309 2425 
3437 1310 1405 1406 
3438 1310 1753 1405 
3439 1408 1482 1310 
3440 1481 1310 1482 
3441 1310 1481 1635 
3442 1310 1635 1753 
3443 1311 1944 1312 
3444 1782 1999 1311 
3445 1999 1944 1311 
3446 1399 1312 1700 
3447 1312 1399 1750 
3448 1404 1403 1312 
3449 1312 1403 1700 
3450 1404 1312 1944 
3451 1750 1468 1312 
3452 1314 1313 2436 
3453 1685 1313 2255 
3454 1685 2436 1313 
3455 2255 1313 2328 
3456 2293 1314 1684 
3457 1684 1314 2436 
3458 2293 2329 1314 
3459 1317 1318 1319 
3460 1317 1319 1906 
3461 1319 1318 1493 
3462 1508 1319 1493 
3463 1906 1319 1508 
3464 1567 1568 1322 
3465 1326 1327 1328 
3466 1326 1882 1327 
3467 1326 1328 1803 
3468 1942 1326 1803 
3469 1942 1882 1326 
3470 1419 1418 1327 
3471 1327 1418 1881 
3472 1419 1327 1882 
3473 1564 1328 1565 
3474 1564 1803 1328 
3475 1329 1330 1331 
3476 1329 1522 1330 
3477 1520 1522 1329 
3478 1520 1329 2026 
3479 1330 1736 1331 
3480 1522 1736 1330 
3481 1331 1501 1506 
3482 1736 1501 1331 
3483 1332 1333 1334 
3484 1332 2184 1333 
3485 2437 1332 1334 
3486 2182 2183 1332 
3487 2437 2182 1332 
3488 1332 2183 2184 
3489 1334 1333 2400 
3490 2184 2234 1333 
3491 1708 1709 1334 
3492 2400 1708 1334 
3493 1334 1709 2437 
3494 1335 1336 1337 
3495 1335 2438 1336 
3496 2390 1335 1337 
3497 2034 2056 1335 
3498 2390 2034 1335 
3499 1335 2056 2438 
3500 1337 1336 2439 
3501 2055 1336 2056 
3502 2055 2439 1336 
3503 2056 1336 2438 
3504 2020 1337 2021 
3505 2020 2390 1337 
3506 2021 1337 2439 
3507 1338 1339 1340 
3508 1340 1646 1338 
3509 1340 1339 1677 
3510 1547 1676 1339 
3511 1547 1339 2007 
3512 1676 1677 1339 
3513 1340 1645 1646 
3514 1340 1859 1645 
3515 1340 1677 1859 
3516 1342 2368 1343 
3517 1344 1345 1342 
3518 2429 1344 1342 
3519 1342 1345 2368 
3520 1526 2412 1343 
3521 1344 2435 1345 
3522 1566 2435 1344 
3523 2368 1345 2306 
3524 1346 1347 1348 
3525 1346 1348 1638 
3526 1408 1346 1638 
3527 1348 1347 1688 
3528 1670 1347 1671 
3529 1348 1688 1555 
3530 1875 1349 1350 
3531 1875 1895 1349 
3532 1350 1418 1419 
3533 1350 2384 1418 
3534 1875 1350 1419 
3535 1352 1351 2440 
3536 1351 2174 2175 
3537 1351 2401 2174 
3538 2440 1351 2175 
3539 2246 1352 2274 
3540 2246 2399 1352 
3541 2274 1352 2440 
3542 1354 1355 1356 
3543 1354 2442 1355 
3544 2441 1354 1356 
3545 1947 1354 2044 
3546 1947 2442 1354 
3547 2044 1354 2441 
3548 1356 1355 2443 
3549 1541 1904 1355 
3550 2442 1541 1355 
3551 1355 1904 2443 
3552 1356 2165 2148 
3553 2441 1356 2148 
3554 1356 2443 2165 
3555 1432 1357 1591 
3556 1357 1432 2139 
3557 1455 1359 1360 
3558 1455 2127 1359 
3559 2127 1659 1359 
3560 1359 1659 2427 
3561 1455 1360 1456 
3562 1360 1457 1456 
3563 1360 1943 1457 
3564 1361 1362 1363 
3565 1362 1361 1950 
3566 1361 1363 1453 
3567 1484 1361 1369 
3568 1361 1484 1950 
3569 1384 1362 1557 
3570 1557 1362 1950 
3571 1468 1453 1363 
3572 1511 1366 1367 
3573 1366 1511 1996 
3574 1996 1802 1366 
3575 1367 1462 1463 
3576 1367 2430 1462 
3577 1511 1367 1463 
3578 1484 1369 1368 
3579 1368 1509 1484 
3580 1508 1371 1962 
3581 1372 1373 1374 
3582 1372 2444 1373 
3583 2414 1372 1374 
3584 1372 1379 2444 
3585 1374 1373 2430 
3586 1467 1462 1373 
3587 1373 1462 2430 
3588 2444 1467 1373 
3589 1375 1376 1377 
3590 1375 2445 1376 
3591 2410 1375 1377 
3592 1375 1687 2445 
3593 1377 1376 2417 
3594 1593 1376 1594 
3595 1593 2417 1376 
3596 1594 1376 2445 
3597 2410 1377 1622 
3598 1378 1379 1380 
3599 1378 2444 1379 
3600 2446 1378 1380 
3601 1641 1467 1378 
3602 1378 1467 2444 
3603 2446 1641 1378 
3604 1380 1379 2413 
3605 1380 1765 1796 
3606 1380 2413 1765 
3607 2446 1380 1796 
3608 1388 1389 1381 
3609 1388 1381 1430 
3610 1382 1383 1384 
3611 1383 1382 1735 
3612 1382 1384 1557 
3613 1495 1735 1382 
3614 1384 1383 1769 
3615 1834 1383 1735 
3616 1834 1769 1383 
3617 1838 1385 1386 
3618 1971 1385 1838 
3619 1936 1386 1471 
3620 1838 1386 1936 
3621 1774 1387 1672 
3622 1672 1387 2077 
3623 1743 1389 1388 
3624 1519 1388 1430 
3625 1562 1388 1519 
3626 1562 1743 1388 
3627 1427 1429 1389 
3628 1743 1427 1389 
3629 1390 1391 1392 
3630 1390 2136 1391 
3631 1913 1390 1392 
3632 1913 1912 1390 
3633 1912 1968 1390 
3634 1968 2136 1390 
3635 1392 1391 1591 
3636 1431 1432 1391 
3637 1431 1391 2136 
3638 1591 1391 1432 
3639 1913 1392 1671 
3640 1507 2010 1393 
3641 1394 1395 1396 
3642 1395 1394 1953 
3643 1396 2009 1394 
3644 1396 1395 1725 
3645 1725 1395 1726 
3646 1726 1395 2003 
3647 1396 1725 2053 
3648 2009 1396 2053 
3649 1397 2277 1398 
3650 2278 2277 1397 
3651 1601 1398 1602 
3652 1631 1398 1601 
3653 2108 1602 1398 
3654 2108 1398 2277 
3655 1399 1400 1401 
3656 1399 1700 1400 
3657 1700 1479 1400 
3658 1402 1403 1404 
3659 1402 2426 1403 
3660 1943 1402 1404 
3661 1402 1543 2426 
3662 1403 1479 1700 
3663 1403 2426 1479 
3664 1943 1404 1944 
3665 1406 1405 1774 
3666 1405 1753 1774 
3667 1774 1672 1406 
3668 1408 1551 1482 
3669 1408 1643 1551 
3670 1644 1408 1638 
3671 1643 1408 1644 
3672 1409 1410 1411 
3673 1409 2353 1410 
3674 1836 1409 1411 
3675 1836 1625 1409 
3676 1411 1410 2447 
3677 1924 1925 1410 
3678 2353 1924 1410 
3679 1410 1925 2447 
3680 1411 1722 1723 
3681 1411 2447 1722 
3682 1836 1411 1723 
3683 1412 2448 1413 
3684 1712 1713 1412 
3685 2396 1712 1412 
3686 1412 1713 2448 
3687 1413 2448 1801 
3688 1440 1510 1414 
3689 1434 1678 1416 
3690 1418 1880 1881 
3691 1418 2384 1880 
3692 1875 1419 1882 
3693 1420 1421 1422 
3694 1420 1579 1421 
3695 1586 1579 1420 
3696 1420 1585 1586 
3697 1789 1422 1447 
3698 1423 2085 1424 
3699 2085 1423 1987 
3700 2150 1987 1423 
3701 2299 2150 1423 
3702 2085 1732 1424 
3703 1427 1428 1429 
3704 1427 1742 1428 
3705 1437 1427 1438 
3706 1437 1742 1427 
3707 1743 1438 1427 
3708 1970 1570 1428 
3709 1428 1742 1970 
3710 1432 1431 2139 
3711 1968 1969 1431 
3712 1968 1431 2136 
3713 1969 2139 1431 
3714 1434 1433 2047 
3715 2047 1433 1533 
3716 1434 2047 1678 
3717 1435 2449 1436 
3718 1504 1435 1794 
3719 1504 2449 1435 
3720 1794 1435 2431 
3721 2449 1917 1436 
3722 1437 1438 1439 
3723 1437 1439 1737 
3724 1437 1737 1742 
3725 1642 1439 1438 
3726 1642 1438 1743 
3727 1642 1626 1439 
3728 1626 1810 1439 
3729 1737 1439 1810 
3730 1445 1440 1446 
3731 1510 1440 1445 
3732 1789 1442 1441 
3733 1789 1447 1442 
3734 1443 1919 1444 
3735 1443 1900 1919 
3736 1444 1695 1694 
3737 1696 1444 1694 
3738 1444 1919 1695 
3739 1445 1521 1784 
3740 1936 1447 1838 
3741 2396 1448 1449 
3742 1883 1884 1448 
3743 2396 1883 1448 
3744 1448 1884 2377 
3745 2396 1449 1712 
3746 1450 1451 1452 
3747 1450 2451 1451 
3748 2450 1450 1452 
3749 1959 1960 1450 
3750 2450 1959 1450 
3751 1450 1960 2451 
3752 1452 1451 2422 
3753 1762 1451 2451 
3754 2120 2450 1452 
3755 1468 1750 1453 
3756 1454 1455 1456 
3757 1456 1923 1454 
3758 1923 1840 1454 
3759 1456 1457 1819 
3760 1923 1456 1819 
3761 1819 1457 1999 
3762 1457 1943 1944 
3763 1457 1944 1999 
3764 1458 1511 1459 
3765 1458 1996 1511 
3766 1876 1458 1874 
3767 1458 1876 1942 
3768 1458 1942 1996 
3769 1511 1512 1459 
3770 1778 1459 1512 
3771 1460 1783 1461 
3772 1464 1466 1460 
3773 1777 1464 1460 
3774 1466 1868 1460 
3775 1460 1868 1783 
3776 1463 1462 1488 
3777 1467 1488 1462 
3778 1488 1490 1463 
3779 1490 1512 1463 
3780 1511 1463 1512 
3781 1464 1465 1466 
3782 1464 1864 1465 
3783 1777 2012 1464 
3784 1465 1572 1466 
3785 1864 1572 1465 
3786 1572 1571 1466 
3787 1571 1783 1466 
3788 1466 1783 1868 
3789 1641 1488 1467 
3790 1550 2367 1469 
3791 1470 1681 1682 
3792 1472 1473 2137 
3793 1472 1547 1546 
3794 1760 1472 1546 
3795 1472 2137 1547 
3796 1473 1676 2137 
3797 2311 1474 1475 
3798 2335 1474 2000 
3799 1476 1477 1478 
3800 1476 2453 1477 
3801 2452 1476 1478 
3802 2146 1476 2144 
3803 2144 1476 2452 
3804 2146 2453 1476 
3805 1478 1477 2454 
3806 1714 1477 1715 
3807 1714 2454 1477 
3808 1715 1477 2453 
3809 1939 1478 1940 
3810 1939 2452 1478 
3811 1940 1478 2454 
3812 1480 1481 1482 
3813 1480 1776 1481 
3814 1480 1482 1551 
3815 1480 1551 1578 
3816 1776 1480 1578 
3817 1634 1635 1481 
3818 1634 1481 1710 
3819 1481 1679 1710 
3820 1481 1776 1679 
3821 1622 1655 1483 
3822 2410 1622 1483 
3823 1483 1655 2389 
3824 1484 1509 1665 
3825 1950 1484 1665 
3826 1485 1486 1487 
3827 1486 1485 1577 
3828 1934 1577 1485 
3829 1666 1487 1486 
3830 1577 1643 1486 
3831 1643 1644 1486 
3832 1644 1666 1486 
3833 1902 1487 1666 
3834 1772 1773 1487 
3835 1902 1772 1487 
3836 1488 1489 1490 
3837 1488 1885 1489 
3838 1641 1886 1488 
3839 1885 1488 1886 
3840 1489 1512 1490 
3841 1512 1489 1772 
3842 1772 1489 1956 
3843 1885 1956 1489 
3844 1834 1491 1492 
3845 1580 1581 1491 
3846 1580 1491 1734 
3847 1896 1734 1491 
3848 1834 1896 1491 
3849 1492 1530 1529 
3850 1492 1529 1768 
3851 1588 1530 1492 
3852 1588 1492 1589 
3853 1492 1768 1769 
3854 1834 1492 1769 
3855 1807 2016 1493 
3856 1494 1808 1809 
3857 1494 2372 1808 
3858 2397 1494 1809 
3859 1499 1500 1501 
3860 1736 1499 1501 
3861 1736 1873 1499 
3862 1499 1873 1928 
3863 1500 1507 1501 
3864 1507 1500 1833 
3865 1506 1501 1507 
3866 1502 1503 1504 
3867 1502 2455 1503 
3868 1881 2455 1502 
3869 1504 1503 2449 
3870 1941 1915 1503 
3871 1503 1915 2449 
3872 2455 1941 1503 
3873 1505 1526 1527 
3874 1505 2412 1526 
3875 2371 1505 1527 
3876 1507 1833 2010 
3877 1906 1508 1673 
3878 1846 1583 1510 
3879 1902 1512 1772 
3880 1902 1778 1512 
3881 2087 1515 1514 
3882 2086 1515 2087 
3883 2086 2088 1515 
3884 1516 1517 1518 
3885 1516 2301 1517 
3886 2177 1516 1518 
3887 1516 1602 2108 
3888 1516 2177 1602 
3889 2301 1516 2108 
3890 1518 1517 2456 
3891 1517 1891 1780 
3892 2456 1517 1780 
3893 1517 2301 1891 
3894 2236 1518 2456 
3895 1520 1521 1522 
3896 1784 1521 1520 
3897 1784 1520 2026 
3898 1521 1736 1522 
3899 1521 1873 1736 
3900 1523 1524 1525 
3901 1523 2365 1524 
3902 2457 1523 1525 
3903 2021 2068 1523 
3904 2457 2021 1523 
3905 1523 2068 2365 
3906 1525 1524 2458 
3907 1524 1920 1921 
3908 1524 2365 1920 
3909 2458 1524 1921 
3910 1525 1660 1961 
3911 1525 2458 1660 
3912 2457 1525 1961 
3913 1527 1526 2369 
3914 1527 2369 1771 
3915 1528 1529 1530 
3916 1528 1856 1529 
3917 1588 1528 1530 
3918 1588 1590 1528 
3919 1528 1590 1929 
3920 1528 1929 1856 
3921 1738 1769 1529 
3922 1529 1856 1738 
3923 1768 1529 1769 
3924 1538 1533 1531 
3925 1538 1537 1533 
3926 2047 1533 1537 
3927 1534 1535 1536 
3928 1534 2404 1535 
3929 2263 1534 1536 
3930 1717 1534 1718 
3931 1717 2404 1534 
3932 1718 1534 2263 
3933 1536 1535 2459 
3934 2459 1535 2187 
3935 1536 1828 1829 
3936 1536 2459 1828 
3937 2263 1536 1829 
3938 1537 1538 1539 
3939 1540 1541 1542 
3940 1540 2460 1541 
3941 2368 1540 1542 
3942 1854 1540 1855 
3943 1854 2460 1540 
3944 1855 1540 2368 
3945 1542 1541 2442 
3946 1541 2460 1904 
3947 1542 2442 1947 
3948 1543 2428 1587 
3949 2416 1544 1545 
3950 2361 1544 1966 
3951 1545 1702 1703 
3952 1545 2363 1702 
3953 2416 1545 1703 
3954 2137 1676 1547 
3955 1548 1549 1550 
3956 1548 2364 1549 
3957 2420 1548 1550 
3958 1997 1548 1998 
3959 1997 2364 1548 
3960 1998 1548 2420 
3961 1550 1549 2367 
3962 1766 2367 1549 
3963 1577 1578 1551 
3964 1577 1551 1643 
3965 1864 1552 1572 
3966 2347 1553 1554 
3967 1788 1972 1553 
3968 2347 1788 1553 
3969 1553 1972 2337 
3970 1555 1690 1556 
3971 1557 1950 1665 
3972 1561 1562 1563 
3973 1561 1576 1562 
3974 1562 1576 1743 
3975 1564 1565 1566 
3976 1802 1564 1566 
3977 1802 1803 1564 
3978 1566 1565 2435 
3979 1565 2076 2435 
3980 1568 1567 2181 
3981 1569 1743 1576 
3982 1569 1642 1743 
3983 1570 1899 1582 
3984 1970 1899 1570 
3985 1681 1783 1571 
3986 1681 1571 1994 
3987 1573 1574 1575 
3988 1574 1609 1575 
3989 1574 1621 1609 
3990 1578 1577 1934 
3991 1776 1578 1667 
3992 1667 1578 1935 
3993 1935 1578 1934 
3994 1585 1579 1586 
3995 1894 1579 1585 
3996 1581 1580 1656 
3997 1843 1580 1734 
3998 1581 1656 1657 
3999 1581 1657 1745 
4000 1585 1582 1592 
4001 1737 1592 1582 
4002 1899 1737 1582 
4003 1585 1592 1626 
4004 1613 1614 1585 
4005 1613 1585 1626 
4006 1894 1585 1614 
4007 1841 2424 1587 
4008 1588 1589 1590 
4009 1751 1590 1589 
4010 1751 1589 1600 
4011 1599 1590 1751 
4012 1599 1823 1590 
4013 1798 1590 1823 
4014 1590 1798 1929 
4015 1592 1810 1626 
4016 1737 1810 1592 
4017 2393 1593 1594 
4018 1765 1593 2393 
4019 1951 1594 2445 
4020 2461 1595 1596 
4021 2256 1595 2141 
4022 2141 1595 2461 
4023 2256 2341 1595 
4024 2095 1596 2242 
4025 2095 2461 1596 
4026 2242 1596 2346 
4027 1598 1599 1600 
4028 1598 1813 1599 
4029 1792 1793 1598 
4030 1598 1793 1813 
4031 1599 1751 1600 
4032 1815 1599 1813 
4033 1599 1815 1888 
4034 1823 1599 1888 
4035 1601 1602 2177 
4036 1631 1601 1857 
4037 1857 1601 1979 
4038 1979 1601 2177 
4039 1603 1604 1605 
4040 1603 2462 1604 
4041 2383 1603 1605 
4042 1992 2462 1603 
4043 1605 1604 2463 
4044 1604 1608 2113 
4045 1604 2462 1608 
4046 2463 1604 2113 
4047 1605 1957 1903 
4048 2383 1605 1903 
4049 1605 2463 1957 
4050 1606 1607 1608 
4051 1606 2464 1607 
4052 2462 1606 1608 
4053 2072 2073 1606 
4054 2462 2072 1606 
4055 1606 2073 2464 
4056 1608 1607 2465 
4057 2151 2135 1607 
4058 1607 2135 2465 
4059 2464 2151 1607 
4060 2113 1608 2465 
4061 1609 1621 1658 
4062 1658 1964 1609 
4063 1610 2354 1611 
4064 1863 1610 2377 
4065 1945 1946 1611 
4066 2354 1945 1611 
4067 1611 1946 2378 
4068 1613 1628 1614 
4069 1629 1628 1613 
4070 1629 1613 1633 
4071 1894 1614 1628 
4072 1615 1616 1617 
4073 1615 1699 1616 
4074 1918 1615 1617 
4075 1699 1615 1951 
4076 1616 1739 1617 
4077 1923 1616 1699 
4078 1616 1923 1739 
4079 1856 1617 1739 
4080 1617 1856 1918 
4081 1618 1619 1620 
4082 1618 2458 1619 
4083 2466 1618 1620 
4084 1661 1618 2054 
4085 1661 2458 1618 
4086 2054 1618 2466 
4087 1620 1619 2424 
4088 2249 1619 1921 
4089 1921 1619 2458 
4090 2249 2424 1619 
4091 2054 1620 1841 
4092 1841 1620 2424 
4093 2054 2466 1620 
4094 2215 1658 1621 
4095 1622 2370 1655 
4096 1623 1624 1625 
4097 1623 2467 1624 
4098 1836 1623 1625 
4099 1836 2266 1623 
4100 2266 2240 1623 
4101 1623 2240 2467 
4102 1625 1624 2351 
4103 1850 2261 1624 
4104 2467 1850 1624 
4105 1624 2261 2351 
4106 1701 1719 1627 
4107 1632 1629 1633 
4108 1914 1629 1632 
4109 1632 1669 1668 
4110 1632 1668 1914 
4111 1634 1701 1635 
4112 1634 1724 1701 
4113 1634 1710 1711 
4114 1724 1634 1711 
4115 1701 1753 1635 
4116 2468 1636 1637 
4117 2248 1636 2468 
4118 1637 1785 1786 
4119 1637 2313 1785 
4120 2468 1637 1786 
4121 1898 1886 1641 
4122 2446 1898 1641 
4123 1666 1644 1778 
4124 1645 2282 1646 
4125 1859 1677 1645 
4126 1677 2154 1645 
4127 1647 1648 1649 
4128 1647 2470 1648 
4129 2469 1647 1649 
4130 2111 2302 1647 
4131 2469 2111 1647 
4132 1647 2302 2470 
4133 1649 1648 2471 
4134 2144 2145 1648 
4135 2470 2144 1648 
4136 1648 2145 2471 
4137 2030 1649 2031 
4138 2030 2469 1649 
4139 2031 1649 2471 
4140 1650 1651 1652 
4141 2472 1650 1652 
4142 2057 1650 2472 
4143 2180 1983 1652 
4144 1652 1983 2472 
4145 1714 1653 2267 
4146 1714 2340 1653 
4147 2267 1653 2337 
4148 2370 1654 1655 
4149 1654 2034 2390 
4150 1657 1914 1842 
4151 1964 1658 1965 
4152 2243 1965 1658 
4153 2215 1977 1658 
4154 1977 2394 1658 
4155 2220 2243 1658 
4156 2394 2220 1658 
4157 1659 1660 1661 
4158 1659 2473 1660 
4159 2427 1659 1661 
4160 2127 2473 1659 
4161 1661 1660 2458 
4162 1961 1660 2473 
4163 2427 1661 2054 
4164 1662 1663 1664 
4165 2322 1662 1664 
4166 1902 1666 1778 
4167 1667 1668 1669 
4168 1667 1935 1668 
4169 1668 1842 1914 
4170 1668 1935 1872 
4171 1674 1675 1733 
4172 1677 1676 1752 
4173 1752 2154 1677 
4174 1680 1962 1697 
4175 1681 1994 1682 
4176 1683 1684 1685 
4177 1683 2432 1684 
4178 2474 1683 1685 
4179 2143 1748 1683 
4180 1683 1748 2432 
4181 2474 2143 1683 
4182 1685 1684 2436 
4183 2432 2293 1684 
4184 2474 1685 2255 
4185 2080 1686 2291 
4186 2080 2348 1686 
4187 2291 1686 2344 
4188 1839 1687 1840 
4189 1839 2445 1687 
4190 1840 1687 2411 
4191 1817 2050 1689 
4192 1690 1691 1692 
4193 1692 1691 2241 
4194 1692 2241 1883 
4195 1696 1694 1858 
4196 1752 1695 1900 
4197 1695 1919 1900 
4198 1923 1699 1839 
4199 1699 1951 1839 
4200 1701 1720 1719 
4201 1724 1720 1701 
4202 1703 1702 1811 
4203 2363 2003 1702 
4204 2416 1703 1766 
4205 1704 1705 1706 
4206 1704 1706 2222 
4207 2221 1704 2222 
4208 2281 1704 2221 
4209 1708 2409 1709 
4210 2123 1708 2400 
4211 1937 1938 1709 
4212 2409 1937 1709 
4213 1709 1938 2437 
4214 1719 1720 1711 
4215 1720 1724 1711 
4216 1712 2378 1713 
4217 1800 1801 1713 
4218 2378 1800 1713 
4219 1713 1801 2448 
4220 2340 1714 1715 
4221 2454 1714 2267 
4222 1909 1715 2295 
4223 1909 2340 1715 
4224 2295 1715 2453 
4225 2475 1717 1718 
4226 2196 1717 2186 
4227 2186 1717 2475 
4228 2196 2404 1717 
4229 1938 1718 2182 
4230 1938 2475 1718 
4231 2182 1718 2263 
4232 1723 1722 1857 
4233 2296 1857 1722 
4234 2296 1722 2209 
4235 2209 1722 2447 
4236 1836 1723 1837 
4237 1723 1979 1837 
4238 1979 1723 1857 
4239 1725 1726 1727 
4240 2061 1725 1727 
4241 2053 1725 2061 
4242 1727 1726 2362 
4243 1727 1759 1869 
4244 1727 2362 1759 
4245 2061 1727 1869 
4246 1729 1730 1731 
4247 2418 1729 1731 
4248 1731 1889 1890 
4249 2418 1731 1890 
4250 1735 1734 1896 
4251 1834 1735 1896 
4252 1737 1970 1742 
4253 1970 1737 1899 
4254 1738 1739 1740 
4255 1739 1738 1856 
4256 1738 1740 1818 
4257 1738 1818 1769 
4258 1739 1819 1740 
4259 1923 1819 1739 
4260 1740 1819 1818 
4261 1746 2074 1747 
4262 2074 1746 2075 
4263 1748 2476 1749 
4264 2143 2476 1748 
4265 1844 1749 1845 
4266 1844 2433 1749 
4267 1845 1749 2476 
4268 2154 1752 1900 
4269 1754 1755 1756 
4270 1754 2350 1755 
4271 2440 1754 1756 
4272 2014 2015 1754 
4273 2440 2014 1754 
4274 1754 2015 2350 
4275 1756 1755 2434 
4276 2286 1755 2350 
4277 2274 2440 1756 
4278 1757 1758 1759 
4279 1757 2477 1758 
4280 2362 1757 1759 
4281 2162 1757 2161 
4282 2161 1757 2362 
4283 2162 2477 1757 
4284 1759 1758 2478 
4285 1758 2004 2005 
4286 1758 2477 2004 
4287 2478 1758 2005 
4288 1869 1759 2478 
4289 1832 1761 1833 
4290 2010 1833 1761 
4291 1762 1763 1764 
4292 1762 2451 1763 
4293 2423 1762 1764 
4294 1764 1763 2452 
4295 2258 2145 1763 
4296 1763 2145 2452 
4297 2451 2258 1763 
4298 1764 1939 1930 
4299 2423 1764 1930 
4300 1764 2452 1939 
4301 1796 1765 2393 
4302 2242 1767 2079 
4303 2079 1767 2348 
4304 2242 2346 1767 
4305 1956 1773 1772 
4306 1773 1956 1792 
4307 1954 1777 1955 
4308 1954 2012 1777 
4309 1779 1780 1781 
4310 1779 2456 1780 
4311 2463 1779 1781 
4312 2113 2131 1779 
4313 2463 2113 1779 
4314 1779 2131 2456 
4315 1781 1780 2479 
4316 1780 1891 2479 
4317 1957 1781 1958 
4318 1957 2463 1781 
4319 1958 1781 2479 
4320 1782 1818 1819 
4321 1782 1819 1999 
4322 1786 1785 2339 
4323 2339 1785 2176 
4324 1786 1909 2468 
4325 1787 2480 1788 
4326 2285 1787 2203 
4327 2203 1787 2352 
4328 2285 2480 1787 
4329 1788 2480 1972 
4330 1952 1790 2252 
4331 1792 1956 1793 
4332 1911 1813 1793 
4333 1898 1793 1886 
4334 1956 1886 1793 
4335 1793 1898 1911 
4336 1796 1795 2446 
4337 1799 1933 1795 
4338 2392 1799 1795 
4339 1795 1933 2446 
4340 1797 1798 1799 
4341 1797 1929 1798 
4342 2392 1797 1799 
4343 1929 1797 1918 
4344 1799 1798 1824 
4345 1823 1824 1798 
4346 1799 1824 1933 
4347 1800 2373 1801 
4348 2051 2052 1800 
4349 2378 2051 1800 
4350 1800 2052 2373 
4351 1996 1803 1802 
4352 1942 1803 1996 
4353 1804 1805 1806 
4354 1804 2375 1805 
4355 2481 1804 1806 
4356 2096 1804 2033 
4357 2033 1804 2481 
4358 2096 2375 1804 
4359 1806 1805 2482 
4360 2029 1805 1974 
4361 1974 1805 2375 
4362 2029 2482 1805 
4363 1806 1984 1985 
4364 1806 2482 1984 
4365 2481 1806 1985 
4366 1807 2091 2016 
4367 2092 1807 2062 
4368 2092 2091 1807 
4369 1809 1808 2481 
4370 1808 2033 2481 
4371 1809 1985 2063 
4372 1809 2481 1985 
4373 2397 1809 2063 
4374 1813 1814 1815 
4375 1814 1813 1911 
4376 1815 1814 1887 
4377 1814 1910 1887 
4378 1911 1910 1814 
4379 1815 1887 1888 
4380 2201 1820 1821 
4381 1830 1831 1820 
4382 2201 1830 1820 
4383 1820 1831 2357 
4384 2201 1821 2202 
4385 1821 2229 2202 
4386 1821 2356 2229 
4387 1888 1824 1823 
4388 1888 1887 1824 
4389 1887 1933 1824 
4390 1825 1826 1827 
4391 1825 2484 1826 
4392 2483 1825 1827 
4393 1825 2001 2002 
4394 1825 2483 2001 
4395 2484 1825 2002 
4396 1827 1826 2357 
4397 1986 1826 2484 
4398 1827 1831 2168 
4399 1827 2357 1831 
4400 2483 1827 2168 
4401 1829 1828 2155 
4402 1828 2276 2155 
4403 2275 2276 1828 
4404 2459 2275 1828 
4405 1829 2155 2156 
4406 2156 2264 1829 
4407 2263 1829 2264 
4408 1830 2485 1831 
4409 1830 2199 2128 
4410 2485 1830 2128 
4411 1830 2201 2199 
4412 2168 1831 2485 
4413 1837 2266 1836 
4414 1923 1839 1840 
4415 1839 1951 2445 
4416 2427 2054 1841 
4417 2486 1844 1845 
4418 1844 1907 2246 
4419 1844 2486 1907 
4420 2433 1844 2246 
4421 2064 1845 2065 
4422 2064 2486 1845 
4423 2065 1845 2476 
4424 1926 1927 1847 
4425 2327 1926 1847 
4426 1847 1927 2314 
4427 1848 1849 1850 
4428 1848 2487 1849 
4429 2467 1848 1850 
4430 2240 2238 1848 
4431 1848 2238 2487 
4432 2467 2240 1848 
4433 1850 1849 2488 
4434 1849 2212 2213 
4435 1849 2487 2212 
4436 2488 1849 2213 
4437 1850 2488 2261 
4438 1851 1852 1853 
4439 1851 2490 1852 
4440 2489 1851 1853 
4441 2159 1851 2039 
4442 2039 1851 2489 
4443 2159 2490 1851 
4444 1853 1852 2491 
4445 2067 1852 2147 
4446 2067 2491 1852 
4447 2147 1852 2490 
4448 2043 1853 2112 
4449 2043 2489 1853 
4450 2112 1853 2491 
4451 2388 1854 1855 
4452 1854 1905 2460 
4453 2306 1855 2368 
4454 1929 1918 1856 
4455 2296 2207 1857 
4456 1860 1861 1862 
4457 1860 2492 1861 
4458 2421 1860 1862 
4459 1860 1932 2492 
4460 1862 1861 2493 
4461 2193 2194 1861 
4462 2492 2193 1861 
4463 1861 2194 2493 
4464 2099 1862 2100 
4465 2099 2421 1862 
4466 2100 1862 2493 
4467 1884 1863 2377 
4468 1865 1866 1867 
4469 1865 2374 1866 
4470 2494 1865 1867 
4471 1865 2269 2292 
4472 1865 2494 2269 
4473 2374 1865 2292 
4474 1867 1866 2495 
4475 2495 1866 1922 
4476 1948 1949 1867 
4477 2495 1948 1867 
4478 1867 1949 2494 
4479 1869 1870 1871 
4480 1869 2478 1870 
4481 2061 1869 1871 
4482 1871 1870 2496 
4483 2005 2210 1870 
4484 2478 2005 1870 
4485 1870 2210 2496 
4486 1871 1877 2090 
4487 1871 2496 1877 
4488 2061 1871 2090 
4489 1934 1872 1935 
4490 1874 1875 1876 
4491 1875 1874 1895 
4492 1876 1875 1882 
4493 1876 1882 1942 
4494 1877 1878 1879 
4495 1877 2496 1878 
4496 2244 1877 1879 
4497 2090 1877 2244 
4498 1879 1878 2497 
4499 1878 2271 2272 
4500 1878 2496 2271 
4501 2497 1878 2272 
4502 1879 2093 2270 
4503 1879 2497 2093 
4504 2244 1879 2270 
4505 1881 1880 2455 
4506 2455 1880 1941 
4507 1883 2241 1884 
4508 1886 1956 1885 
4509 1910 1933 1887 
4510 1890 1889 2338 
4511 2176 2418 1890 
4512 1891 1892 1893 
4513 1891 2301 1892 
4514 2479 1891 1893 
4515 1893 1892 2498 
4516 1892 2169 2170 
4517 1892 2301 2169 
4518 2498 1892 2170 
4519 1893 2025 2198 
4520 1893 2498 2025 
4521 2479 1893 2198 
4522 1924 2353 1897 
4523 1898 1910 1911 
4524 1898 2446 1910 
4525 1901 2112 2066 
4526 2402 1901 2066 
4527 1901 2358 2112 
4528 1903 1904 1905 
4529 1903 2443 1904 
4530 2383 1903 1905 
4531 1903 1957 2443 
4532 1905 1904 2460 
4533 1908 1907 2486 
4534 2246 1907 2399 
4535 2191 2162 1908 
4536 1908 2162 2386 
4537 2486 2191 1908 
4538 2468 1909 2295 
4539 1910 2446 1933 
4540 1915 1916 1917 
4541 1915 2398 1916 
4542 2449 1915 1917 
4543 1941 2398 1915 
4544 1917 1916 2381 
4545 2069 2070 1916 
4546 2398 2069 1916 
4547 1916 2070 2381 
4548 1921 1920 2499 
4549 2499 1920 1997 
4550 2499 2249 1921 
4551 1946 1922 2051 
4552 1946 2495 1922 
4553 2051 1922 2376 
4554 1924 2214 1925 
4555 1925 2208 2209 
4556 1925 2214 2208 
4557 2447 1925 2209 
4558 1930 1931 1932 
4559 1930 2500 1931 
4560 2423 1930 1932 
4561 1930 1939 2500 
4562 1932 1931 2492 
4563 2204 2273 1931 
4564 2500 2204 1931 
4565 1931 2273 2492 
4566 1937 2475 1938 
4567 2152 2186 1937 
4568 2409 2152 1937 
4569 1937 2186 2475 
4570 2437 1938 2182 
4571 2500 1939 1940 
4572 1940 2268 2285 
4573 1940 2454 2268 
4574 2500 1940 2285 
4575 1945 2495 1946 
4576 2058 2495 1945 
4577 2378 1946 2051 
4578 2360 1947 2044 
4579 1948 2472 1949 
4580 2057 1948 2058 
4581 2057 2472 1948 
4582 2058 1948 2495 
4583 1982 1949 1983 
4584 1982 2494 1949 
4585 1983 1949 2472 
4586 1954 2013 2012 
4587 2443 1957 1958 
4588 1958 2198 2166 
4589 2443 1958 2166 
4590 1958 2479 2198 
4591 1959 2501 1960 
4592 2097 1959 2119 
4593 2097 2501 1959 
4594 2119 1959 2450 
4595 2189 2211 1960 
4596 2501 2189 1960 
4597 1960 2211 2451 
4598 2239 2020 1961 
4599 1961 2020 2457 
4600 2473 2239 1961 
4601 1963 1964 1965 
4602 1963 2180 1964 
4603 1982 1963 1965 
4604 1963 1982 1983 
4605 2180 1963 1983 
4606 1982 1965 2243 
4607 1966 2415 1967 
4608 2125 1967 2105 
4609 2105 1967 2415 
4610 2125 2385 1967 
4611 2267 1972 2268 
4612 2267 2337 1972 
4613 2268 1972 2480 
4614 1973 2502 1974 
4615 1973 2224 2225 
4616 1973 2374 2224 
4617 2502 1973 2225 
4618 2502 2029 1974 
4619 1975 1976 1977 
4620 1975 2503 1976 
4621 2215 1975 1977 
4622 1975 2006 2503 
4623 1977 1976 2394 
4624 2503 2083 1976 
4625 2494 1982 2243 
4626 1985 1984 2501 
4627 2190 1984 2028 
4628 2028 1984 2482 
4629 2190 2501 1984 
4630 2063 1985 2501 
4631 2173 1986 2023 
4632 2023 1986 2484 
4633 2173 2355 1986 
4634 1988 1989 1990 
4635 1988 2505 1989 
4636 2504 1988 1990 
4637 2059 2060 1988 
4638 2504 2059 1988 
4639 1988 2060 2505 
4640 1990 1989 2506 
4641 1989 2226 2227 
4642 1989 2505 2226 
4643 2506 1989 2227 
4644 1990 2205 2230 
4645 1990 2506 2205 
4646 2504 1990 2230 
4647 1991 1992 1993 
4648 1991 2462 1992 
4649 2507 1991 1993 
4650 2100 2072 1991 
4651 1991 2072 2462 
4652 2507 2100 1991 
4653 1993 1992 2381 
4654 1993 2070 2071 
4655 1993 2381 2070 
4656 2507 1993 2071 
4657 2499 1997 1998 
4658 2250 2499 1998 
4659 2022 2335 2000 
4660 2002 2001 2508 
4661 2115 2163 2001 
4662 2483 2115 2001 
4663 2001 2163 2508 
4664 2149 2002 2157 
4665 2149 2484 2002 
4666 2157 2002 2508 
4667 2005 2004 2509 
4668 2004 2191 2192 
4669 2004 2477 2191 
4670 2509 2004 2192 
4671 2005 2509 2210 
4672 2006 2283 2078 
4673 2503 2006 2078 
4674 2062 2009 2053 
4675 2014 2345 2015 
4676 2175 2195 2014 
4677 2440 2175 2014 
4678 2014 2195 2345 
4679 2015 2345 2216 
4680 2245 2016 2091 
4681 2510 2017 2018 
4682 2203 2017 2204 
4683 2203 2352 2017 
4684 2204 2017 2510 
4685 2261 2259 2018 
4686 2018 2259 2510 
4687 2351 2261 2018 
4688 2457 2020 2021 
4689 2239 2390 2020 
4690 2021 2439 2068 
4691 2023 2024 2025 
4692 2023 2484 2024 
4693 2498 2023 2025 
4694 2498 2173 2023 
4695 2025 2024 2511 
4696 2049 2024 2149 
4697 2049 2511 2024 
4698 2149 2024 2484 
4699 2198 2025 2511 
4700 2027 2028 2029 
4701 2027 2512 2028 
4702 2502 2027 2029 
4703 2225 2230 2027 
4704 2502 2225 2027 
4705 2027 2230 2512 
4706 2029 2028 2482 
4707 2512 2190 2028 
4708 2513 2030 2031 
4709 2227 2030 2206 
4710 2206 2030 2513 
4711 2227 2469 2030 
4712 2031 2258 2211 
4713 2513 2031 2211 
4714 2031 2471 2258 
4715 2373 2096 2033 
4716 2034 2402 2056 
4717 2036 2035 2514 
4718 2035 2044 2037 
4719 2514 2035 2037 
4720 2035 2360 2044 
4721 2036 2037 2038 
4722 2036 2514 2037 
4723 2358 2036 2038 
4724 2038 2037 2441 
4725 2037 2044 2441 
4726 2038 2148 2042 
4727 2358 2038 2042 
4728 2038 2441 2148 
4729 2039 2040 2041 
4730 2039 2489 2040 
4731 2515 2039 2041 
4732 2515 2159 2039 
4733 2041 2040 2516 
4734 2042 2040 2043 
4735 2042 2516 2040 
4736 2043 2040 2489 
4737 2041 2048 2049 
4738 2041 2516 2048 
4739 2515 2041 2049 
4740 2358 2042 2043 
4741 2042 2148 2516 
4742 2358 2043 2112 
4743 2045 2517 2046 
4744 2102 2106 2045 
4745 2365 2102 2045 
4746 2045 2106 2517 
4747 2107 2104 2046 
4748 2046 2104 2366 
4749 2517 2107 2046 
4750 2049 2048 2511 
4751 2048 2165 2166 
4752 2048 2516 2165 
4753 2511 2048 2166 
4754 2515 2049 2149 
4755 2051 2376 2052 
4756 2052 2096 2373 
4757 2053 2061 2062 
4758 2402 2055 2056 
4759 2066 2067 2055 
4760 2402 2066 2055 
4761 2055 2067 2439 
4762 2059 2219 2060 
4763 2059 2292 2219 
4764 2224 2292 2059 
4765 2504 2224 2059 
4766 2060 2257 2505 
4767 2062 2061 2092 
4768 2061 2090 2092 
4769 2063 2097 2098 
4770 2063 2501 2097 
4771 2397 2063 2098 
4772 2518 2064 2065 
4773 2192 2064 2251 
4774 2192 2486 2064 
4775 2251 2064 2518 
4776 2065 2143 2140 
4777 2518 2065 2140 
4778 2065 2476 2143 
4779 2066 2491 2067 
4780 2066 2112 2491 
4781 2439 2067 2147 
4782 2101 2102 2068 
4783 2439 2101 2068 
4784 2068 2102 2365 
4785 2069 2519 2070 
4786 2098 2519 2069 
4787 2071 2070 2519 
4788 2071 2121 2099 
4789 2507 2071 2099 
4790 2071 2519 2121 
4791 2072 2493 2073 
4792 2100 2493 2072 
4793 2073 2194 2231 
4794 2073 2493 2194 
4795 2464 2073 2231 
4796 2078 2079 2080 
4797 2078 2520 2079 
4798 2503 2078 2080 
4799 2078 2283 2520 
4800 2080 2079 2348 
4801 2520 2242 2079 
4802 2503 2080 2291 
4803 2081 2082 2083 
4804 2081 2521 2082 
4805 2503 2081 2083 
4806 2179 2081 2305 
4807 2179 2521 2081 
4808 2305 2081 2503 
4809 2083 2082 2395 
4810 2082 2228 2257 
4811 2082 2521 2228 
4812 2395 2082 2257 
4813 2084 2150 2299 
4814 2323 2086 2087 
4815 2090 2091 2092 
4816 2090 2244 2091 
4817 2244 2245 2091 
4818 2093 2094 2095 
4819 2093 2497 2094 
4820 2520 2093 2095 
4821 2270 2093 2520 
4822 2095 2094 2461 
4823 2094 2272 2142 
4824 2461 2094 2142 
4825 2094 2497 2272 
4826 2520 2095 2242 
4827 2098 2097 2519 
4828 2519 2097 2119 
4829 2507 2099 2100 
4830 2099 2121 2421 
4831 2101 2522 2102 
4832 2163 2101 2164 
4833 2163 2522 2101 
4834 2164 2101 2439 
4835 2102 2522 2106 
4836 2104 2105 2103 
4837 2366 2104 2103 
4838 2103 2105 2415 
4839 2104 2408 2105 
4840 2107 2408 2104 
4841 2408 2125 2105 
4842 2114 2106 2115 
4843 2114 2517 2106 
4844 2115 2106 2522 
4845 2130 2107 2153 
4846 2130 2408 2107 
4847 2153 2107 2517 
4848 2301 2108 2277 
4849 2109 2110 2111 
4850 2109 2521 2110 
4851 2469 2109 2111 
4852 2228 2109 2226 
4853 2226 2109 2469 
4854 2228 2521 2109 
4855 2111 2110 2342 
4856 2521 2179 2110 
4857 2111 2342 2302 
4858 2113 2465 2131 
4859 2483 2114 2115 
4860 2168 2153 2114 
4861 2114 2153 2517 
4862 2483 2168 2114 
4863 2115 2522 2163 
4864 2116 2117 2118 
4865 2116 2279 2117 
4866 2201 2116 2118 
4867 2201 2202 2116 
4868 2202 2280 2116 
4869 2279 2116 2280 
4870 2118 2117 2405 
4871 2197 2199 2118 
4872 2405 2197 2118 
4873 2118 2199 2201 
4874 2119 2120 2121 
4875 2119 2450 2120 
4876 2519 2119 2121 
4877 2121 2120 2421 
4878 2167 2407 2123 
4879 2125 2124 2385 
4880 2124 2407 2167 
4881 2127 2126 2473 
4882 2473 2126 2239 
4883 2128 2129 2130 
4884 2128 2523 2129 
4885 2485 2128 2130 
4886 2128 2199 2523 
4887 2130 2129 2408 
4888 2152 2129 2523 
4889 2485 2130 2153 
4890 2134 2131 2135 
4891 2134 2456 2131 
4892 2135 2131 2465 
4893 2132 2289 2133 
4894 2173 2172 2132 
4895 2132 2172 2289 
4896 2355 2173 2132 
4897 2133 2247 2229 
4898 2356 2133 2229 
4899 2133 2289 2247 
4900 2524 2134 2135 
4901 2236 2134 2237 
4902 2236 2456 2134 
4903 2237 2134 2524 
4904 2151 2524 2135 
4905 2140 2141 2142 
4906 2140 2474 2141 
4907 2518 2140 2142 
4908 2140 2143 2474 
4909 2142 2141 2461 
4910 2474 2256 2141 
4911 2142 2272 2518 
4912 2144 2452 2145 
4913 2470 2146 2144 
4914 2258 2471 2145 
4915 2294 2295 2146 
4916 2470 2294 2146 
4917 2146 2295 2453 
4918 2164 2147 2158 
4919 2158 2147 2490 
4920 2164 2439 2147 
4921 2148 2165 2516 
4922 2515 2149 2157 
4923 2231 2232 2151 
4924 2464 2231 2151 
4925 2151 2232 2524 
4926 2152 2523 2186 
4927 2168 2485 2153 
4928 2264 2156 2195 
4929 2157 2158 2159 
4930 2157 2508 2158 
4931 2515 2157 2159 
4932 2159 2158 2490 
4933 2508 2164 2158 
4934 2386 2162 2161 
4935 2191 2477 2162 
4936 2508 2163 2164 
4937 2166 2165 2443 
4938 2166 2198 2511 
4939 2170 2169 2288 
4940 2169 2277 2278 
4941 2169 2301 2277 
4942 2288 2169 2278 
4943 2170 2171 2172 
4944 2170 2288 2171 
4945 2498 2170 2172 
4946 2172 2171 2289 
4947 2171 2253 2254 
4948 2171 2288 2253 
4949 2289 2171 2254 
4950 2173 2498 2172 
4951 2175 2174 2264 
4952 2262 2174 2234 
4953 2234 2174 2401 
4954 2262 2264 2174 
4955 2175 2264 2195 
4956 2343 2179 2305 
4957 2182 2263 2183 
4958 2184 2183 2185 
4959 2185 2183 2265 
4960 2263 2265 2183 
4961 2184 2185 2262 
4962 2184 2262 2234 
4963 2265 2262 2185 
4964 2523 2196 2186 
4965 2459 2187 2281 
4966 2188 2189 2190 
4967 2188 2513 2189 
4968 2512 2188 2190 
4969 2205 2206 2188 
4970 2512 2205 2188 
4971 2188 2206 2513 
4972 2190 2189 2501 
4973 2189 2513 2211 
4974 2192 2191 2486 
4975 2509 2192 2251 
4976 2193 2525 2194 
4977 2273 2260 2193 
4978 2193 2260 2525 
4979 2492 2273 2193 
4980 2231 2194 2525 
4981 2197 2196 2523 
4982 2197 2523 2199 
4983 2202 2229 2280 
4984 2500 2203 2204 
4985 2500 2285 2203 
4986 2204 2510 2273 
4987 2205 2506 2206 
4988 2230 2205 2512 
4989 2506 2227 2206 
4990 2210 2251 2271 
4991 2210 2509 2251 
4992 2496 2210 2271 
4993 2211 2258 2451 
4994 2213 2212 2524 
4995 2212 2238 2237 
4996 2524 2212 2237 
4997 2212 2487 2238 
4998 2213 2232 2233 
4999 2213 2524 2232 
5000 2488 2213 2233 
5001 2219 2269 2220 
5002 2292 2269 2219 
5003 2269 2243 2220 
5004 2221 2222 2223 
5005 2298 2221 2223 
5006 2281 2221 2275 
5007 2275 2221 2298 
5008 2298 2223 2297 
5009 2225 2224 2504 
5010 2224 2374 2292 
5011 2225 2504 2230 
5012 2227 2226 2469 
5013 2505 2228 2226 
5014 2257 2228 2505 
5015 2229 2247 2280 
5016 2231 2525 2232 
5017 2233 2232 2525 
5018 2259 2233 2260 
5019 2259 2488 2233 
5020 2260 2233 2525 
5021 2269 2494 2243 
5022 2284 2245 2244 
5023 2244 2270 2284 
5024 2433 2246 2274 
5025 2247 2289 2254 
5026 2248 2294 2302 
5027 2248 2468 2294 
5028 2342 2248 2302 
5029 2249 2499 2250 
5030 2271 2251 2518 
5031 2253 2288 2278 
5032 2474 2255 2256 
5033 2510 2259 2260 
5034 2261 2488 2259 
5035 2273 2510 2260 
5036 2262 2265 2264 
5037 2263 2264 2265 
5038 2454 2267 2268 
5039 2285 2268 2480 
5040 2270 2283 2284 
5041 2270 2520 2283 
5042 2272 2271 2518 
5043 2275 2298 2276 
5044 2459 2281 2275 
5045 2276 2298 2297 
5046 2432 2286 2300 
5047 2291 2305 2503 
5048 2432 2300 2293 
5049 2294 2468 2295 
5050 2302 2294 2470 
3 1 4 10862
5051 2430 1367 1462 2979 
5052 2529 2745 2705 2797 
5053 1764 1930 1939 2631 
5054 1105 2527 1480 2845 
5055 2610 2621 2539 2737 
5056 625 1029 560 2644 
5057 2529 2705 2638 2724 
5058 1294 2431 1295 2677 
5059 2583 2933 2706 3037 
5060 888 2351 890 3030 
5061 2369 1527 1771 2917 
5062 2255 2256 1228 2711 
5063 2562 2621 2610 2737 
5064 1992 1993 2381 2929 
5065 1446 2628 943 2735 
5066 741 2315 623 2796 
5067 2381 1916 1917 2774 
5068 2452 1764 1939 2631 
5069 1209 1018 1208 2746 
5070 961 1771 1527 2837 
5071 933 2046 2045 2755 
5072 943 1446 1522 2628 
5073 2578 2684 2531 2691 
5074 2332 2667 742 3009 
5075 1115 1225 1226 2662 
5076 1571 2636 1994 2750 
5077 1453 1363 2729 3019 
5078 2553 2742 2732 2990 
5079 2076 1307 1248 1565 
5080 596 2311 1301 2758 
5081 2569 2539 2823 2985 
5082 1108 2611 1107 2697 
5083 2332 2651 742 2667 
5084 1607 1608 2465 2866 
5085 2129 2584 2130 2883 
5086 2531 2691 2684 2831 
5087 742 2667 2651 3009 
5088 2538 2546 2527 2807 
5089 334 269 335 3063 
5090 2541 2668 2635 2760 
5091 757 1229 2022 2711 
5092 2535 2596 2574 2734 
5093 2573 2641 2730 2879 
5094 757 2022 2335 2758 
5095 2600 2619 2537 2959 
5096 1898 1793 1911 3042 
5097 1965 2944 2896 2949 
5098 564 2732 2553 2742 
5099 834 2645 2617 2733 
5100 8 9 288 69 
5101 1108 1107 2611 2974 
5102 2545 2563 2652 2761 
5103 2703 2718 2624 2777 
5104 2436 2613 1313 2787 
5105 2634 2660 2535 2945 
5106 316 374 369 2654 
5107 2308 560 1029 2773 
5108 741 739 2315 2644 
5109 789 2342 2248 2783 
5110 2628 2735 2528 2849 
5111 2549 2603 2737 2795 
5112 2537 2684 2683 2691 
5113 961 2697 1771 2837 
5114 623 685 741 2796 
5115 2605 2687 1907 2730 
5116 2554 2638 2865 2945 
5117 834 2617 997 2733 
5118 2656 2799 1044 2818 
5119 1318 1317 1319 2769 
5120 1107 2611 2359 2697 
5121 2265 2718 2703 2777 
5122 733 647 734 732 
5123 2537 2684 2691 2831 
5124 2359 923 924 2611 
5125 445 444 446 3033 
5126 2011 2570 2705 2969 
5127 1363 1950 2729 3019 
5128 2638 1471 2791 2892 
5129 2449 1917 1915 2677 
5130 2499 2250 1998 2815 
5131 2681 2839 472 2849 
5132 722 2317 627 2758 
5133 2828 2876 2498 2941 
5134 2603 2683 2619 2876 
5135 12 27 9 69 
5136 2102 2670 1524 2886 
5137 1740 1819 1739 2803 
5138 2416 1544 2872 2880 
5139 2574 2596 2535 2724 
5140 2705 2910 2542 2991 
5141 2561 2768 2977 3040 
5142 757 2711 2022 2758 
5143 1023 1295 2387 2677 
5144 2602 2835 2579 2994 
5145 2337 777 775 2672 
5146 836 2645 834 2767 
5147 2567 2585 998 2748 
5148 1446 2628 2735 2932 
5149 1525 2457 2611 2841 
5150 2531 2578 2691 2739 
5151 1402 1403 2744 2912 
5152 2555 2730 2701 2922 
5153 2130 2584 2755 2883 
5154 2617 2721 2559 2896 
5155 1779 2691 2876 2986 
5156 2603 2683 2876 2986 
5157 2596 2724 2574 2976 
5158 1746 2075 717 3077 
5159 562 1029 628 2758 
5160 956 1434 2047 2656 
5161 2683 2684 2578 2691 
5162 1525 2611 2823 2841 
5163 2581 2532 2626 2755 
5164 2562 2621 2737 2831 
5165 1363 2905 2700 3019 
5166 1188 2661 2607 3053 
5167 2573 2701 2730 2922 
5168 2768 2790 2678 2891 
5169 2636 2754 2750 3011 
5170 2549 2775 2695 3026 
5171 787 2110 2342 2667 
5172 2573 2730 2701 2879 
5173 1607 1608 2866 3062 
5174 2359 2611 924 2810 
5175 2485 2130 2128 2875 
5176 998 2585 999 2748 
5177 2549 2695 2795 3026 
5178 2315 1029 625 2644 
5179 1822 2868 2688 2901 
5180 999 2748 2585 2848 
5181 2569 2666 2539 2985 
5182 1461 2981 2649 3006 
5183 1169 2910 2705 2991 
5184 836 806 2645 2767 
5185 2571 2794 2642 2843 
5186 2537 2619 2683 2959 
5187 1891 2876 2683 2986 
5188 1779 2876 1780 2986 
5189 2645 2767 376 2804 
5190 2526 2882 2843 3020 
5191 1723 1836 1837 3050 
5192 2022 2000 2335 2856 
5193 472 2681 2676 2839 
5194 2549 2581 2775 3026 
5195 564 2742 2553 2904 
5196 1144 2768 2688 2868 
5197 2308 1029 562 2758 
5198 2656 2526 2811 2990 
5199 961 2359 1771 2697 
5200 2457 1525 2611 2823 
5201 1445 1522 1446 2628 
5202 971 2538 2827 2845 
5203 1764 1930 2631 2696 
5204 2580 2740 2660 2793 
5205 1107 923 2359 2611 
5206 2130 2584 2129 2861 
5207 2539 2640 2550 3065 
5208 2558 2614 2533 2694 
5209 2577 2531 2712 2831 
5210 1907 2687 2246 2730 
5211 2542 2714 2924 2977 
5212 2566 2619 2600 2959 
5213 2670 2102 2841 2886 
5214 1746 2074 2075 3077 
5215 1374 2414 1275 3016 
5216 2538 2845 971 3007 
5217 2580 2811 2660 2945 
5218 2537 2683 2603 2691 
5219 1662 2287 663 2651 
5220 971 2827 2538 3007 
5221 2670 2823 2539 2985 
5222 1502 1503 2455 2946 
5223 1892 2498 2828 2876 
5224 1621 2617 2559 2896 
5225 2583 2575 2706 2773 
5226 2148 2516 2048 2902 
5227 2416 2872 2753 2880 
5228 1102 2531 2684 2712 
5229 1493 1318 1319 2769 
5230 2265 2718 2777 2934 
5231 1295 2431 2122 2859 
5232 1306 2319 690 2856 
5233 2545 2564 2927 2950 
5234 2634 2728 2660 2945 
5235 2486 1907 2605 2687 
5236 2573 2535 2634 2660 
5237 1192 2592 1460 2910 
5238 2457 1961 1525 2823 
5239 1446 1445 2628 2932 
5240 2564 2633 2632 2903 
5241 2475 1937 1938 2925 
5242 1078 2384 1077 2970 
5243 1502 2455 1881 2946 
5244 2102 1523 1524 2670 
5245 2645 2809 2726 2855 
5246 2535 2660 2811 2945 
5247 2318 632 635 2682 
5248 1179 2416 1544 2872 
5249 2148 2601 2516 2902 
5250 2733 2850 2671 2864 
5251 999 998 1000 2585 
5252 2603 2876 2691 2986 
5253 2705 2797 2745 2991 
5254 11 9 10 69 
5255 2195 2752 2716 2785 
5256 2735 2839 2615 3014 
5257 1000 999 2585 2848 
5258 2581 2532 2755 2960 
5259 2130 2584 2861 2875 
5260 2593 2924 2714 2977 
5261 2118 2405 2117 2723 
5262 2561 2593 2723 3031 
5263 2113 2465 1608 2772 
5264 1537 2656 2732 2799 
5265 2117 2723 2405 2989 
5266 2611 2697 1108 2974 
5267 1020 1021 2836 2880 
5268 2460 1541 1904 3067 
5269 2664 2861 2593 2977 
5270 2537 2619 2603 2683 
5271 2130 2755 2107 2883 
5272 2755 2819 2584 2875 
5273 1917 1916 1915 2774 
5274 2369 1771 2810 2917 
5275 1978 828 796 2864 
5276 2105 2103 2608 2873 
5277 1017 1019 1018 2597 
5278 1436 1917 2449 2677 
5279 2526 2637 2843 2882 
5280 2585 2671 2567 2850 
5281 2705 2745 2529 2792 
5282 537 559 2308 2773 
5283 1328 1248 1307 1565 
5284 2551 2961 2653 3021 
5285 635 2319 1306 2682 
5286 2018 2017 2510 2835 
5287 2021 2611 2840 2974 
5288 2640 2780 2550 3065 
5289 1415 2681 472 2849 
5290 2570 2705 2638 2792 
5291 2130 2861 2128 2875 
5292 2819 2875 2755 2960 
5293 1776 1480 1105 2527 
5294 1583 1090 1584 2658 
5295 1295 2677 2431 2807 
5296 1204 1205 1281 2865 
5297 1994 2750 2636 2754 
5298 663 2287 2309 2651 
5299 2793 3045 992 3052 
5300 2050 1817 1689 2659 
5301 2537 2678 2600 2688 
5302 2229 2202 2708 2765 
5303 1872 2607 2618 2867 
5304 2583 2706 2575 3037 
5305 2152 2409 1937 2747 
5306 2549 2795 2581 3026 
5307 1493 1318 2659 2913 
5308 2359 2697 2611 2810 
5309 1764 2631 2452 2984 
5310 2746 2653 2961 2976 
5311 2381 1917 2677 2774 
5312 749 2733 2850 3079 
5313 2528 2839 2735 3014 
5314 1704 2281 2221 2851 
5315 2545 2761 2652 2950 
5316 2356 1821 2229 2708 
5317 2529 2554 2724 2791 
5318 1779 2691 2798 2876 
5319 1700 2586 1403 2912 
5320 789 2248 1636 2783 
5321 796 2671 828 2998 
5322 2478 1870 2005 2757 
5323 2408 2129 2130 2883 
5324 1891 2828 2683 2876 
5325 1140 2688 1061 2790 
5326 2201 2199 2118 2664 
5327 649 574 1730 2672 
5328 2571 2536 2642 2817 
5329 2600 2688 2678 2954 
5330 2619 2683 2566 2828 
5331 1763 2452 2145 2984 
5332 1105 1300 1776 2527 
5333 2896 2944 2559 2949 
5334 2571 2642 2816 2817 
5335 2688 2790 1184 2959 
5336 1904 2741 2737 3067 
5337 2595 2723 2593 3031 
5338 526 2809 2645 2855 
5339 2574 2724 2624 3021 
5340 2381 1993 2774 2929 
5341 1007 2347 1788 2994 
5342 1007 844 2347 2602 
5343 43 11 10 69 
5344 558 1288 1514 2706 
5345 787 2110 2667 2801 
5346 2308 1029 2758 2773 
5347 834 2617 2645 2809 
5348 1698 2748 477 2767 
5349 2638 2705 2529 2792 
5350 789 2667 2342 2783 
5351 575 1730 574 2672 
5352 2130 2755 2584 2875 
5353 998 2733 2567 2767 
5354 2659 2689 2843 2957 
5355 2584 2755 2532 2819 
5356 1250 2634 2200 2728 
5357 449 2681 369 2692 
5358 2667 2847 2110 2983 
5359 828 2671 796 2864 
5360 2532 2819 2755 2960 
5361 1318 2659 1317 2769 
5362 961 1527 2371 2837 
5363 992 2793 2919 3045 
5364 2457 2611 2021 2974 
5365 2240 2266 1623 3050 
5366 2152 1150 2409 2704 
5367 2555 2565 2787 2952 
5368 2593 2561 2714 3031 
5369 2255 2613 2256 2711 
5370 2569 2823 2539 3065 
5371 933 2366 2046 2956 
5372 1080 2656 2818 2842 
5373 1422 1156 1421 1420 
5374 2600 2708 2619 2838 
5375 1621 2617 2809 2949 
5376 2255 1313 2613 2711 
5377 1649 1648 1647 2887 
5378 2102 1523 2670 2841 
5379 2317 722 720 2758 
5380 1891 1892 2828 2876 
5381 1301 2829 2758 2856 
5382 368 369 449 2681 
5383 1763 1764 2452 2984 
5384 2100 2507 1991 2632 
5385 2531 2684 2578 2966 
5386 2130 2485 2153 2875 
5387 2129 2800 2584 2883 
5388 1524 2670 2626 2886 
5389 2678 2813 2768 2891 
5390 1621 2896 2559 2949 
5391 2573 2730 2641 2922 
5392 1764 2423 1930 2696 
5393 2573 2555 2701 2922 
5394 2621 2678 2537 2891 
5395 2052 2051 1800 2962 
5396 2566 2683 2619 2959 
5397 1111 2748 2689 3043 
5398 2536 2794 2642 2913 
5399 2537 2621 2712 2831 
5400 714 684 2086 2999 
5401 2130 2153 2107 2755 
5402 2760 2845 2669 2927 
5403 846 2075 2074 2602 
5404 2549 2737 2621 2795 
5405 1080 2656 1044 2818 
5406 2536 2642 2794 2843 
5407 1355 1904 1541 3067 
5408 2581 2795 2549 2832 
5409 2333 1306 785 2682 
5410 563 596 536 2583 
5411 2539 2670 2640 2823 
5412 2532 2581 2832 2960 
5413 1223 2419 2250 2789 
5414 1301 1302 2758 2829 
5415 1493 2659 1318 2769 
5416 2199 2118 2664 2723 
5417 2102 2522 2841 2886 
5418 2532 2621 2678 2960 
5419 2343 2305 795 1286 
5420 1830 2664 1820 2875 
5421 2553 2718 855 2782 
5422 470 1987 312 2812 
5423 541 540 542 2651 
5424 1830 2201 1820 2664 
5425 1235 1236 1471 2638 
5426 2683 2828 2619 2876 
5427 2741 2965 2549 3067 
5428 2066 1901 2402 2974 
5429 888 2939 2018 3030 
5430 788 826 794 2802 
5431 2222 1704 2221 2750 
5432 2339 782 780 2766 
5433 2538 2589 2546 2807 
5434 2342 2667 2110 2983 
5435 1309 1308 1307 2661 
5436 2152 2704 2409 2747 
5437 2624 2724 2529 3021 
5438 2478 2005 2715 2757 
5439 1524 2626 2670 2885 
5440 2225 2027 2230 2736 
5441 2368 1542 1540 3067 
5442 2022 2335 2758 2856 
5443 998 2585 2567 2850 
5444 2688 2768 2678 2954 
5445 1463 1462 1367 3039 
5446 2116 2280 2202 2765 
5447 2339 2756 1786 2766 
5448 2337 1553 777 2672 
5449 927 2656 1075 2842 
5450 2628 2849 2528 3075 
5451 2050 1030 879 2659 
5452 1660 2458 2670 2722 
5453 1771 2697 2810 2837 
5454 1070 2383 1009 2770 
5455 2188 2512 2190 2871 
5456 2170 2828 2498 2941 
5457 2551 2797 2961 3021 
5458 2531 2684 2712 2831 
5459 2499 2250 2815 2885 
5460 2118 2117 2116 2723 
5461 2460 1904 1905 2798 
5462 1044 2656 1080 2842 
5463 2549 2741 2695 2902 
5464 2813 2819 2561 2977 
5465 742 2332 743 2651 
5466 1376 1377 2417 2639 
5467 43 10 8 69 
5468 1649 2471 1648 2887 
5469 933 2626 1920 2956 
5470 717 590 1746 3077 
5471 2526 2656 2811 2987 
5472 2496 1877 1878 2757 
5473 2591 2690 2538 3007 
5474 2760 2927 2669 2950 
5475 1698 1697 2748 2767 
5476 2421 2121 2099 2633 
5477 560 2644 1029 2773 
5478 2535 2574 2724 2734 
5479 2560 2587 2547 2972 
5480 2034 1108 1654 2697 
5481 2554 2724 2596 2976 
5482 1800 2620 1801 2694 
5483 2148 2048 2741 2902 
5484 951 952 2360 2810 
5485 943 895 1446 2735 
5486 2664 2723 2593 2861 
5487 2022 2711 1229 2856 
5488 2561 2664 2593 2977 
5489 933 2045 2626 2755 
5490 2656 2732 2526 2990 
5491 1621 2617 834 2809 
5492 1892 1893 2498 2876 
5493 1769 1818 1740 2905 
5494 1083 1082 2641 2730 
5495 2619 2876 2828 2941 
5496 1545 1702 2363 2880 
5497 2551 2797 2890 2961 
5498 2342 2612 2248 2783 
5499 1446 2735 1440 2932 
5500 1333 2734 1082 2943 
5501 2536 2659 2794 2913 
5502 1636 743 2332 2651 
5503 2746 2961 2791 2976 
5504 2570 2638 958 2792 
5505 2148 2741 2601 2902 
5506 2585 2743 2642 2874 
5507 2005 2509 2715 2757 
5508 2429 1342 2814 2917 
5509 951 2360 2666 2810 
5510 1877 1879 1878 3004 
5511 1661 2458 1660 2722 
5512 2442 1355 1541 3067 
5513 2584 2626 2532 2755 
5514 788 2343 787 2802 
5515 992 2793 978 2919 
5516 2405 2197 1141 3049 
5517 2536 2794 2659 2843 
5518 473 472 2676 2839 
5519 1704 2221 2750 2851 
5520 2586 1734 2700 2780 
5521 2558 2707 2686 3073 
5522 2567 2748 998 2767 
5523 1688 2827 2609 3013 
5524 2545 2927 2760 2950 
5525 375 2767 2567 2804 
5526 2561 2593 2664 2723 
5527 2737 2741 1904 2798 
5528 2142 2272 2094 2816 
5529 2427 1256 1254 2693 
5530 2600 2619 2566 2838 
5531 2538 2827 2591 3007 
5532 2553 2732 2948 2990 
5533 2536 2817 2571 2843 
5534 1462 1373 2430 3016 
5535 1842 2661 1188 3053 
5536 1776 2527 1106 2967 
5537 1721 2809 553 2844 
5538 1083 1082 1081 2641 
5539 536 596 2307 2907 
5540 1771 2697 2359 2810 
5541 2645 2733 2567 2804 
5542 1616 1923 1699 2803 
5543 2356 1821 2708 3012 
5544 2425 1308 1309 2661 
5545 2516 2902 2601 2964 
5546 2578 2684 2683 2749 
5547 2637 2526 2843 3020 
5548 2593 2714 2595 3031 
5549 2516 2601 2148 2964 
5550 2558 2686 2614 3073 
5551 138 200 249 124 
5552 2645 2804 376 3063 
5553 2603 2691 2683 2986 
5554 2732 2806 2742 3059 
5555 2460 1904 2737 3067 
5556 406 369 316 368 
5557 2562 2577 2712 2831 
5558 821 870 2345 2752 
5559 1632 1633 1629 2863 
5560 1453 1399 1363 3019 
5561 1363 1361 1453 2729 
5562 400 445 446 3033 
5563 739 627 2315 2644 
5564 1660 2458 1525 2670 
5565 2549 2695 2603 2795 
5566 2408 2873 2129 2883 
5567 1623 2673 2467 3080 
5568 2520 2816 2093 2820 
5569 2130 2153 2755 2875 
5570 2528 2558 2533 2622 
5571 2642 2743 2585 2820 
5572 2714 2977 2594 3040 
5573 2221 2222 2750 2992 
5574 527 806 2645 2809 
5575 2527 2541 2635 2760 
5576 2716 2785 2752 3022 
5577 778 1537 2656 2732 
5578 2606 2622 896 3010 
5579 978 2793 992 3052 
5580 2520 2242 2816 2820 
5581 924 923 925 2611 
5582 2537 2795 2600 2960 
5583 1755 2286 2350 2687 
5584 2130 2129 2128 2861 
5585 2638 2892 2865 2945 
5586 2709 2843 2689 2957 
5587 1698 1697 1110 2748 
5588 2286 1298 2432 2687 
5589 1355 2741 1904 3067 
5590 2732 2799 2643 3034 
5591 2359 961 962 2697 
5592 1028 1914 1629 2863 
5593 2537 2603 2619 2795 
5594 2537 2691 2603 2831 
5595 1990 2205 2506 2736 
5596 2695 2741 2603 3018 
5597 2400 1081 1082 2836 
5598 2047 2656 1537 2799 
5599 1493 2769 2848 2913 
5600 1496 1159 2845 3035 
5601 1493 2659 2769 2913 
5602 2330 726 724 2771 
5603 1105 1106 1300 2527 
5604 1046 1048 1047 3041 
5605 1462 1467 1373 3016 
5606 2022 2758 2711 2856 
5607 2659 2794 879 3045 
5608 1354 1355 2442 2741 
5609 1354 2741 2442 2965 
5610 2545 2760 2563 2950 
5611 845 1554 2347 3077 
5612 1520 1784 2026 2628 
5613 2537 2712 2684 2831 
5614 2578 2739 2531 2966 
5615 1793 1813 1911 3042 
5616 2421 1860 1219 2696 
5617 879 2050 2659 3045 
5618 837 836 834 2767 
5619 2604 3045 2793 3052 
5620 2567 2874 2748 3071 
5621 2567 2767 2645 2804 
5622 2624 2921 2574 3021 
5623 2445 1594 1951 3005 
5624 2365 2102 1524 2886 
5625 2557 2684 2578 2749 
5626 1358 887 832 2735 
5627 2417 2837 2639 3055 
5628 738 676 622 2761 
5629 2535 2724 2596 2945 
5630 959 2705 2745 2991 
5631 1553 777 2672 3077 
5632 2555 2915 2637 3072 
5633 2529 2724 2638 2791 
5634 2819 2861 2664 2977 
5635 2581 2755 2875 2960 
5636 2621 2737 2603 2795 
5637 2623 2816 2642 2817 
5638 9 8 10 69 
5639 968 978 992 3052 
5640 1081 2641 1082 2836 
5641 1183 2825 2417 2837 
5642 2624 2777 2718 2934 
5643 951 2666 2360 2965 
5644 2671 2733 2567 2850 
5645 2530 2564 2545 2950 
5646 2683 2691 2578 2986 
5647 1163 2643 1546 2919 
5648 2034 1108 2697 2974 
5649 2161 2162 2879 3056 
5650 1891 1893 1892 2876 
5651 2114 2517 2153 2755 
5652 2640 2780 2693 2788 
5653 2409 2704 1937 2747 
5654 1780 2876 1891 2986 
5655 2005 2210 2509 2757 
5656 2429 1276 1342 2917 
5657 1132 2609 2731 2759 
5658 2579 2835 2548 2994 
5659 2598 2785 2716 2990 
5660 2170 1892 2498 2828 
5661 1471 1235 2638 2792 
5662 2555 2637 2882 3072 
5663 2571 2817 2816 2897 
5664 742 2651 2692 3009 
5665 374 373 2654 2870 
5666 2532 2832 2621 2960 
5667 2307 538 536 2907 
5668 2416 1179 1180 2872 
5669 1210 1906 1317 2769 
5670 2539 2549 2666 2737 
5671 2775 2832 2670 2886 
5672 2554 2596 2724 2945 
5673 2168 2114 2153 3064 
5674 2539 2823 2640 3065 
5675 2549 2795 2621 2832 
5676 1932 1219 1860 2696 
5677 1029 2644 628 2758 
5678 316 369 406 2654 
5679 2678 2790 2537 2891 
5680 931 1545 2363 2880 
5681 2465 2866 2739 2926 
5682 2684 1184 2790 2959 
5683 2369 2810 952 2917 
5684 1106 1776 1300 2527 
5685 2603 2695 2549 2741 
5686 2542 2977 2924 2991 
5687 1905 2772 1070 2878 
5688 2526 2732 2742 2990 
5689 2442 2741 1355 3067 
5690 2635 2668 2545 2760 
5691 2101 2102 2522 2841 
5692 2140 2142 2141 2897 
5693 2567 2733 2645 2767 
5694 1426 2809 1721 2844 
5695 2793 2604 2919 3045 
5696 2256 1595 2341 2613 
5697 2775 2841 2522 2886 
5698 958 2638 2570 2842 
5699 1215 1721 553 2844 
5700 2584 2800 2861 2977 
5701 2538 2590 2527 2845 
5702 2709 2843 2659 2846 
5703 2748 2769 1110 2995 
5704 2537 2688 2600 2959 
5705 1939 1930 2500 2631 
5706 2553 2650 515 2904 
5707 721 1314 2711 3074 
5708 806 456 2645 2767 
5709 2111 2302 2342 2983 
5710 2573 2701 2555 2882 
5711 2548 2552 2698 2835 
5712 2581 2795 2621 2960 
5713 2551 2890 2568 2961 
5714 720 722 721 2644 
5715 1248 1328 1307 2710 
5716 796 2850 2671 2998 
5717 1082 2734 2730 2943 
5718 2041 2049 2516 2964 
5719 2768 2813 2561 2977 
5720 1163 2793 2643 2919 
5721 1155 2760 2669 2950 
5722 1966 1020 2872 2880 
5723 2593 2861 2800 2977 
5724 2011 1191 948 2969 
5725 578 1424 1423 2928 
5726 2612 2667 2342 2983 
5727 2740 2793 2580 3025 
5728 316 235 374 2654 
5729 2537 2600 2678 2960 
5730 2129 2584 2800 2861 
5731 2659 2689 2536 2843 
5732 2659 2843 2709 2957 
5733 2129 2873 2800 2883 
5734 2593 2665 2595 2714 
5735 2555 2787 2605 2952 
5736 2529 2554 2791 2976 
5737 2533 2622 2558 2694 
5738 1087 1140 1086 2688 
5739 2516 2049 2902 2964 
5740 1878 1879 2497 3004 
5741 1137 2911 2669 3035 
5742 2561 2813 2768 2819 
5743 2558 2614 3000 3073 
5744 1638 2690 2591 3007 
5745 2693 2780 2640 3065 
5746 2021 2840 2611 2841 
5747 2554 2529 2724 2976 
5748 2642 2743 2623 2874 
5749 2660 2811 2580 2987 
5750 1188 1189 2607 2830 
5751 2621 2832 2581 2960 
5752 2669 2927 2564 2950 
5753 2593 2542 2665 2714 
5754 2281 2851 1704 3011 
5755 1660 2722 2670 2823 
5756 2148 2038 2964 3027 
5757 1083 2401 1082 2730 
5758 2436 2613 2787 2852 
5759 2538 2527 2590 2807 
5760 2125 1967 2385 2872 
5761 288 9 27 69 
5762 2637 2817 2571 3072 
5763 1095 2790 2768 2891 
5764 2678 2768 2688 2790 
5765 2532 2581 2626 2832 
5766 2339 2756 2766 3023 
5767 1689 2659 1817 2957 
5768 1058 1059 2396 2620 
5769 796 2671 2850 2864 
5770 2643 2793 1163 2818 
5771 2641 2730 1082 2734 
5772 2603 2798 2691 2876 
5773 1346 2827 971 3007 
5774 2580 2793 2660 2818 
5775 2741 2695 2902 3018 
5776 1649 2887 1647 2983 
5777 625 2644 560 2685 
5778 2555 2605 2787 2852 
5779 2527 2635 2541 2936 
5780 579 633 1693 2928 
5781 896 2622 2606 2932 
5782 2562 2831 2737 2878 
5783 2580 2811 2945 3081 
5784 2539 2621 2610 2863 
5785 2642 2571 2757 2794 
5786 2342 2110 2111 2983 
5787 2527 1480 2845 2967 
5788 998 2567 2733 2850 
5789 2364 2713 1548 2872 
5790 2574 2608 2551 2704 
5791 1296 2432 1298 2852 
5792 2538 2564 2927 3054 
5793 1621 997 834 2617 
5794 1008 844 1007 2939 
5795 1183 1593 2417 2825 
5796 1375 1376 2445 3005 
5797 2846 2919 2604 3045 
5798 1030 2050 1689 2659 
5799 2381 1917 1004 2677 
5800 1082 2730 2401 2943 
5801 2541 2673 2668 2760 
5802 2423 1932 1930 2696 
5803 1250 2634 2728 2738 
5804 2542 2714 2977 2991 
5805 1503 2449 1915 2589 
5806 2125 2124 2608 2872 
5807 855 2650 2553 2782 
5808 2338 781 775 2672 
5809 2550 2640 2670 2722 
5810 2688 2868 2768 2954 
5811 2465 2739 1608 2772 
5812 2667 2801 2110 2847 
5813 2552 2761 688 2950 
5814 2638 2724 2554 2791 
5815 2709 2846 2659 2957 
5816 1315 2745 2594 2991 
5817 2239 2823 1961 2974 
5818 2695 2775 2549 2902 
5819 2564 2827 2669 3046 
5820 2120 2121 2421 2633 
5821 2373 1800 1801 2694 
5822 2390 2034 1654 2697 
5823 2571 2817 2897 3072 
5824 2528 2622 2533 2932 
5825 2635 2866 1608 3062 
5826 377 2809 2726 3076 
5827 868 2253 2254 2838 
5828 632 2318 634 2889 
5829 2506 1989 1990 2736 
5830 2555 2787 2613 2852 
5831 2570 958 2705 2792 
5832 852 2748 851 2767 
5833 2018 2835 2510 3068 
5834 741 2644 2315 2796 
5835 2234 1082 2401 2943 
5836 2741 2798 2737 3018 
5837 2338 780 781 2672 
5838 1402 2744 1543 2788 
5839 1525 1523 2457 2841 
5840 1017 1018 1241 3019 
5841 1054 1050 1059 2620 
5842 2558 2576 2727 2944 
5843 2664 2819 2584 2861 
5844 2584 2861 2819 2977 
5845 2148 2964 2601 3027 
5846 2526 2732 2656 2987 
5847 2632 2655 2564 2903 
5848 2050 1079 1817 2659 
5849 1997 1998 2713 2956 
5850 2571 2817 2637 2843 
5851 722 627 739 2644 
5852 1621 2809 1574 2949 
5853 991 2919 2846 3045 
5854 1090 2019 1584 2658 
5855 399 400 2907 3033 
5856 2577 2691 2531 2831 
5857 2163 2601 2164 2841 
5858 2705 2542 2797 2991 
5859 924 2611 925 2810 
5860 2524 2213 2151 2988 
5861 2726 2809 2543 3076 
5862 1329 2026 1214 2844 
5863 634 633 632 2889 
5864 1776 1480 2527 2967 
5865 2201 1830 2199 2664 
5866 2571 2909 2794 2997 
5867 741 739 2644 3074 
5868 1428 2813 2594 3048 
5869 2535 2660 2573 2922 
5870 1771 2359 924 2810 
5871 2369 952 953 2917 
5872 2536 2571 2642 2843 
5873 2598 2555 2785 2990 
5874 2813 2890 2819 2977 
5875 2813 2824 2532 2890 
5876 1524 2670 2722 2885 
5877 707 729 523 2680 
5878 1998 1207 2420 2815 
5879 2584 2664 2861 2875 
5880 2408 2130 2107 2883 
5881 1546 1163 1195 2643 
5882 1554 1553 2347 3077 
5883 2539 2550 2972 3065 
5884 1502 1504 1503 2946 
5885 1420 1156 1421 1579 
5886 2613 2897 2817 3072 
5887 2615 2735 799 2839 
5888 1820 2664 2778 2875 
5889 2564 2827 2538 2927 
5890 724 726 725 3058 
5891 2575 2583 2534 2773 
5892 2542 2714 2593 2924 
5893 2568 2789 2646 2815 
5894 2594 2977 2813 3040 
5895 2021 2611 2457 2841 
5896 2460 2798 1905 2878 
5897 1141 2989 2405 3049 
5898 2600 2566 2708 2838 
5899 2339 2766 780 3023 
5900 1295 2807 2431 2859 
5901 1347 2911 2615 2935 
5902 1348 2591 2609 2827 
5903 1132 1131 2609 2759 
5904 2594 2890 2797 2961 
5905 2738 2909 2604 3045 
5906 2697 2126 2823 3055 
5907 2604 2659 2843 2846 
5908 1250 2200 2634 2894 
5909 369 2692 2681 3061 
5910 2613 2711 1313 2787 
5911 2526 2732 2987 3020 
5912 601 2893 2806 3059 
5913 1371 851 852 2748 
5914 1870 2478 1869 3078 
5915 2355 905 2132 2941 
5916 1877 2642 1878 2757 
5917 80 67 43 69 
5918 2566 2619 2828 2838 
5919 2558 2694 2622 2826 
5920 2342 2667 2612 2783 
5921 2713 2753 1548 2872 
5922 1363 1950 1361 2729 
5923 1333 1082 2234 2943 
5924 2643 2732 2656 2799 
5925 1974 2502 1973 2727 
5926 2199 2664 1830 2861 
5927 377 2726 2809 2855 
5928 2545 2563 2761 2950 
5929 2590 2845 2538 3007 
5930 536 2583 596 2907 
5931 2543 2654 2726 3076 
5932 2052 1800 2694 2962 
5933 855 2718 2553 2948 
5934 1353 1153 1407 2760 
5935 2551 2568 2653 2961 
5936 2551 2704 2608 2873 
5937 2477 2191 2162 2715 
5938 470 2812 312 2907 
5939 1608 2739 2465 2866 
5940 2528 2667 2576 2953 
5941 1688 1347 2827 3013 
5942 1901 923 1107 2611 
5943 2615 2827 1347 3013 
5944 1686 2080 2006 2820 
5945 2601 2741 2148 3027 
5946 1376 1375 1377 2639 
5947 860 2318 635 2682 
5948 1904 2798 2741 3018 
5949 1937 2704 2409 2925 
5950 2743 2820 2816 3038 
5951 2576 2528 2612 2667 
5952 1743 2712 1388 2891 
5953 2416 2880 2753 2881 
5954 688 2822 2552 2906 
5955 2221 2298 2223 2992 
5956 399 401 400 3033 
5957 720 2711 757 2758 
5958 1766 2416 2753 2881 
5959 2161 1757 2162 3056 
5960 2603 2741 2737 3018 
5961 2195 2156 2264 2716 
5962 897 2628 2606 2949 
5963 1275 1276 2429 2917 
5964 1347 2827 2615 2911 
5965 2633 2652 2632 2899 
5966 1978 2733 749 3079 
5967 2637 2742 2555 2882 
5968 2535 2811 2660 2922 
5969 2555 2742 2637 2915 
5970 1358 887 2735 2935 
5971 2516 2049 2048 2902 
5972 2336 846 844 2602 
5973 2582 2921 2624 3021 
5974 2497 2272 2757 2816 
5975 2286 2350 2687 2952 
5976 2585 2820 1032 3004 
5977 2669 2760 1153 2845 
5978 1013 2591 1494 2731 
5979 2449 1915 2589 2677 
5980 2481 2033 1808 3000 
5981 2539 2670 2549 2832 
5982 2239 2697 2823 2974 
5983 2549 2737 2539 2832 
5984 683 822 1116 2650 
5985 2544 2568 2679 3048 
5986 2131 2465 2691 2926 
5987 2637 2571 2882 3072 
5988 1820 2664 2201 2765 
5989 1461 2649 2592 3006 
5990 2715 2879 2162 3056 
5991 2637 2817 2534 3037 
5992 2532 2819 2813 2890 
5993 2025 2511 2024 2876 
5994 1363 2700 1557 3019 
5995 2703 2705 2624 2718 
5996 456 376 2645 2767 
5997 2530 2906 2854 2950 
5998 933 2755 2626 2956 
5999 2806 2893 2637 3059 
6000 2641 2730 2598 2922 
6001 2220 2394 1658 2896 
6002 1544 1966 2872 2880 
6003 2856 2914 786 3038 
6004 1173 2837 1172 2917 
6005 2684 2712 2537 2790 
6006 2421 1860 2696 2899 
6007 1482 2590 1551 3007 
6008 2114 2755 2153 3064 
6009 2417 2639 1377 3055 
6010 663 662 2322 2756 
6011 2417 2825 2639 2837 
6012 2624 2705 2582 3021 
6013 627 628 2644 2758 
6014 821 2345 823 2752 
6015 2874 3043 2748 3071 
6016 375 376 2767 2804 
6017 2481 1804 2033 2853 
6018 1210 1689 1817 2957 
6019 2205 2230 2512 2736 
6020 2638 2705 2570 2724 
6021 2545 2632 2564 2633 
6022 2199 2723 2664 2861 
6023 2601 2720 2549 3027 
6024 686 2325 872 2918 
6025 369 2681 2654 3061 
6026 2478 2005 1758 2715 
6027 2529 2976 2961 3021 
6028 1662 663 2322 2756 
6029 2544 2729 1258 3019 
6030 2194 2525 2193 3068 
6031 2114 2106 2517 2755 
6032 2458 1524 1525 2670 
6033 2191 2701 2162 2715 
6034 2596 2574 2734 2836 
6035 1025 1070 2770 2858 
6036 2163 2775 2601 2841 
6037 2581 2621 2795 2832 
6038 2527 2845 2590 2967 
6039 2571 2794 2843 2997 
6040 563 2308 562 2758 
6041 1755 1298 2286 2687 
6042 1453 1750 2729 2865 
6043 1306 2682 2319 2856 
6044 1670 1347 1139 3013 
6045 2460 2737 1904 2798 
6046 2465 2739 2691 2926 
6047 2608 2873 2704 2942 
6048 2066 2840 1901 2974 
6049 2666 2549 2965 3067 
6050 1333 2734 1332 2921 
6051 2598 2730 2555 2922 
6052 2653 2961 2976 3021 
6053 2347 844 845 2602 
6054 1955 2910 2592 2969 
6055 1240 989 1245 2995 
6056 2555 2882 2742 2990 
6057 1704 2851 2750 3011 
6058 2281 1704 1220 3011 
6059 2542 2747 2665 2951 
6060 2149 2902 2049 2964 
6061 623 625 624 2796 
6062 2368 2306 1345 2814 
6063 2555 2573 2882 2922 
6064 541 2309 540 2651 
6065 832 887 895 2735 
6066 1402 2744 2788 2912 
6067 1482 2845 2590 3007 
6068 2536 2689 2659 2769 
6069 2551 2800 2890 2924 
6070 2658 2932 2622 2963 
6071 2712 2831 2621 2863 
6072 2157 2902 2149 2964 
6073 675 619 2553 2650 
6074 2642 2848 2585 2874 
6075 2664 2584 2819 2875 
6076 2442 2965 2741 3067 
6077 1376 2639 2417 2825 
6078 1225 2425 1226 2662 
6079 635 1306 860 2682 
6080 316 361 374 2870 
6081 992 2919 991 3045 
6082 2528 2606 2622 2932 
6083 1363 1557 1950 3019 
6084 2562 2577 2531 2712 
6085 2126 2239 2697 2823 
6086 2319 692 690 2856 
6087 2532 2678 2621 2891 
6088 377 2726 2654 3076 
6089 2528 2606 2558 2622 
6090 2529 2705 2624 3021 
6091 779 2553 2732 2948 
6092 2360 2666 2810 2965 
6093 2280 2708 2625 2900 
6094 2609 3014 3013 3046 
6095 788 787 2667 2802 
6096 2558 2528 2614 2686 
6097 2499 1998 2646 2815 
6098 2102 2068 1523 2841 
6099 1095 2768 2813 2891 
6100 1820 2664 2765 2778 
6101 2511 2024 2876 2902 
6102 2157 2601 2902 2964 
6103 2526 2742 2732 2806 
6104 2298 2851 2276 2992 
6105 1696 2689 1858 2958 
6106 2437 1334 1332 2921 
6107 1685 2613 2436 2852 
6108 2651 2667 2588 3009 
6109 2556 2623 2540 2817 
6110 368 406 369 2681 
6111 2050 2846 2659 3045 
6112 1557 2700 1363 2905 
6113 2682 2856 786 3038 
6114 1765 1593 1183 2825 
6115 705 1424 578 2928 
6116 2561 2593 2714 2977 
6117 1134 2712 2684 2790 
6118 1479 1403 1700 2700 
6119 2737 2741 2549 3067 
6120 975 2745 2792 2961 
6121 2591 2614 2609 3046 
6122 2689 2769 2748 2995 
6123 2594 2824 2813 2890 
6124 1877 1878 2642 3004 
6125 1031 2659 1318 2913 
6126 1091 1090 1089 2779 
6127 2664 2600 2778 2960 
6128 2610 2562 2737 2878 
6129 2050 1079 2659 2846 
6130 1130 2591 1193 2690 
6131 579 1693 705 2928 
6132 971 2827 2669 2845 
6133 2257 2801 2060 2847 
6134 1525 2823 2670 2841 
6135 2561 2819 2664 2977 
6136 2637 2806 2526 3020 
6137 2100 1991 2072 2632 
6138 778 1539 1537 2732 
6139 1189 2618 2607 2830 
6140 1132 1131 2591 2609 
6141 1291 2595 2714 3031 
6142 2791 2961 2529 2976 
6143 2169 2277 2301 2828 
6144 2539 2550 2670 2832 
6145 2590 2845 1480 2967 
6146 2550 2780 2640 2788 
6147 1446 1440 1445 2932 
6148 2813 2977 2768 3040 
6149 405 2676 472 2681 
6150 722 2644 720 2758 
6151 1294 2431 2677 2946 
6152 1758 2005 2004 2715 
6153 2569 2697 2823 3055 
6154 2118 2201 2664 2765 
6155 1895 1349 1130 2690 
6156 2586 2744 1403 2912 
6157 2517 2107 2153 2755 
6158 601 2834 2893 3059 
6159 2526 2637 2742 2806 
6160 925 2611 2720 2810 
6161 1932 2696 1860 3068 
6162 1453 1750 2597 2729 
6163 2549 2720 2965 3027 
6164 1103 2557 2684 2966 
6165 1480 1482 1496 2845 
6166 1453 1205 1750 2865 
6167 527 2645 526 2809 
6168 2671 2850 2585 2998 
6169 1302 2616 596 2758 
6170 2017 2018 888 2939 
6171 1353 1153 2760 2845 
6172 2555 2922 2882 2990 
6173 2591 2827 1348 3007 
6174 2160 2557 2833 2959 
6175 2474 2613 1685 2852 
6176 2247 2280 868 2708 
6177 2549 2737 2603 2741 
6178 1593 1376 2417 2825 
6179 2461 2613 2897 2914 
6180 922 1106 1105 2527 
6181 2649 2860 1143 3024 
6182 2611 2823 2697 2974 
6183 1743 1427 1438 2891 
6184 2537 2619 2600 2795 
6185 1271 1367 2979 3039 
6186 2597 2729 1750 2865 
6187 2704 2873 1151 2942 
6188 601 2806 597 3059 
6189 2642 2820 2585 3004 
6190 2604 2843 2709 2846 
6191 1689 1317 1030 2659 
6192 2051 2052 2826 2962 
6193 2559 2617 1621 2949 
6194 959 2745 2705 2792 
6195 2174 1351 2175 2943 
6196 1088 2949 2809 3076 
6197 722 627 2644 2758 
6198 1817 2659 1079 2846 
6199 1032 1034 1033 2820 
6200 374 2654 235 2870 
6201 2221 2223 2222 2992 
6202 2670 2626 2832 3001 
6203 1060 2566 2901 2959 
6204 2670 2775 2549 2832 
6205 2006 1033 1034 2820 
6206 2656 2732 2643 2987 
6207 400 859 399 2907 
6208 782 2339 1786 2766 
6209 2551 2704 2582 3021 
6210 2118 2723 2116 2765 
6211 338 363 241 326 
6212 2152 1150 2704 2800 
6213 1870 2757 2478 3078 
6214 1621 834 1574 2809 
6215 2623 2642 2536 2817 
6216 2238 1848 2487 2719 
6217 1964 2606 1965 2949 
6218 1906 1319 1317 2769 
6219 2152 2704 2747 2800 
6220 2534 2817 2637 2915 
6221 2537 2684 2790 2959 
6222 2569 2639 2630 2837 
6223 2057 1199 1198 2963 
6224 1764 2696 2631 2984 
6225 1755 2350 1754 2687 
6226 2593 2747 2665 2924 
6227 1702 2781 2363 2880 
6228 288 27 8 69 
6229 2242 2816 2820 3038 
6230 1583 899 2658 2932 
6231 644 1978 655 2733 
6232 688 2761 2552 2822 
6233 1032 2848 2585 3004 
6234 2096 2033 1804 2853 
6235 868 2254 2708 2838 
6236 2532 2626 2584 2646 
6237 2644 2758 1029 2773 
6238 1960 1959 1450 3073 
6239 2074 845 846 2602 
6240 1209 1207 2419 2702 
6241 787 789 788 2667 
6242 2732 2656 2948 2990 
6243 2462 1606 2072 2929 
6244 1371 2748 999 2848 
6245 2789 2646 2885 3001 
6246 2650 2675 2663 2904 
6247 2533 2558 2528 2614 
6248 832 941 895 887 
6249 928 2842 2570 2948 
6250 2670 2841 2775 2886 
6251 2548 2579 2766 2783 
6252 2567 2767 375 3071 
6253 844 846 845 2602 
6254 1564 1328 1803 2867 
6255 1144 1061 2688 2768 
6256 1083 1081 2399 2641 
6257 2257 1057 2060 2944 
6258 2780 2972 2550 3065 
6259 2573 2634 2535 2641 
6260 2337 1553 2672 2994 
6261 2539 2550 2640 2670 
6262 2632 2633 2545 2652 
6263 998 837 2733 2767 
6264 1193 2591 1638 2690 
6265 992 978 991 2919 
6266 2703 2747 2582 2924 
6267 720 2644 721 2711 
6268 1808 2033 965 2731 
6269 1314 1313 2711 2787 
6270 1348 2609 1688 2827 
6271 312 470 403 1987 
6272 1314 2787 2711 3074 
6273 2475 2747 1937 2925 
6274 2103 2713 2608 2873 
6275 419 2692 369 3061 
6276 1471 2638 2791 2792 
6277 2564 2655 2632 2927 
6278 2333 785 786 2682 
6279 1428 1230 2594 2813 
6280 1199 2057 2888 2963 
6281 1088 2628 897 2949 
6282 2643 2799 2656 2818 
6283 2188 2707 2189 2887 
6284 2617 2543 2726 2809 
6285 1054 1059 1058 2620 
6286 1937 2747 2704 2925 
6287 2758 2829 2556 2856 
6288 2387 2677 1295 2859 
6289 2366 2883 2046 2956 
6290 2297 2298 2276 2992 
6291 1616 1699 2674 2803 
6292 2117 2784 2723 2989 
6293 2646 2789 2568 3001 
6294 2753 2872 2596 2880 
6295 2405 2723 2197 3049 
6296 2172 2498 2173 2941 
6297 375 2804 2567 3071 
6298 2556 2711 2644 2758 
6299 2466 1618 2640 2895 
6300 2554 2724 2638 2945 
6301 2555 2787 2565 2915 
6302 1072 2634 2200 2894 
6303 2528 2606 2932 3075 
6304 2100 1862 2099 2899 
6305 1698 1111 758 658 
6306 2330 745 847 2771 
6307 2705 2797 2582 3021 
6308 1193 1348 2591 2609 
6309 1429 2790 1095 2891 
6310 2362 1726 1727 3056 
6311 1255 1402 2788 2912 
6312 2542 2703 2747 2951 
6313 2592 2703 2718 2969 
6314 2635 2655 2546 2927 
6315 1179 1544 1966 2872 
6316 787 2343 2801 2802 
6317 1496 1160 1159 3035 
6318 925 2720 2360 2810 
6319 2643 2987 2732 3020 
6320 1606 2072 2929 3062 
6321 1608 2462 1604 2929 
6322 2543 2809 2617 2949 
6323 1932 1931 1930 2698 
6324 2113 2691 2465 2772 
6325 2588 2612 2528 2667 
6326 1730 2672 575 3023 
6327 2728 2740 2660 2945 
6328 1911 1814 1910 3042 
6329 836 838 806 2767 
6330 1965 2606 2944 2949 
6331 1514 2087 624 2999 
6332 2604 2843 2794 2997 
6333 2162 2715 2701 2879 
6334 1825 2002 2001 2902 
6335 2118 2664 2723 2765 
6336 778 2732 2656 2948 
6337 2396 1059 1412 2620 
6338 2539 2737 2621 2832 
6339 2511 2166 2048 3018 
6340 2265 2592 2703 2718 
6341 2617 2726 2645 2809 
6342 2575 2534 3037 3059 
6343 2064 2852 2701 2897 
6344 2477 2004 2191 2715 
6345 2351 888 2018 3030 
6346 1951 1594 1048 2825 
6347 1870 2210 2005 2757 
6348 527 804 805 806 
6349 1626 1613 1126 1642 
6350 2555 2565 2952 3022 
6351 2598 2730 2641 2734 
6352 2366 2103 2104 2873 
6353 2452 2631 1939 2908 
6354 923 925 2611 2840 
6355 1566 1802 1269 2830 
6356 2528 2735 2628 2932 
6357 2534 2556 2817 2915 
6358 2511 2048 2902 3018 
6359 269 219 224 568 
6360 594 649 650 2672 
6361 1608 2739 2599 2772 
6362 377 2809 526 2855 
6363 2265 2718 2782 2884 
6364 1660 2670 1525 2823 
6365 2571 2816 2757 2897 
6366 1907 1908 2486 2879 
6367 2229 2708 1821 2765 
6368 1108 2402 1107 2974 
6369 2549 2775 2670 2841 
6370 2462 2072 1991 2929 
6371 2594 2745 1315 3048 
6372 2019 891 1584 2658 
6373 2561 2819 2678 2954 
6374 2499 1998 1997 2956 
6375 2337 2672 775 2766 
6376 2331 725 726 2671 
6377 1112 2848 1032 3004 
6378 1603 1604 2462 2929 
6379 843 2761 2563 2950 
6380 2554 2753 2596 2881 
6381 2819 2954 2664 2960 
6382 923 2358 925 2840 
6383 2836 2872 1020 2880 
6384 1608 2635 2599 2739 
6385 2018 2835 2652 2939 
6386 2594 2977 2714 2991 
6387 2573 2660 2634 2738 
6388 1820 2765 1821 2778 
6389 2609 3013 2827 3046 
6390 2643 2806 2732 3034 
6391 2479 1779 2798 2876 
6392 2549 2621 2737 2832 
6393 1230 1428 2594 3048 
6394 1990 2230 2205 2736 
6395 1375 2639 1376 3005 
6396 524 521 2645 2733 
6397 686 2324 685 2796 
6398 2551 2704 2800 2924 
6399 2206 2188 2513 2707 
6400 1155 1153 2669 2760 
6401 1221 2860 2406 3011 
6402 2535 2641 2598 2922 
6403 2451 2211 1960 2887 
6404 1000 2585 1032 2848 
6405 1072 2200 1071 2894 
6406 1072 2200 2634 2881 
6407 832 1358 941 887 
6408 564 2553 619 2904 
6409 2556 2534 2644 2711 
6410 2559 2667 2576 2802 
6411 1285 2531 2712 2862 
6412 2199 2197 2118 2723 
6413 2345 2015 2216 2752 
6414 869 2629 679 2992 
6415 1891 2683 1517 2986 
6416 906 1820 1821 2778 
6417 2256 2474 2141 2613 
6418 2132 905 2133 3012 
6419 2643 2818 2656 2987 
6420 2478 2757 2715 3078 
6421 780 781 2672 2766 
6422 2705 2718 2703 2969 
6423 1181 2761 2208 3047 
6424 1780 1779 2479 2876 
6425 2638 2842 1236 2892 
6426 2165 2148 2048 2741 
6427 2644 2787 2565 3074 
6428 368 316 1197 317 
6429 2604 2794 2909 2997 
6430 2604 2909 2794 3045 
6431 236 68 237 62 
6432 2544 2961 2568 3048 
6433 2449 1436 2677 2946 
6434 1802 1271 1269 2830 
6435 2652 2698 2552 2835 
6436 1183 2413 2825 2837 
6437 787 2801 2667 2802 
6438 1821 2778 2765 3012 
6439 2538 2527 2546 2927 
6440 2165 2048 2166 3018 
6441 896 2606 2628 2932 
6442 1035 2390 1654 2697 
6443 1307 2076 2435 1565 
6444 2586 2700 1403 2744 
6445 2676 2681 582 2923 
6446 2569 2823 2808 3055 
6447 1372 1379 1173 3016 
6448 686 2796 2325 2918 
6449 2529 2797 2705 3021 
6450 2545 2652 2530 2950 
6451 851 2748 1697 2767 
6452 2509 2715 2757 2897 
6453 2317 720 756 2758 
6454 2528 2932 2628 3075 
6455 1152 2799 2732 3034 
6456 1608 2599 2635 2929 
6457 2509 2210 2251 2757 
6458 2581 2832 2775 2886 
6459 2196 2665 1141 3049 
6460 2583 2773 2706 2933 
6461 2594 2797 2745 2961 
6462 2191 2162 2701 2879 
6463 2577 2739 2599 2858 
6464 1403 2586 1700 2700 
6465 2202 2280 2229 2708 
6466 2559 2576 2953 3075 
6467 2539 2550 2832 3001 
6468 1538 1537 1539 2732 
6469 2808 2823 2126 3055 
6470 2187 2281 1220 2860 
6471 741 740 739 3074 
6472 1306 690 785 2856 
6473 2294 2295 1909 2908 
6474 2630 2639 2547 2825 
6475 2093 2816 2642 2820 
6476 2188 2707 2512 2871 
6477 943 2628 1522 3060 
6478 1208 1207 1209 2746 
6479 1787 1007 1788 2835 
6480 1198 2058 2057 2888 
6481 862 2625 2754 3044 
6482 775 2672 781 2766 
6483 1095 2813 1429 2891 
6484 1863 2377 1610 2658 
6485 1289 1288 558 2706 
6486 1318 1030 1317 2659 
6487 1825 2001 2775 2902 
6488 720 757 756 2758 
6489 2628 2932 2606 3075 
6490 2473 2808 1659 2823 
6491 2609 2614 2591 2731 
6492 2536 2642 2848 2913 
6493 2626 2670 2832 2886 
6494 686 687 2325 2796 
6495 721 722 2329 2644 
6496 517 1663 516 2756 
6497 1583 1584 902 2658 
6498 2221 2750 2851 2992 
6499 2688 2901 2600 2959 
6500 2327 1301 2000 2856 
6501 2551 2582 2704 2924 
6502 1144 1061 1087 2688 
6503 1853 2043 2112 2840 
6504 1923 1699 2803 3005 
6505 2161 2879 2781 3056 
6506 2637 2843 2806 3020 
6507 2103 2713 1178 2872 
6508 604 2726 521 2733 
6509 1243 1515 1288 2764 
6510 2575 2534 2685 2773 
6511 2561 2678 2768 2954 
6512 1161 1021 1162 2641 
6513 1227 814 755 813 
6514 997 998 837 2733 
6515 1367 2430 1271 2979 
6516 2596 2641 2634 2880 
6517 1426 880 1721 2809 
6518 2251 2210 2271 2757 
6519 2537 2790 2688 2959 
6520 2272 2271 1878 2757 
6521 2716 2718 2553 2782 
6522 1386 1471 1124 2892 
6523 2045 2365 933 2626 
6524 1515 1288 2764 2999 
6525 2619 2708 2600 3012 
6526 2103 2608 2713 2872 
6527 971 2669 2827 2911 
6528 2654 2726 377 2855 
6529 2605 2555 2701 2852 
6530 1825 2902 2775 3026 
6531 2625 2708 2280 2765 
6532 1548 1997 1998 2713 
6533 2561 2768 2678 2819 
6534 2371 960 961 2837 
6535 2001 2002 2508 2902 
6536 1088 2844 2949 3076 
6537 2642 2794 2757 2913 
6538 1290 2625 862 3044 
6539 802 854 1697 850 
6540 2074 2602 2075 3077 
6541 2461 2897 2816 2914 
6542 2608 2704 2574 2942 
6543 2603 2737 2798 3018 
6544 2536 2637 2817 2843 
6545 997 837 834 2733 
6546 2678 2688 2537 2790 
6547 1314 2436 1313 2787 
6548 624 2316 623 2796 
6549 2034 2697 2390 2974 
6550 1527 1505 2371 2837 
6551 2526 2742 2637 2882 
6552 1328 2607 1307 2710 
6553 2672 2994 1553 3077 
6554 2036 2720 2358 2964 
6555 2163 2508 2164 2601 
6556 526 545 804 2809 
6557 1557 2729 1950 3019 
6558 2664 2954 2600 2960 
6559 1750 2728 2597 2865 
6560 512 485 436 2975 
6561 2588 2667 2651 2783 
6562 2197 2723 2199 2861 
6563 804 545 880 2809 
6564 2551 2584 2873 2883 
6565 2165 2741 2048 3018 
6566 2576 2736 2727 2944 
6567 2639 2825 2630 2837 
6568 2614 2694 2558 3000 
6569 2597 2728 2554 2865 
6570 1800 2378 1713 2620 
6571 2669 2827 2538 2845 
6572 2746 2753 2653 2976 
6573 2383 2770 1070 2772 
6574 1306 2333 860 2682 
6575 1838 975 2792 2961 
6576 2369 1526 1527 2917 
6577 1576 2862 2712 2863 
6578 2573 2701 2571 2715 
6579 2793 2818 2580 3025 
6580 2635 2739 1608 2866 
6581 2785 2990 2555 3022 
6582 1286 2802 2721 2896 
6583 1881 2455 1880 2970 
6584 2682 2914 2856 3038 
6585 728 2680 1693 2889 
6586 1111 658 1110 2748 
6587 1820 2201 1821 2765 
6588 721 2711 2644 3074 
6589 2520 2079 2242 2820 
6590 768 2750 2754 3011 
6591 2741 2902 2048 3018 
6592 2810 2814 952 2917 
6593 1423 1424 2812 2928 
6594 2624 2724 2574 2734 
6595 373 2855 2654 2870 
6596 2695 2876 2024 2902 
6597 902 1597 904 2963 
6598 2555 2605 2785 2952 
6599 2365 1524 2626 2886 
6600 1819 1740 1818 2905 
6601 2440 2687 1754 2785 
6602 1909 2294 2763 2766 
6603 1757 2715 2162 3056 
6604 2528 2588 2667 2953 
6605 2530 2950 2854 3046 
6606 2637 2893 2834 3059 
6607 952 2810 951 2814 
6608 1993 1992 1991 2929 
6609 1166 1165 1164 3055 
6610 1287 2846 2709 2957 
6611 2311 596 563 2758 
6612 1662 517 2287 2651 
6613 1048 1047 3041 3051 
6614 2545 2564 2530 2633 
6615 2882 2997 2843 3020 
6616 2531 1104 2684 2966 
6617 1116 871 2796 2918 
6618 2598 2555 2730 2785 
6619 2162 1757 2477 2715 
6620 983 1974 1973 2727 
6621 1503 1504 2449 2946 
6622 2050 1079 2846 3045 
6623 906 2778 1821 3012 
6624 2195 2752 870 2782 
6625 1838 2792 2791 2961 
6626 1386 1471 2791 2792 
6627 1732 2085 1424 2717 
6628 1348 1638 2591 3007 
6629 334 335 370 3063 
6630 1831 2357 1827 3026 
6631 2838 2941 2132 3012 
6632 632 2682 2318 2889 
6633 1308 1307 2661 2971 
6634 2466 2640 2054 2895 
6635 1534 1536 1535 3024 
6636 2473 2126 2808 2823 
6637 2452 2763 2145 2984 
6638 2619 2695 2603 2876 
6639 524 2804 2733 3063 
6640 906 1821 2356 3012 
6641 2580 2987 2811 3081 
6642 2475 2925 1938 2951 
6643 1662 2651 663 2756 
6644 2564 2669 2827 2927 
6645 2188 2189 2513 2887 
6646 473 472 405 2676 
6647 1842 2560 1188 2661 
6648 1868 1461 1783 2649 
6649 2775 2902 2695 3026 
6650 2580 2892 2638 2945 
6651 2554 2728 2596 2945 
6652 1524 2670 2458 2722 
6653 2721 2938 749 3079 
6654 2124 2836 2608 2872 
6655 2656 2987 2580 3081 
6656 2604 2709 2843 3020 
6657 406 2654 369 2681 
6658 1821 2765 2708 3012 
6659 2169 2277 2828 2838 
6660 1347 2139 2911 2935 
6661 1647 2302 2612 2763 
6662 1649 2030 2031 2983 
6663 2206 2506 2205 2707 
6664 1971 2729 2544 2791 
6665 2635 2541 2739 2866 
6666 784 1229 2711 2856 
6667 2535 2596 2734 2836 
6668 1648 2763 1647 2887 
6669 757 720 2328 2711 
6670 2192 2701 2191 2715 
6671 1413 1050 973 2620 
6672 219 224 232 269 
6673 1112 1000 1032 2848 
6674 2646 2653 1998 2713 
6675 2688 2600 2901 2954 
6676 1811 2634 1702 2880 
6677 1863 2019 1091 2658 
6678 2642 2757 1877 3004 
6679 835 2645 806 2809 
6680 2526 2742 2882 2990 
6681 270 335 269 3063 
6682 1862 2421 2099 2899 
6683 1026 2550 2679 2780 
6684 1153 2669 2845 3035 
6685 960 2697 961 2837 
6686 675 674 619 2650 
6687 607 2735 2628 2849 
6688 2538 2827 2669 2927 
6689 897 896 2606 2628 
6690 2732 518 2806 3059 
6691 1023 2677 2387 2770 
6692 2529 2624 2705 2724 
6693 2635 2668 2541 2866 
6694 2660 2580 2818 2987 
6695 2336 844 1008 2939 
6696 277 2645 376 3063 
6697 2555 2952 2785 3022 
6698 1803 1802 1564 2618 
6699 1784 2628 1445 2932 
6700 2195 2716 2752 2782 
6701 2004 2005 2509 2715 
6702 1413 1412 1059 2620 
6703 2508 2601 2163 2775 
6704 1110 658 1698 2748 
6705 2499 2646 1998 2956 
6706 890 2351 3008 3030 
6707 522 2733 523 2864 
6708 1078 1076 2397 2973 
6709 2017 2835 2018 2939 
6710 984 2052 2096 2826 
6711 1618 2458 1661 2722 
6712 2553 2718 2716 2947 
6713 2646 2713 1998 2956 
6714 1482 1480 2590 2845 
6715 2526 2806 2732 3020 
6716 1706 1704 2750 3011 
6717 2575 2706 359 3037 
6718 2669 2911 971 3035 
6719 1754 2785 2687 2952 
6720 1994 813 2750 2754 
6721 1173 2630 2837 2917 
6722 1294 1435 2431 2946 
6723 2569 2810 2666 2985 
6724 2576 2612 2528 2707 
6725 2461 1595 2613 2914 
6726 1435 2449 1504 2946 
6727 837 998 2748 2767 
6728 2642 2757 2571 2816 
6729 1188 2607 1872 3053 
6730 2547 2780 2693 3065 
6731 973 2694 2620 2759 
6732 720 2644 2711 2758 
6733 2549 2965 2720 2985 
6734 2119 2519 2121 2898 
6735 2389 2697 1655 3055 
6736 2619 2838 2708 3012 
6737 2551 2574 2704 3021 
6738 2302 1647 2612 2983 
6739 1909 2468 2294 2766 
6740 1363 1399 2905 3019 
6741 1670 1139 2935 3013 
6742 1360 2693 1256 2857 
6743 1831 3026 1827 3064 
6744 2601 2840 2164 2841 
6745 2119 2121 2120 2898 
6746 2571 2843 2637 2882 
6747 2532 2646 2584 2890 
6748 779 2553 564 2732 
6749 2449 1435 1436 2946 
6750 607 2735 2528 2839 
6751 2398 1941 1915 2970 
6752 369 2654 374 3061 
6753 2558 2727 2606 2944 
6754 879 1030 1031 2659 
6755 925 2720 2611 2840 
6756 971 2845 2669 3035 
6757 654 1978 749 3079 
6758 1786 2766 2756 2783 
6759 1289 558 2310 2706 
6760 1848 1849 2487 2988 
6761 2556 2644 2583 2758 
6762 1379 1765 2413 2825 
6763 1680 1110 2769 2995 
6764 2356 2229 2133 2708 
6765 2144 2145 2452 2908 
6766 952 2814 953 2917 
6767 2576 2667 2559 2953 
6768 1291 2595 3031 3044 
6769 2018 2939 2652 3030 
6770 1217 2120 2421 2696 
6771 1548 2753 1549 2872 
6772 596 2583 563 2758 
6773 2580 2865 2892 2945 
6774 899 1090 1583 2658 
6775 1413 973 1801 2620 
6776 2072 2632 1991 2929 
6777 2203 2285 2500 2631 
6778 1784 1445 903 2932 
6779 1831 2875 2778 3064 
6780 2730 2734 2598 2943 
6781 1209 1241 1018 2702 
6782 2597 2554 2729 2865 
6783 2541 2936 2739 2966 
6784 1295 2677 2807 2859 
6785 2023 2024 2484 2695 
6786 40 236 130 731 
6787 2536 2748 2689 2769 
6788 2551 2646 2584 2883 
6789 2375 984 2096 2826 
6790 269 254 335 568 
6791 1920 933 2365 2626 
6792 1525 1524 1523 2670 
6793 1246 1327 1326 2946 
6794 686 872 875 2918 
6795 1805 2029 1974 2871 
6796 2052 1800 2373 2694 
6797 1429 1389 2790 2891 
6798 2604 2909 2738 2997 
6799 1603 2462 1992 2929 
6800 1611 1610 994 2699 
6801 674 2650 855 2782 
6802 2365 2626 1524 2885 
6803 2195 2716 2264 2785 
6804 522 729 642 2680 
6805 1683 1296 1749 2852 
6806 2742 2806 2637 3059 
6807 1155 2563 2760 2950 
6808 950 2718 949 2969 
6809 2558 2576 2528 2707 
6810 2270 2520 2093 2820 
6811 2192 2191 2004 2715 
6812 951 2810 2666 2814 
6813 2723 2989 2665 3049 
6814 2716 2752 2650 3022 
6815 722 739 2329 2644 
6816 1307 2435 1309 2830 
6817 2414 1275 2630 2917 
6818 998 2733 997 2850 
6819 1482 1480 1551 2590 
6820 2308 559 560 2773 
6821 596 2616 2583 2758 
6822 2164 2840 2601 2964 
6823 2608 2753 2713 2872 
6824 1119 1140 1061 2790 
6825 2432 2687 1298 2852 
6826 1087 1061 1140 2688 
6827 2527 2760 2635 2927 
6828 2294 1909 2763 2908 
6829 2610 2621 2562 2863 
6830 1977 1621 1658 2896 
6831 1306 785 2682 2856 
6832 1168 2639 1375 3005 
6833 1610 893 1863 2658 
6834 2189 2707 2188 3073 
6835 2621 2795 2603 2831 
6836 891 2019 893 2658 
6837 2414 2630 1173 2917 
6838 2591 2609 2827 3046 
6839 633 1693 2717 2889 
6840 2622 2826 2694 2962 
6841 2189 1960 2211 2887 
6842 1318 1031 1030 2659 
6843 1159 1353 1200 2845 
6844 3013 3014 2615 3046 
6845 1825 2775 2001 3026 
6846 2087 682 624 2999 
6847 2642 2816 2743 2820 
6848 1007 2602 2347 2994 
6849 2398 2069 1076 2774 
6850 2483 1827 1825 3026 
6851 2559 2606 2576 3075 
6852 2507 1991 2632 2655 
6853 1352 1907 2246 2730 
6854 2601 2549 2741 3027 
6855 2555 2598 2922 2990 
6856 687 871 2325 2796 
6857 2116 2625 2280 2765 
6858 788 2667 826 2802 
6859 2414 1173 1174 2917 
6860 2659 2794 2604 2843 
6861 1517 2683 1891 2828 
6862 2651 2588 2692 3009 
6863 2529 2791 2638 2792 
6864 1132 2609 2591 2731 
6865 838 806 752 849 
6866 633 634 728 2889 
6867 1328 1565 1307 2830 
6868 36 70 104 129 
6869 2099 2507 2100 2903 
6870 2620 2694 1800 2962 
6871 2018 2652 2835 3068 
6872 1743 1438 2863 2891 
6873 925 2358 2720 2840 
6874 2132 2133 2838 3012 
6875 1554 777 1553 3077 
6876 2540 2623 2556 2682 
6877 1916 2398 1915 2774 
6878 2498 2025 2023 2876 
6879 2538 2546 2589 3054 
6880 2534 2583 2556 2644 
6881 129 70 104 307 
6882 1217 2421 1219 2696 
6883 2435 1307 1565 2830 
6884 1088 2844 2628 2949 
6885 709 700 710 2754 
6886 1386 2729 1385 2791 
6887 2380 1006 1004 2677 
6888 785 786 2682 2856 
6889 2890 2924 2800 2977 
6890 2536 2748 2769 2848 
6891 2556 2817 2540 2834 
6892 2152 2861 2800 3049 
6893 2497 1878 2642 2757 
6894 720 721 2328 2711 
6895 2664 2875 2819 2960 
6896 2562 2621 2831 2863 
6897 635 636 2319 2829 
6898 2461 2141 2142 2897 
6899 1955 2718 950 2969 
6900 2108 1602 1516 3028 
6901 2605 2701 2486 2852 
6902 1654 1655 1035 2697 
6903 2461 2613 2141 2897 
6904 1483 2389 1655 3055 
6905 1209 2702 1018 2746 
6906 2433 1749 1296 2852 
6907 2497 2757 2642 2816 
6908 1021 2641 1022 2879 
6909 2860 2989 1143 3024 
6910 1088 1575 2809 2949 
6911 2023 2484 1986 2695 
6912 607 2528 2735 2849 
6913 1525 2670 1523 2841 
6914 2665 2989 1141 3049 
6915 2126 2473 2239 2823 
6916 1102 2531 1104 2684 
6917 1828 1536 1829 2629 
6918 2511 2902 2876 3018 
6919 2385 2836 2124 2872 
6920 2216 2752 2015 2952 
6921 1658 1609 1964 2949 
6922 1333 2184 1332 2934 
6923 1872 1934 2607 2867 
6924 2286 2687 2787 2952 
6925 2535 2573 2641 2922 
6926 2649 2981 2665 3006 
6927 1706 2750 1705 3011 
6928 2634 2641 2573 2781 
6929 2617 2850 2733 3079 
6930 2669 2845 2538 2927 
6931 2535 2641 2734 3069 
6932 2532 2584 2819 2890 
6933 633 2829 632 2889 
6934 2576 2606 2559 2944 
6935 2666 2737 2549 3067 
6936 2256 2141 1595 2613 
6937 1543 2428 1255 2788 
6938 2225 2027 2736 2871 
6939 2656 2818 2580 2987 
6940 2192 2486 2191 2701 
6941 2547 2639 2630 3065 
6942 2230 2736 2027 2871 
6943 2584 2626 2755 2883 
6944 517 2756 516 3070 
6945 895 943 832 2735 
6946 1546 2643 1195 3034 
6947 2222 1706 1704 2750 
6948 2757 2816 2272 2897 
6949 470 312 403 2907 
6950 2564 2538 2591 3054 
6951 2265 2716 2718 2934 
6952 2129 2800 2152 2861 
6953 2207 2296 815 2877 
6954 2577 2798 2691 2831 
6955 1905 2798 2772 2878 
6956 2659 2846 1817 2957 
6957 958 959 2705 2792 
6958 2350 2286 876 2952 
6959 2401 1083 1351 2730 
6960 2549 2720 2601 2841 
6961 2093 2497 2642 2816 
6962 2646 2815 2789 2885 
6963 2541 2739 2578 2966 
6964 2377 1610 2658 2699 
6965 1265 2818 2793 3025 
6966 2598 2734 2641 3069 
6967 2635 2739 2541 2996 
6968 2157 2508 2002 2902 
6969 2548 2766 2763 2783 
6970 2131 2926 2691 2986 
6971 1334 1333 1332 2921 
6972 2021 2457 1523 2841 
6973 2534 2817 2556 3037 
6974 2634 2738 1250 2894 
6975 902 2932 2658 2963 
6976 2502 2027 2225 2871 
6977 2551 2608 2574 3021 
6978 6 5 7 41 
6979 23 22 21 2930 
6980 963 1132 2731 2759 
6981 2678 2600 2954 2960 
6982 766 1733 2296 2955 
6983 473 637 472 2839 
6984 2558 2606 2576 2944 
6985 2630 2639 2569 3065 
6986 2145 2258 1763 2984 
6987 2515 2157 2149 2964 
6988 2269 2888 2727 2944 
6989 959 2745 1292 2991 
6990 1480 1496 1200 2845 
6991 573 485 512 2975 
6992 2646 2873 2713 2883 
6993 235 316 374 2870 
6994 1989 1988 1990 2736 
6995 1576 1562 2712 2862 
6996 2184 1333 2234 2943 
6997 919 918 2714 2991 
6998 834 2645 835 2809 
6999 1594 2825 1951 3005 
7000 2624 2934 2718 2947 
7001 2537 2603 2795 2831 
7002 2011 2705 1171 2969 
7003 1709 1708 1334 2704 
7004 2573 2909 2571 2997 
7005 633 728 1693 2889 
7006 2528 2588 2849 2916 
7007 1909 2766 2763 2908 
7008 2172 2132 2838 2941 
7009 1810 1437 1742 3036 
7010 2192 2701 2715 2897 
7011 2631 2763 2452 2984 
7012 2668 2866 2635 3062 
7013 1569 1127 1576 2862 
7014 2637 2742 2534 2915 
7015 1608 1604 2599 2929 
7016 2196 1717 2665 2951 
7017 2645 2726 2617 2733 
7018 2561 2664 2819 2954 
7019 645 798 799 2615 
7020 923 2611 1901 2840 
7021 1297 2434 1756 2687 
7022 2604 2738 3045 3052 
7023 1828 2459 1536 2851 
7024 2528 2849 2839 2916 
7025 1413 1059 1050 2620 
7026 1291 3031 2714 3040 
7027 2563 2761 1181 3047 
7028 737 572 505 718 
7029 1291 2714 2595 3006 
7030 2363 2781 1702 2894 
7031 2405 2989 2723 3049 
7032 625 2685 624 2796 
7033 2824 2890 2594 3048 
7034 2621 2603 2737 2831 
7035 2619 2778 2600 2795 
7036 1831 2778 3026 3064 
7037 2265 2592 2718 2884 
7038 2592 2542 2703 2910 
7039 1647 2887 2612 2983 
7040 998 999 837 2748 
7041 1553 2602 2347 3077 
7042 1645 1547 1339 2282 
7043 2882 2922 2526 2990 
7044 2811 2948 2656 2990 
7045 2549 2965 2741 3027 
7046 1743 1576 2712 2863 
7047 1503 2589 2455 2946 
7048 2498 2876 2023 2941 
7049 1254 2428 1587 2788 
7050 2635 2760 2545 2927 
7051 2739 2936 2531 2966 
7052 2575 2904 2534 3059 
7053 2566 864 2900 3017 
7054 828 2671 2331 2998 
7055 2709 2689 2843 2893 
7056 2579 2548 2766 2994 
7057 2701 2852 2613 2897 
7058 2075 2602 717 3077 
7059 2705 2910 1171 2969 
7060 633 2717 1693 2928 
7061 2599 2858 2739 2996 
7062 2455 2589 1881 2946 
7063 1878 2271 2496 2757 
7064 2827 3013 2615 3046 
7065 2532 2824 2646 2890 
7066 2535 2598 2641 3069 
7067 2569 2823 2810 2985 
7068 2163 2164 2101 2841 
7069 2206 2205 2188 2707 
7070 706 2680 370 2931 
7071 896 2026 1784 2628 
7072 2551 2800 2584 2890 
7073 2691 2739 2465 2772 
7074 2552 2822 2761 2993 
7075 2381 1993 1916 2774 
7076 2381 2677 1004 2770 
7077 2206 2227 2506 2983 
7078 1988 2505 2060 2847 
7079 1600 1598 1813 1599 
7080 1275 2917 2429 2979 
7081 2558 2622 2606 2888 
7082 2519 2121 2898 2973 
7083 2532 2646 2824 3001 
7084 2502 2727 1974 2871 
7085 971 2845 1310 3007 
7086 541 542 2217 2651 
7087 2562 2577 2831 2878 
7088 2193 2525 2260 3068 
7089 1657 1028 1656 2863 
7090 2346 825 2816 3038 
7091 521 2726 2645 2733 
7092 2813 2594 2890 2977 
7093 127 101 105 544 
7094 230 275 276 414 
7095 2535 2734 2724 3069 
7096 2688 2901 2868 2954 
7097 1071 2200 1953 2894 
7098 2195 2156 2716 2782 
7099 2014 2175 2440 2785 
7100 1898 1911 1910 3042 
7101 2554 2753 2881 2940 
7102 400 446 2907 3033 
7103 2019 1863 893 2658 
7104 1795 2392 1047 3051 
7105 2448 1801 1713 2620 
7106 1688 1139 1347 3013 
7107 860 2771 744 2889 
7108 2694 2826 2052 2962 
7109 2649 2665 2595 2989 
7110 1696 1858 2689 2995 
7111 1777 2629 2718 2884 
7112 2542 2747 2703 2924 
7113 2203 2480 2285 2631 
7114 2712 2790 1388 2891 
7115 1777 2592 1955 2910 
7116 2205 2707 2506 2736 
7117 956 955 954 2799 
7118 329 2706 2575 2764 
7119 2448 1412 1413 2620 
7120 1091 2658 1090 2779 
7121 1060 2833 2566 2959 
7122 1496 1159 1200 2845 
7123 2043 2840 1853 2964 
7124 2614 2633 2564 2898 
7125 2383 1603 2770 2772 
7126 706 371 1732 2717 
7127 1285 2531 1102 2712 
7128 2794 2909 2009 3045 
7129 2128 2861 1830 2875 
7130 2424 1223 2249 2895 
7131 2791 2792 2529 2961 
7132 2537 2795 2621 2831 
7133 2397 1809 1494 2731 
7134 2671 2771 2680 3058 
7135 835 806 804 2809 
7136 2397 1494 2591 2731 
7137 2535 2641 2596 2836 
7138 2558 2826 2622 2888 
7139 2034 2402 1108 2974 
7140 2397 2973 2098 3000 
7141 2420 2753 2746 2940 
7142 943 895 940 1446 
7143 1134 2684 1184 2790 
7144 2221 2851 2298 2992 
7145 336 337 2870 3063 
7146 952 2369 1771 2810 
7147 2188 2871 2190 3073 
7148 792 1152 2732 3034 
7149 844 2602 1007 2939 
7150 1567 2615 2854 2911 
7151 2360 924 925 2810 
7152 1287 2957 2709 2958 
7153 2052 2694 2096 2826 
7154 1143 2649 1535 2851 
7155 2102 2101 2068 2841 
7156 2534 2711 2556 2915 
7157 2280 2625 2754 2900 
7158 828 725 2331 2671 
7159 2581 2549 2775 2832 
7160 2341 2613 1595 2914 
7161 2064 2613 2852 2897 
7162 2561 2723 2664 2954 
7163 2745 2529 2792 2961 
7164 2614 2686 2528 2978 
7165 2296 766 815 1733 
7166 2584 2890 2800 2977 
7167 2212 2524 2719 2988 
7168 2033 2731 1808 3000 
7169 2597 2753 2746 2976 
7170 524 2733 2645 3063 
7171 2551 2873 2646 2883 
7172 2421 2633 2099 2899 
7173 1132 972 1131 2759 
7174 2157 2601 2508 2902 
7175 2128 1830 2485 2875 
7176 2732 2742 518 3059 
7177 2004 2715 2509 2897 
7178 2611 2810 2697 2823 
7179 2203 2500 2204 2631 
7180 2671 2567 2733 2864 
7181 2155 2156 870 2782 
7182 1281 2865 2729 2892 
7183 1106 2527 920 2967 
7184 781 780 782 2766 
7185 2146 2295 2294 2908 
7186 788 794 2343 2802 
7187 1878 2497 2642 3004 
7188 2555 2613 2787 2915 
7189 1668 2980 2572 3053 
7190 1868 2851 2649 3015 
7191 1617 1739 1616 3041 
7192 2431 2122 2859 2971 
7193 1121 1198 1199 2963 
7194 1358 832 833 2735 
7195 1875 1895 1874 2690 
7196 2431 2971 2859 2980 
7197 843 688 2761 2950 
7198 316 406 235 2654 
7199 1333 1332 2734 2934 
7200 2542 2665 2747 2924 
7201 2601 2775 2508 2902 
7202 2706 2933 359 3037 
7203 1569 2862 1576 2863 
7204 2637 2834 2817 3037 
7205 2503 1975 1976 2721 
7206 529 806 456 2645 
7207 2639 2857 2803 3005 
7208 2723 2765 2625 2784 
7209 2642 2585 2848 3004 
7210 2600 2901 2566 2959 
7211 2545 2673 2563 2760 
7212 921 2527 2760 2936 
7213 2553 2650 2904 3022 
7214 39 6 130 236 
7215 1170 2705 1169 2910 
7216 2659 2769 2689 2957 
7217 2643 2732 2806 3020 
7218 2448 1413 1801 2620 
7219 1366 1511 1367 3039 
7220 1765 1183 2413 2825 
7221 1293 2638 958 2842 
7222 2588 2681 2676 2923 
7223 477 2748 3043 3071 
7224 2535 2945 2811 3081 
7225 2408 1150 2129 2873 
7226 2046 2107 2517 2755 
7227 515 2553 619 2650 
7228 1544 2416 1545 2880 
7229 1858 989 2958 2995 
7230 2120 2633 2421 2696 
7231 1033 1112 1032 2820 
7232 1608 2599 1604 2772 
7233 895 1440 1446 2735 
7234 2301 2828 2277 3028 
7235 2152 2800 2747 3049 
7236 2576 2558 2727 2736 
7237 2001 2508 2775 2902 
7238 821 870 2752 2782 
7239 635 2682 632 2829 
7240 2587 2821 2547 2972 
7241 1142 2117 2405 2989 
7242 2483 3026 2001 3064 
7243 2584 2646 2626 2883 
7244 2531 2691 2577 2739 
7245 1527 1505 2837 2917 
7246 2192 2064 2701 2897 
7247 1480 1200 1105 2845 
7248 2660 2818 2793 2987 
7249 2660 2793 2604 3020 
7250 1021 1162 2641 2879 
7251 2172 2828 2170 2941 
7252 2678 2954 2819 2960 
7253 2577 2858 2572 2996 
7254 2593 2723 2665 3049 
7255 2665 2714 2542 3006 
7256 1649 2031 2471 2887 
7257 2549 2720 2841 2985 
7258 2269 2243 2888 2944 
7259 1609 1621 1574 2949 
7260 2360 2810 2720 2965 
7261 769 737 572 505 
7262 1830 2861 2664 2875 
7263 2527 2635 2546 2927 
7264 2567 2680 2671 2874 
7265 2615 2911 2181 2935 
7266 2188 2513 2707 2887 
7267 2524 2151 2866 2988 
7268 2364 1178 2713 2872 
7269 2499 2815 2646 2885 
7270 2629 2782 2718 2884 
7271 2781 2879 2573 3056 
7272 1998 2653 2646 2815 
7273 2590 2807 2527 2967 
7274 2674 2825 1048 3051 
7275 1195 1163 1045 2643 
7276 2474 2141 2613 2852 
7277 1173 2630 2413 2837 
7278 2797 2924 2890 2977 
7279 2328 1229 757 2711 
7280 2596 2753 2554 2976 
7281 2549 2841 2670 2985 
7282 2569 2639 2837 3055 
7283 2420 1548 1998 2653 
7284 2606 2559 2944 2949 
7285 2486 2701 2064 2852 
7286 1825 1826 2484 2695 
7287 636 635 632 2829 
7288 1173 2413 1172 2837 
7289 2526 2922 2660 2987 
7290 757 2335 756 2758 
7291 2622 2932 903 2963 
7292 619 2553 515 2904 
7293 845 2347 2602 3077 
7294 2497 2272 1878 2757 
7295 2694 2853 2558 3000 
7296 2671 2680 2540 2874 
7297 2461 2816 1596 2914 
7298 513 346 2575 2663 
7299 1360 2803 2693 2857 
7300 878 879 2794 3045 
7301 1023 1294 1295 2677 
7302 2550 2744 2679 2780 
7303 2771 2889 2680 3058 
7304 232 259 219 269 
7305 517 516 2923 3070 
7306 2334 795 793 2802 
7307 2571 2701 2573 2882 
7308 2523 2861 2152 3049 
7309 2504 2224 2225 2736 
7310 2576 2847 2667 2983 
7311 2387 2770 2677 2859 
7312 1198 2058 2888 2963 
7313 2547 2587 2560 2630 
7314 1350 1875 1419 2690 
7315 2192 2715 2004 2897 
7316 2395 2305 2083 2896 
7317 1198 2888 2057 2963 
7318 635 2319 2682 2829 
7319 741 2644 2796 3074 
7320 2660 2604 2997 3020 
7321 2843 2882 2571 2997 
7322 1743 2863 2712 2891 
7323 2577 2739 2858 2996 
7324 2036 925 2358 2720 
7325 648 1731 1889 2672 
7326 1557 1258 2729 3019 
7327 527 806 529 2645 
7328 2216 2015 2918 2952 
7329 2854 2950 2669 3046 
7330 2580 2842 2638 2892 
7331 2551 2582 2924 3021 
7332 2265 2716 2156 2782 
7333 1168 2410 1375 2639 
7334 2631 2696 1930 2698 
7335 2603 2695 2619 2795 
7336 869 870 821 2782 
7337 2530 2545 2633 2652 
7338 2613 2914 2711 2915 
7339 2711 2817 2556 2915 
7340 2599 2770 2677 2929 
7341 2483 1825 2001 3026 
7342 2122 1308 1225 2971 
7343 2616 2758 1302 2829 
7344 2029 2502 1974 2871 
7345 905 2132 2941 3012 
7346 2561 2977 2714 3040 
7347 2546 2527 2807 2967 
7348 2542 2593 2665 2924 
7349 2276 2275 1828 2851 
7350 2286 2687 2432 2787 
7351 892 891 893 2963 
7352 1471 2638 1124 2892 
7353 1840 1923 1454 3005 
7354 2155 1828 1829 2629 
7355 1150 2800 2129 2873 
7356 558 2706 1514 2773 
7357 1103 2557 1136 2684 
7358 2431 2807 2677 2946 
7359 2526 2997 2882 3020 
7360 2641 2836 1021 2880 
7361 2142 2518 2272 2816 
7362 2600 2795 2778 2960 
7363 1020 2836 2385 2872 
7364 2760 2936 2541 3002 
7365 2121 2633 2120 2898 
7366 686 2918 875 3074 
7367 2068 2840 2021 2841 
7368 1102 2684 1134 2712 
7369 1966 2361 1020 2880 
7370 2189 2188 2190 3073 
7371 2023 2695 1986 2941 
7372 1052 2909 2738 3045 
7373 925 2035 2360 2720 
7374 559 537 595 2933 
7375 2528 2932 2533 3014 
7376 1647 2763 2612 2887 
7377 2452 2763 2631 2908 
7378 2565 2555 2915 3022 
7379 2376 2051 2052 2826 
7380 2461 1595 2141 2613 
7381 2578 2739 2866 2926 
7382 335 270 269 568 
7383 2595 2665 2593 2723 
7384 2528 2953 2576 3075 
7385 1350 1419 1418 2690 
7386 2600 2765 2708 2901 
7387 1901 2840 2611 2974 
7388 269 334 219 3063 
7389 2562 2831 2712 2863 
7390 1255 2788 2693 2912 
7391 2350 1754 2687 2952 
7392 2721 2802 2334 2938 
7393 2678 2819 2532 2960 
7394 2358 2112 2043 2840 
7395 2533 2694 2614 2731 
7396 2450 1452 1450 2898 
7397 2151 1607 2866 3062 
7398 871 872 2325 2918 
7399 871 2325 2796 2918 
7400 2528 2686 2612 2978 
7401 1799 1795 1933 3042 
7402 2527 2546 2635 2996 
7403 1681 1682 2636 3044 
7404 2523 2129 2152 2861 
7405 2672 780 2766 3023 
7406 2540 2834 360 3037 
7407 2031 2030 2513 2983 
7408 2461 2142 2816 2897 
7409 2701 2573 2879 3056 
7410 786 2914 825 3038 
7411 2390 2697 2239 2974 
7412 360 2540 372 2834 
7413 1831 2778 2357 3026 
7414 2551 2890 2797 2924 
7415 1429 1389 1095 2790 
7416 920 2527 922 2936 
7417 1026 2679 2550 2824 
7418 2368 2662 2306 2814 
7419 2584 2800 2551 2873 
7420 1700 2905 2586 2912 
7421 2649 2989 2860 3024 
7422 517 2651 2756 3070 
7423 2504 2225 2230 2736 
7424 1939 2500 1940 2631 
7425 2195 870 2156 2782 
7426 1935 1872 2607 2980 
7427 2527 2538 2845 2927 
7428 2378 1713 2620 2699 
7429 862 2754 2636 3044 
7430 2535 2634 2596 2641 
7431 2565 2787 2644 2915 
7432 766 1733 1675 816 
7433 2742 2915 2555 3022 
7434 2481 2853 2033 3000 
7435 1018 2702 1241 3019 
7436 1428 3036 2813 3048 
7437 537 2583 536 2933 
7438 1088 2809 2844 3076 
7439 1035 1655 2389 2697 
7440 1452 2120 1217 2696 
7441 2202 2280 2708 2765 
7442 2534 2583 2575 3037 
7443 2597 2729 2554 2791 
7444 1352 1351 1083 2730 
7445 1212 2936 2541 2966 
7446 1583 1846 1510 2932 
7447 1360 2693 2803 2912 
7448 969 971 2911 3035 
7449 1010 1603 1992 2770 
7450 2603 2798 2737 2831 
7451 2697 2810 2569 2823 
7452 1427 1438 2891 3036 
7453 868 2253 2838 3017 
7454 2001 3026 2775 3064 
7455 1927 2084 468 3032 
7456 1307 1309 2661 2830 
7457 2267 1653 2908 2994 
7458 2677 2770 2599 2859 
7459 2429 2814 1342 2979 
7460 2528 2576 2558 2606 
7461 2518 2272 2816 2897 
7462 2319 2829 692 2856 
7463 2545 2668 2673 2760 
7464 2614 3014 2609 3046 
7465 2712 2863 2621 2891 
7466 513 394 346 2663 
7467 236 130 39 40 
7468 2265 2718 2716 2782 
7469 641 640 642 2680 
7470 622 676 738 715 
7471 2625 2765 2116 2784 
7472 1063 1291 2595 3006 
7473 2569 2808 2639 3055 
7474 1235 1293 2638 2792 
7475 2562 2712 2531 2862 
7476 2348 2820 2743 3038 
7477 2205 2512 2707 2736 
7478 2369 953 1526 2917 
7479 2643 2919 3020 3034 
7480 2664 2778 2875 2960 
7481 1532 913 2799 3034 
7482 2578 2691 2739 2926 
7483 2327 1926 1302 2829 
7484 1959 2097 2898 3073 
7485 2649 2595 2981 2989 
7486 2670 2722 2640 2823 
7487 477 375 2767 3071 
7488 2205 2512 2188 2707 
7489 1663 1664 575 2756 
7490 710 671 842 867 
7491 2643 2799 1195 3034 
7492 2230 2512 2736 2871 
7493 820 1706 2222 2750 
7494 721 2644 2329 3074 
7495 2603 2691 2798 2831 
7496 2604 2919 2709 3020 
7497 2302 2470 2294 2763 
7498 1698 1111 658 1110 
7499 1166 2410 1168 2639 
7500 2548 2763 2612 2783 
7501 2148 2741 2441 3027 
7502 638 2320 639 2725 
7503 2473 1660 1961 2823 
7504 2630 2825 2413 2837 
7505 622 2761 2822 2993 
7506 2000 2022 691 2856 
7507 2142 2518 2816 2897 
7508 2341 2711 2613 2914 
7509 1473 1341 991 2846 
7510 2036 2720 2964 3027 
7511 1961 1660 1525 2823 
7512 1699 1839 1951 3005 
7513 2421 1862 1860 2899 
7514 2604 2794 2659 3045 
7515 2529 2961 2797 3021 
7516 792 2732 2806 3034 
7517 2026 2628 897 2844 
7518 1255 2428 1254 2693 
7519 1922 1946 2051 2962 
7520 1363 1399 1283 2905 
7521 884 2868 1822 2901 
7522 2746 2753 2597 2940 
7523 2500 1930 1931 2698 
7524 2754 2784 2636 3044 
7525 1007 1787 2352 2835 
7526 1045 2643 1163 2818 
7527 923 1901 2358 2840 
7528 1381 2712 1430 2790 
7529 1610 1611 2354 2699 
7530 2388 1070 1025 2858 
7531 879 877 2050 3045 
7532 1204 2740 1205 2865 
7533 2556 2682 2623 2914 
7534 538 2648 536 2907 
7535 705 578 579 2928 
7536 2625 2900 2708 2901 
7537 2558 2606 2727 2888 
7538 2014 2440 1754 2785 
7539 637 2615 799 2839 
7540 2626 2832 2581 2886 
7541 335 2804 370 3063 
7542 2595 2714 2665 3006 
7543 2634 2781 1702 2880 
7544 1739 2674 1616 3041 
7545 2103 1178 2415 2872 
7546 2533 2614 2528 3014 
7547 2535 2724 2945 3081 
7548 2239 2473 1961 2823 
7549 2461 1596 1595 2914 
7550 1944 1999 1311 2912 
7551 2580 2660 2740 2945 
7552 2411 1168 1687 3005 
7553 2414 1174 1275 2917 
7554 2483 1827 3026 3064 
7555 1687 1168 1375 3005 
7556 1221 2406 1220 3011 
7557 837 1371 852 2748 
7558 2137 1011 2709 3034 
7559 2054 2640 2427 2788 
7560 2573 2715 2571 2909 
7561 1603 2599 1604 2929 
7562 2556 2623 2817 2914 
7563 1316 897 1088 2844 
7564 2817 2834 2556 3037 
7565 2633 2898 2614 2978 
7566 1839 1699 1923 3005 
7567 2152 1937 2186 2747 
7568 2206 2513 2030 2983 
7569 2574 2608 2596 2976 
7570 2551 2976 2608 3021 
7571 2388 1070 2858 2878 
7572 2600 2765 2625 2954 
7573 1469 1208 1018 2597 
7574 372 2834 2540 3071 
7575 2257 2060 2801 2944 
7576 1346 1348 2827 3007 
7577 2539 2666 2610 2737 
7578 1021 2641 1161 2836 
7579 2710 2971 2431 2980 
7580 848 847 745 3038 
7581 2196 1141 2197 3049 
7582 736 769 672 505 
7583 2592 2665 2649 3024 
7584 1199 2057 1650 3010 
7585 1092 1184 2688 2790 
7586 2541 2760 2527 2936 
7587 2451 2887 1960 2984 
7588 1618 1661 2640 2722 
7589 1662 1663 517 2756 
7590 1762 2423 1764 2984 
7591 902 891 1597 2963 
7592 2532 2626 2646 3001 
7593 1193 1194 1348 2609 
7594 370 2680 523 2804 
7595 728 641 642 2680 
7596 270 335 2804 2931 
7597 1702 2634 1811 2894 
7598 521 337 524 2855 
7599 2553 2904 2742 3022 
7600 1348 1688 1347 2827 
7601 2536 2848 2642 2874 
7602 1220 2406 2187 2860 
7603 1675 1601 1631 865 
7604 1800 1713 1801 2620 
7605 2575 2534 2675 2685 
7606 604 2726 2733 3079 
7607 2561 2714 3031 3040 
7608 1375 2410 1377 2639 
7609 2131 2691 1779 2986 
7610 2660 2922 2811 2987 
7611 1548 1998 2653 2713 
7612 1473 2709 1287 2846 
7613 1545 2416 1703 2880 
7614 2674 2803 1699 3005 
7615 1250 1953 2200 2894 
7616 1675 1601 865 2833 
7617 2533 2614 2609 2731 
7618 1055 2394 2220 2896 
7619 2701 2879 2715 3056 
7620 2706 2764 1288 2999 
7621 2720 2840 2358 2964 
7622 2573 2571 2882 2997 
7623 1168 1166 2639 2857 
7624 1994 813 1571 2750 
7625 2644 2787 2711 2915 
7626 560 1514 2685 2773 
7627 2553 2718 2947 2948 
7628 560 2685 2644 2773 
7629 2539 2863 2610 2972 
7630 1435 2677 1436 2946 
7631 852 837 2748 2767 
7632 1151 2704 1150 2873 
7633 1348 1638 1193 2591 
7634 2331 726 1260 2998 
7635 1567 2854 1322 2911 
7636 2937 2967 2572 2980 
7637 2711 2787 2644 3074 
7638 2600 2765 2664 2778 
7639 728 642 729 2680 
7640 2074 845 2602 3077 
7641 1825 2695 2902 3026 
7642 2311 563 561 2758 
7643 2126 2697 2391 3055 
7644 606 2849 2628 3076 
7645 2757 2913 1877 3004 
7646 2701 2852 2555 3072 
7647 2164 2158 2840 2964 
7648 2660 2604 2793 3052 
7649 2542 2705 2703 2910 
7650 1104 2531 2936 2966 
7651 2613 2555 2852 3072 
7652 1225 2661 2425 2662 
7653 2336 770 771 2993 
7654 2536 2642 2623 2874 
7655 2249 2789 2250 2885 
7656 869 2155 870 2782 
7657 1297 1298 2434 2687 
7658 1381 1388 2712 2790 
7659 1315 2594 1230 2991 
7660 2626 2885 1920 2956 
7661 2105 2104 2103 2873 
7662 2104 2366 2873 2883 
7663 40 130 307 731 
7664 1659 2808 2640 2823 
7665 896 897 2026 2628 
7666 2013 2718 855 2948 
7667 2753 2880 2596 2881 
7668 1984 2482 1806 3073 
7669 521 524 2645 2855 
7670 2692 2953 2849 3061 
7671 582 2681 453 2923 
7672 1667 1106 2937 2967 
7673 2128 2199 1830 2861 
7674 2023 2876 2695 2941 
7675 952 951 953 2814 
7676 2509 2757 2251 2897 
7677 851 1371 1962 2748 
7678 1072 2634 1811 2881 
7679 2537 2683 2684 2959 
7680 1860 2696 2899 3068 
7681 2114 2106 2755 3064 
7682 1362 1557 1363 2905 
7683 2038 2042 2148 2964 
7684 2536 2623 2817 2834 
7685 897 2606 896 3010 
7686 2346 824 825 3038 
7687 1408 971 1310 3007 
7688 1205 2740 2728 2865 
7689 1072 1811 2634 2894 
7690 2755 2883 2626 2956 
7691 1275 2429 1270 2979 
7692 1166 2808 1165 3055 
7693 1255 1402 1543 2788 
7694 2543 2849 2654 3076 
7695 868 2838 2708 3017 
7696 2649 2851 1143 2860 
7697 890 2761 2353 2939 
7698 477 1698 658 2748 
7699 2486 2687 2605 2852 
7700 2527 2845 2760 2927 
7701 1615 1951 1048 2674 
7702 2551 2713 2646 2873 
7703 1073 1072 1071 2894 
7704 919 1066 918 2991 
7705 1576 1127 1561 2862 
7706 2017 2203 2204 2835 
7707 2817 2637 2915 3072 
7708 270 2804 335 3063 
7709 1903 1605 1905 2798 
7710 2544 2597 2746 2791 
7711 1959 2686 1450 3073 
7712 2398 1915 2774 2970 
7713 939 943 940 1446 
7714 2133 2356 2708 3012 
7715 1898 1641 2657 3051 
7716 369 374 419 3061 
7717 1988 1989 2505 2847 
7718 2743 2816 2623 3038 
7719 2552 2652 2530 2698 
7720 707 2680 706 2717 
7721 2460 2737 2798 2878 
7722 1825 2695 2484 2902 
7723 2544 2729 2597 2791 
7724 359 2575 514 2706 
7725 2189 1960 2887 3073 
7726 2145 2471 2258 2887 
7727 2238 2237 2749 2926 
7728 2440 2687 2785 2943 
7729 593 2822 486 2920 
7730 545 526 804 527 
7731 2111 2110 2109 2983 
7732 2589 2807 2590 3003 
7733 1019 1469 1018 2597 
7734 2545 2635 2632 3062 
7735 2546 2927 2655 3054 
7736 2433 2687 1844 2852 
7737 2709 3020 2919 3034 
7738 2337 2672 2766 2994 
7739 1668 2572 2862 3053 
7740 1478 1939 1940 2908 
7741 2656 2580 2842 3081 
7742 1379 2413 1173 2630 
7743 931 2363 2781 2880 
7744 1178 2364 1180 2872 
7745 1424 705 1732 2717 
7746 2562 2862 2572 3053 
7747 973 2731 2694 2759 
7748 2749 2833 1305 2869 
7749 2728 2865 2740 2945 
7750 1342 1276 1343 2917 
7751 1819 2803 2586 2912 
7752 2526 2660 2922 2997 
7753 1333 2934 2734 2943 
7754 2420 2746 1208 2940 
7755 707 1693 2680 2717 
7756 2723 2861 2197 3049 
7757 2077 969 970 2911 
7758 590 2822 593 2920 
7759 2723 2765 2664 2954 
7760 2542 2582 2705 2797 
7761 1250 2728 1085 2738 
7762 1574 2809 1575 2949 
7763 2637 3037 2534 3059 
7764 2541 2578 2739 2866 
7765 1503 1941 2455 2970 
7766 1063 2595 1014 3006 
7767 793 602 639 2938 
7768 1623 1624 2467 2673 
7769 1188 1189 1872 2607 
7770 2784 2860 1221 3011 
7771 1450 1959 2450 2898 
7772 2747 2800 2704 2924 
7773 2806 2843 2709 3020 
7774 794 826 602 2802 
7775 2745 2797 2529 2961 
7776 1941 2398 1077 2970 
7777 2779 2932 1414 3013 
7778 1696 1858 831 2958 
7779 2429 1342 1344 2979 
7780 563 2583 2308 2758 
7781 2750 3011 2851 3015 
7782 2665 2989 2649 3024 
7783 2723 2784 2595 2989 
7784 2386 2161 2162 2879 
7785 1546 2919 2643 3034 
7786 2526 2660 2997 3020 
7787 2544 2791 2746 2961 
7788 2541 2988 2673 3080 
7789 2731 2973 2397 3000 
7790 2506 1989 2736 2847 
7791 633 2889 2717 2928 
7792 2578 2749 2683 2986 
7793 2545 2668 2635 3062 
7794 2497 2093 2642 3004 
7795 2644 2685 625 2796 
7796 892 893 2354 2963 
7797 1986 2484 1826 2695 
7798 2381 1004 1005 2770 
7799 907 2357 3012 3026 
7800 2046 2107 2755 2883 
7801 1063 2595 1291 3044 
7802 2549 2666 2965 2985 
7803 2429 2917 2814 2979 
7804 2612 2667 2588 2783 
7805 2660 2573 2922 2997 
7806 2289 2171 2172 2838 
7807 553 2809 526 3076 
7808 1150 2152 2129 2800 
7809 2106 2045 2517 2755 
7810 2733 2804 523 2864 
7811 2289 2132 2133 2838 
7812 686 685 687 2796 
7813 1005 1010 2381 2770 
7814 2584 2819 2890 2977 
7815 2527 2635 2936 2996 
7816 2733 2804 2645 3063 
7817 2646 2824 2568 2890 
7818 2229 1821 2202 2765 
7819 1210 1211 1906 2769 
7820 2406 1221 2784 2860 
7821 2392 1046 1047 3041 
7822 551 573 512 2975 
7823 1386 2791 1838 2792 
7824 1130 1273 1274 2690 
7825 446 444 2307 2907 
7826 1898 1910 2446 3051 
7827 2652 2939 2761 3030 
7828 1934 2607 2867 2980 
7829 2734 1332 2921 2934 
7830 338 392 363 326 
7831 789 2332 788 2667 
7832 2704 2747 2582 2925 
7833 1163 1760 2793 2919 
7834 2414 2630 1275 3016 
7835 1115 1114 2403 2805 
7836 2276 2155 869 2629 
7837 2011 948 949 2969 
7838 69 11 12 68 
7839 2112 2358 1901 2840 
7840 2594 2890 2961 3048 
7841 2298 2297 2223 2992 
7842 2250 2789 2815 2885 
7843 2665 2723 2595 2989 
7844 2375 2826 2096 2853 
7845 2302 2111 1647 2983 
7846 1843 1259 1734 2700 
7847 1960 1450 2686 3073 
7848 2545 2632 2668 3062 
7849 2631 2766 2548 2994 
7850 2535 3069 2724 3081 
7851 2591 2614 2564 2973 
7852 1898 2587 1793 3042 
7853 2479 2876 2798 3018 
7854 2813 2824 2594 3048 
7855 1922 2051 2826 2962 
7856 907 3012 2941 3026 
7857 2580 2945 2638 3081 
7858 2580 2842 2892 3082 
7859 1281 1453 2729 2865 
7860 2693 2780 2547 2803 
7861 2742 2904 518 3059 
7862 1879 1877 2244 3004 
7863 127 105 101 1707 
7864 1603 2599 1992 2770 
7865 537 2308 2583 2773 
7866 1434 1678 2047 2656 
7867 2638 2724 2570 3081 
7868 1567 2615 798 2854 
7869 2535 2734 2641 2836 
7870 2708 2838 2566 3017 
7871 2563 2760 2673 3002 
7872 826 788 2332 2667 
7873 2219 2269 2292 2736 
7874 590 717 716 2822 
7875 2396 1712 1449 2699 
7876 787 2342 789 2667 
7877 113 131 114 218 
7878 1286 2721 2083 2896 
7879 884 1498 1822 2868 
7880 1766 1703 2416 2881 
7881 1695 1752 2008 1263 
7882 2543 2953 2725 3061 
7883 2593 2800 2924 2977 
7884 2060 2736 2847 2944 
7885 633 2829 2889 2928 
7886 2660 2987 2793 3020 
7887 2561 2768 2868 2954 
7888 860 2318 2682 2889 
7889 2546 2677 2599 2859 
7890 2064 2613 2065 2852 
7891 1456 2803 1360 2857 
7892 1610 2354 2658 2699 
7893 2765 2954 2723 3031 
7894 2110 2847 2109 2983 
7895 2121 2099 2633 2903 
7896 1535 1536 2459 2851 
7897 624 682 2316 2796 
7898 2738 2997 2660 3052 
7899 950 1955 1954 2718 
7900 2519 2069 2071 2973 
7901 2556 2856 2682 2914 
7902 1831 1820 2357 2778 
7903 1035 1036 2390 2697 
7904 2486 1844 2687 2852 
7905 733 534 647 732 
7906 2569 2808 2823 3065 
7907 2380 1023 1006 2770 
7908 2583 2616 596 2907 
7909 1462 2430 2657 3016 
7910 1637 1786 2756 2783 
7911 130 41 104 129 
7912 2606 2949 2628 3075 
7913 104 130 129 307 
7914 1548 2653 2420 2753 
7915 802 753 839 754 
7916 2709 2604 2846 2919 
7917 2586 2788 2744 2912 
7918 1723 2627 1836 3050 
7919 2711 2556 2817 2914 
7920 2571 2701 2882 3072 
7921 1134 1430 2712 2790 
7922 2363 2003 930 3056 
7923 1503 2449 2589 2946 
7924 542 2218 2217 2692 
7925 2556 2758 2616 2829 
7926 2543 2617 2559 2949 
7927 1174 1173 1172 2917 
7928 1608 2929 2635 3062 
7929 1858 2958 2689 2995 
7930 1871 2496 1870 2757 
7931 2119 2120 2450 2898 
7932 2655 2677 2589 2774 
7933 519 2834 601 3059 
7934 1881 2589 2455 2970 
7935 1018 2597 1208 2746 
7936 1974 2727 983 2826 
7937 2133 2229 2247 2708 
7938 2440 1351 2687 2943 
7939 2484 2695 2024 2902 
7940 1922 2051 2376 2826 
7941 1091 2779 1089 3057 
7942 2649 2665 2592 3006 
7943 1787 2203 2480 2285 
7944 2626 2883 2646 2956 
7945 2827 2854 2615 2911 
7946 2327 2829 1301 2856 
7947 2683 2749 2833 3028 
7948 1281 2729 1484 2892 
7949 2551 2800 2704 2873 
7950 1544 2361 1966 2880 
7951 2056 2402 2034 2974 
7952 2243 2888 2944 3010 
7953 837 999 1371 2748 
7954 2585 2848 2748 2874 
7955 2564 2632 2545 2927 
7956 2424 1619 1620 2895 
7957 2406 2860 1220 3011 
7958 1927 468 1926 3032 
7959 1061 1095 1119 2790 
7960 2292 2224 2059 2736 
7961 904 2622 903 2963 
7962 2096 2694 2033 2853 
7963 2014 2015 2752 2952 
7964 1562 1519 1388 2712 
7965 2541 2719 2988 3080 
7966 2168 2153 2485 2875 
7967 1351 2730 2687 2943 
7968 2074 1747 845 3077 
7969 2540 2817 2623 2834 
7970 575 576 2756 3023 
7971 2532 2813 2678 2891 
7972 2098 2973 2898 3000 
7973 70 73 104 307 
7974 878 2062 2794 2913 
7975 1584 891 902 2658 
7976 1288 1514 2706 2999 
7977 2564 2633 2614 2978 
7978 1054 2620 1058 3057 
7979 2196 2951 2665 3049 
7980 269 259 219 334 
7981 2216 874 2349 2918 
7982 1610 2354 893 2658 
7983 2486 2192 2064 2701 
7984 1090 1091 2019 2658 
7985 1277 846 2075 2074 
7986 2604 2660 2997 3052 
7987 2605 2730 2555 2785 
7988 2341 784 2711 2914 
7989 2628 2949 2844 3076 
7990 2596 2608 2574 2836 
7991 127 102 101 544 
7992 2641 2734 1082 2836 
7993 2495 2888 2058 2962 
7994 2566 2600 2708 2901 
7995 2336 2602 844 2939 
7996 863 2900 2625 2901 
7997 2285 1940 2500 2631 
7998 2206 2707 2513 2983 
7999 2597 2554 2753 2976 
8000 1355 1904 2741 3018 
8001 2567 2585 2748 2874 
8002 1111 658 2748 3043 
8003 1270 2430 1374 3016 
8004 2692 3009 2953 3061 
8005 2420 2653 2746 2753 
8006 899 2779 2658 2932 
8007 2425 1225 1308 2661 
8008 2169 2278 2277 2838 
8009 2329 2644 739 3074 
8010 2465 2131 2135 2926 
8011 1596 2346 825 2816 
8012 1285 1364 2531 2862 
8013 1937 2475 2186 2747 
8014 2708 2838 2133 3012 
8015 2184 2934 1333 2943 
8016 2863 2891 1438 3036 
8017 2580 2818 2656 2842 
8018 76 78 57 128 
8019 2547 2972 2780 3065 
8020 2528 2612 2588 2916 
8021 2542 2924 2797 2991 
8022 1922 2495 1946 2962 
8023 1858 2008 1694 2958 
8024 1352 2246 2687 2730 
8025 1353 1105 1200 2845 
8026 1441 2745 1315 2991 
8027 1416 2656 2842 2948 
8028 1299 1236 2842 2892 
8029 1762 1218 2423 2984 
8030 1788 2480 1787 2994 
8031 958 2570 928 2842 
8032 2632 2929 2072 3062 
8033 2616 2717 2682 2829 
8034 1493 1319 1508 2769 
8035 1367 2657 1462 2979 
8036 1144 914 2768 2868 
8037 1955 2592 1777 2969 
8038 817 865 1631 1398 
8039 1603 1992 2599 2929 
8040 9 11 12 69 
8041 2496 2210 1870 2757 
8042 2576 2667 2612 2983 
8043 1007 1788 2835 2994 
8044 2538 2927 2546 3054 
8045 455 2654 2849 3076 
8046 1538 790 1537 2732 
8047 1205 2728 1750 2865 
8048 1321 1065 2868 3044 
8049 1828 1536 2629 2851 
8050 1088 2809 1573 2844 
8051 2777 2921 1332 2934 
8052 850 698 802 754 
8053 1112 1032 2820 3004 
8054 2623 2914 2682 3038 
8055 2625 2784 2754 3044 
8056 561 563 562 2758 
8057 2554 2597 2753 2940 
8058 673 733 764 732 
8059 522 523 729 2680 
8060 1668 2937 2572 2980 
8061 2358 2840 2043 2964 
8062 2275 2276 2298 2851 
8063 1998 2420 2653 2815 
8064 1794 1248 1307 2710 
8065 2555 2605 2701 2730 
8066 2641 2573 2781 2879 
8067 1104 1285 1364 2531 
8068 1037 2697 2389 3055 
8069 891 902 2658 2963 
8070 2668 2673 2541 2988 
8071 2692 2588 2849 2953 
8072 542 2217 2651 2692 
8073 560 558 1514 2773 
8074 1550 1548 2420 2753 
8075 1703 2880 2416 2881 
8076 2345 2014 2015 2752 
8077 2551 2653 2646 2713 
8078 1488 1462 1463 3039 
8079 1805 2482 2029 2871 
8080 784 2856 2711 2914 
8081 2100 2899 2099 2903 
8082 2500 1931 2204 2698 
8083 2851 3011 2860 3015 
8084 2398 2774 1076 2970 
8085 2187 2851 2281 2860 
8086 237 24 25 236 
8087 258 168 336 2870 
8088 2542 2714 1067 3006 
8089 2570 2724 2624 3069 
8090 607 730 606 2628 
8091 1246 1326 2710 2946 
8092 1474 1301 2311 2758 
8093 2630 2982 2547 3065 
8094 1960 2686 1450 2984 
8095 2324 686 875 3074 
8096 1623 1836 2627 3050 
8097 2548 2552 2530 2698 
8098 2566 2833 864 3017 
8099 1235 1293 1236 2638 
8100 709 1370 700 2754 
8101 2254 2247 868 2708 
8102 2280 2625 2279 2754 
8103 2578 2684 2557 2966 
8104 1647 2111 2469 2983 
8105 2192 2004 2509 2897 
8106 2629 2649 1868 2851 
8107 1986 2695 1826 2941 
8108 862 2636 1682 3044 
8109 1548 2713 2653 2753 
8110 2347 1553 1788 2994 
8111 2528 2735 2932 3014 
8112 1681 2636 2981 3044 
8113 371 1425 2812 2931 
8114 1000 1032 2585 2850 
8115 1881 1880 1418 2970 
8116 632 633 2314 2829 
8117 1932 1930 2696 2698 
8118 1706 1705 1704 3011 
8119 2622 2694 2533 2962 
8120 2427 1359 1256 2693 
8121 2541 2719 2578 2866 
8122 2396 2620 1412 2699 
8123 1898 3042 1910 3051 
8124 2534 2644 2711 2915 
8125 2591 2564 2614 3046 
8126 1974 2826 2853 2871 
8127 2113 1779 2691 2798 
8128 2331 2671 726 2998 
8129 2068 2021 1523 2841 
8130 2492 1932 1860 3068 
8131 1713 1412 2448 2699 
8132 2695 2876 2619 2941 
8133 2219 2292 2059 2736 
8134 2849 3075 2628 3076 
8135 2145 2887 2258 2984 
8136 2608 2653 2551 2713 
8137 376 2804 270 3063 
8138 2533 2620 2694 2759 
8139 1379 2413 2630 2825 
8140 1408 1346 971 3007 
8141 2432 2687 2605 2787 
8142 2285 2268 1940 2631 
8143 1441 1315 2745 3048 
8144 2876 2902 2695 3018 
8145 517 2923 2651 3070 
8146 1713 1712 1412 2699 
8147 1341 1287 1741 2846 
8148 2559 2667 2802 2953 
8149 2547 2639 2803 3005 
8150 1150 2704 2800 2873 
8151 1292 2745 1441 2991 
8152 874 2216 2015 2918 
8153 2701 2715 2573 3056 
8154 975 2745 2961 3048 
8155 2045 2626 2755 2886 
8156 2062 878 1807 2913 
8157 1637 2651 1636 2783 
8158 2400 1082 2734 2836 
8159 2490 2840 2158 2964 
8160 2666 2965 951 3067 
8161 2100 2493 1862 2899 
8162 2532 2832 2626 3001 
8163 2616 2682 2556 2829 
8164 2151 2464 1607 3062 
8165 1434 1678 2656 2948 
8166 2430 1462 2657 2979 
8167 2547 2674 2639 3005 
8168 2540 2671 2623 2771 
8169 897 2628 1088 2844 
8170 645 2615 637 2839 
8171 2668 2541 2866 2988 
8172 798 2615 645 2854 
8173 2579 2783 2548 2916 
8174 437 512 436 2975 
8175 873 1116 823 2752 
8176 2592 2649 1461 2884 
8177 2270 2284 2820 3004 
8178 2380 1294 1023 2677 
8179 2095 2094 2093 2816 
8180 1645 1547 1676 1339 
8181 1054 1053 1049 2968 
8182 2212 2719 2524 2926 
8183 77 76 74 544 
8184 1044 2799 916 2818 
8185 2756 2766 2579 2783 
8186 824 786 825 3038 
8187 2623 2671 2743 2771 
8188 2320 748 639 2938 
8189 1388 1430 1381 2712 
8190 2111 2109 2469 2983 
8191 568 254 335 2931 
8192 1315 1230 2594 3048 
8193 2564 2591 2538 2827 
8194 371 1425 2085 2812 
8195 2778 2875 2581 3064 
8196 1680 1962 1239 2769 
8197 1287 2709 1473 2958 
8198 2652 2835 2552 2939 
8199 2191 1908 2162 2879 
8200 1708 1334 2704 2942 
8201 2286 2787 876 2952 
8202 1104 1102 1285 2531 
8203 2550 2751 2539 2972 
8204 2768 2813 2678 2819 
8205 1951 1048 2674 2825 
8206 1659 2127 1359 2808 
8207 2810 2837 2569 2917 
8208 1151 1150 1149 2873 
8209 2619 2941 2838 3012 
8210 2575 2663 346 2764 
8211 1430 1388 1519 2712 
8212 1212 2541 2936 3002 
8213 329 2706 2764 2786 
8214 1256 1255 1254 2693 
8215 360 2834 418 3037 
8216 970 1347 2139 2911 
8217 2556 2834 2540 3037 
8218 1822 1498 1144 2868 
8219 1698 477 751 2767 
8220 724 2771 726 3058 
8221 1787 2480 2203 2835 
8222 709 2750 813 2754 
8223 1305 1304 1303 2869 
8224 1389 1388 2790 2891 
8225 2341 825 786 2914 
8226 360 372 418 2834 
8227 2689 2536 2843 2893 
8228 922 920 1106 2527 
8229 2534 2565 2915 3022 
8230 2500 2631 1930 2698 
8231 2042 2516 2148 2964 
8232 1868 2649 1783 3015 
8233 2548 2612 2686 2978 
8234 2528 2576 2606 3075 
8235 2638 2570 2842 3081 
8236 2687 2730 2605 2785 
8237 2177 1516 1602 3028 
8238 2449 2677 2589 2946 
8239 417 2575 3037 3059 
8240 997 2733 2617 2850 
8241 2711 2914 2817 2915 
8242 2725 2802 2559 2938 
8243 996 2377 1448 2699 
8244 1191 1192 1460 2910 
8245 2531 2862 1364 2937 
8246 2507 2632 2100 2903 
8247 2601 2549 2775 2902 
8248 2582 2703 2542 2705 
8249 1881 2970 1418 3003 
8250 2605 2687 2432 2852 
8251 2345 870 2195 2752 
8252 254 255 1425 333 
8253 2144 2146 2470 2908 
8254 2586 2780 2693 2803 
8255 2741 2965 1354 3027 
8256 1229 2328 1228 2711 
8257 1537 2732 790 2799 
8258 2064 2065 2613 2897 
8259 2534 2675 2565 3022 
8260 1010 1992 2381 2770 
8261 697 752 838 2767 
8262 2224 2504 2059 2736 
8263 2610 2737 2666 3067 
8264 2713 2883 2366 2956 
8265 1349 2591 1130 2690 
8266 1260 726 847 2743 
8267 1932 2423 1219 2696 
8268 2639 2825 1376 3005 
8269 1205 1204 1185 2740 
8270 607 2839 2528 2849 
8271 1271 2979 2830 3039 
8272 2374 985 983 2826 
8273 2602 2822 2579 2906 
8274 2614 2898 2564 2973 
8275 2440 2785 2175 2943 
8276 2157 2002 2149 2902 
8277 2778 2795 2619 3026 
8278 247 244 327 265 
8279 2249 1921 2722 2885 
8280 2373 2096 2052 2694 
8281 2947 2948 2811 2990 
8282 2623 2743 2642 2816 
8283 2107 2104 2408 2883 
8284 1675 1631 766 816 
8285 2213 2668 2151 2988 
8286 2635 2541 2936 2996 
8287 2322 1664 1662 2756 
8288 2434 1298 1755 2687 
8289 2479 1779 1781 2798 
8290 2257 2060 2505 2847 
8291 401 445 400 3033 
8292 2615 2839 645 2854 
8293 1693 2717 705 2928 
8294 1286 2083 2305 2896 
8295 2101 2840 2068 2841 
8296 2723 2784 2625 3031 
8297 2659 2846 2604 3045 
8298 749 2721 2334 2938 
8299 891 2658 893 2963 
8300 2568 2961 2890 3048 
8301 2495 1945 1946 2962 
8302 1401 1019 1017 2597 
8303 2554 2596 2728 2881 
8304 1135 2684 1136 2959 
8305 798 2615 1567 2935 
8306 1111 2689 658 3043 
8307 2172 2170 2498 2941 
8308 1741 2846 1287 2957 
8309 2597 2729 2544 3019 
8310 1934 2867 2647 2980 
8311 2377 2699 2658 3057 
8312 2580 3025 2818 3082 
8313 1461 1783 2649 2981 
8314 2624 2570 2705 2724 
8315 2526 2811 2922 2987 
8316 2145 2763 2452 2908 
8317 329 2575 346 2764 
8318 2553 2716 2650 3022 
8319 559 595 2310 2933 
8320 2003 2363 1702 2894 
8321 2576 2801 2667 2847 
8322 2765 2778 2600 3012 
8323 2605 2787 2687 2952 
8324 737 769 736 505 
8325 2637 2843 2536 2893 
8326 956 2047 1433 2799 
8327 2423 2696 1764 2984 
8328 1623 2467 2240 3050 
8329 2420 1207 1208 2746 
8330 688 622 2761 2822 
8331 1771 924 952 2810 
8332 485 484 2764 2975 
8333 2813 3036 2824 3048 
8334 692 691 690 2856 
8335 867 842 710 2754 
8336 2551 2584 2646 2890 
8337 2347 2602 1553 2994 
8338 2217 742 2651 2692 
8339 2544 2679 1027 3048 
8340 2740 2865 2580 2945 
8341 1820 2778 1831 2875 
8342 519 601 597 3059 
8343 782 2340 781 2766 
8344 2120 2696 2450 2898 
8345 1840 1167 2411 2857 
8346 1231 2594 1230 2813 
8347 1663 576 516 2756 
8348 1195 2643 1045 2799 
8349 2568 2646 2551 2653 
8350 2482 2871 1806 3073 
8351 104 130 307 40 
8352 833 2628 607 2735 
8353 1608 1606 2462 2929 
8354 2569 2837 2697 3055 
8355 1412 2620 2448 2699 
8356 2085 1732 371 2717 
8357 2611 2810 2823 2985 
8358 2571 2715 2701 2897 
8359 1702 2781 2634 2894 
8360 2608 2753 2596 2976 
8361 2569 2539 2666 2982 
8362 1535 2884 2649 3024 
8363 336 334 337 3063 
8364 1201 2892 2842 3082 
8365 2062 1807 2092 2913 
8366 1817 2846 1741 2957 
8367 825 1595 1596 2914 
8368 2197 2405 2118 2723 
8369 1311 1999 1782 2905 
8370 799 2735 2615 2935 
8371 1834 1819 1740 2803 
8372 2610 2662 2661 2878 
8373 2613 2817 2914 2915 
8374 2567 2540 2680 2874 
8375 2577 2772 2798 2878 
8376 2559 2576 2801 2802 
8377 2196 2186 2747 3049 
8378 1809 2731 2397 3000 
8379 1060 2901 882 2959 
8380 2542 2703 2582 2924 
8381 1872 2607 1189 2618 
8382 2611 2823 2841 2985 
8383 1578 2590 1480 2967 
8384 1294 2677 1435 2946 
8385 1478 2452 1939 2908 
8386 2551 2653 2608 2976 
8387 2666 2810 2569 2814 
8388 2058 2962 2888 2963 
8389 706 2717 2680 2931 
8390 958 2638 1293 2792 
8391 2230 2027 2512 2871 
8392 746 1567 798 2854 
8393 1004 1436 2380 2677 
8394 2549 2601 2775 2841 
8395 1897 770 2336 2939 
8396 1709 1937 2409 2925 
8397 597 2732 518 2806 
8398 1611 2658 2354 2699 
8399 1483 1037 2389 3055 
8400 2467 1624 1850 2673 
8401 2196 2747 2951 3049 
8402 2716 2947 2598 2990 
8403 1215 1721 608 553 
8404 564 518 2732 2742 
8405 577 1927 2314 2928 
8406 887 1358 1357 2935 
8407 1167 1168 2411 2857 
8408 2602 1007 2939 2994 
8409 2533 2932 2779 3013 
8410 675 855 2553 2948 
8411 2608 2713 2551 2873 
8412 1036 2239 2390 2697 
8413 2643 3020 2806 3034 
8414 1281 1205 1453 2865 
8415 2532 2678 2813 2819 
8416 1289 1243 1288 2706 
8417 2060 2847 2801 2944 
8418 910 2768 914 3040 
8419 2531 2739 2577 2996 
8420 2213 1849 2488 2988 
8421 1974 2727 2826 2871 
8422 1757 1758 2477 2715 
8423 2319 2682 2829 2856 
8424 1417 2011 2570 2705 
8425 2558 3000 2853 3073 
8426 1358 2735 800 2935 
8427 2724 2734 2624 3069 
8428 2536 2817 2637 2834 
8429 2345 2195 2014 2752 
8430 2742 2555 2990 3022 
8431 2694 2731 2033 3000 
8432 2556 2616 2540 2682 
8433 1450 2686 1959 2898 
8434 921 922 2527 2936 
8435 875 874 876 2918 
8436 2121 2903 2898 2973 
8437 1496 1200 1627 1480 
8438 1473 2709 2846 2919 
8439 2691 2926 2578 2986 
8440 1018 2746 2702 3019 
8441 2796 2918 686 3074 
8442 898 2606 897 3010 
8443 2329 739 740 3074 
8444 1199 2888 2057 3010 
8445 1322 2854 747 2911 
8446 2551 2646 2568 2890 
8447 1974 983 2375 2826 
8448 2600 2664 2765 2954 
8449 2138 517 453 2651 
8450 1754 2014 2785 2952 
8451 2475 2747 2925 2951 
8452 578 1423 2299 2928 
8453 559 2773 537 2933 
8454 2305 2395 2801 2896 
8455 571 672 769 505 
8456 1345 2306 2776 2814 
8457 860 2682 2333 2771 
8458 2577 2772 2691 2798 
8459 133 170 166 169 
8460 896 1651 898 3010 
8461 1825 1826 2695 3026 
8462 1527 1526 1505 2917 
8463 1116 873 871 2918 
8464 2181 2911 2139 2935 
8465 1982 2888 2243 3010 
8466 2595 2665 2649 2981 
8467 2175 2195 2264 2785 
8468 2624 2705 2570 2718 
8469 604 2733 655 3079 
8470 1004 1917 1436 2677 
8471 1578 1551 1480 2590 
8472 2535 2811 3069 3081 
8473 278 2855 2645 3063 
8474 597 2806 518 3059 
8475 1777 2718 2629 2782 
8476 1048 3041 2674 3051 
8477 1435 1794 2431 2946 
8478 485 2764 357 2975 
8479 1425 255 404 333 
8480 2806 3020 2709 3034 
8481 1274 1874 2690 3003 
8482 2581 2795 2778 3026 
8483 1958 2479 1781 3018 
8484 744 2333 745 2771 
8485 1716 653 650 2672 
8486 1070 2772 2577 2878 
8487 237 68 26 62 
8488 2588 2953 2692 3009 
8489 2625 2765 2723 3031 
8490 316 291 1197 317 
8491 1271 2830 2618 3039 
8492 1696 658 1111 2689 
8493 1057 2219 2060 2944 
8494 1667 1776 1106 2967 
8495 2604 2997 2738 3052 
8496 1206 1265 2793 3025 
8497 2436 2787 1684 2852 
8498 1760 1163 1546 2919 
8499 1294 1436 1435 2677 
8500 2287 517 2138 2651 
8501 1716 648 1889 2672 
8502 919 1067 2714 3006 
8503 2387 1025 2770 2858 
8504 2189 2887 2707 3073 
8505 1926 468 858 3032 
8506 2188 2707 2871 3073 
8507 2113 2691 2772 2798 
8508 1754 1756 1755 2687 
8509 1794 1307 2431 2710 
8510 2543 2725 2654 3061 
8511 2581 2875 2778 2960 
8512 2517 2045 2046 2755 
8513 2583 2648 536 2933 
8514 851 1962 1697 2748 
8515 2033 2853 2694 3000 
8516 2718 2934 2716 2947 
8517 1676 2137 1011 2709 
8518 2427 2640 1659 2808 
8519 2949 3075 2543 3076 
8520 2396 1058 2620 3057 
8521 1734 1896 2586 2700 
8522 1603 1604 2383 1605 
8523 2468 2766 1786 2783 
8524 2204 2510 2017 2835 
8525 2464 2073 1606 3062 
8526 825 2914 2816 3038 
8527 2216 2918 2752 2952 
8528 1199 2888 2622 2963 
8529 2626 2885 2646 3001 
8530 1503 2455 2589 2970 
8531 228 246 214 1068 
8532 1649 2031 2887 2983 
8533 2814 2917 2630 2979 
8534 2561 2723 2954 3031 
8535 463 464 2089 2933 
8536 829 2709 2806 2893 
8537 951 2360 1947 2965 
8538 523 2804 2680 2864 
8539 2631 2548 2835 2994 
8540 2730 2785 2687 2943 
8541 2628 3075 2949 3076 
8542 687 680 871 2796 
8543 2645 2726 521 2855 
8544 2594 2961 2745 3048 
8545 2276 1828 2155 2629 
8546 1567 2181 2615 2911 
8547 1328 1307 2607 2830 
8548 2709 2957 2689 2958 
8549 2495 2058 1945 2962 
8550 2643 1045 2799 2818 
8551 2503 1976 2083 2721 
8552 2601 2840 2720 2964 
8553 1070 2577 2772 2858 
8554 2366 2713 2103 2873 
8555 1889 1731 1890 3023 
8556 44 50 66 69 
8557 579 2314 633 2829 
8558 2839 2854 2530 2906 
8559 2568 2824 2679 3048 
8560 896 903 2622 2932 
8561 2171 2289 2254 2838 
8562 2569 2810 2697 2837 
8563 373 337 521 2855 
8564 736 708 866 2900 
8565 2649 2981 2860 2989 
8566 2579 2766 2756 3023 
8567 2534 2915 2742 3022 
8568 2540 2616 2556 3037 
8569 1958 1781 1957 3018 
8570 874 876 2918 2952 
8571 682 2323 681 2796 
8572 2284 1033 2820 3004 
8573 1973 2502 2225 2727 
8574 2294 2470 2146 2908 
8575 1777 2718 2592 2884 
8576 1436 1294 2380 2677 
8577 944 1766 2367 2940 
8578 1359 2693 2427 2808 
8579 2172 2838 2828 2941 
8580 1166 2639 2808 3055 
8581 2375 1805 1974 2853 
8582 783 2669 1137 2911 
8583 743 1636 1637 2651 
8584 2373 2033 2096 2694 
8585 2547 2639 2693 2857 
8586 2532 2813 2891 3036 
8587 1566 1344 2435 2979 
8588 2613 2852 2701 3072 
8589 2555 2882 2701 3072 
8590 2720 2810 2611 2985 
8591 2564 2633 2978 3046 
8592 1080 2842 2818 3082 
8593 1493 2848 1807 2913 
8594 363 230 274 338 
8595 1124 2638 1236 2892 
8596 2604 2793 2919 3020 
8597 2558 2727 2826 2888 
8598 793 2802 602 2938 
8599 2582 2747 2704 2924 
8600 2547 2803 2674 3005 
8601 1999 2905 1311 2912 
8602 1427 1437 1438 3036 
8603 449 2692 453 2923 
8604 897 2606 898 2949 
8605 2683 2833 2566 3028 
8606 1834 1740 1739 2803 
8607 2017 888 2352 2939 
8608 2589 2655 2546 2677 
8609 1668 2967 2937 2980 
8610 2539 2751 2621 2863 
8611 2547 2803 2639 2857 
8612 2120 1452 2450 2696 
8613 609 736 672 505 
8614 1559 1572 1227 2750 
8615 2662 2814 2368 3067 
8616 2262 2264 2716 2943 
8617 1803 1996 1802 2618 
8618 36 104 41 129 
8619 2203 2631 2204 2835 
8620 2695 2619 2795 3026 
8621 1583 1510 899 2932 
8622 2526 2987 2660 3020 
8623 2692 2849 2681 3061 
8624 1163 2793 977 2818 
8625 1678 778 2656 2948 
8626 1926 2327 1847 2829 
8627 2818 2842 2580 3082 
8628 359 2933 2583 3037 
8629 2285 2480 2268 2631 
8630 16 13 17 2930 
8631 2604 2843 2997 3020 
8632 1526 953 1343 2917 
8633 1759 2478 1758 2715 
8634 2073 2493 2072 2632 
8635 2744 2780 2550 2788 
8636 1004 2677 1006 2770 
8637 630 2906 688 2950 
8638 725 828 643 3058 
8639 794 602 793 2802 
8640 1889 776 1716 2672 
8641 2602 1553 2994 3077 
8642 1690 2779 900 2968 
8643 816 766 1733 670 
8644 2608 2976 2574 3021 
8645 1258 2544 1971 2729 
8646 2665 2951 1717 3024 
8647 2028 2190 2512 2871 
8648 2348 1260 847 2743 
8649 1203 1664 2322 2756 
8650 1379 2630 1173 3016 
8651 2340 782 1909 2766 
8652 1676 2709 1011 2958 
8653 536 2648 2583 2907 
8654 575 2756 1664 3023 
8655 1193 2591 1131 2609 
8656 2582 2624 2703 2705 
8657 1182 2697 960 2837 
8658 1976 2083 2721 2896 
8659 2589 2590 2538 3003 
8660 2607 2980 1872 3053 
8661 951 2965 1947 3067 
8662 2693 2788 2586 2912 
8663 2069 2774 2071 2973 
8664 1805 1974 2853 2871 
8665 2417 1182 2837 3055 
8666 2536 2623 2834 2874 
8667 2105 1149 2104 2873 
8668 1211 2769 1210 2957 
8669 2546 2859 2599 2996 
8670 783 2669 2854 2950 
8671 2827 2854 2669 3046 
8672 129 134 70 307 
8673 1170 958 959 2705 
8674 1547 1195 2799 3034 
8675 2720 2840 2601 2841 
8676 1124 1471 1236 2638 
8677 2822 2906 2676 2920 
8678 804 880 1426 2809 
8679 2425 2306 1226 2662 
8680 637 645 799 2615 
8681 1998 2250 1207 2815 
8682 2546 2967 2572 2996 
8683 1125 1563 1561 2862 
8684 1697 697 802 850 
8685 2530 2652 2633 2698 
8686 57 74 76 128 
8687 2542 2910 1067 2991 
8688 1699 1951 2674 3005 
8689 1953 1395 2894 2909 
8690 2577 2599 2739 2772 
8691 1806 1804 2481 2853 
8692 2390 2239 2020 2974 
8693 1067 2910 2542 3006 
8694 2340 2766 1909 2908 
8695 1168 2857 2639 3005 
8696 2326 691 2022 2856 
8697 2533 2932 3013 3014 
8698 1479 1241 2426 2702 
8699 2204 1931 2273 2698 
8700 1052 3045 2738 3052 
8701 1794 2710 2431 2946 
8702 316 1197 406 368 
8703 146 338 242 241 
8704 2380 1006 2677 2770 
8705 1448 2377 1884 2699 
8706 1161 1162 2399 2641 
8707 1482 1310 2845 3007 
8708 1223 2424 2702 2789 
8709 906 907 2357 3012 
8710 1091 2658 2779 3057 
8711 2646 2568 2824 3001 
8712 944 2881 1766 2940 
8713 1282 1818 1769 2905 
8714 955 1533 915 2799 
8715 1268 1267 1266 2911 
8716 983 1973 2374 2727 
8717 2727 2888 2606 2944 
8718 850 1697 697 2767 
8719 842 768 710 2754 
8720 2835 2939 1007 2994 
8721 2625 863 2754 2900 
8722 2711 2787 2613 2915 
8723 2206 2506 2707 2983 
8724 2324 2796 686 3074 
8725 2365 2626 2045 2886 
8726 574 575 2672 2920 
8727 1987 470 2150 3032 
8728 370 2804 335 2931 
8729 1155 2669 1728 2950 
8730 2493 2100 2072 2632 
8731 54 4 32 727 
8732 2609 2614 2533 3014 
8733 1532 1152 913 3034 
8734 1653 781 2340 2766 
8735 2549 2601 2741 2902 
8736 1455 1360 1359 2857 
8737 418 417 2834 3059 
8738 1112 2820 1033 3004 
8739 766 2296 1857 2955 
8740 2392 1795 3042 3051 
8741 2541 1002 2966 3002 
8742 2680 2717 1693 2889 
8743 1868 2649 2629 2884 
8744 2506 2736 2707 2847 
8745 748 749 2938 3079 
8746 2570 2842 2656 2948 
8747 2701 2897 2613 3072 
8748 1662 517 2651 2756 
8749 1802 1566 1564 2830 
8750 2628 2844 1522 3060 
8751 630 2854 2906 2950 
8752 850 697 838 2767 
8753 1959 2501 2097 3073 
8754 2257 2801 1057 2944 
8755 334 370 524 3063 
8756 2683 2566 2833 2959 
8757 2653 2713 2608 2753 
8758 1665 1385 1122 2729 
8759 1137 2669 1038 3035 
8760 704 708 736 2900 
8761 1800 2378 2620 2962 
8762 1265 2818 3025 3082 
8763 2523 2197 2199 2861 
8764 2392 3041 1047 3051 
8765 2639 2674 2547 2825 
8766 2074 1746 1747 3077 
8767 1102 1134 1430 2712 
8768 2595 2784 2723 3031 
8769 1682 1994 1681 2636 
8770 2435 1565 1566 2830 
8771 2708 2765 2625 2901 
8772 2552 2761 2652 2939 
8773 2602 2994 2672 3077 
8774 1365 2936 2531 2937 
8775 1153 1040 2669 3035 
8776 2427 2693 1254 2788 
8777 1871 2757 1870 3078 
8778 1172 2837 1505 2917 
8779 371 2812 2717 2931 
8780 2289 2133 2708 2838 
8781 470 2812 2907 3032 
8782 1141 2989 2665 3024 
8783 2797 2890 2594 2977 
8784 2634 2728 2596 2881 
8785 618 2663 2650 2762 
8786 417 3037 2834 3059 
8787 2589 2774 1915 2970 
8788 25 26 237 236 
8789 2568 2679 2789 2815 
8790 2377 994 1610 2699 
8791 564 518 2742 2904 
8792 278 2645 378 3063 
8793 644 1978 2733 2864 
8794 2101 2164 2840 2841 
8795 2401 2730 1351 2943 
8796 2431 2859 2807 2980 
8797 2436 1314 1684 2787 
8798 2623 2743 2671 2874 
8799 1385 2729 1971 2791 
8800 2635 2929 2632 3062 
8801 2551 2924 2797 3021 
8802 2602 2579 2822 2920 
8803 2289 2708 2254 2838 
8804 517 516 447 2923 
8805 2720 2965 2810 2985 
8806 1052 2009 2909 3045 
8807 2839 3014 2978 3046 
8808 2288 2278 2169 2838 
8809 862 2625 863 2754 
8810 2596 2872 2836 2880 
8811 2711 2758 2556 2856 
8812 1959 2898 2686 3073 
8813 128 74 76 544 
8814 2602 2920 2822 3077 
8815 2577 2858 1070 2878 
8816 2533 2694 2731 2759 
8817 602 639 2938 3009 
8818 2538 2590 2589 2807 
8819 970 1266 2077 2911 
8820 2238 2749 2869 2926 
8821 688 631 2822 2906 
8822 2600 2625 2765 2901 
8823 683 681 684 2675 
8824 951 2814 2666 3067 
8825 2547 2693 2803 2857 
8826 523 2733 524 2804 
8827 2778 2581 3026 3064 
8828 2687 2785 2605 2952 
8829 865 864 2833 3017 
8830 1759 1758 1757 2715 
8831 1152 790 2732 2799 
8832 1898 1793 2587 2657 
8833 2432 2787 2605 2852 
8834 673 817 1631 1398 
8835 2200 2728 2634 2881 
8836 745 2330 724 2771 
8837 2477 1758 2004 2715 
8838 1440 2735 1414 2932 
8839 744 860 2333 2771 
8840 673 866 672 732 
8841 1656 2550 2780 2972 
8842 1037 2391 1036 2697 
8843 2283 2520 2270 2820 
8844 1087 883 1822 2688 
8845 230 363 414 396 
8846 1072 1812 2200 2881 
8847 1811 2634 2880 2881 
8848 1696 2689 1111 2995 
8849 773 676 1181 2761 
8850 2375 1974 2826 2853 
8851 2333 2771 2682 3038 
8852 2187 1143 1535 2851 
8853 2546 2807 2677 2859 
8854 1233 1321 1065 2868 
8855 432 438 533 410 
8856 1654 2370 1655 2697 
8857 1057 2801 2395 2944 
8858 571 769 572 505 
8859 1694 831 1858 2958 
8860 2650 2752 2716 2782 
8861 2427 2788 2640 2808 
8862 2211 2451 2258 2887 
8863 1207 2702 1209 2746 
8864 1953 1250 2738 2894 
8865 2851 2992 2750 3015 
8866 2411 2857 1168 3005 
8867 1960 2501 1959 3073 
8868 869 2629 2155 2782 
8869 529 527 805 806 
8870 1960 2887 2686 2984 
8871 2479 2798 1781 3018 
8872 2672 2920 2602 3077 
8873 2187 1143 2851 2860 
8874 1320 1321 2868 3044 
8875 783 2854 2669 2911 
8876 2708 2765 2600 3012 
8877 2617 2733 2726 3079 
8878 883 1087 1086 2688 
8879 1858 1264 989 2995 
8880 1242 1223 2424 2702 
8881 975 2745 1447 2792 
8882 2531 2572 2562 2862 
8883 2123 2836 2400 2942 
8884 1379 2825 2630 3016 
8885 1517 2986 2683 3028 
8886 2715 2757 2571 3078 
8887 865 764 864 3017 
8888 2619 2600 2778 3012 
8889 2572 2967 2936 2996 
8890 1209 2419 1223 2702 
8891 786 2856 784 2914 
8892 2096 2826 2694 2853 
8893 384 426 549 1497 
8894 2553 2948 2947 2990 
8895 2151 2866 2668 3062 
8896 947 2566 2900 2901 
8897 2542 2665 2592 2951 
8898 2532 2621 2751 2891 
8899 2363 2894 2003 3056 
8900 706 371 2717 2931 
8901 2546 2807 2572 2967 
8902 656 2138 453 2651 
8903 2365 1524 1920 2885 
8904 1532 2799 1152 3034 
8905 2528 2978 2839 3014 
8906 2126 2391 1165 3055 
8907 1359 2427 1659 2808 
8908 2580 2638 2842 3081 
8909 127 221 128 544 
8910 2546 2527 2967 2996 
8911 2562 2572 2531 2577 
8912 2546 2635 2599 2929 
8913 568 335 270 2931 
8914 2492 1931 1932 3068 
8915 1601 1398 865 3017 
8916 2085 1423 1424 2812 
8917 2668 2866 2151 2988 
8918 2577 2739 2691 2772 
8919 748 749 2334 2938 
8920 1291 919 2714 3006 
8921 2546 2677 2655 2929 
8922 2579 2783 2916 3070 
8923 1426 1573 2809 2844 
8924 2709 2919 2137 3034 
8925 2492 2273 1931 3068 
8926 1138 2669 1040 3035 
8927 378 2645 277 3063 
8928 1360 1256 1359 2857 
8929 1564 2830 1328 2867 
8930 2090 1877 2757 2913 
8931 2586 2693 2780 2788 
8932 1462 2657 1367 3039 
8933 1696 1111 1858 2995 
8934 1065 914 2868 3040 
8935 607 799 2735 2839 
8936 562 2312 561 2758 
8937 2735 1414 2932 3013 
8938 907 905 2355 2941 
8939 2421 2696 2633 2899 
8940 1247 2710 1794 2946 
8941 1935 1667 1668 2980 
8942 2539 2982 2569 3065 
8943 746 1322 1567 2854 
8944 1005 1004 1006 2770 
8945 2591 2731 2614 2973 
8946 2653 2976 2551 3021 
8947 2502 2225 2727 2871 
8948 2236 1518 2749 2986 
8949 2376 2052 984 2826 
8950 1716 650 648 2672 
8951 1379 2825 3016 3051 
8952 1517 2683 2828 3028 
8953 1847 2327 692 2829 
8954 2713 2873 2366 2883 
8955 1307 2710 2607 2971 
8956 1309 2306 2425 2776 
8957 1653 2766 2340 2908 
8958 2126 1165 2808 3055 
8959 2655 2927 2564 3054 
8960 396 2764 414 2786 
8961 352 377 2654 3076 
8962 1826 907 2941 3026 
8963 2175 2014 2195 2785 
8964 2625 2868 1320 2901 
8965 978 2793 1760 2919 
8966 1364 2862 1563 2937 
8967 642 522 2680 2864 
8968 1637 2756 2651 2783 
8969 1401 945 946 2940 
8970 2828 2838 2619 2941 
8971 213 247 227 327 
8972 2710 2946 1326 3003 
8973 1183 2417 1182 2837 
8974 416 582 1197 368 
8975 2528 2849 2588 2953 
8976 2125 2385 2124 2872 
8977 576 1663 575 2756 
8978 977 2793 1265 2818 
8979 2641 2781 2634 2880 
8980 813 1227 1572 2750 
8981 1569 1576 1743 2863 
8982 449 453 2681 2923 
8983 2715 2909 2573 3056 
8984 178 225 179 205 
8985 270 376 375 2804 
8986 2388 1025 1115 2858 
8987 2598 2535 2922 3069 
8988 2725 2726 2654 3061 
8989 1077 2398 1076 2970 
8990 2599 2677 2546 2929 
8991 1088 1573 1216 2844 
8992 2625 2279 2754 2784 
8993 1341 1473 1287 2846 
8994 2550 2788 2640 2895 
8995 2387 2858 2770 2859 
8996 2539 2972 2610 2982 
8997 2417 1377 1182 3055 
8998 2519 2898 2098 2973 
8999 1905 1605 2772 2798 
9000 105 103 101 1707 
9001 2232 2151 2213 2668 
9002 2591 2827 2564 3046 
9003 1281 1369 2865 2892 
9004 2269 2727 2292 2736 
9005 2437 1332 2777 2921 
9006 2496 2271 2210 2757 
9007 2338 780 2672 3023 
9008 1342 1343 2814 2917 
9009 2768 2868 914 3040 
9010 2276 2851 2629 2992 
9011 945 1249 1812 2881 
9012 1766 2753 2367 2940 
9013 275 230 356 414 
9014 2473 2126 2127 2808 
9015 576 516 2756 2920 
9016 2045 2755 2106 2886 
9017 1291 3031 1065 3044 
9018 2323 684 681 2796 
9019 1416 2842 928 2948 
9020 1428 1231 1230 2813 
9021 2640 2823 2808 3065 
9022 1456 1454 2803 2857 
9023 2619 2695 2941 3026 
9024 1322 747 1267 2911 
9025 1256 2693 1359 2857 
9026 2492 1860 1861 3068 
9027 619 2553 779 2948 
9028 178 179 225 801 
9029 1825 2484 2002 2902 
9030 1940 2454 1478 2908 
9031 2098 2519 2097 2898 
9032 2115 2522 2106 3064 
9033 1889 2672 1731 3023 
9034 2450 2696 1452 2898 
9035 326 241 338 471 
9036 2710 2431 2807 2980 
9037 2715 2571 2909 3078 
9038 632 2829 2682 2889 
9039 2766 2908 1653 2994 
9040 2467 2673 2988 3080 
9041 2735 2935 887 3013 
9042 1079 993 2846 3045 
9043 2151 2668 2464 3062 
9044 708 736 672 609 
9045 994 2377 996 2699 
9046 73 108 1068 344 
9047 1171 2910 1147 2969 
9048 1896 1734 2586 2780 
9049 2543 2809 2949 3076 
9050 917 2799 913 3034 
9051 2186 2152 2747 3049 
9052 2480 2631 2203 2835 
9053 2380 2677 1023 2770 
9054 2707 2736 2512 2871 
9055 829 2806 2709 3034 
9056 2068 2439 2021 2840 
9057 2633 2898 2121 2903 
9058 2284 1112 1033 3004 
9059 1988 2060 2736 2847 
9060 2058 1948 2057 2888 
9061 2611 2840 2720 2841 
9062 1434 2656 1416 2948 
9063 2217 2218 600 2692 
9064 1700 2700 2586 2905 
9065 1057 2257 2395 2801 
9066 2564 2530 2633 3046 
9067 1161 2641 2399 2836 
9068 2279 2625 2116 2784 
9069 2656 2811 2987 3081 
9070 1557 1362 1363 1950 
9071 817 1631 733 673 
9072 1212 2541 1002 2966 
9073 70 36 134 129 
9074 2035 2360 2720 2965 
9075 971 1310 2845 3035 
9076 1065 3031 2868 3044 
9077 1534 2951 2884 3024 
9078 2734 2934 2598 2943 
9079 1667 2967 1668 2980 
9080 2570 2624 2718 2947 
9081 1334 2734 1333 2921 
9082 698 753 802 754 
9083 417 418 2834 3037 
9084 2615 2854 2827 3046 
9085 1165 2808 1166 2857 
9086 902 903 2932 2963 
9087 1166 2808 2639 2857 
9088 2229 2280 2247 2708 
9089 1524 2458 1921 2722 
9090 716 676 738 2761 
9091 2133 905 2356 3012 
9092 1905 1605 2383 2772 
9093 2427 2693 2788 2808 
9094 1081 2399 2641 2836 
9095 126 172 233 174 
9096 1092 2688 1140 2790 
9097 857 820 2222 2750 
9098 2634 2596 2880 2881 
9099 484 2764 1243 2786 
9100 241 242 363 338 
9101 867 710 704 2754 
9102 2572 2577 2562 2858 
9103 2814 2917 2569 2982 
9104 2192 2509 2251 2897 
9105 1939 2631 1940 2908 
9106 2568 2746 2653 2961 
9107 2800 2861 2593 3049 
9108 899 1414 2779 2932 
9109 377 526 2809 3076 
9110 812 762 2010 1393 
9111 2650 2663 515 2904 
9112 921 2527 922 2760 
9113 866 672 732 708 
9114 2294 2763 2470 2908 
9115 2378 994 995 2699 
9116 915 1533 1041 2799 
9117 552 601 2834 2893 
9118 551 573 617 512 
9119 1299 2842 1201 2892 
9120 2090 2244 1877 3004 
9121 1777 1460 2592 2910 
9122 545 880 881 528 
9123 1842 2562 2661 3053 
9124 2365 1920 2626 2885 
9125 863 862 1290 2625 
9126 2499 2885 2646 2956 
9127 1730 648 2672 3023 
9128 2639 2808 2569 3065 
9129 1303 2236 1305 2749 
9130 2641 2781 1022 2879 
9131 1231 2594 2813 3040 
9132 917 1532 913 2799 
9133 1386 1936 1471 2792 
9134 2625 2901 2600 2954 
9135 1197 368 582 2681 
9136 2660 2738 2573 2997 
9137 2063 2501 1985 3073 
9138 2834 3037 2637 3059 
9139 2120 2633 2696 2898 
9140 2789 2885 2722 3001 
9141 1718 2703 2263 2951 
9142 2571 2897 2701 3072 
9143 679 2629 2782 2992 
9144 2710 2807 2431 2946 
9145 2144 2763 2145 2908 
9146 2635 2655 2632 2929 
9147 2681 2692 2588 2849 
9148 1687 1375 2445 3005 
9149 1934 1935 2607 2980 
9150 768 1705 2750 3011 
9151 2397 2731 2591 2973 
9152 1616 1739 1923 2803 
9153 1994 2636 1682 2754 
9154 2560 2547 2630 2982 
9155 792 2732 597 2806 
9156 825 2341 1595 2914 
9157 2565 2675 2534 2685 
9158 1106 1560 1667 2937 
9159 2543 3075 2849 3076 
9160 2613 2817 2915 3072 
9161 2277 3017 2108 3028 
9162 2596 2753 2608 2872 
9163 2548 2633 2696 2698 
9164 2357 1820 906 2778 
9165 1479 2702 2700 3019 
9166 517 453 2651 2923 
9167 651 1746 590 3077 
9168 356 276 275 414 
9169 2592 2718 1777 2969 
9170 2119 2097 2519 2898 
9171 312 2907 348 3033 
9172 1079 986 993 3045 
9173 2137 2709 1473 2919 
9174 1324 1131 2759 2968 
9175 1819 1834 1740 2905 
9176 910 1096 2768 3040 
9177 1080 1201 1074 2842 
9178 2182 1718 1938 2703 
9179 455 352 2654 3076 
9180 2621 2532 2751 2832 
9181 522 523 2680 2864 
9182 2108 3017 1602 3028 
9183 2097 3000 2898 3073 
9184 2546 2655 2635 2929 
9185 2237 2134 2236 2986 
9186 1151 2409 1150 2704 
9187 1611 2658 2699 2962 
9188 1996 1366 1802 2618 
9189 713 2663 714 2975 
9190 1505 1176 2371 2837 
9191 1612 2544 1258 2700 
9192 1524 2722 1921 2885 
9193 1416 2656 927 2842 
9194 865 1398 764 3017 
9195 1662 1664 1663 2756 
9196 672 534 732 708 
9197 1991 2632 2655 2929 
9198 2217 566 541 2651 
9199 2778 2619 3012 3026 
9200 1733 815 2296 2955 
9201 1951 1615 1699 2674 
9202 1017 2597 1018 3019 
9203 2686 2707 2612 2887 
9204 2540 2834 2623 2874 
9205 363 242 230 338 
9206 778 779 2732 2948 
9207 446 859 400 2907 
9208 2249 1619 2424 2895 
9209 2546 2655 2589 3054 
9210 2583 2616 2556 2758 
9211 2532 2824 2813 3036 
9212 885 887 2935 3013 
9213 2654 2725 2543 2726 
9214 2269 2736 2219 2944 
9215 2724 2638 2945 3081 
9216 559 2310 558 2773 
9217 1559 1465 2750 2992 
9218 2447 1925 1410 3047 
9219 2336 846 2602 2993 
9220 358 241 363 326 
9221 1776 1200 1105 1480 
9222 2375 2096 1804 2853 
9223 2552 2822 2602 2906 
9224 2941 3012 2619 3026 
9225 1601 865 2833 3017 
9226 2707 2887 2686 3073 
9227 1068 108 134 344 
9228 418 2834 519 3059 
9229 2712 2862 2562 2863 
9230 1608 1606 2929 3062 
9231 1352 2687 1351 2730 
9232 2087 2323 682 2999 
9233 2264 2785 2716 2943 
9234 2643 2793 2987 3020 
9235 684 2675 681 2796 
9236 974 2961 2544 3048 
9237 893 2658 2354 2963 
9238 1875 1882 1419 3003 
9239 2540 2680 2671 2771 
9240 900 2779 2609 2968 
9241 2031 2513 2887 2983 
9242 2778 2795 2581 2960 
9243 2262 2185 2184 2934 
9244 2084 1927 577 3032 
9245 1655 1622 1483 3055 
9246 2300 876 2286 2787 
9247 605 474 2726 3061 
9248 2375 983 984 2826 
9249 1668 2862 2572 2937 
9250 1425 333 404 2812 
9251 2599 1992 2770 2929 
9252 1440 887 1414 2735 
9253 1656 2550 1026 2780 
9254 709 610 710 700 
9255 2643 2919 2793 3020 
9256 947 2566 864 2900 
9257 1830 1820 1831 2875 
9258 73 70 134 307 
9259 1573 1088 1575 2809 
9260 1116 2752 873 2918 
9261 2341 786 784 2914 
9262 2275 2298 2221 2851 
9263 352 2654 377 2855 
9264 1378 3016 1641 3051 
9265 2708 2900 2566 2901 
9266 2276 1828 2629 2851 
9267 1988 2736 1989 2847 
9268 1096 1062 910 2768 
9269 2555 2613 2915 3072 
9270 2586 2780 2744 2788 
9271 2528 2612 2916 2978 
9272 523 522 524 2733 
9273 821 2752 2650 2782 
9274 1934 2647 2590 2980 
9275 679 2629 869 2782 
9276 866 736 672 708 
9277 1103 2684 1104 2966 
9278 606 2628 664 2844 
9279 2536 2748 2848 2874 
9280 726 2671 725 3058 
9281 1730 1731 648 3023 
9282 2365 2102 1523 1524 
9283 2208 772 2214 2993 
9284 956 1433 955 2799 
9285 1935 1872 1934 2607 
9286 1085 2738 2728 2740 
9287 552 750 601 2893 
9288 1281 1453 1361 2729 
9289 1142 2784 2117 2989 
9290 1535 1536 2851 2884 
9291 1631 1601 1675 2955 
9292 2367 2753 1550 2940 
9293 128 102 127 544 
9294 1713 2448 2620 2699 
9295 793 2334 2802 2938 
9296 1550 1549 1548 2753 
9297 1766 2881 2753 2940 
9298 2534 2742 2637 3059 
9299 748 654 749 3079 
9300 2160 2833 882 2959 
9301 1246 2710 1247 2946 
9302 2320 654 748 3079 
9303 2431 1307 1308 2971 
9304 677 767 2207 676 
9305 2280 868 2708 2900 
9306 2437 1709 1334 2921 
9307 1736 1330 1331 3060 
9308 2122 1114 1295 2859 
9309 1601 2833 1675 2955 
9310 289 268 258 2870 
9311 1571 2636 2750 3015 
9312 1898 2657 2587 3051 
9313 2582 2747 2703 2925 
9314 2801 2896 2395 2944 
9315 1571 1783 2636 3015 
9316 1125 1563 2862 2937 
9317 2556 2583 2534 3037 
9318 1254 1587 1841 2788 
9319 2161 2781 929 3056 
9320 318 2804 375 3071 
9321 1051 1049 1324 2759 
9322 1551 1408 1482 3007 
9323 2338 776 1889 2672 
9324 1937 1709 1938 2925 
9325 1604 2599 1603 2772 
9326 2029 2027 2502 2871 
9327 705 2717 1424 2928 
9328 2168 2875 1831 3064 
9329 1907 2399 1162 2879 
9330 890 3008 2761 3030 
9331 553 2844 2809 3076 
9332 73 70 108 134 
9333 1796 1795 1047 3051 
9334 971 2827 970 2911 
9335 2544 2568 2746 2815 
9336 1230 1570 1428 3048 
9337 2531 2577 2572 2996 
9338 1495 1257 1382 2700 
9339 2541 2673 2627 3080 
9340 2054 2788 1841 2895 
9341 2625 2868 2901 2954 
9342 1275 2630 2917 2979 
9343 783 1138 2669 2950 
9344 1535 2851 2649 2884 
9345 2747 2800 2593 3049 
9346 1482 1408 1310 3007 
9347 2543 2654 2953 3061 
9348 944 1703 1766 2881 
9349 2536 2689 2748 3043 
9350 370 2804 524 3063 
9351 973 964 2731 2759 
9352 2789 2824 2568 3001 
9353 2116 2279 2280 2625 
9354 109 110 88 89 
9355 2800 2873 2584 2883 
9356 1697 854 851 850 
9357 2608 2836 2596 2872 
9358 1288 2706 1243 2764 
9359 741 2324 740 3074 
9360 606 455 2849 3076 
9361 2542 2592 2703 2951 
9362 973 2620 1050 2759 
9363 2533 2658 2779 2932 
9364 2598 2785 2730 2943 
9365 2473 2127 1659 2808 
9366 1372 2414 1374 3016 
9367 2882 2922 2573 2997 
9368 1048 1594 2393 2825 
9369 101 102 127 1707 
9370 2614 2564 2978 3046 
9371 575 2920 576 3023 
9372 1869 1871 1870 3078 
9373 2554 2881 2728 2940 
9374 700 699 710 2754 
9375 865 1601 1631 1398 
9376 2420 1207 2746 2815 
9377 463 595 537 2933 
9378 2238 2749 1303 2869 
9379 2860 2981 2784 2989 
9380 1995 1407 1154 2760 
9381 2354 1611 1945 2962 
9382 1221 2279 2784 3011 
9383 2576 2707 2558 2736 
9384 1300 1200 1105 1776 
9385 1115 2858 2805 2878 
9386 227 214 228 246 
9387 2165 1356 2741 3018 
9388 656 2651 453 2692 
9389 2084 577 2299 3032 
9390 1106 920 2937 2967 
9391 2589 2538 2690 3003 
9392 2703 2925 2747 2951 
9393 363 230 242 396 
9394 2559 2721 2802 2896 
9395 2565 2534 2644 2685 
9396 2606 2944 2888 3010 
9397 1377 2639 2410 3055 
9398 857 2750 2222 2992 
9399 2839 2615 3014 3046 
9400 484 414 2764 2786 
9401 2564 2898 2633 2973 
9402 624 2685 682 2796 
9403 1531 1532 1041 2799 
9404 2109 2847 2226 2983 
9405 336 2870 168 3063 
9406 462 2648 444 3033 
9407 2463 1605 1903 2798 
9408 2637 2536 2834 2893 
9409 1518 2986 1517 3028 
9410 1733 766 1675 2955 
9411 419 2218 493 2692 
9412 2539 2621 2751 2832 
9413 1414 2735 887 3013 
9414 1623 2627 2673 3080 
9415 863 2625 1320 2901 
9416 1145 1146 1015 2910 
9417 1947 1354 2442 2965 
9418 2811 2922 2535 3069 
9419 2366 934 2103 2713 
9420 1381 1389 1388 2790 
9421 1829 2265 2264 2156 
9422 2459 1828 2275 2851 
9423 1450 2686 2898 2984 
9424 2513 2189 2211 2887 
9425 1417 2570 958 2705 
9426 1769 1740 1834 2905 
9427 678 714 713 2663 
9428 2662 2805 2661 2878 
9429 436 485 358 2975 
9430 2559 2617 2543 2725 
9431 2101 2439 2068 2840 
9432 1536 2884 1535 3024 
9433 1854 1226 1855 2662 
9434 2253 2278 2838 3017 
9435 2569 2837 2630 2917 
9436 2236 2456 1518 2986 
9437 1305 1303 2749 2869 
9438 2540 2623 2671 2874 
9439 1608 1604 2113 2772 
9440 1616 2674 1739 2803 
9441 874 2350 876 2952 
9442 1729 1730 575 3023 
9443 1221 1222 2279 3011 
9444 1128 2718 2570 2969 
9445 1147 1145 1148 2910 
9446 1106 1560 1099 1667 
9447 1292 1441 1101 2991 
9448 1172 1176 1505 2837 
9449 2624 2734 2574 2921 
9450 1104 2531 1365 2936 
9451 2745 2797 2594 2991 
9452 1576 1561 1562 2862 
9453 2419 1223 2702 2789 
9454 1951 2825 2674 3005 
9455 2044 1354 2965 3027 
9456 2633 2652 2899 3068 
9457 2163 2115 2001 2775 
9458 1729 1731 1730 3023 
9459 505 572 441 718 
9460 2327 1302 1301 2829 
9461 2540 2680 2771 2889 
9462 779 619 564 2553 
9463 247 244 227 327 
9464 2614 2731 2694 3000 
9465 874 875 2349 2918 
9466 2657 3016 2630 3051 
9467 2614 2973 2731 3000 
9468 1146 1015 2910 3006 
9469 2586 2700 1735 2905 
9470 473 2676 489 2839 
9471 371 706 370 2931 
9472 2267 2631 1972 2994 
9473 1182 2697 2837 3055 
9474 1155 1153 1728 2669 
9475 2107 2046 2104 2883 
9476 277 376 270 3063 
9477 402 417 2575 3037 
9478 1027 2544 1612 2679 
9479 1358 942 941 887 
9480 1170 1171 2705 2910 
9481 2091 2016 2245 3004 
9482 1826 2357 907 3026 
9483 2378 2699 2620 2962 
9484 1356 1354 2441 2741 
9485 1371 999 1238 2848 
9486 2144 1648 2145 2763 
9487 574 576 575 2920 
9488 1344 1342 1345 2776 
9489 2534 2565 2644 2915 
9490 2475 1938 1718 2951 
9491 524 2645 2855 3063 
9492 2569 2814 2810 2917 
9493 42 21 11 68 
9494 1142 2406 1221 2784 
9495 2633 2698 2652 3068 
9496 2707 2887 2513 2983 
9497 2599 2770 1603 2772 
9498 1462 2657 1467 3016 
9499 1142 2406 2784 2860 
9500 1356 2443 1355 3018 
9501 1307 2830 2661 2971 
9502 1709 2704 1334 2921 
9503 353 302 264 457 
9504 2570 2656 2842 3081 
9505 1889 1890 2338 2672 
9506 329 346 328 2764 
9507 906 2357 2778 3012 
9508 698 850 1558 754 
9509 2548 2530 2633 2698 
9510 463 2089 595 2933 
9511 929 2781 930 3056 
9512 2177 1602 2833 3028 
9513 2559 2617 2725 2938 
9514 1260 2743 2348 2820 
9515 2249 2722 2789 2885 
9516 1617 1856 1739 3041 
9517 1086 1140 1092 2688 
9518 1099 1106 1667 1776 
9519 2739 2936 2541 2996 
9520 947 1320 884 2901 
9521 564 619 515 2904 
9522 2607 2710 2867 2980 
9523 672 571 609 505 
9524 2669 2854 2827 2911 
9525 1328 2607 2710 2867 
9526 1921 1619 2249 2722 
9527 996 2379 995 2699 
9528 372 2540 360 3071 
9529 1448 1883 2396 3057 
9530 278 378 277 3063 
9531 1865 2727 2269 2888 
9532 2686 2887 1960 3073 
9533 1807 878 1031 2913 
9534 1207 2419 2702 2815 
9535 1060 2566 947 2901 
9536 2013 949 950 2718 
9537 1184 2684 1135 2959 
9538 590 2822 2920 3077 
9539 51 52 231 2930 
9540 2123 1151 2407 2942 
9541 882 2833 1060 2959 
9542 1950 1484 1361 2729 
9543 1972 2631 2480 2994 
9544 2570 2718 2705 2969 
9545 2698 2835 2652 3068 
9546 2500 2204 2631 2698 
9547 2460 2737 2878 3067 
9548 816 1733 701 670 
9549 1777 1955 1191 2910 
9550 2441 2741 1354 3027 
9551 2360 952 924 2810 
9552 1715 1909 2295 2908 
9553 1271 1269 2830 2979 
9554 2009 878 2794 3045 
9555 2717 2889 2829 2928 
9556 2567 2680 2540 3071 
9557 2490 2147 2158 2840 
9558 2248 2468 1636 2783 
9559 2354 2658 1611 2962 
9560 1848 2487 2719 2988 
9561 1054 1058 2968 3057 
9562 653 594 650 2672 
9563 336 168 334 3063 
9564 898 2606 1964 2949 
9565 26 68 21 2930 
9566 524 2855 337 3063 
9567 1243 2088 1515 2764 
9568 710 699 704 2754 
9569 2008 1858 989 2958 
9570 188 187 189 300 
9571 1985 1806 2481 3000 
9572 1808 965 2372 2731 
9573 600 2692 1816 3009 
9574 2110 2521 2109 2847 
9575 1467 2657 1641 3016 
9576 2352 1008 1007 2939 
9577 2270 2284 2283 2820 
9578 1722 1723 2296 2877 
9579 2338 1890 780 3023 
9580 80 43 67 45 
9581 1765 2825 1379 3051 
9582 2665 2951 2747 3049 
9583 1800 2051 2378 2962 
9584 575 2672 2920 3023 
9585 943 941 895 832 
9586 551 512 437 2975 
9587 1050 2620 1054 2759 
9588 1418 2690 1419 3003 
9589 2680 2717 2540 2931 
9590 2424 2789 1223 2895 
9591 2480 2835 1787 2994 
9592 2015 874 2918 2952 
9593 1054 2968 2620 3057 
9594 2352 1007 2835 2939 
9595 825 1596 2816 2914 
9596 2063 3000 2097 3073 
9597 529 752 806 849 
9598 2270 2244 2284 3004 
9599 1285 2712 1562 2862 
9600 773 622 676 2761 
9601 2579 2672 2602 2994 
9602 47 62 28 2930 
9603 2693 2808 1359 2857 
9604 2539 2751 2550 3001 
9605 2197 2861 2523 3049 
9606 2548 2783 2612 2916 
9607 1776 1627 1200 1480 
9608 2055 2840 2066 2974 
9609 2391 2697 1037 3055 
9610 2612 2783 2588 2916 
9611 2570 2724 3069 3081 
9612 2053 2794 2062 3078 
9613 2237 2236 2749 2986 
9614 2793 2818 2643 2987 
9615 371 2085 2717 2812 
9616 1879 2244 2270 3004 
9617 2709 2843 2806 2893 
9618 2559 2721 2617 2938 
9619 948 950 949 2969 
9620 2576 2559 2801 2944 
9621 1386 1838 1936 2792 
9622 2172 2132 2289 2838 
9623 2115 2775 2522 3064 
9624 2539 2832 2751 3001 
9625 603 599 1816 3009 
9626 2671 2743 2585 2874 
9627 320 526 2645 2855 
9628 764 817 733 673 
9629 2612 2763 2686 2887 
9630 2740 2865 1204 3025 
9631 1688 2609 900 3013 
9632 917 1041 1532 2799 
9633 1682 2636 862 2754 
9634 1266 970 2139 2911 
9635 1223 2250 2249 2789 
9636 1945 2962 2058 2963 
9637 915 916 955 2799 
9638 1518 2749 2986 3028 
9639 1100 908 918 2991 
9640 2816 2817 2623 2914 
9641 953 2814 1343 2917 
9642 2490 2159 1851 2964 
9643 1931 2698 1932 3068 
9644 2560 2630 2587 2657 
9645 2078 2079 2283 2080 
9646 2957 2958 989 2995 
9647 2472 1650 2057 3010 
9648 1356 1355 2741 3018 
9649 1448 2396 1449 2699 
9650 884 883 882 2901 
9651 146 338 241 301 
9652 1940 2631 2268 2908 
9653 2682 2829 2717 2889 
9654 651 590 594 3077 
9655 2219 2736 2060 2944 
9656 1223 2789 2249 2895 
9657 2689 2893 2709 2958 
9658 22 26 21 2930 
9659 1078 2591 1076 2973 
9660 2612 2707 2576 2983 
9661 2573 2738 2634 2894 
9662 1618 2722 2640 2895 
9663 2400 1082 1333 2734 
9664 826 2802 2667 3009 
9665 1765 1379 1380 3051 
9666 2630 2917 2814 2982 
9667 1018 2597 2746 3019 
9668 1843 2679 1612 2700 
9669 875 2918 876 3074 
9670 77 101 102 544 
9671 2531 2572 2936 2996 
9672 2181 1567 2615 2935 
9673 2660 2793 2740 3052 
9674 2506 2847 2707 2983 
9675 2636 2784 2754 3011 
9676 2308 2758 2583 2773 
9677 1564 1803 2618 2867 
9678 864 2566 1060 2833 
9679 2063 1985 3000 3073 
9680 1484 1281 1361 2729 
9681 1055 2896 2220 2944 
9682 1014 2595 2981 3006 
9683 2572 2862 2531 2937 
9684 11 21 12 68 
9685 1657 2562 2610 2661 
9686 41 7 36 129 
9687 709 813 1370 2754 
9688 2581 2875 2755 3064 
9689 2593 2861 2723 3049 
9690 458 2663 2762 2975 
9691 2565 2685 2644 2796 
9692 68 26 62 2930 
9693 826 2667 2332 3009 
9694 2323 684 2796 2999 
9695 2617 2938 2721 3079 
9696 1565 1328 1564 2830 
9697 1117 1163 977 2818 
9698 2544 2746 2568 2961 
9699 1926 2616 1302 2829 
9700 997 2617 2721 2850 
9701 2104 2873 2408 2883 
9702 2409 1708 1709 2704 
9703 2182 1938 2437 2777 
9704 2620 2533 2694 2962 
9705 2530 2978 2633 3046 
9706 1897 2336 1008 2939 
9707 1200 1300 1627 1776 
9708 2400 2734 1334 2942 
9709 1026 2550 1656 2824 
9710 887 1358 942 1357 
9711 868 2708 2900 3017 
9712 852 838 836 2767 
9713 2665 2981 2595 3006 
9714 1493 2016 1807 2848 
9715 2695 2603 2876 3018 
9716 2642 2913 2757 3004 
9717 2388 1854 1070 2878 
9718 2670 2841 2823 2985 
9719 1955 1777 2718 2969 
9720 1442 1441 1292 2745 
9721 1205 1085 2728 2740 
9722 640 2680 641 3058 
9723 2528 2916 2839 2978 
9724 2044 1354 1947 2965 
9725 1836 1623 2627 2877 
9726 2135 2866 2465 2926 
9727 764 1398 673 3017 
9728 1115 1114 2805 2858 
9729 916 2799 1045 2818 
9730 1893 2025 2498 2876 
9731 2918 2952 876 3074 
9732 2117 2279 2116 2784 
9733 1723 2296 2877 2955 
9734 1550 2420 1208 2940 
9735 2224 2727 2225 2736 
9736 2225 2736 2727 2871 
9737 631 688 630 2906 
9738 24 237 130 236 
9739 1038 2669 1138 3035 
9740 1172 2412 1174 2917 
9741 1067 2910 1169 2991 
9742 806 805 529 849 
9743 1834 2586 1819 2803 
9744 2686 2898 2696 2978 
9745 2548 2916 2612 2978 
9746 1285 1519 1562 2712 
9747 783 2854 723 2950 
9748 1447 2745 1442 2792 
9749 2533 2620 2759 2779 
9750 1188 2560 1189 2830 
9751 2787 876 2952 3074 
9752 2593 2665 2747 3049 
9753 2598 2922 2811 3069 
9754 1806 2853 2481 3000 
9755 2708 2566 2900 3017 
9756 2633 2696 2898 2978 
9757 1881 2946 2589 3003 
9758 1538 1539 791 2732 
9759 2493 2194 1861 2899 
9760 2507 2655 2632 2903 
9761 2363 930 2781 3056 
9762 1508 1239 1962 2769 
9763 1696 831 2689 2958 
9764 2906 2916 2548 2978 
9765 685 623 2316 2796 
9766 813 709 1227 2750 
9767 1783 2981 2636 3015 
9768 1045 1080 1044 2818 
9769 1519 1285 1430 2712 
9770 976 1441 2745 3048 
9771 605 474 521 2726 
9772 372 476 2834 3071 
9773 2400 1333 1334 2734 
9774 728 641 2680 2889 
9775 1103 1102 1104 2684 
9776 489 2839 2676 2906 
9777 877 986 1079 3045 
9778 320 2645 278 2855 
9779 476 319 318 3071 
9780 795 2801 2343 2802 
9781 2637 2806 2843 2893 
9782 2540 2834 2874 3071 
9783 1063 1014 1291 3006 
9784 2750 2636 3011 3015 
9785 2145 2763 2887 2984 
9786 2129 2523 2128 2861 
9787 1190 3036 1428 3048 
9788 275 273 187 276 
9789 409 326 436 482 
9790 2719 2866 2541 2988 
9791 2469 1649 1647 2983 
9792 655 522 644 2733 
9793 2224 1973 2225 2727 
9794 2085 1425 404 2812 
9795 1531 1041 1533 2799 
9796 1112 2016 1000 2848 
9797 2113 2772 2463 2798 
9798 2839 2978 2530 3046 
9799 1308 2661 1225 2971 
9800 795 2343 794 2802 
9801 247 214 227 245 
9802 948 1955 950 2969 
9803 975 1447 1838 2792 
9804 1788 1787 2835 2994 
9805 2667 2801 2576 2802 
9806 1826 2941 2695 3026 
9807 2238 2240 1848 3080 
9808 1274 2690 1273 3007 
9809 658 1696 831 2689 
9810 2274 2440 1352 2687 
9811 1069 1070 1009 2770 
9812 2647 2867 2710 2980 
9813 1307 2607 2830 2971 
9814 615 398 3033 3066 
9815 2636 2860 2784 3011 
9816 1281 1484 1369 2892 
9817 269 219 270 3063 
9818 2090 2757 1871 2913 
9819 1708 2704 1151 2942 
9820 27 24 236 25 
9821 642 2680 640 2864 
9822 2510 2835 2698 3068 
9823 934 2713 2366 2956 
9824 1426 1216 1573 2844 
9825 1270 1271 2430 2979 
9826 1085 1250 2200 2728 
9827 1309 2425 2661 2776 
9828 2769 2957 1211 2995 
9829 1657 2610 2560 2661 
9830 2936 2967 2527 2996 
9831 414 363 481 396 
9832 2399 2641 1162 2879 
9833 1116 2675 2752 2918 
9834 2579 2672 2766 3023 
9835 860 2682 2771 2889 
9836 2679 2702 2700 2744 
9837 2249 2722 1619 2895 
9838 2542 2910 2592 3006 
9839 2561 3031 2868 3040 
9840 2565 2752 2952 3022 
9841 1165 2127 2126 2808 
9842 2310 2706 558 2773 
9843 1293 958 928 2842 
9844 1865 2269 2494 2888 
9845 851 838 852 2767 
9846 2320 748 2938 3079 
9847 2374 2727 1865 2826 
9848 1972 2480 1788 2994 
9849 725 2671 828 3058 
9850 1756 2434 1755 2687 
9851 2612 2548 2686 2763 
9852 1185 1084 1205 2740 
9853 2526 2922 2882 2997 
9854 2597 2728 1249 2940 
9855 529 752 456 806 
9856 815 2296 1001 2877 
9857 2650 2675 2904 3022 
9858 1524 1921 1920 2885 
9859 1131 972 1051 2759 
9860 872 2349 875 2918 
9861 2099 2899 2633 2903 
9862 2433 2274 2246 2687 
9863 847 2771 745 3038 
9864 2586 2803 2693 2912 
9865 2561 2868 2768 3040 
9866 2573 2909 2894 3056 
9867 904 896 2622 3010 
9868 2570 2947 2718 2948 
9869 1266 981 970 2077 
9870 2596 2836 2641 2880 
9871 735 736 704 613 
9872 2469 2030 1649 2983 
9873 1861 2194 2193 3068 
9874 1346 1348 1347 2827 
9875 374 454 419 3061 
9876 605 521 604 2726 
9877 2568 2890 2824 3048 
9878 2542 2582 2797 2924 
9879 1382 1495 2700 2905 
9880 2610 2662 2737 3067 
9881 692 2829 2327 2856 
9882 2237 2926 2134 2986 
9883 1019 1469 2597 2940 
9884 841 2900 864 3017 
9885 526 553 545 2809 
9886 988 1817 1741 2957 
9887 1356 1355 1354 2741 
9888 718 495 737 613 
9889 2149 2024 2049 2902 
9890 1852 2147 2490 2840 
9891 1320 2868 2625 3044 
9892 1442 2745 959 2792 
9893 1195 917 1547 2799 
9894 1868 1466 2851 3015 
9895 1282 1782 1818 2905 
9896 630 2854 2839 2906 
9897 1612 2544 1027 3048 
9898 605 2726 604 3079 
9899 869 679 2297 2992 
9900 2396 2620 2699 3057 
9901 1069 1025 1070 2770 
9902 1288 1515 1514 2999 
9903 2106 2886 2755 3064 
9904 1213 1140 1119 2790 
9905 2717 2812 333 2931 
9906 2839 2916 2906 2978 
9907 538 444 462 2648 
9908 2785 2952 2752 3022 
9909 607 2628 606 2849 
9910 449 2681 2692 2923 
9911 2533 2731 2609 2759 
9912 2710 2807 2647 2980 
9913 2615 2839 2854 3046 
9914 763 734 647 732 
9915 1762 1764 1763 2984 
9916 270 375 318 2804 
9917 2281 2275 2221 2851 
9918 2630 2569 2917 2982 
9919 2666 2814 2662 3067 
9920 1547 2137 1472 2919 
9921 2166 2511 2198 3018 
9922 2571 2757 2715 2897 
9923 2171 2254 2253 2838 
9924 516 2756 2920 3070 
9925 2566 2838 2828 3028 
9926 592 593 486 2920 
9927 1040 1159 1039 3035 
9928 409 392 326 482 
9929 2574 2836 2608 2942 
9930 1076 2970 2774 2973 
9931 2268 2631 2267 2908 
9932 2532 2751 2832 3001 
9933 1596 2242 2346 2816 
9934 2165 2443 1356 3018 
9935 1955 1191 2910 2969 
9936 1550 2753 2420 2940 
9937 2320 639 2725 2938 
9938 2650 2716 2553 2782 
9939 1080 1201 2842 3082 
9940 1546 1195 1547 3034 
9941 2524 2866 2719 2988 
9942 750 2806 601 2893 
9943 1073 2003 1702 2894 
9944 2113 2463 1779 2798 
9945 2628 2844 606 3076 
9946 1323 1532 917 1041 
9947 2807 2946 2710 3003 
9948 2673 2877 2563 3002 
9949 2357 2778 3012 3026 
9950 2532 2891 2751 3036 
9951 866 673 764 732 
9952 2464 3029 2073 3062 
9953 2428 1254 2693 2788 
9954 1151 1708 2409 2704 
9955 2368 1345 1342 2814 
9956 2662 2666 2610 2814 
9957 1759 2715 1757 3056 
9958 1866 1865 1867 2888 
9959 1511 1463 1367 3039 
9960 927 1416 1434 2656 
9961 771 2602 846 2993 
9962 1274 3003 2690 3007 
9963 1687 1840 2411 3005 
9964 2123 1708 1151 2942 
9965 2633 2548 2696 2978 
9966 2579 2548 2906 2916 
9967 2557 2833 2869 3050 
9968 764 841 864 3017 
9969 575 1664 1729 3023 
9970 1215 553 608 2844 
9971 1305 2236 1518 2749 
9972 1840 2857 2411 3005 
9973 2578 2557 2749 2869 
9974 245 214 227 246 
9975 2616 2540 2682 2717 
9976 2118 2116 2201 2765 
9977 1328 1326 1803 2867 
9978 2103 2364 1178 2713 
9979 358 436 326 482 
9980 2278 2277 2838 3017 
9981 717 2822 2602 2993 
9982 1699 1615 1616 2674 
9983 1350 2690 1418 2970 
9984 2237 2749 2926 2986 
9985 1631 1675 766 2955 
9986 2654 2681 407 2849 
9987 2548 2631 2696 2984 
9988 2175 2785 2264 2943 
9989 2570 2624 2947 3069 
9990 2507 2071 2774 2903 
9991 918 909 2714 3040 
9992 622 676 715 569 
9993 1032 2215 1034 2850 
9994 1326 2946 1327 3003 
9995 2530 2854 2839 3046 
9996 873 872 871 2918 
9997 1731 2672 648 3023 
9998 377 553 526 3076 
9999 1297 2274 2433 2687 
10000 728 634 641 2889 
10001 1850 2488 1849 2988 
10002 1314 2329 2293 3074 
10003 2314 636 632 2829 
10004 2615 2935 2735 3013 
10005 1168 1167 1166 2857 
10006 721 2329 1314 3074 
10007 1425 333 2812 2931 
10008 2336 771 846 2993 
10009 2587 2657 2630 3051 
10010 1164 1165 2391 3055 
10011 2569 2982 2630 3065 
10012 2364 2103 934 2713 
10013 423 192 194 719 
10014 2390 1335 2034 2974 
10015 1548 2364 1997 2713 
10016 1657 2560 1842 2661 
10017 1866 1922 2826 2888 
10018 219 175 224 568 
10019 2168 1831 1827 3064 
10020 214 247 367 245 
10021 70 36 37 134 
10022 693 634 2318 2889 
10023 1211 1239 1673 2769 
10024 2508 2163 2001 2775 
10025 804 1426 835 2809 
10026 1405 1160 1310 3035 
10027 1117 1045 1163 2818 
10028 795 794 793 2802 
10029 2735 3013 2932 3014 
10030 1542 951 1947 3067 
10031 2528 2614 2978 3014 
10032 2579 2766 2672 2994 
10033 1049 1050 1054 2759 
10034 1512 1490 1463 3039 
10035 1681 1994 1571 2636 
10036 2314 2829 579 2928 
10037 1283 1362 1363 2905 
10038 2326 690 691 2856 
10039 1006 2382 1005 2770 
10040 1932 2698 2696 3068 
10041 1997 2713 934 2956 
10042 520 2904 2575 3059 
10043 2631 2763 2548 2766 
10044 2396 1883 1058 3057 
10045 1604 2383 1605 2772 
10046 2062 2053 2009 2794 
10047 561 2312 626 2758 
10048 1593 1594 1376 2825 
10049 2314 1927 1847 2829 
10050 792 1152 790 2732 
10051 682 2323 2796 2999 
10052 1103 1003 2557 2966 
10053 2071 1993 2507 2774 
10054 773 1181 2563 2761 
10055 752 850 838 849 
10056 2069 1076 2774 2973 
10057 604 522 655 2733 
10058 1264 1262 1695 1263 
10059 135 228 209 1068 
10060 1247 1248 1794 2710 
10061 1534 2884 1536 3024 
10062 1806 2871 2853 3073 
10063 770 1897 1924 2993 
10064 2177 1979 1305 2833 
10065 1329 1522 2844 3060 
10066 1442 1292 959 2745 
10067 1204 2865 1281 3025 
10068 1923 2803 1454 3005 
10069 2292 2727 2224 2736 
10070 2104 2046 2366 2883 
10071 1389 1119 1095 2790 
10072 1997 2364 934 2713 
10073 2727 2736 2269 2944 
10074 2640 2788 2054 2895 
10075 2609 2533 3013 3014 
10076 1987 2812 470 3032 
10077 2610 2972 2560 2982 
10078 724 744 745 2771 
10079 675 2553 619 2948 
10080 590 2920 594 3077 
10081 12 27 69 26 
10082 2654 2855 261 2870 
10083 868 2278 2253 3017 
10084 1267 783 1137 2911 
10085 2428 2693 1255 2788 
10086 2592 2665 2542 3006 
10087 2581 2755 2626 2886 
10088 370 2680 2804 2931 
10089 1858 1264 2008 989 
10090 658 477 2748 3043 
10091 2898 2903 2633 2973 
10092 2163 2522 2115 2775 
10093 1154 1407 1153 2760 
10094 1001 2877 2296 2955 
10095 2522 2886 2106 3064 
10096 2173 2498 2023 2941 
10097 2485 1830 1831 2875 
10098 2144 2470 1648 2763 
10099 1429 2891 2813 3036 
10100 2553 2947 2716 2990 
10101 2738 2909 2573 2997 
10102 1618 1619 2458 2722 
10103 1199 2622 2888 3010 
10104 325 1497 391 409 
10105 326 363 358 481 
10106 2601 2964 2720 3027 
10107 505 495 737 718 
10108 2388 2858 1115 2878 
10109 2544 2679 2568 2815 
10110 1727 1759 2362 3056 
10111 1185 1186 1084 2740 
10112 2103 1178 2364 934 
10113 905 2941 907 3012 
10114 1705 2754 1222 3011 
10115 1691 899 900 2779 
10116 1530 1529 1856 1739 
10117 2524 2151 2135 2866 
10118 1347 970 2827 2911 
10119 214 209 228 1068 
10120 2202 1821 2201 2765 
10121 2717 2812 1424 2928 
10122 2439 2101 2164 2840 
10123 726 2771 2671 3058 
10124 2437 1709 2921 2925 
10125 1561 1563 1562 2862 
10126 20 28 22 2930 
10127 1958 2198 2479 3018 
10128 596 1301 1302 2758 
10129 1690 1691 900 2779 
10130 1721 608 881 1215 
10131 2559 2802 2725 2953 
10132 2631 2267 2908 2994 
10133 1189 2560 2618 2830 
10134 2849 2953 2528 3075 
10135 2348 2743 847 3038 
10136 2583 2758 2644 2773 
10137 1741 1817 1079 2846 
10138 1137 1138 1038 2669 
10139 768 2754 1705 3011 
10140 2431 2710 1307 2971 
10141 746 798 645 2854 
10142 1092 1134 1184 2790 
10143 945 1249 2881 2940 
10144 1009 2382 1069 2770 
10145 2654 2681 2849 3061 
10146 2559 2949 2606 3075 
10147 2784 2981 2636 3044 
10148 1206 1186 2740 3052 
10149 1881 2589 2970 3003 
10150 2554 2865 2728 2945 
10151 1060 884 882 2901 
10152 1850 2467 2673 2988 
10153 633 579 2829 2928 
10154 732 764 866 708 
10155 1218 2696 2423 2984 
10156 1811 2880 1703 2881 
10157 2614 2898 2686 2978 
10158 783 723 1138 2950 
10159 1990 2504 2230 2736 
10160 2463 2772 1605 2798 
10161 227 214 213 228 
10162 2511 2876 2198 3018 
10163 2190 2028 1984 3073 
10164 2516 2042 2040 2964 
10165 1885 1489 1956 3039 
10166 1068 147 73 344 
10167 2194 2652 2525 3068 
10168 2757 2794 2571 3078 
10169 2639 2693 2808 3065 
10170 1968 982 1912 1913 
10171 28 14 47 2930 
10172 576 2920 2756 3023 
10173 2803 2857 1454 3005 
10174 2438 2056 1335 2974 
10175 2660 2740 2738 3052 
10176 1574 1573 1575 2809 
10177 900 2609 2779 3013 
10178 1898 2587 3042 3051 
10179 878 877 879 3045 
10180 2085 1424 2717 2812 
10181 466 2822 2676 2920 
10182 128 60 74 544 
10183 910 1061 914 2768 
10184 521 474 475 2726 
10185 1235 957 1293 2792 
10186 236 40 48 731 
10187 602 2938 2802 3009 
10188 2777 2921 2582 2925 
10189 2216 873 2752 2918 
10190 1559 1465 1572 2750 
10191 731 50 66 323 
10192 1336 2439 2055 2974 
10193 353 299 279 354 
10194 363 357 481 396 
10195 600 2218 1816 2692 
10196 1133 1038 1039 3035 
10197 2059 2060 2219 2736 
10198 2569 2666 2814 2982 
10199 224 232 174 219 
10200 1242 2424 1587 2744 
10201 726 2743 2671 2771 
10202 2798 2876 2603 3018 
10203 904 896 903 2622 
10204 2810 2965 2666 2985 
10205 261 235 2654 2870 
10206 1908 2386 2162 2879 
10207 2063 2097 2501 3073 
10208 1906 1508 1319 2769 
10209 2674 2825 2639 3005 
10210 270 219 269 568 
10211 927 926 928 2842 
10212 2550 2751 1656 2824 
10213 1750 1249 2597 2728 
10214 2258 2887 2451 2984 
10215 2588 2923 2676 3070 
10216 659 525 606 2844 
10217 1715 2340 1909 2908 
10218 520 514 359 2575 
10219 1401 2597 1249 2940 
10220 415 398 276 3066 
10221 1816 2218 419 2692 
10222 2560 2972 2547 2982 
10223 2435 2776 1309 2830 
10224 2316 687 685 2796 
10225 887 1357 885 2935 
10226 2149 2484 2024 2902 
10227 2646 2883 2713 2956 
10228 845 1747 1554 3077 
10229 209 108 135 1068 
10230 2144 2470 2763 2908 
10231 716 715 591 2822 
10232 2238 1848 2719 3080 
10233 1297 1756 2274 2687 
10234 2658 2962 2354 2963 
10235 895 887 1440 2735 
10236 1305 2833 2749 3028 
10237 2184 2185 2183 2777 
10238 843 688 773 2761 
10239 1808 2731 1809 3000 
10240 746 747 1322 2854 
10241 1940 2268 2454 2908 
10242 2344 1975 2721 2850 
10243 1866 2826 1865 2888 
10244 1086 1092 883 2688 
10245 2775 3026 2581 3064 
10246 134 36 34 129 
10247 2632 3029 2668 3062 
10248 307 134 73 344 
10249 1664 2756 1203 3023 
10250 2559 2802 2801 2896 
10251 2649 2981 1783 3015 
10252 1508 1673 1239 2769 
10253 2556 2616 2583 3037 
10254 1905 1904 1903 2798 
10255 329 514 2575 2706 
10256 1001 2557 2627 2955 
10257 2621 2863 2751 2891 
10258 2579 2906 2822 2920 
10259 1206 2740 2793 3052 
10260 2588 2667 2953 3009 
10261 1206 1265 977 2793 
10262 2559 2896 2801 2944 
10263 155 192 253 367 
10264 1174 1276 1275 2917 
10265 2579 2916 2906 3070 
10266 2794 2913 2062 3078 
10267 639 2725 2938 3009 
10268 1192 1461 2592 3006 
10269 552 2893 2834 3043 
10270 419 493 450 2692 
10271 1514 2773 2706 2999 
10272 2530 2552 2548 2906 
10273 2047 1533 1433 2799 
10274 2848 2913 2642 3004 
10275 284 348 349 3033 
10276 1211 2957 989 2995 
10277 34 36 7 129 
10278 751 477 375 2767 
10279 1966 1020 2385 2872 
10280 594 590 593 2920 
10281 2548 2763 2631 2984 
10282 476 3043 2834 3071 
10283 2563 1952 2760 3002 
10284 2609 2533 2779 3013 
10285 418 519 417 3059 
10286 1488 1489 1885 3039 
10287 1802 1564 2618 2830 
10288 1011 1694 2008 2958 
10289 2413 1176 1172 2837 
10290 2550 2744 2788 2895 
10291 1887 1933 1910 3042 
10292 1763 2258 2451 2984 
10293 1366 2618 1511 3039 
10294 1709 2409 2704 2925 
10295 2898 2973 2614 3000 
10296 1490 1488 1463 3039 
10297 1231 2813 2768 3040 
10298 2582 2703 2624 2777 
10299 2720 2611 2841 2985 
10300 1728 2669 1138 2950 
10301 1957 2443 1958 3018 
10302 1810 1742 1628 3036 
10303 2430 2979 2657 3016 
10304 1656 2751 2550 2972 
10305 2583 537 2773 2933 
10306 2265 2703 2592 2884 
10307 213 227 210 327 
10308 1061 1144 914 2768 
10309 2617 2543 2725 2726 
10310 2657 2979 1367 3039 
10311 2671 2680 2567 2864 
10312 2530 2839 2906 2978 
10313 1125 1364 1563 2937 
10314 2280 2754 867 2900 
10315 955 1433 1533 2799 
10316 2756 2783 2579 3070 
10317 2721 2559 2802 2938 
10318 2534 2904 2675 3022 
10319 2683 2566 2828 3028 
10320 2811 2922 2598 2990 
10321 726 2743 1260 2998 
10322 1456 2803 1457 2912 
10323 821 679 869 2782 
10324 2204 2698 2510 2835 
10325 1440 903 1445 2932 
10326 304 615 398 3033 
10327 2630 2979 1275 3016 
10328 1988 2504 1990 2736 
10329 2609 2759 1131 2968 
10330 2814 2979 2630 2982 
10331 1829 2629 1536 2884 
10332 2624 2582 2777 2921 
10333 127 105 220 544 
10334 918 1066 1101 2991 
10335 1224 1209 1223 2702 
10336 2091 2244 2090 3004 
10337 2050 877 1079 3045 
10338 2363 2781 2894 3056 
10339 2179 2521 2110 2847 
10340 495 736 737 613 
10341 2374 1973 2224 2727 
10342 2383 1604 1603 2772 
10343 357 358 485 2975 
10344 2686 2696 2548 2978 
10345 2677 2807 2589 2946 
10346 2018 2652 2259 3030 
10347 1238 1493 2769 2848 
10348 2834 3043 2874 3071 
10349 2020 2239 1961 2974 
10350 1428 1190 1742 3036 
10351 398 615 276 3066 
10352 1270 2979 2430 3016 
10353 1054 1058 1093 2968 
10354 2015 2350 874 2952 
10355 745 2771 2333 3038 
10356 917 913 1547 3034 
10357 2543 2559 2725 2953 
10358 1467 1462 1488 2657 
10359 1414 901 2779 3013 
10360 1840 1839 1923 3005 
10361 1716 653 2672 3077 
10362 2685 2706 2575 2773 
10363 988 1741 1287 2957 
10364 1488 1885 1886 2657 
10365 970 969 971 2911 
10366 1089 899 1691 2779 
10367 108 73 134 344 
10368 1845 2486 2064 2852 
10369 2588 2676 2916 3070 
10370 1135 1102 1103 2684 
10371 1002 2541 1212 3002 
10372 1628 1810 1592 1742 
10373 815 1001 2296 2955 
10374 2639 2547 2693 3065 
10375 826 602 2802 3009 
10376 406 368 1197 2681 
10377 574 2672 649 2920 
10378 1514 1515 2087 2999 
10379 894 941 942 887 
10380 2550 2789 2722 3001 
10381 2567 2671 2585 2874 
10382 1906 1673 1508 2769 
10383 887 942 894 1357 
10384 2179 2110 2801 2847 
10385 2662 2776 2306 2814 
10386 14 20 17 2930 
10387 611 505 441 718 
10388 1427 2891 1429 3036 
10389 315 312 1987 2812 
10390 2593 2800 2747 2924 
10391 2540 2874 2567 3071 
10392 1707 107 103 139 
10393 2384 1880 1077 2970 
10394 1871 2913 2757 3078 
10395 2625 2954 2765 3031 
10396 1231 908 2594 3040 
10397 1242 2702 2424 2744 
10398 597 601 750 2806 
10399 326 338 392 471 
10400 2816 2914 2623 3038 
10401 69 12 26 68 
10402 275 230 274 356 
10403 970 980 969 2077 
10404 2534 2575 2675 2904 
10405 2972 2982 2539 3065 
10406 281 230 276 414 
10407 1441 1158 1315 3048 
10408 2533 2620 2658 2962 
10409 558 560 559 2773 
10410 2151 1607 2135 2866 
10411 1000 2585 998 2850 
10412 2631 2835 2480 2994 
10413 1369 1281 2865 3025 
10414 1265 1118 2818 3082 
10415 1834 1819 2586 2905 
10416 904 1199 2622 2963 
10417 1242 1587 1543 2744 
10418 1624 1625 3008 3047 
10419 2738 2894 2573 2909 
10420 2288 2171 2253 2838 
10421 1969 1266 970 1671 
10422 2451 1960 1450 2984 
10423 1901 2066 2112 2840 
10424 1676 1473 2709 2958 
10425 360 2540 2717 2931 
10426 1469 1208 2597 2940 
10427 516 2676 2923 3070 
10428 159 423 192 367 
10429 2204 2273 2510 2698 
10430 337 2855 373 2870 
10431 561 626 1475 2758 
10432 776 2672 777 3077 
10433 2257 2082 2395 2801 
10434 1211 1673 1906 2769 
10435 48 50 236 731 
10436 1067 1146 2910 3006 
10437 704 2754 863 2900 
10438 2622 2888 2826 2962 
10439 171 168 126 233 
10440 651 594 653 3077 
10441 1345 2776 1342 2814 
10442 329 2764 328 2786 
10443 1134 1381 1430 2790 
10444 1402 1255 1943 2912 
10445 2557 2833 2749 2869 
10446 594 2672 653 3077 
10447 1220 1222 1221 3011 
10448 2636 2784 2860 2981 
10449 1950 1665 1484 2729 
10450 1155 2563 1952 2760 
10451 2592 2910 1192 3006 
10452 2559 2543 2949 3075 
10453 1423 2928 2812 3032 
10454 2432 1684 2787 2852 
10455 2240 1303 1304 2869 
10456 1448 2396 2699 3057 
10457 2547 2982 2972 3065 
10458 384 391 2235 1497 
10459 67 80 66 69 
10460 1885 1956 1886 2657 
10461 1896 1735 2586 2700 
10462 1471 957 1235 2792 
10463 402 2575 359 3037 
10464 1996 1511 1366 2618 
10465 861 1558 853 754 
10466 1868 1460 1461 2649 
10467 1953 1394 1395 2909 
10468 2690 3003 2538 3007 
10469 1320 1290 1321 3044 
10470 1547 1472 1546 2919 
10471 2288 2170 2171 2838 
10472 450 493 491 2692 
10473 1213 1092 1140 2790 
10474 1744 1552 551 616 
10475 1612 974 2544 3048 
10476 827 1686 2850 2998 
10477 1399 1700 2905 3019 
10478 1875 2690 1874 3003 
10479 2738 2740 1234 3052 
10480 1657 1842 2562 2661 
10481 2540 2771 2682 2889 
10482 68 11 42 45 
10483 1454 1923 1456 2803 
10484 1889 1890 2672 3023 
10485 2530 2906 2548 2978 
10486 1347 970 1346 2827 
10487 2647 2710 1326 3003 
10488 2554 2728 2597 2940 
10489 580 461 581 342 
10490 2472 1949 1983 3010 
10491 328 346 397 2764 
10492 1938 2437 2777 2925 
10493 499 382 424 427 
10494 2064 2192 2251 2897 
10495 534 672 571 609 
10496 2544 974 2791 2961 
10497 1641 3016 2657 3051 
10498 2725 2953 2802 3009 
10499 2865 2892 1369 3025 
10500 2374 983 2727 2826 
10501 1026 2679 1843 2780 
10502 1813 1814 1911 3042 
10503 2337 2766 1653 2994 
10504 2058 2495 1948 2888 
10505 2751 2863 2539 2972 
10506 1571 1783 1681 2636 
10507 1514 624 2685 2999 
10508 2610 2666 2662 3067 
10509 519 552 601 2834 
10510 2855 2870 337 3063 
10511 783 747 2854 2911 
10512 900 2779 901 3013 
10513 828 1978 643 2864 
10514 1334 2921 2704 2942 
10515 2137 1676 1473 2709 
10516 235 291 406 316 
10517 684 2675 2796 2999 
10518 233 232 168 174 
10519 1123 2892 1201 3082 
10520 407 2654 406 2681 
10521 1104 2936 1212 2966 
10522 2173 2023 1986 2941 
10523 986 992 993 3045 
10524 1539 778 779 2732 
10525 2393 1594 1593 2825 
10526 971 1346 970 2827 
10527 1246 1248 1247 2710 
10528 1855 1226 2306 2662 
10529 1543 1587 2428 2788 
10530 2090 1877 2913 3004 
10531 1921 2458 1619 2722 
10532 2653 2753 2608 2976 
10533 1003 2627 2557 2966 
10534 970 1347 1671 2139 
10535 291 1197 406 316 
10536 1291 1146 919 3006 
10537 2947 3069 2811 3081 
10538 495 737 736 505 
10539 1418 2970 2690 3003 
10540 2622 2658 2533 2932 
10541 813 1572 1571 2750 
10542 1716 2672 776 3077 
10543 1578 1776 1667 2967 
10544 1509 1122 1123 2892 
10545 2615 3013 2735 3014 
10546 2168 2485 1831 2875 
10547 1814 1887 1910 3042 
10548 1451 2451 1450 2984 
10549 2346 2816 2242 3038 
10550 981 980 970 2077 
10551 1199 1597 1121 2963 
10552 919 1067 1066 2991 
10553 2525 2652 2194 3029 
10554 2283 2284 1033 2820 
10555 1799 2392 1795 3042 
10556 1779 2463 1781 2798 
10557 1054 2759 2620 2968 
10558 1985 1984 1806 3073 
10559 872 873 2349 2918 
10560 1289 2706 2310 2933 
10561 2662 2878 2737 3067 
10562 2704 2921 1709 2925 
10563 2794 2909 2571 3078 
10564 2181 1266 2139 2911 
10565 2035 925 2036 2720 
10566 917 1547 2799 3034 
10567 1206 2793 2740 3025 
10568 979 991 978 2919 
10569 1466 2750 2992 3015 
10570 2633 2899 2632 2903 
10571 1676 1287 1473 2958 
10572 1836 2627 1723 2877 
10573 947 1060 864 2566 
10574 2595 2784 2981 2989 
10575 1609 1574 1575 2949 
10576 2400 2836 2734 2942 
10577 1686 2344 827 2850 
10578 2137 1473 1472 2919 
10579 2300 876 2787 3074 
10580 1224 1223 1242 2702 
10581 2631 2698 2204 2835 
10582 2599 2772 2577 2858 
10583 1816 603 3009 3061 
10584 1440 1414 1510 2932 
10585 2459 2187 1535 2851 
10586 1134 1213 1381 2790 
10587 1623 2467 3050 3080 
10588 2654 2849 2953 3061 
10589 1414 885 901 3013 
10590 2016 2848 1112 3004 
10591 481 358 436 485 
10592 1314 2293 2787 3074 
10593 905 907 906 3012 
10594 1078 2397 2591 2973 
10595 1741 1079 993 2846 
10596 704 867 2754 2900 
10597 42 67 63 68 
10598 2598 2934 2734 3069 
10599 2797 2924 2582 3021 
10600 1681 2636 1783 2981 
10601 1365 2531 1364 2937 
10602 2169 1892 2170 2828 
10603 582 447 2676 2923 
10604 1096 1095 1062 2768 
10605 1212 920 921 2936 
10606 1331 1252 1736 3060 
10607 2257 2505 2228 2847 
10608 433 271 411 1113 
10609 1324 1131 1051 2759 
10610 2274 1352 2246 2687 
10611 2362 1759 1757 3056 
10612 1867 1948 2495 2888 
10613 1094 1324 1053 2968 
10614 1396 1394 2009 2909 
10615 1575 1088 898 2949 
10616 2558 2736 2707 2871 
10617 1451 1218 1762 2984 
10618 2599 2635 2546 2996 
10619 1447 957 1936 2792 
10620 2725 3009 603 3061 
10621 363 242 241 357 
10622 1001 2557 1003 2627 
10623 1840 1454 2857 3005 
10624 2090 1871 2061 2913 
10625 2533 2658 2622 2962 
10626 2100 2632 2493 2899 
10627 2081 2395 2082 2801 
10628 1637 1785 2313 2651 
10629 2546 2572 2807 2859 
10630 1454 1167 1840 2857 
10631 1063 1291 1065 3044 
10632 1051 1050 1049 2759 
10633 2802 2938 2725 3009 
10634 2117 1142 1221 2784 
10635 1088 897 898 2949 
10636 2339 2176 2756 3023 
10637 2060 2059 1988 2736 
10638 520 2575 417 3059 
10639 1927 2928 577 3032 
10640 2671 2743 726 2998 
10641 621 591 715 2822 
10642 538 462 463 2648 
10643 2602 2672 2579 2920 
10644 2599 2739 2635 2996 
10645 1364 1365 1104 2531 
10646 214 247 227 213 
10647 2543 2654 2849 2953 
10648 2149 2002 2484 2902 
10649 2546 2589 2677 2807 
10650 1328 2830 2607 2867 
10651 2676 2906 2839 2916 
10652 1000 2016 999 2848 
10653 828 2864 643 3058 
10654 1038 1040 1039 3035 
10655 1518 2456 1517 2986 
10656 2575 2685 2663 2999 
10657 1285 1562 1563 2862 
10658 1182 960 1175 2837 
10659 1172 1505 2412 2917 
10660 919 1146 1067 3006 
10661 947 2900 863 2901 
10662 850 697 752 838 
10663 1805 1804 1806 2853 
10664 843 773 2563 2761 
10665 2100 2632 2899 2903 
10666 921 2936 2760 3002 
10667 489 543 2839 2906 
10668 76 79 78 689 
10669 921 920 922 2936 
10670 1060 947 884 2901 
10671 319 2931 2804 3071 
10672 2438 1335 1336 2974 
10673 1777 1191 1460 2910 
10674 2404 1534 1535 3024 
10675 770 2336 2939 2993 
10676 527 805 804 528 
10677 899 1510 1414 2932 
10678 2177 2833 1305 3028 
10679 639 748 793 2938 
10680 2412 1505 1526 2917 
10681 1285 1102 1430 2712 
10682 2775 2886 2522 3064 
10683 2122 2403 1114 2805 
10684 1564 1566 1565 2830 
10685 1136 1103 1003 2557 
10686 607 833 730 2628 
10687 2694 2826 2558 2853 
10688 539 631 466 2822 
10689 2595 2981 2784 3044 
10690 804 545 527 528 
10691 2550 2679 2789 2824 
10692 2759 2779 2620 2968 
10693 1785 2651 1637 2756 
10694 2028 2029 2482 2871 
10695 1883 1692 1058 3057 
10696 2435 2830 1566 2979 
10697 2306 2662 2425 2776 
10698 2630 3016 2825 3051 
10699 1455 1167 1454 2857 
10700 1642 1629 1743 1438 
10701 862 1682 1064 3044 
10702 2241 1089 1691 3057 
10703 2734 2921 1334 2942 
10704 2561 2954 2868 3031 
10705 1566 1269 1344 2979 
10706 895 940 941 943 
10707 2507 2774 2655 2903 
10708 2565 2675 2796 2918 
10709 2640 2788 2693 2808 
10710 171 166 1791 122 
10711 2716 2785 2598 2943 
10712 2020 1961 2457 2974 
10713 2682 2717 2540 2889 
10714 1668 2862 2562 3053 
10715 1781 2798 1957 3018 
10716 1185 2740 1204 3025 
10717 2013 1128 2718 2948 
10718 2646 2653 2568 2815 
10719 470 2907 468 3032 
10720 1680 1239 1240 2769 
10721 899 1089 1090 2779 
10722 829 792 2806 3034 
10723 899 1090 2658 2779 
10724 2440 2175 1351 2943 
10725 975 976 2745 3048 
10726 1938 2703 1718 2951 
10727 72 307 73 344 
10728 1657 1188 1842 2560 
10729 1326 1327 1882 3003 
10730 2338 2672 1890 3023 
10731 2704 2921 2574 2942 
10732 1289 2089 2786 2933 
10733 1866 1922 985 2826 
10734 1875 1419 2690 3003 
10735 2680 2931 2540 3071 
10736 227 244 210 327 
10737 785 690 2326 2856 
10738 1754 2440 1756 2687 
10739 2516 2040 2041 2964 
10740 2558 2871 2707 3073 
10741 697 751 752 2767 
10742 1905 2383 1070 2772 
10743 1682 700 1370 2754 
10744 2081 2305 2395 2801 
10745 152 201 199 202 
10746 2159 2490 2158 2964 
10747 704 736 867 2900 
10748 192 155 159 367 
10749 289 361 256 2870 
10750 2262 2934 2184 2943 
10751 1665 1258 1385 2729 
10752 670 712 589 1513 
10753 950 1954 2013 2718 
10754 2978 3014 2614 3046 
10755 34 37 36 134 
10756 1664 1203 1729 3023 
10757 524 370 523 2804 
10758 605 2725 603 3061 
10759 221 248 128 544 
10760 278 320 378 2645 
10761 2560 2610 1657 2972 
10762 2544 2700 2679 2702 
10763 904 903 902 2963 
10764 1936 1838 1447 2792 
10765 700 709 546 1370 
10766 1069 2382 1006 2770 
10767 1409 890 3008 3047 
10768 2548 2686 2763 2984 
10769 2083 1976 1056 2896 
10770 2090 2061 2092 2913 
10771 1320 2625 1290 3044 
10772 2534 2742 2904 3022 
10773 2493 2632 2073 3029 
10774 2442 1947 2965 3067 
10775 2172 2171 2170 2838 
10776 2567 2680 2804 2864 
10777 2536 2748 2874 3043 
10778 2339 2176 1785 2756 
10779 453 2692 2651 2923 
10780 515 2650 618 2663 
10781 2263 2182 2183 2703 
10782 2070 2071 2069 2774 
10783 2565 2796 2644 3074 
10784 2774 2903 2071 2973 
10785 2208 2761 1925 3047 
10786 1044 916 1045 2818 
10787 1778 1644 1666 2867 
10788 708 704 736 609 
10789 1741 993 1341 2846 
10790 988 1211 1210 2957 
10791 1476 2452 1478 2908 
10792 582 2676 488 2681 
10793 1708 2400 1334 2942 
10794 1667 1560 1099 1278 
10795 713 2762 2663 2975 
10796 1728 1138 723 2950 
10797 577 2314 579 2928 
10798 2433 2246 1844 2687 
10799 2012 2718 1777 2782 
10800 1816 605 603 3061 
10801 2686 2887 2763 2984 
10802 2676 2822 466 2906 
10803 2404 1717 1534 3024 
10804 1240 1680 2769 2995 
10805 1080 2818 1118 3082 
10806 884 1320 2868 2901 
10807 2868 3031 2625 3044 
10808 1117 1265 1118 2818 
10809 2408 1149 1150 2873 
10810 2420 2746 2653 2815 
10811 1574 835 1573 2809 
10812 605 2726 2725 3061 
10813 1193 1131 1194 2609 
10814 72 40 307 731 
10815 2639 2808 2693 2857 
10816 2198 2876 2479 3018 
10817 2216 2349 873 2918 
10818 2518 2064 2251 2897 
10819 2030 2227 2206 2983 
10820 802 697 698 850 
10821 1624 1850 2673 3008 
10822 1638 1348 1346 3007 
10823 1442 976 1441 2745 
10824 2546 2572 2859 2996 
10825 639 603 638 2725 
10826 909 1291 2714 3040 
10827 72 147 307 344 
10828 1373 1467 2444 3016 
10829 682 2685 624 2999 
10830 1080 1118 1201 3082 
10831 1015 1192 2910 3006 
10832 886 885 887 1357 
10833 2115 2106 2114 3064 
10834 2673 2760 2541 3002 
10835 1817 988 1210 2957 
10836 2190 2871 2028 3073 
10837 1309 2776 2661 2830 
10838 2859 2971 2805 2980 
10839 2265 2263 2703 2884 
10840 1447 1442 959 2792 
10841 1184 1135 882 2959 
10842 801 422 702 2032 
10843 42 67 68 45 
10844 2658 2699 2620 3057 
10845 1423 2150 2299 3032 
10846 295 205 299 354 
10847 2031 2258 2471 2887 
10848 2696 2898 2686 2984 
10849 1114 1025 2387 2858 
10850 2481 1808 1809 3000 
10851 1514 2685 2773 2999 
10852 2525 2652 2260 3068 
10853 2183 2703 2182 2777 
10854 26 28 237 62 
10855 617 1744 551 616 
10856 2580 2892 2865 3025 
10857 2567 2804 2733 2864 
10858 1290 1320 863 2625 
10859 2640 2808 2693 3065 
10860 2392 3042 3041 3051 
10861 1066 1067 1169 2991 
10862 1466 2629 1868 2851 
10863 2025 2198 2511 2876 
10864 353 264 302 387 
10865 18 231 52 2930 
10866 2573 2894 2781 3056 
10867 2249 2789 2722 2895 
10868 2578 2869 2749 2926 
10869 2489 1851 2159 2964 
10870 2017 2352 2835 2939 
10871 2301 1892 2169 2828 
10872 357 363 242 396 
10873 1240 2769 1211 2995 
10874 2524 2719 2866 2926 
10875 1180 1179 1178 2872 
10876 1668 1667 2937 2967 
10877 1027 2679 2824 3048 
10878 2675 2685 2565 2796 
10879 2540 2623 2682 2771 
10880 1934 1577 2647 2867 
10881 1162 1908 1907 2879 
10882 607 637 799 2839 
10883 2166 2443 2165 3018 
10884 2711 2856 2556 2914 
10885 1282 1769 1384 2905 
10886 1225 2805 2122 2971 
10887 1342 2814 2776 2979 
10888 1735 2700 1495 2905 
10889 1871 2061 2913 3078 
10890 519 597 518 3059 
10891 2116 2202 2201 2765 
10892 2634 2781 2573 2894 
10893 657 2689 2893 3043 
10894 394 346 2663 2764 
10895 688 622 773 2761 
10896 2860 3011 2636 3015 
10897 1342 2776 1344 2979 
10898 1934 2590 1935 2980 
10899 1274 2647 3003 3007 
10900 2646 2885 2626 2956 
10901 559 2310 2773 2933 
10902 1612 2679 2544 2700 
10903 1457 2803 1819 2912 
10904 2592 2649 2884 3024 
10905 1137 783 1138 2669 
10906 327 343 243 413 
10907 1260 2820 1686 2998 
10908 1861 1860 1862 2899 
10909 676 622 669 569 
10910 1954 1777 2012 2718 
10911 1694 1858 1264 2008 
10912 1691 1692 2241 3057 
10913 2354 1120 892 2963 
10914 2743 2820 1260 2998 
10915 2734 2836 2574 2942 
10916 1725 2909 1396 3078 
10917 2091 2913 1807 3004 
10918 2595 2784 3031 3044 
10919 691 2327 2000 2856 
10920 489 473 405 2676 
10921 2526 2922 2811 2990 
10922 2572 2937 2936 2967 
10923 1860 2899 1861 3068 
10924 2556 2829 2682 2856 
10925 1211 1240 1239 2769 
10926 259 168 219 334 
10927 1159 1160 1133 3035 
10928 474 605 454 3061 
10929 1395 2894 2909 3056 
10930 233 172 232 174 
10931 1225 2403 2122 2805 
10932 2368 953 951 2814 
10933 1185 1206 1186 2740 
10934 1566 2830 1269 2979 
10935 1345 2306 1309 2776 
10936 1207 2250 2419 2815 
10937 1123 1122 1124 2892 
10938 261 2654 352 2855 
10939 2029 2028 2027 2871 
10940 1328 2710 1326 2867 
10941 2532 2751 2824 3036 
10942 1056 2394 1055 2896 
10943 2672 2579 2920 3023 
10944 48 8 49 27 
10945 41 104 5 130 
10946 1470 2981 2595 3044 
10947 2240 2238 1303 2869 
10948 1327 2946 1881 3003 
10949 281 276 415 414 
10950 2016 2091 1807 3004 
10951 751 658 1698 694 
10952 1490 1489 1488 3039 
10953 2763 2766 2631 2908 
10954 1611 2699 2378 2962 
10955 976 1158 1441 3048 
10956 605 2725 2726 3079 
10957 2553 2742 2990 3022 
10958 835 1574 834 2809 
10959 335 254 1425 2931 
10960 1538 791 790 2732 
10961 2273 2698 1931 3068 
10962 1293 928 926 2842 
10963 2570 3069 2947 3081 
10964 1387 1038 1133 3035 
10965 1395 2909 1726 3056 
10966 657 829 2709 2958 
10967 709 1227 585 1272 
10968 2073 3029 2632 3062 
10969 36 7 35 34 
10970 72 307 148 731 
10971 731 66 148 323 
10972 2624 2934 2947 3069 
10973 2700 2905 1700 3019 
10974 1109 1264 1858 2995 
10975 2802 2953 2667 3009 
10976 1440 1510 903 2932 
10977 1547 2137 2919 3034 
10978 2689 2957 2769 2995 
10979 449 450 453 2692 
10980 603 605 638 2725 
10981 2512 2027 2028 2871 
10982 329 514 346 2575 
10983 2559 2953 2543 3075 
10984 1502 1246 1504 2946 
10985 1845 1844 2486 2852 
10986 2199 2128 2523 2861 
10987 2109 2521 2228 2847 
10988 1332 2184 2183 2777 
10989 1072 1811 1812 2881 
10990 168 2870 2855 3063 
10991 1142 2860 2784 2989 
10992 713 714 2088 2975 
10993 543 630 2839 2906 
10994 2070 1993 2071 2774 
10995 1864 2629 1464 2992 
10996 1058 1692 1093 3057 
10997 214 246 147 1068 
10998 1825 1827 1826 3026 
10999 2689 2536 2893 3043 
11000 148 147 307 72 
11001 638 2320 2725 3079 
11002 2379 1449 995 2699 
11003 1716 652 653 3077 
11004 1843 1612 1259 2700 
11005 357 2764 397 2975 
11006 1305 2749 1518 3028 
11007 2044 2441 1354 3027 
11008 1194 1131 1324 2968 
11009 1946 2378 2051 2962 
11010 2212 2237 2238 2926 
11011 2703 1938 2925 2951 
11012 1683 1685 1684 2852 
11013 1274 1644 2647 3007 
11014 2174 2264 2262 2943 
11015 1477 1478 2454 2908 
11016 2602 2939 2835 2994 
11017 2009 2794 2053 3078 
11018 1954 2012 2013 2718 
11019 2321 2889 724 3058 
11020 2439 2840 2055 2974 
11021 1671 1969 1266 2139 
11022 833 607 799 2735 
11023 248 150 221 188 
11024 2572 2562 2805 2858 
11025 1243 2706 1289 2786 
11026 478 609 571 505 
11027 516 2676 447 2923 
11028 1991 1992 2462 2929 
11029 1805 2375 1804 2853 
11030 2647 2807 2710 3003 
11031 2339 780 2176 3023 
11032 1272 546 709 1370 
11033 2776 2979 2814 2982 
11034 603 2725 639 3009 
11035 1054 1049 2759 2968 
11036 2567 2804 2680 3071 
11037 1570 1190 1428 3048 
11038 1579 1894 1156 1158 
11039 1476 1478 1477 2908 
11040 2564 2633 2903 2973 
11041 2770 2858 2599 2859 
11042 1241 1209 1224 2702 
11043 2610 2814 2666 2982 
11044 715 621 622 569 
11045 988 989 1211 2957 
11046 1567 1322 2181 2911 
11047 2377 1884 2699 3057 
11048 414 281 396 2786 
11049 1355 2443 1904 3018 
11050 1815 1814 1813 3042 
11051 489 2676 631 2906 
11052 220 221 127 544 
11053 2602 2939 2336 2993 
11054 657 2893 552 3043 
11055 2572 2531 2936 2937 
11056 610 710 700 699 
11057 279 353 354 702 
11058 2467 2240 3050 3080 
11059 2610 2863 1657 2972 
11060 735 704 736 867 
11061 947 863 1320 2901 
11062 2570 2718 1128 2948 
11063 704 505 736 609 
11064 914 1233 1065 2868 
11065 1954 1955 1777 2718 
11066 2067 2147 2491 2840 
11067 243 210 244 327 
11068 1668 1669 2862 2937 
11069 678 2663 713 2762 
11070 2548 2633 2530 2978 
11071 496 611 500 667 
11072 2213 2488 2668 2988 
11073 1925 2761 1410 3047 
11074 658 694 758 1698 
11075 244 210 243 227 
11076 2491 2112 2066 2840 
11077 1536 2629 2851 2884 
11078 1250 1085 1234 2738 
11079 2757 2913 2794 3078 
11080 1826 1827 2357 3026 
11081 2683 2986 2749 3028 
11082 1025 1114 1115 2858 
11083 2568 2789 2679 2824 
11084 2657 2979 2630 3016 
11085 692 2327 691 2856 
11086 878 987 877 3045 
11087 1414 887 885 3013 
11088 2548 2696 2686 2984 
11089 1272 1227 585 755 
11090 1058 1093 2968 3057 
11091 2408 2104 1149 2873 
11092 1953 1250 1394 2738 
11093 1865 2826 2727 2888 
11094 1385 1258 1971 2729 
11095 1363 1453 1468 1399 
11096 482 358 436 481 
11097 2524 2866 2135 2926 
11098 1816 3009 2692 3061 
11099 2314 1847 636 2829 
11100 751 456 752 2767 
11101 2631 2548 2696 2698 
11102 793 748 2334 2938 
11103 977 1265 1117 2818 
11104 281 230 414 396 
11105 2324 875 876 3074 
11106 1248 1246 1328 2710 
11107 1165 1166 1455 2857 
11108 1854 2388 1115 2878 
11109 2610 2661 2562 2878 
11110 2953 3009 2725 3061 
11111 1579 1158 976 3048 
11112 1927 2829 2314 2928 
11113 1285 1563 1364 2862 
11114 1619 2722 1618 2895 
11115 655 605 604 3079 
11116 618 458 2663 2762 
11117 606 525 455 3076 
11118 2393 1593 1765 2825 
11119 129 41 7 661 
11120 367 214 245 306 
11121 479 505 441 611 
11122 1688 1555 900 2609 
11123 2223 857 2222 2992 
11124 674 856 2650 2782 
11125 2811 2947 2598 3069 
11126 2396 1412 1712 2699 
11127 2663 2675 2650 2762 
11128 1428 1429 2813 3036 
11129 580 461 342 483 
11130 2250 2789 2419 2815 
11131 2703 2884 2263 2951 
11132 2047 1537 1533 2799 
11133 1145 1067 1146 2910 
11134 333 2717 360 2812 
11135 1471 1936 957 2792 
11136 2631 2908 2766 2994 
11137 1153 1155 1154 2760 
11138 2620 2699 2658 2962 
11139 1202 1785 2176 2756 
11140 1716 776 652 3077 
11141 2663 2685 2675 2999 
11142 996 1448 1449 2699 
11143 418 552 519 2834 
11144 1104 1365 1212 2936 
11145 52 59 51 53 
11146 1893 2479 2198 2876 
11147 861 698 1558 754 
11148 1287 990 2957 2958 
11149 1466 2992 2851 3015 
11150 1735 1382 1383 2905 
11151 398 305 276 615 
11152 2550 2824 2789 3001 
11153 602 603 639 3009 
11154 551 1552 1744 2762 
11155 436 358 459 2975 
11156 2445 1951 1839 3005 
11157 1466 2750 1465 2992 
11158 44 43 80 71 
11159 281 415 276 3066 
11160 1602 3017 2833 3028 
11161 1190 2824 3036 3048 
11162 853 807 861 754 
11163 1517 2828 2301 3028 
11164 1986 907 2355 2941 
11165 2547 2821 2780 2972 
11166 1423 2299 2928 3032 
11167 922 1407 1995 2760 
11168 704 699 863 2754 
11169 2562 2858 2577 2878 
11170 248 191 150 188 
11171 2624 2734 2921 2934 
11172 1098 1099 1560 1278 
11173 975 2961 974 3048 
11174 1864 2782 2629 2992 
11175 426 384 2235 1497 
11176 2166 2198 1958 3018 
11177 1008 889 1897 2939 
11178 868 2900 1397 3017 
11179 1315 1158 1230 3048 
11180 70 87 108 134 
11181 1988 2059 2504 2736 
11182 1244 2892 1123 3082 
11183 915 1042 1041 1533 
11184 1971 1258 1612 2544 
11185 2598 2947 2811 2990 
11186 674 855 856 2782 
11187 1457 1456 1819 2803 
11188 455 2654 407 2849 
11189 919 909 1291 2714 
11190 1861 2899 2194 3068 
11191 1926 1847 1927 2829 
11192 2651 2588 2783 3070 
11193 1213 1134 1092 2790 
11194 2578 2719 2541 2966 
11195 2008 1694 1011 1900 
11196 800 1357 1358 2935 
11197 232 168 259 233 
11198 1426 1573 835 2809 
11199 2566 3017 2838 3028 
11200 814 1227 755 612 
11201 609 571 534 478 
11202 2340 1715 1714 2908 
11203 2579 2920 2756 3070 
11204 1982 1983 1949 3010 
11205 1230 1158 1570 3048 
11206 2572 2858 2805 2859 
11207 422 702 179 801 
11208 2253 2278 2288 2838 
11209 1006 1023 1024 2770 
11210 1205 1084 1085 2740 
11211 1543 2426 1242 2744 
11212 2223 2297 857 2992 
11213 2700 2702 2544 3019 
11214 20 14 28 2930 
11215 973 1050 972 2759 
11216 1227 814 1552 612 
11217 545 881 608 528 
11218 2367 946 944 2940 
11219 1065 1321 1290 3044 
11220 89 110 97 117 
11221 128 248 60 544 
11222 713 573 617 2975 
11223 2242 1596 2095 2816 
11224 1506 881 608 1215 
11225 1921 2499 1920 2885 
11226 2513 2211 2031 2887 
11227 2589 2970 2690 3054 
11228 1438 1437 1613 3036 
11229 2751 2891 2863 3036 
11230 241 301 338 471 
11231 352 377 321 2855 
11232 1181 2877 2563 3047 
11233 2262 2716 2934 2943 
11234 2540 2931 360 3071 
11235 1315 1230 1100 2991 
11236 945 2881 944 2940 
11237 2756 2920 2579 3023 
11238 473 645 637 2839 
11239 201 240 152 200 
11240 2655 2903 2774 3054 
11241 406 261 235 2654 
11242 2183 2265 2263 2703 
11243 1399 1700 1283 2905 
11244 2184 2185 2777 2934 
11245 2565 2787 2952 3074 
11246 886 887 894 1357 
11247 2668 3008 2488 3030 
11248 2589 2946 2807 3003 
11249 610 500 611 667 
11250 1876 1942 1882 2647 
11251 1278 1099 1667 1776 
11252 134 135 108 1068 
11253 943 730 2628 3060 
11254 2147 2164 2158 2840 
11255 2578 2966 2869 3080 
11256 1182 1377 1622 3055 
11257 1623 2673 2627 2877 
11258 552 418 372 2834 
11259 1208 2746 2597 2940 
11260 2588 2692 2681 2923 
11261 1893 2198 2025 2876 
11262 2658 2620 2779 3057 
11263 419 1816 2692 3061 
11264 2663 2764 2706 2999 
11265 644 2733 522 2864 
11266 299 207 295 294 
11267 996 1449 2379 2699 
11268 1737 1810 1437 1742 
11269 2374 2224 2292 2727 
11270 1690 1692 2779 2968 
11271 1110 1680 1111 2995 
11272 2172 2170 2828 2838 
11273 1681 2981 1470 3044 
11274 1093 1053 1054 2968 
11275 2211 2258 2031 2887 
11276 194 251 250 423 
11277 1624 3008 2673 3047 
11278 594 649 2672 2920 
11279 1559 2750 857 2992 
11280 2269 2219 2220 2944 
11281 1856 1617 1918 3041 
11282 1971 2544 974 2791 
11283 1708 2123 2400 2942 
11284 1751 1599 1823 1590 
11285 2187 2406 1143 2860 
11286 2580 2865 2740 3025 
11287 2541 2966 2719 3080 
11288 885 1357 886 2935 
11289 258 336 289 2870 
11290 770 2939 1897 2993 
11291 2102 2045 2106 2886 
11292 1231 908 1230 2594 
11293 2080 2079 2283 2820 
11294 2135 2131 2134 2926 
11295 1969 970 982 1671 
11296 1222 2754 2279 3011 
11297 1546 1472 1760 2919 
11298 1688 901 1139 3013 
11299 127 189 220 186 
11300 254 269 224 568 
11301 1227 612 585 755 
11302 2525 2194 2231 3029 
11303 1076 2069 2098 2973 
11304 2755 2886 2581 3064 
11305 1777 1460 2629 2884 
11306 2689 2958 2957 2995 
11307 2680 2804 2931 3071 
11308 2175 2264 2174 2943 
11309 2387 1295 1114 2859 
11310 1789 1158 976 1157 
11311 915 1041 917 2799 
11312 1063 1470 2595 3044 
11313 2179 2801 2521 2847 
11314 2262 2184 2234 2943 
11315 2728 2881 1249 2940 
11316 885 2935 1139 3013 
11317 1106 920 1560 2937 
11318 1063 1470 1014 2595 
11319 1733 766 815 670 
11320 1448 2699 1884 3057 
11321 2774 2973 2970 3054 
11322 184 248 221 188 
11323 1323 1532 913 917 
11324 2263 2265 1829 2884 
11325 2056 1336 2055 2974 
11326 1495 1259 1257 2700 
11327 1243 1289 2089 2786 
11328 2424 2744 2702 2789 
11329 804 880 545 528 
11330 1433 2047 956 1434 
11331 2238 2869 2240 3080 
11332 2562 2661 2805 2878 
11333 1509 1123 1244 2892 
11334 1531 790 1532 2799 
11335 2035 2044 2360 2965 
11336 1861 2193 2492 3068 
11337 39 6 236 48 
11338 1902 1512 2618 3039 
11339 1718 2182 2263 2703 
11340 2177 1602 1601 2833 
11341 229 272 210 243 
11342 858 859 446 2907 
11343 1957 2463 1903 2798 
11344 1344 1345 2435 2776 
11345 1128 949 2718 2969 
11346 796 827 2850 2998 
11347 2083 1056 2395 2896 
11348 927 928 1416 2842 
11349 1934 1577 2590 2647 
11350 160 423 719 192 
11351 698 753 697 802 
11352 258 259 168 233 
11353 798 1567 800 2935 
11354 2558 2727 2736 2871 
11355 2617 2726 2725 3079 
11356 2425 2662 2661 2776 
11357 743 1637 2313 2651 
11358 1776 1578 1480 2967 
11359 2182 2703 1938 2777 
11360 404 333 332 2812 
11361 747 746 645 2854 
11362 357 241 363 358 
11363 704 841 708 2900 
11364 2044 2037 2441 3027 
11365 394 2663 458 2975 
11366 12 21 26 68 
11367 866 708 841 2900 
11368 509 478 505 389 
11369 2661 2830 2607 2971 
11370 516 2920 2676 3070 
11371 478 571 509 505 
11372 519 2904 520 3059 
11373 1207 2702 2746 2815 
11374 783 1267 747 2911 
11375 1470 1014 2595 2981 
11376 631 466 2822 2906 
11377 2651 2783 2756 3070 
11378 1876 2647 1882 3003 
11379 1885 1956 2657 3039 
11380 764 841 866 708 
11381 130 104 5 40 
11382 1014 1146 1291 3006 
11383 1572 1465 1466 2750 
11384 640 643 644 2864 
11385 1415 407 2681 2849 
11386 2743 2771 847 3038 
11387 62 47 38 2930 
11388 1389 1429 1427 2891 
11389 525 606 2844 3076 
11390 1611 2378 1946 2962 
11391 166 133 169 158 
11392 2362 1757 2161 3056 
11393 1026 1612 1843 2679 
11394 2406 1142 1143 2860 
11395 431 199 292 202 
11396 232 259 168 219 
11397 276 305 273 615 
11398 2703 2777 2582 2925 
11399 185 188 189 300 
11400 856 2762 2650 2782 
11401 2545 3008 2668 3030 
11402 481 357 358 485 
11403 462 464 463 2648 
11404 898 1964 1609 2949 
11405 1624 1625 2351 3008 
11406 2493 1861 1862 2899 
11407 1198 1121 1120 2963 
11408 483 580 533 362 
11409 1401 1249 945 2940 
11410 1941 1880 2455 2970 
11411 146 338 182 242 
11412 1944 1311 1312 2912 
11413 2624 2921 2777 2934 
11414 225 179 702 801 
11415 2016 1238 999 2848 
11416 479 505 509 439 
11417 2483 2168 1827 3064 
11418 1488 2657 1462 3039 
11419 1690 1692 1691 2779 
11420 2717 2829 2616 2928 
11421 1810 1626 1437 3036 
11422 464 415 2089 2786 
11423 2545 2563 2673 3008 
11424 2558 2853 2871 3073 
11425 228 209 214 213 
11426 900 1555 1690 2968 
11427 1743 1438 1629 2863 
11428 2565 2675 2752 3022 
11429 2590 2647 1644 3007 
11430 130 5 39 40 
11431 479 509 505 389 
11432 2610 2666 2539 2982 
11433 1383 1384 1769 2905 
11434 2671 2864 828 3058 
11435 39 236 40 48 
11436 247 245 154 367 
11437 2680 2540 2717 2889 
11438 1897 2939 1924 2993 
11439 1792 1956 936 2657 
11440 1401 2597 1017 3019 
11441 60 57 58 248 
11442 2081 2395 2083 2082 
11443 799 800 2735 2935 
11444 2548 2698 2631 2835 
11445 533 438 483 362 
11446 682 680 2316 2796 
11447 1024 1069 1006 2770 
11448 296 299 353 354 
11449 672 534 708 609 
11450 2610 2737 2662 2878 
11451 710 610 704 699 
11452 2888 2962 2622 2963 
11453 714 2663 684 2999 
11454 1144 1498 914 2868 
11455 1365 920 1212 2936 
11456 2533 2658 2620 2779 
11457 2533 2759 2609 2779 
11458 529 456 378 2645 
11459 147 73 214 1068 
11460 1547 2919 1546 3034 
11461 2680 2889 641 3058 
11462 1560 1278 1667 2937 
11463 2625 2868 2954 3031 
11464 2578 2557 2869 2966 
11465 1737 1582 1970 1899 
11466 394 397 346 2764 
11467 2160 2557 2178 2833 
11468 2834 2893 2536 3043 
11469 1856 1528 1530 1588 
11470 455 525 352 3076 
11471 479 441 505 439 
11472 2662 2610 2776 2814 
11473 519 518 2904 3059 
11474 2186 2523 2152 3049 
11475 2578 2926 2749 2986 
11476 1135 1103 1136 2684 
11477 669 676 569 570 
11478 1199 904 2622 3010 
11479 919 918 909 2714 
11480 1908 1162 2386 2879 
11481 2702 2419 2789 2815 
11482 2061 1871 1869 3078 
11483 2545 2673 2668 3008 
11484 640 2864 2680 3058 
11485 578 2299 577 2928 
11486 2184 2777 1332 2934 
11487 1293 957 958 2792 
11488 177 205 206 226 
11489 2761 3008 890 3047 
11490 1120 1121 892 2963 
11491 1684 1685 2436 2852 
11492 2499 1920 2885 2956 
11493 1123 1124 1236 2892 
11494 2689 657 2893 2958 
11495 664 2628 730 2844 
11496 764 673 866 3017 
11497 750 792 597 2806 
11498 1952 2563 2877 3002 
11499 1271 1270 1269 2979 
11500 233 168 126 174 
11501 495 611 610 613 
11502 958 1417 928 2570 
11503 1290 862 1064 3044 
11504 2575 2675 2663 2685 
11505 211 150 59 248 
11506 270 2804 319 2931 
11507 1396 1395 1394 2909 
11508 1623 3050 2627 3080 
11509 1119 1381 1213 2790 
11510 2437 1938 1709 2925 
11511 1025 1069 1024 2770 
11512 402 2717 2616 2812 
11513 622 669 677 676 
11514 1238 2016 1493 2848 
11515 2293 2300 2787 3074 
11516 889 2352 888 2939 
11517 133 170 161 166 
11518 1717 2951 1534 3024 
11519 2632 2652 2545 3029 
11520 2376 985 1922 2826 
11521 2578 2719 2966 3080 
11522 659 606 664 2844 
11523 1233 1320 1321 2868 
11524 1014 2981 1016 3006 
11525 2316 680 687 2796 
11526 2454 2268 2267 2908 
11527 1966 1967 2415 2872 
11528 973 972 964 2759 
11529 1003 2160 1136 2557 
11530 1212 2936 921 3002 
11531 1469 1550 1208 2940 
11532 2709 2893 657 2958 
11533 1382 1735 1495 2905 
11534 1510 1846 903 2932 
11535 645 2839 543 2854 
11536 2104 2408 1149 2105 
11537 1530 1739 1856 2821 
11538 657 2709 829 2893 
11539 881 1832 608 528 
11540 2440 2274 1756 2687 
11541 322 320 278 2855 
11542 1521 1873 938 1736 
11543 299 205 279 354 
11544 993 991 1341 2846 
11545 1276 1174 2412 2917 
11546 2263 1829 1536 2884 
11547 63 68 62 2930 
11548 2426 2702 1242 2744 
11549 734 711 817 763 
11550 414 415 281 2786 
11551 2805 2858 2562 2878 
11552 2305 2395 2083 2081 
11553 319 2804 318 3071 
11554 1126 2862 1569 2863 
11555 611 495 718 613 
11556 2531 2936 2739 2996 
11557 2679 2744 2550 2789 
11558 2435 1345 1309 2776 
11559 2013 855 1128 2948 
11560 2736 2576 2847 2944 
11561 2754 2784 2279 3011 
11562 543 2839 630 2854 
11563 1326 1328 1246 2710 
11564 2860 2981 2649 3015 
11565 1688 900 901 3013 
11566 1143 2860 1142 2989 
11567 858 468 859 2907 
11568 2525 3029 2233 3030 
11569 610 611 495 667 
11570 2574 2921 2734 2942 
11571 1093 1690 1556 2968 
11572 2565 2952 2918 3074 
11573 1923 1819 1456 2803 
11574 2283 2079 2520 2820 
11575 2629 2851 1466 2992 
11576 594 2920 2672 3077 
11577 1986 1826 907 2941 
11578 2575 2663 2706 2999 
11579 73 147 72 344 
11580 552 372 476 2834 
11581 588 587 589 557 
11582 526 527 320 2645 
11583 1841 2788 1587 2895 
11584 2575 2663 2675 2904 
11585 657 658 831 2689 
11586 1668 1667 1669 2937 
11587 2265 2703 2183 2777 
11588 345 302 353 457 
11589 1428 1427 1429 3036 
11590 1365 920 2936 2937 
11591 2851 2860 2649 3015 
11592 2320 2938 2725 3079 
11593 1244 1123 1201 3082 
11594 2579 2676 2906 2920 
11595 529 805 530 849 
11596 1914 1842 1668 2562 
11597 1155 1995 1154 2760 
11598 659 608 553 2844 
11599 194 192 193 719 
11600 657 658 2689 3043 
11601 2280 867 868 2900 
11602 1227 814 813 1552 
11603 868 1397 2278 3017 
11604 2464 2668 3029 3062 
11605 2892 3025 2580 3082 
11606 717 716 2822 2993 
11607 2454 2267 1714 2908 
11608 1427 1742 1437 3036 
11609 577 2928 2299 3032 
11610 1387 2911 1137 3035 
11611 254 333 1425 2931 
11612 2651 2692 2588 2923 
11613 328 2764 396 2786 
11614 2588 2916 2783 3070 
11615 2134 2926 2131 2986 
11616 634 693 641 2889 
11617 432 533 588 410 
11618 2682 2771 2623 3038 
11619 454 605 1816 3061 
11620 966 1186 968 3052 
11621 26 28 25 237 
11622 226 205 206 225 
11623 2649 2851 2629 2884 
11624 1085 1234 2738 2740 
11625 1631 816 817 711 
11626 2144 2452 1476 2908 
11627 866 867 736 2900 
11628 1996 2618 1803 2867 
11629 616 551 617 512 
11630 81 114 91 64 
11631 2550 2751 2824 3001 
11632 1204 1281 1185 3025 
11633 2575 2706 2685 2999 
11634 466 2676 516 2920 
11635 109 155 154 159 
11636 2147 2439 2164 2840 
11637 322 2855 278 3063 
11638 651 1747 1746 3077 
11639 700 1682 862 2754 
11640 417 360 418 3037 
11641 189 220 221 127 
11642 2620 2968 2779 3057 
11643 884 1320 1498 2868 
11644 1003 1001 1674 2557 
11645 2690 2970 2591 3054 
11646 447 467 466 516 
11647 2275 2281 2459 2851 
11648 495 699 704 610 
11649 58 52 57 53 
11650 1455 1166 1167 2857 
11651 61 52 51 2930 
11652 355 479 441 611 
11653 2572 2967 2807 2980 
11654 187 188 185 300 
11655 2565 2918 2796 3074 
11656 1882 1942 1326 2647 
11657 1206 968 1186 3052 
11658 902 903 1846 2932 
11659 2091 2090 2913 3004 
11660 2807 2967 2590 2980 
11661 679 2782 1864 2992 
11662 1434 1416 1678 2948 
11663 258 268 168 2870 
11664 594 593 592 2920 
11665 2135 1607 2465 2866 
11666 641 693 2321 2889 
11667 2424 2744 2789 2895 
11668 2177 1305 1518 3028 
11669 2245 2016 1112 3004 
11670 829 2806 750 2893 
11671 2590 2647 2807 2980 
11672 1792 936 937 2657 
11673 730 2844 2628 3060 
11674 276 275 305 356 
11675 989 2957 990 2958 
11676 2491 2147 1852 2840 
11677 611 496 495 667 
11678 2706 2773 2685 2999 
11679 1986 2355 2173 2941 
11680 2522 2102 2106 2886 
11681 2113 1604 2463 2772 
11682 1824 1823 1797 3042 
11683 495 505 611 718 
11684 265 253 367 247 
11685 1657 2610 2562 2863 
11686 1588 1856 1929 1918 
11687 617 551 1744 2762 
11688 2194 2899 2652 3068 
11689 1671 1670 886 2935 
11690 127 184 189 186 
11691 1026 1027 1612 2679 
11692 159 423 160 192 
11693 900 2609 1555 2968 
11694 1993 2070 1916 2774 
11695 1241 1224 1242 2702 
11696 2612 2887 2707 2983 
11697 2575 2706 2663 2764 
11698 248 221 60 544 
11699 1564 2618 2830 2867 
11700 1611 1946 1945 2962 
11701 2625 3031 2784 3044 
11702 2560 2661 2610 2776 
11703 1480 1481 1496 1482 
11704 1273 1644 1274 3007 
11705 2064 2065 1845 2852 
11706 2234 2174 2262 2943 
11707 1733 815 701 670 
11708 1411 1723 1722 2877 
11709 2579 2906 2676 3070 
11710 1671 1266 970 2139 
11711 2655 2774 2589 3054 
11712 724 2889 2771 3058 
11713 849 698 850 809 
11714 1824 1888 1823 3042 
11715 306 154 245 367 
11716 1848 2467 2988 3080 
11717 2226 2505 1989 2847 
11718 1488 1885 2657 3039 
11719 1607 2464 1606 3062 
11720 1743 1569 1629 1642 
11721 2572 2859 2805 2980 
11722 2181 1267 1268 2911 
11723 1781 2463 1957 2798 
11724 1216 1215 1214 2844 
11725 1587 2744 2424 2895 
11726 1008 2352 889 2939 
11727 1493 1508 1238 2769 
11728 630 723 2854 2950 
11729 2565 2752 2918 2952 
11730 566 743 2313 2651 
11731 291 235 257 316 
11732 1982 1963 1983 3010 
11733 126 122 168 171 
11734 2609 2779 2759 2968 
11735 630 688 723 2950 
11736 1602 1601 2833 3017 
11737 809 698 850 1558 
11738 1261 1265 3025 3082 
11739 593 621 486 2822 
11740 2442 1542 1947 3067 
11741 1569 1126 1127 2862 
11742 497 479 355 611 
11743 622 677 773 676 
11744 2557 2955 2833 3050 
11745 858 468 2907 3032 
11746 2779 2968 1692 3057 
11747 304 535 615 3033 
11748 915 917 916 2799 
11749 2432 1296 1748 1683 
11750 1602 1398 1601 3017 
11751 556 429 555 385 
11752 590 716 591 2822 
11753 610 709 667 700 
11754 2488 2259 2233 3030 
11755 1782 1283 1311 2905 
11756 1474 756 2335 2758 
11757 1575 898 1609 2949 
11758 466 516 592 2920 
11759 466 486 2822 2920 
11760 1750 1205 1085 2728 
11761 2707 2847 2576 2983 
11762 466 447 516 2676 
11763 610 704 495 613 
11764 406 352 261 2654 
11765 59 58 211 248 
11766 946 945 944 2940 
11767 509 534 571 478 
11768 918 1101 1100 2991 
11769 2070 2069 1916 2774 
11770 602 599 603 3009 
11771 1481 1496 1627 1480 
11772 2632 2545 2668 3029 
11773 159 155 154 367 
11774 37 33 83 86 
11775 2397 1076 2098 2973 
11776 315 222 311 287 
11777 159 192 132 117 
11778 1928 1873 1736 3060 
11779 2321 724 725 3058 
11780 183 105 127 1707 
11781 1512 1463 1511 3039 
11782 1606 1608 1607 3062 
11783 967 992 986 3045 
11784 2598 2716 2934 2947 
11785 1243 2764 2706 2786 
11786 2499 1997 1920 2956 
11787 971 969 1310 3035 
11788 260 2855 322 2870 
11789 773 2563 1181 2877 
11790 684 678 683 2675 
11791 1117 1118 1080 2818 
11792 1604 1605 2463 2772 
11793 1558 809 698 810 
11794 6 5 39 130 
11795 704 505 495 736 
11796 1824 1797 1799 3041 
11797 1796 2446 1795 3051 
11798 852 836 837 2767 
11799 1966 2415 1179 2872 
11800 736 495 704 613 
11801 1322 1267 2181 2911 
11802 1457 1999 1944 2912 
11803 2158 2157 2159 2964 
11804 1352 2440 1351 2687 
11805 2048 2516 2041 2049 
11806 1868 1460 2649 2884 
11807 83 46 37 86 
11808 342 343 327 413 
11809 2385 1967 1966 2872 
11810 881 608 1832 1506 
11811 1624 2351 2261 3008 
11812 255 254 314 333 
11813 516 466 592 467 
11814 80 131 89 71 
11815 2281 2187 2459 2851 
11816 665 811 666 809 
11817 1401 1399 2597 3019 
11818 1175 1183 1182 2837 
11819 205 225 179 702 
11820 501 586 494 1513 
11821 984 985 2376 2826 
11822 1678 619 778 2948 
11823 1867 1949 1948 2888 
11824 2557 2869 2966 3080 
11825 356 273 274 275 
11826 281 2786 415 3066 
11827 186 189 182 300 
11828 233 171 168 268 
11829 1119 1389 1381 2790 
11830 2565 2752 2675 2918 
11831 608 1215 2844 3060 
11832 1571 2750 1466 3015 
11833 909 910 914 3040 
11834 1289 2786 2706 2933 
11835 2284 2244 2245 3004 
11836 1199 1650 904 3010 
11837 117 92 89 118 
11838 263 702 422 2032 
11839 983 985 984 2826 
11840 1767 2346 2242 3038 
11841 2560 2587 1187 2657 
11842 681 680 682 2796 
11843 1572 1466 1571 2750 
11844 59 51 58 52 
11845 716 1181 676 2761 
11846 485 573 484 2975 
11847 2236 2134 2456 2986 
11848 2515 2041 2040 2964 
11849 2073 2464 2231 3029 
11850 1873 938 1736 3060 
11851 972 1050 1051 2759 
11852 1888 1887 1815 3042 
11853 827 1260 1686 2998 
11854 2056 2034 1335 2974 
11855 1178 1179 2415 2872 
11856 841 947 864 2900 
11857 1882 1327 1419 3003 
11858 52 58 59 53 
11859 621 581 342 580 
11860 361 373 374 2870 
11861 831 657 2689 2958 
11862 1857 1979 1601 2955 
11863 2579 2676 2920 3070 
11864 1344 2776 2435 2979 
11865 2581 2886 2775 3064 
11866 2578 2866 2719 2926 
11867 1743 1629 1569 2863 
11868 1521 1736 938 3060 
11869 1848 2240 2467 3080 
11870 1190 1628 1592 1742 
11871 304 305 398 615 
11872 801 702 340 2032 
11873 535 305 304 615 
11874 187 182 189 300 
11875 201 152 240 202 
11876 2652 2899 2194 3029 
11877 1739 2803 2674 2821 
11878 1155 773 1952 2563 
11879 2532 2824 2751 3001 
11880 2685 2796 2675 2999 
11881 1916 2069 2398 2774 
11882 1705 1222 1704 3011 
11883 476 477 3043 3071 
11884 275 305 273 276 
11885 674 2650 856 2762 
11886 1628 1742 1190 3036 
11887 37 33 46 83 
11888 1522 1736 1521 3060 
11889 1397 868 866 2900 
11890 1723 2955 2627 3050 
11891 495 699 610 667 
11892 1692 2968 1093 3057 
11893 605 638 2725 3079 
11894 228 229 210 227 
11895 678 2675 2663 2762 
11896 379 629 431 1113 
11897 581 486 342 467 
11898 2590 2538 3003 3007 
11899 1687 1839 1840 3005 
11900 2273 2510 2698 3068 
11901 1106 1099 1300 1776 
11902 910 908 1096 3040 
11903 1601 1979 2833 2955 
11904 338 146 182 301 
11905 299 296 295 354 
11906 1383 1769 1834 2905 
11907 185 191 188 614 
11908 2651 2923 2588 3070 
11909 1543 2744 1587 2788 
11910 2296 1723 1857 2955 
11911 1111 1109 1858 2995 
11912 221 60 150 248 
11913 433 271 239 411 
11914 1473 979 1472 2919 
11915 850 666 698 849 
11916 1460 1461 2649 2884 
11917 958 957 959 2792 
11918 2592 2884 2951 3024 
11919 1857 1631 766 2955 
11920 898 897 896 3010 
11921 1127 1279 1561 2862 
11922 2801 2847 2576 2944 
11923 391 392 326 390 
11924 868 867 866 2900 
11925 1052 2738 1234 3052 
11926 322 2855 168 2870 
11927 2534 2904 2742 3059 
11928 1041 1042 1531 1533 
11929 476 372 319 3071 
11930 479 495 611 497 
11931 189 186 185 300 
11932 850 752 666 849 
11933 1498 1233 914 2868 
11934 979 978 1760 2919 
11935 33 83 86 87 
11936 499 382 500 424 
11937 552 2834 476 3043 
11938 2519 2098 2069 2973 
11939 657 552 658 3043 
11940 184 221 189 188 
11941 1269 2429 1344 2979 
11942 1811 1703 944 2881 
11943 466 486 539 2822 
11944 2707 2736 2576 2847 
11945 1976 1977 2394 2896 
11946 2627 2673 2541 3002 
11947 1942 1803 1326 2867 
11948 67 81 80 45 
11949 1552 1864 1744 2762 
11950 2606 2888 2622 3010 
11951 1278 1679 1098 1776 
11952 1052 967 3045 3052 
11953 134 135 87 108 
11954 2009 2909 2794 3078 
11955 2592 2951 2665 3024 
11956 1873 759 938 3060 
11957 419 454 1816 3061 
11958 2543 2953 2849 3075 
11959 2043 2489 2040 2964 
11960 642 640 522 2864 
11961 2616 2812 2928 3032 
11962 2668 3029 2545 3030 
11963 1763 2451 1762 2984 
11964 578 577 579 2928 
11965 2383 1905 1903 1605 
11966 770 1924 2214 2993 
11967 318 319 270 2804 
11968 2177 1601 1979 2833 
11969 2536 2874 2834 3043 
11970 568 333 254 2931 
11971 150 498 211 59 
11972 409 326 392 390 
11973 1038 1138 1040 3035 
11974 479 495 505 611 
11975 670 587 815 646 
11976 2139 1357 800 2935 
11977 2616 2907 2812 3032 
11978 1465 1464 1466 2992 
11979 1443 1011 1694 1900 
11980 2439 2067 2055 2840 
11981 1194 2609 1131 2968 
11982 18 16 17 2930 
11983 765 387 388 510 
11984 210 243 272 327 
11985 356 305 276 398 
11986 756 1474 1475 2758 
11987 93 133 158 118 
11988 552 657 750 2893 
11989 360 2717 333 2931 
11990 895 941 894 887 
11991 1437 1439 1626 1810 
11992 1777 2592 1460 2884 
11993 2906 2916 2676 3070 
11994 1311 2905 1312 2912 
11995 184 221 128 127 
11996 1477 2454 1714 2908 
11997 1495 1735 1259 2700 
11998 506 586 763 555 
11999 606 730 664 2628 
12000 2557 2627 2869 3080 
12001 976 1447 975 2745 
12002 1856 1918 1588 3041 
12003 534 509 507 478 
12004 2245 2244 2091 3004 
12005 2541 2627 2966 3080 
12006 1761 881 1506 808 
12007 2734 2934 2624 3069 
12008 546 667 709 700 
12009 225 205 354 702 
12010 1657 1745 1188 2560 
12011 564 515 518 2904 
12012 1409 3008 1625 3047 
12013 618 2650 674 2762 
12014 387 340 702 2032 
12015 778 619 779 2948 
12016 100 135 108 87 
12017 1631 1857 1601 2955 
12018 761 805 808 809 
12019 327 243 272 413 
12020 1691 2779 1692 3057 
12021 1447 959 957 2792 
12022 2640 2722 2550 2895 
12023 51 61 58 52 
12024 515 513 518 2904 
12025 1789 1158 1441 976 
12026 2280 2279 867 2754 
12027 1979 2833 2955 3050 
12028 300 274 182 338 
12029 1331 608 1252 3060 
12030 1739 1856 2821 3041 
12031 1700 1312 2905 2912 
12032 1145 1015 1191 2910 
12033 918 908 909 3040 
12034 1612 974 1971 2544 
12035 1403 1402 1404 2912 
12036 1379 1378 1380 3051 
12037 936 1770 935 2657 
12038 2830 2979 2560 3039 
12039 1652 2180 898 3010 
12040 1783 1016 1681 2981 
12041 148 72 731 323 
12042 704 863 841 2900 
12043 1667 1278 1669 2937 
12044 1274 2647 1874 3003 
12045 2009 878 2062 2794 
12046 1282 1284 1283 2905 
12047 1876 1874 2647 3003 
12048 1402 1943 1404 2912 
12049 410 432 438 362 
12050 423 194 251 719 
12051 112 81 67 64 
12052 1687 2445 1839 3005 
12053 488 2676 405 2681 
12054 1464 2629 1466 2992 
12055 155 253 154 367 
12056 1245 1264 1109 2995 
12057 622 621 715 2822 
12058 2061 2053 2062 3078 
12059 550 646 589 554 
12060 458 515 618 2663 
12061 408 386 434 1113 
12062 324 353 264 457 
12063 2488 2261 2259 3030 
12064 1141 1143 1142 2989 
12065 353 279 299 324 
12066 1814 1815 1887 3042 
12067 387 302 353 345 
12068 1220 1704 1222 3011 
12069 1325 943 938 3060 
12070 423 253 192 367 
12071 1076 2591 2970 2973 
12072 849 666 698 809 
12073 445 401 398 3033 
12074 1073 1395 2003 2894 
12075 463 2648 464 2933 
12076 652 1554 1747 3077 
12077 184 189 221 127 
12078 1197 582 488 2681 
12079 820 819 768 2750 
12080 1671 886 1357 2935 
12081 1071 1953 1395 2894 
12082 321 320 322 2855 
12083 2430 1373 1374 3016 
12084 1718 1534 1717 2951 
12085 277 270 219 3063 
12086 2675 2650 2752 3022 
12087 2560 2618 2830 3039 
12088 682 2796 2685 2999 
12089 71 43 80 45 
12090 53 57 58 60 
12091 63 61 64 2930 
12092 1094 1194 1324 2968 
12093 372 2931 319 3071 
12094 442 303 365 460 
12095 1745 2560 1657 2972 
12096 1865 2494 1867 2888 
12097 1739 1819 1923 2803 
12098 2091 2090 2092 2913 
12099 2627 2966 1002 3002 
12100 1416 1128 1129 2948 
12101 2321 640 641 3058 
12102 2598 2947 2934 3069 
12103 2602 2822 2552 2993 
12104 70 37 87 134 
12105 500 424 496 667 
12106 394 2764 2663 2975 
12107 86 108 70 87 
12108 159 110 109 117 
12109 372 360 2931 3071 
12110 524 337 334 3063 
12111 2572 2807 2859 2980 
12112 2284 2245 1112 3004 
12113 321 261 352 2855 
12114 580 483 342 362 
12115 652 777 1554 3077 
12116 1282 1283 1782 2905 
12117 1848 2467 1850 2988 
12118 2387 1114 2858 2859 
12119 2805 2859 2122 2971 
12120 644 643 1978 2864 
12121 60 59 150 248 
12122 936 1956 1773 3039 
12123 42 67 81 64 
12124 276 273 187 614 
12125 2437 2921 2777 2925 
12126 1267 1137 1387 2911 
12127 1739 2821 2674 3041 
12128 2652 2545 3029 3030 
12129 241 326 325 471 
12130 2193 2273 2492 3068 
12131 1019 2597 1401 2940 
12132 1104 1002 1003 2966 
12133 237 28 15 62 
12134 358 363 357 481 
12135 2774 2970 2589 3054 
12136 253 265 367 266 
12137 1718 1717 2475 2951 
12138 232 168 174 219 
12139 543 747 645 2854 
12140 325 1497 2235 391 
12141 1531 1533 790 2799 
12142 551 437 435 2975 
12143 2636 2981 2860 3015 
12144 1125 1365 1364 2937 
12145 1997 934 932 2956 
12146 318 375 477 3071 
12147 396 397 357 2764 
12148 1616 2674 1615 3041 
12149 1928 759 1873 3060 
12150 678 617 679 2762 
12151 1206 2740 1185 3025 
12152 53 74 57 60 
12153 1062 1061 910 2768 
12154 1982 1949 2888 3010 
12155 2102 2365 2045 2886 
12156 2538 2690 2591 3054 
12157 1761 881 808 528 
12158 2690 2970 2589 3003 
12159 52 38 16 2930 
12160 1411 1836 1723 2877 
12161 95 80 81 45 
12162 1428 1742 1427 3036 
12163 233 168 258 268 
12164 260 322 168 2870 
12165 1671 1392 1432 886 
12166 1411 1836 2877 3047 
12167 2572 2805 2562 3053 
12168 457 324 353 440 
12169 1832 1761 881 1506 
12170 37 36 35 34 
12171 684 714 678 2663 
12172 1501 608 1253 1331 
12173 2265 1829 2264 2263 
12174 2702 2746 2544 3019 
12175 205 295 207 354 
12176 2356 905 906 3012 
12177 287 311 162 222 
12178 622 620 669 569 
12179 630 489 631 2906 
12180 988 1287 990 2957 
12181 976 1442 1447 2745 
12182 1798 1823 1590 1588 
12183 168 219 334 3063 
12184 2226 2228 2505 2847 
12185 91 42 81 64 
12186 1304 2240 2869 3050 
12187 2207 767 1790 815 
12188 1938 2777 2703 2925 
12189 2122 2805 1114 2859 
12190 1001 1674 2557 2955 
12191 20 18 17 2930 
12192 461 460 581 467 
12193 2469 2227 2030 2983 
12194 1977 1658 1621 2215 
12195 1396 2909 2009 3078 
12196 1064 1065 1290 3044 
12197 1395 2003 2894 3056 
12198 455 607 606 2849 
12199 149 215 115 535 
12200 287 222 255 404 
12201 2021 2840 2439 2974 
12202 442 303 308 365 
12203 665 811 809 760 
12204 168 2855 322 3063 
12205 2538 2589 2690 3054 
12206 1588 1530 1856 2821 
12207 652 776 777 3077 
12208 1984 1985 2501 3073 
12209 2360 2044 1947 2965 
12210 1528 1856 1929 1588 
12211 336 361 289 2870 
12212 699 700 862 2754 
12213 533 580 620 362 
12214 1468 1283 1363 1399 
12215 631 2676 466 2906 
12216 2598 2934 2716 2943 
12217 755 1272 1227 813 
12218 129 7 34 661 
12219 1250 1234 1394 2738 
12220 1551 1578 1577 2590 
12221 1734 1580 1843 2780 
12222 995 1449 1712 2699 
12223 416 317 1197 351 
12224 1240 1211 989 2995 
12225 811 698 666 809 
12226 261 2855 260 2870 
12227 808 1507 2010 1393 
12228 1141 1142 2405 2989 
12229 2220 2243 2269 2944 
12230 1357 2139 1671 2935 
12231 343 303 243 413 
12232 2493 2899 2632 3029 
12233 640 2321 643 3058 
12234 1225 2661 2805 2971 
12235 1761 1832 881 528 
12236 1960 2189 2501 3073 
12237 827 2331 1260 2998 
12238 809 811 698 810 
12239 535 273 305 615 
12240 2159 2157 2515 2964 
12241 2444 1379 1372 3016 
12242 2710 2607 2971 2980 
12243 128 76 78 689 
12244 86 37 33 87 
12245 1540 1541 2460 3067 
12246 1438 1613 2863 3036 
12247 2582 2921 2704 2925 
12248 1864 1744 679 2992 
12249 1026 1027 2679 2824 
12250 568 270 319 2931 
12251 1928 759 938 1873 
12252 466 631 489 2676 
12253 2438 1336 2056 2974 
12254 2181 800 1567 2935 
12255 1516 2177 1518 3028 
12256 813 1227 1552 1572 
12257 2622 2962 2658 2963 
12258 1269 1270 2429 2979 
12259 2193 2260 2273 3068 
12260 2780 2803 2586 2821 
12261 394 515 458 2663 
12262 342 461 581 467 
12263 2088 1243 484 2764 
12264 174 175 224 219 
12265 528 527 805 529 
12266 1690 1093 1692 2968 
12267 448 465 364 366 
12268 2418 1729 1203 3023 
12269 1935 1934 1578 2590 
12270 28 14 15 47 
12271 997 2721 2215 2850 
12272 586 506 502 555 
12273 1920 932 933 2956 
12274 1283 1284 1362 2905 
12275 2231 2194 2073 3029 
12276 47 15 28 62 
12277 326 409 391 390 
12278 1848 1850 1849 2988 
12279 2451 1451 1762 2984 
12280 702 263 387 2032 
12281 2323 2086 684 2999 
12282 396 328 397 2764 
12283 2648 347 2786 2933 
12284 892 1597 891 2963 
12285 581 592 467 460 
12286 1332 2182 2437 2777 
12287 2483 2115 2114 3064 
12288 614 273 190 535 
12289 1416 1129 1678 2948 
12290 863 699 862 2754 
12291 966 968 967 3052 
12292 150 498 116 211 
12293 1579 976 1190 3048 
12294 41 40 39 5 
12295 525 377 352 3076 
12296 315 310 312 285 
12297 2215 2721 1975 2850 
12298 1064 1063 1065 3044 
12299 1670 1139 886 2935 
12300 1469 2367 1550 2940 
12301 117 192 132 169 
12302 1789 1442 976 1441 
12303 205 179 279 702 
12304 159 92 97 117 
12305 1326 2710 2647 2867 
12306 990 989 988 2957 
12307 408 262 386 1113 
12308 1272 709 1227 813 
12309 58 59 60 248 
12310 2557 2869 2627 3050 
12311 1477 2453 1476 2908 
12312 1459 1778 2618 2867 
12313 229 243 210 227 
12314 1589 2587 935 2821 
12315 219 270 175 568 
12316 697 752 666 850 
12317 2273 2260 2510 3068 
12318 714 2663 2088 2975 
12319 1368 3025 2892 3082 
12320 1612 1027 974 3048 
12321 387 765 345 510 
12322 166 161 195 170 
12323 229 272 239 210 
12324 58 51 59 498 
12325 2616 2812 2717 2928 
12326 2183 2182 1332 2777 
12327 2585 2820 2743 2998 
12328 2431 1308 2122 2971 
12329 465 448 331 366 
12330 2265 2777 2185 2934 
12331 1089 2779 1691 3057 
12332 245 246 147 214 
12333 81 67 42 45 
12334 763 506 555 660 
12335 1949 2494 1982 2888 
12336 1536 1534 2263 2884 
12337 1397 2900 866 3017 
12338 2228 2226 2109 2847 
12339 2776 2814 2610 2982 
12340 2547 2803 2780 2821 
12341 557 818 587 589 
12342 1888 1824 1887 3042 
12343 1751 1823 1888 3042 
12344 1245 989 1264 2995 
12345 917 913 2007 1547 
12346 1103 1104 1003 2966 
12347 431 240 202 1981 
12348 1719 1634 1627 1710 
12349 286 162 285 217 
12350 936 2657 1956 3039 
12351 429 494 555 385 
12352 2592 2884 2703 2951 
12353 829 792 750 2806 
12354 1559 1552 1227 1572 
12355 1533 1537 790 2799 
12356 1799 3041 2392 3042 
12357 2774 2903 2564 3054 
12358 471 392 326 391 
12359 406 1197 405 2681 
12360 1842 1668 2562 3053 
12361 1675 865 1674 2833 
12362 723 688 843 2950 
12363 1942 1996 1803 2867 
12364 652 651 653 3077 
12365 1509 1244 1368 2892 
12366 1705 768 842 2754 
12367 1678 1129 619 2948 
12368 550 646 818 589 
12369 243 303 343 327 
12370 616 1744 1552 1559 
12371 664 2844 730 3060 
12372 564 518 791 2732 
12373 2541 2966 2627 3002 
12374 1632 2862 1633 2863 
12375 61 65 64 2930 
12376 356 273 275 305 
12377 2805 2980 2971 3053 
12378 2632 2899 2652 3029 
12379 630 543 489 2906 
12380 652 1747 651 3077 
12381 106 103 101 105 
12382 324 441 479 440 
12383 61 498 65 2930 
12384 1643 1408 1551 3007 
12385 359 2648 2583 2933 
12386 935 1187 2587 2657 
12387 1399 1400 1700 3019 
12388 429 434 494 385 
12389 217 286 215 535 
12390 1415 455 407 2849 
12391 1588 2821 1856 3041 
12392 1071 1395 1073 2894 
12393 2040 2489 2039 2964 
12394 2590 3003 2647 3007 
12395 2648 3033 462 3066 
12396 2585 2743 2671 2998 
12397 588 587 557 570 
12398 1460 1464 1777 2629 
12399 2572 2980 2805 3053 
12400 360 2717 402 2812 
12401 2176 780 1890 3023 
12402 1326 1882 2647 3003 
12403 2008 989 990 2958 
12404 1095 2768 1231 2813 
12405 621 581 486 342 
12406 546 709 585 1272 
12407 1152 1532 790 2799 
12408 247 154 253 367 
12409 1823 3041 1797 3042 
12410 1738 1818 1740 1769 
12411 2160 2178 882 2833 
12412 1126 1569 1127 1232 
12413 2321 641 2889 3058 
12414 81 112 114 64 
12415 299 207 205 295 
12416 810 698 1558 861 
12417 2652 3029 2525 3030 
12418 713 617 2762 2975 
12419 220 183 127 186 
12420 2296 2207 1181 2877 
12421 1358 941 942 832 
12422 2139 800 2181 2935 
12423 1312 1468 1750 1399 
12424 2011 1171 1147 2969 
12425 2655 2564 2903 3054 
12426 1540 1542 1541 3067 
12427 2084 2150 470 3032 
12428 286 115 215 535 
12429 2076 1307 1794 1248 
12430 219 278 277 3063 
12431 470 468 2084 3032 
12432 1995 921 922 2760 
12433 2394 1056 1976 2896 
12434 977 978 1206 2793 
12435 1109 1264 1694 1858 
12436 697 666 698 850 
12437 2483 2114 2168 3064 
12438 27 5 24 25 
12439 398 464 462 3066 
12440 1476 2453 2146 2908 
12441 359 2583 2648 2907 
12442 1015 1192 1191 2910 
12443 982 981 980 970 
12444 509 507 478 510 
12445 943 940 938 939 
12446 2307 858 446 2907 
12447 92 133 93 118 
12448 162 287 285 217 
12449 1261 3025 1368 3082 
12450 818 557 588 589 
12451 885 1139 901 3013 
12452 353 279 264 702 
12453 53 58 59 60 
12454 2208 2209 1181 3047 
12455 464 415 2786 3066 
12456 1287 1676 990 2958 
12457 796 827 2344 2850 
12458 466 489 490 2676 
12459 464 2786 2648 3066 
12460 264 279 353 324 
12461 1408 1638 1346 3007 
12462 1559 857 1744 2992 
12463 1327 1246 1326 1328 
12464 1312 1404 1944 2912 
12465 610 709 585 667 
12466 638 605 655 3079 
12467 1725 2053 2061 3078 
12468 2663 2675 684 2999 
12469 306 148 88 323 
12470 1272 709 813 1370 
12471 354 205 279 702 
12472 2706 2773 2310 2933 
12473 306 109 154 159 
12474 1943 1944 1404 2912 
12475 943 942 941 832 
12476 2043 2040 2042 2964 
12477 665 666 530 809 
12478 1995 2760 1952 3002 
12479 191 150 188 614 
12480 464 2648 462 3066 
12481 980 1672 969 2077 
12482 1422 1156 1157 1421 
12483 1498 1320 1233 2868 
12484 547 487 548 755 
12485 1512 1511 2618 3039 
12486 530 761 665 809 
12487 1770 2618 2560 3039 
12488 671 768 710 842 
12489 586 501 494 502 
12490 882 2178 1060 2833 
12491 660 506 555 504 
12492 2323 2087 2086 2999 
12493 186 184 189 185 
12494 128 248 221 184 
12495 312 2812 332 2907 
12496 638 654 2320 3079 
12497 1616 1615 1617 3041 
12498 222 313 287 255 
12499 1279 2862 1669 2937 
12500 2435 2776 2830 2979 
12501 1676 1900 1752 2008 
12502 329 328 281 2786 
12503 52 16 18 2930 
12504 434 408 1113 433 
12505 2279 2117 1221 2784 
12506 974 1027 1190 3048 
12507 762 1761 808 761 
12508 442 447 516 467 
12509 409 391 390 1497 
12510 263 302 264 387 
12511 315 1987 404 2812 
12512 1095 1096 1231 2768 
12513 151 143 153 152 
12514 1656 2863 2751 2972 
12515 1111 1680 1109 2995 
12516 1095 1061 1062 2768 
12517 91 81 42 45 
12518 759 1325 938 3060 
12519 547 585 612 755 
12520 1098 1300 1099 1776 
12521 591 621 581 593 
12522 1767 848 824 3038 
12523 1241 1242 2426 2702 
12524 2661 2662 2610 2776 
12525 815 701 670 646 
12526 904 1597 1199 2963 
12527 1448 1884 1883 3057 
12528 1279 1125 2862 2937 
12529 1523 2068 2102 2365 
12530 315 222 287 404 
12531 38 52 61 2930 
12532 829 1152 792 3034 
12533 2557 2627 2955 3050 
12534 1735 1834 1896 2586 
12535 367 266 265 423 
12536 2265 2183 2185 2777 
12537 1581 1745 1657 2972 
12538 2085 404 1987 2812 
12539 808 761 809 1393 
12540 1848 2988 2719 3080 
12541 223 314 254 568 
12542 389 509 478 510 
12543 513 515 394 2663 
12544 1680 1245 1109 2995 
12545 667 709 585 546 
12546 82 125 100 480 
12547 583 712 670 1513 
12548 1666 1644 1486 2867 
12549 2653 2746 2568 2815 
12550 287 311 315 309 
12551 2607 2830 2618 2867 
12552 938 1873 1521 939 
12553 2597 2544 2746 3019 
12554 476 318 477 3071 
12555 664 659 2844 3060 
12556 942 1591 894 1357 
12557 2523 2186 2196 3049 
12558 1336 1335 1337 2974 
12559 453 582 416 368 
12560 805 761 530 809 
12561 1899 1570 1582 1970 
12562 1658 2394 1977 2896 
12563 2039 2489 2159 2964 
12564 1098 1099 1278 1776 
12565 91 95 81 45 
12566 185 188 187 614 
12567 2261 2488 3008 3030 
12568 280 329 281 2786 
12569 223 314 568 313 
12570 228 210 229 209 
12571 268 171 168 167 
12572 547 612 487 755 
12573 713 2088 573 2975 
12574 1864 679 1744 2762 
12575 1668 1669 1632 2862 
12576 324 479 441 355 
12577 615 3033 284 3066 
12578 196 163 452 162 
12579 2207 815 1790 2877 
12580 327 272 342 413 
12581 34 35 32 54 
12582 554 589 584 646 
12583 640 643 2864 3058 
12584 429 555 531 556 
12585 1125 1280 1365 2937 
12586 2089 415 1243 2786 
12587 1304 2266 2240 3050 
12588 2552 2835 2602 2939 
12589 2805 2858 1114 2859 
12590 2680 2864 2671 3058 
12591 1980 379 431 1113 
12592 967 986 987 3045 
12593 1476 2146 2144 2908 
12594 1723 2877 2627 2955 
12595 424 500 499 667 
12596 372 360 319 2931 
12597 360 417 402 3037 
12598 236 27 50 48 
12599 2439 2147 2067 2840 
12600 2304 471 2235 383 
12601 51 58 61 498 
12602 1941 1077 1880 2970 
12603 1958 2443 2166 3018 
12604 550 818 588 589 
12605 95 71 80 45 
12606 348 2648 349 3033 
12607 435 2762 551 2975 
12608 1052 966 967 3052 
12609 830 1694 1011 2958 
12610 1650 2472 1652 3010 
12611 188 189 184 185 
12612 751 658 477 1698 
12613 2550 2722 2789 2895 
12614 386 262 297 1113 
12615 1368 2892 1244 3082 
12616 1824 1797 3041 3042 
12617 930 2003 1726 3056 
12618 550 434 432 408 
12619 1739 1738 1529 1856 
12620 281 328 396 2786 
12621 1798 1590 1929 1588 
12622 1017 1479 1400 3019 
12623 439 479 441 440 
12624 631 539 622 2822 
12625 711 670 816 583 
12626 171 122 168 167 
12627 1148 1191 1147 2910 
12628 849 805 530 809 
12629 1428 1429 1231 2813 
12630 75 88 97 89 
12631 1368 1484 1509 2892 
12632 293 238 431 629 
12633 1995 1952 921 3002 
12634 2134 2131 2456 2986 
12635 1587 2788 2744 2895 
12636 1312 1283 1700 2905 
12637 1457 1819 1999 2912 
12638 1838 1971 974 2791 
12639 1469 946 2367 2940 
12640 1446 1445 1521 1522 
12641 115 111 215 149 
12642 597 791 518 2732 
12643 1191 1147 2910 2969 
12644 2501 2189 2190 3073 
12645 573 2088 484 2975 
12646 1824 3041 1799 3042 
12647 857 679 1744 2992 
12648 700 667 610 699 
12649 423 251 252 719 
12650 1541 1542 2442 3067 
12651 332 333 360 2812 
12652 1995 1155 1952 2760 
12653 496 495 497 611 
12654 1095 1231 1429 2813 
12655 1368 1369 2892 3025 
12656 236 6 27 48 
12657 1052 967 987 3045 
12658 2970 2973 2591 3054 
12659 347 329 280 2786 
12660 1280 1560 920 2937 
12661 638 655 654 3079 
12662 2399 1352 1907 2246 
12663 154 306 159 367 
12664 2587 2674 3041 3051 
12665 19 22 23 2930 
12666 75 44 80 71 
12667 55 85 86 82 
12668 284 615 535 3033 
12669 617 678 713 2762 
12670 553 377 525 3076 
12671 1645 1339 1340 2282 
12672 196 162 311 222 
12673 86 82 100 87 
12674 1280 1278 1560 2937 
12675 2564 2903 2774 2973 
12676 1104 1212 1002 2966 
12677 608 2844 659 3060 
12678 432 588 434 550 
12679 904 1651 896 3010 
12680 670 1513 589 584 
12681 1481 1160 1310 1635 
12682 1201 1118 1244 3082 
12683 1928 1499 1252 1736 
12684 543 630 747 2854 
12685 1014 1016 1015 3006 
12686 266 253 423 367 
12687 2241 1692 1883 3057 
12688 1189 2560 1770 2618 
12689 1506 1507 1761 808 
12690 865 864 2178 2833 
12691 1773 936 1792 1956 
12692 87 86 37 70 
12693 51 498 61 2930 
12694 1711 1634 1719 1710 
12695 1113 408 262 433 
12696 1867 2494 1949 2888 
12697 2657 2560 2979 3039 
12698 100 108 85 87 
12699 2564 2973 2774 3054 
12700 2560 2776 2610 2982 
12701 849 530 666 809 
12702 2008 1695 1694 1900 
12703 306 147 148 72 
12704 516 592 442 467 
12705 551 1864 1552 2762 
12706 1515 2086 2087 2999 
12707 1460 2592 1461 2884 
12708 397 2764 394 2975 
12709 2627 2877 2673 3002 
12710 1011 1900 2154 1752 
12711 1501 1832 608 1506 
12712 1639 1558 853 861 
12713 539 486 621 2822 
12714 61 112 63 64 
12715 1776 1481 1627 1480 
12716 323 75 88 97 
12717 55 85 82 125 
12718 664 759 659 3060 
12719 1783 1466 1868 3015 
12720 1950 1362 1363 1361 
12721 2290 839 853 854 
12722 761 808 762 1393 
12723 614 190 149 535 
12724 122 171 268 167 
12725 2647 2590 2807 3003 
12726 608 1331 1215 3060 
12727 427 390 549 487 
12728 1191 2011 1147 2969 
12729 202 199 176 431 
12730 190 191 185 614 
12731 131 218 157 94 
12732 1599 1888 1815 3042 
12733 220 183 105 127 
12734 1329 1330 1522 3060 
12735 1843 1580 1026 2780 
12736 2550 2789 2744 2895 
12737 588 533 620 410 
12738 1571 1466 1783 3015 
12739 479 353 324 440 
12740 494 583 586 555 
12741 525 2844 553 3076 
12742 2378 1611 994 2699 
12743 2304 471 203 2235 
12744 1750 1085 1249 2728 
12745 1384 1362 1284 2905 
12746 2040 2039 2515 2964 
12747 255 313 287 314 
12748 1374 1373 1372 3016 
12749 1003 1002 2627 2966 
12750 163 196 197 223 
12751 1261 1368 1244 3082 
12752 621 620 622 569 
12753 201 199 202 200 
12754 265 303 244 327 
12755 497 355 508 500 
12756 2524 2135 2134 2926 
12757 186 145 204 301 
12758 303 243 244 327 
12759 2237 2212 2524 2926 
12760 73 147 214 72 
12761 1626 1810 1628 3036 
12762 466 592 486 2920 
12763 447 467 364 466 
12764 640 644 522 2864 
12765 1934 1577 1578 2590 
12766 2523 2196 2197 3049 
12767 1043 915 1042 1041 
12768 863 947 841 2900 
12769 1405 1310 1160 1753 
12770 61 62 38 2930 
12771 725 643 2321 3058 
12772 37 33 1 46 
12773 974 1190 976 3048 
12774 1943 1457 1944 2912 
12775 1834 2803 1739 2821 
12776 913 1152 912 3034 
12777 1668 1632 2562 2862 
12778 674 856 435 2762 
12779 1368 1369 1484 2892 
12780 1045 1117 1080 2818 
12781 387 353 264 702 
12782 170 161 195 774 
12783 102 101 103 1707 
12784 1770 2657 936 3039 
12785 520 513 2575 2904 
12786 156 113 451 164 
12787 353 299 296 324 
12788 1133 1039 1159 3035 
12789 1197 290 291 465 
12790 513 346 514 2575 
12791 886 1139 885 2935 
12792 150 211 191 248 
12793 1657 1656 1581 2972 
12794 348 312 332 2907 
12795 416 317 368 1197 
12796 179 264 279 702 
12797 182 146 186 301 
12798 938 1325 759 1928 
12799 1240 1245 1680 2995 
12800 61 112 64 211 
12801 1674 1675 2833 2955 
12802 864 1060 2178 2833 
12803 35 33 1 37 
12804 670 701 816 583 
12805 28 24 25 237 
12806 2299 2150 2084 3032 
12807 301 241 325 471 
12808 592 576 574 2920 
12809 1676 1900 2008 1011 
12810 1197 488 405 2681 
12811 1561 1125 1279 1127 
12812 1778 1666 2618 2867 
12813 1770 2560 2657 3039 
12814 350 267 317 290 
12815 592 466 486 467 
12816 1006 1024 1023 2380 
12817 996 995 994 2699 
12818 583 763 586 555 
12819 1015 1146 1014 3006 
12820 408 434 432 433 
12821 1392 1432 1390 1913 
12822 1528 1529 1856 1530 
12823 1744 679 617 2762 
12824 1329 1331 1330 3060 
12825 304 309 285 310 
12826 387 263 302 345 
12827 1719 1634 1711 1720 
12828 435 1864 551 2762 
12829 38 58 61 52 
12830 552 476 658 3043 
12831 238 271 431 1113 
12832 1311 1283 1312 2905 
12833 63 62 61 2930 
12834 3041 3042 2587 3051 
12835 365 461 303 343 
12836 2833 3017 2566 3028 
12837 431 629 238 1113 
12838 1942 1326 2647 2867 
12839 857 2297 679 2992 
12840 974 976 975 3048 
12841 2351 2261 3008 3030 
12842 1316 1573 1216 1088 
12843 431 1980 240 1981 
12844 2971 2980 2607 3053 
12845 322 260 321 2855 
12846 1643 2590 1644 3007 
12847 2013 1128 949 2718 
12848 679 2762 856 2782 
12849 586 502 494 555 
12850 268 289 167 2870 
12851 479 353 296 324 
12852 1983 1652 2472 3010 
12853 301 145 203 532 
12854 2088 2764 484 2975 
12855 2607 2661 2971 3053 
12856 269 224 223 254 
12857 1635 1160 1310 1753 
12858 41 40 5 104 
12859 607 455 1415 2849 
12860 898 1651 1652 3010 
12861 530 528 805 529 
12862 46 33 30 83 
12863 219 322 278 3063 
12864 343 461 303 413 
12865 402 2812 2616 2907 
12866 13 15 14 47 
12867 2418 1731 1729 3023 
12868 1279 1125 1561 2862 
12869 1365 1280 920 2937 
12870 2630 2657 2560 2979 
12871 1868 2629 1460 2884 
12872 551 437 512 511 
12873 688 631 622 2822 
12874 391 2235 383 384 
12875 1627 1300 1679 1776 
12876 1916 2381 2070 1993 
12877 1460 1192 1461 2592 
12878 1643 1551 2590 3007 
12879 1113 385 434 430 
12880 168 322 219 3063 
12881 1551 1577 1643 2590 
12882 1121 1597 892 2963 
12883 97 92 89 117 
12884 291 290 1197 317 
12885 159 92 117 132 
12886 886 894 1432 1357 
12887 1671 1392 1913 1432 
12888 186 146 145 301 
12889 2279 842 867 2754 
12890 1644 1638 1408 3007 
12891 312 287 315 285 
12892 2524 2134 2237 2926 
12893 388 339 387 765 
12894 190 215 149 535 
12895 2627 2877 1001 2955 
12896 2557 2966 2627 3080 
12897 313 287 162 222 
12898 2663 2764 2088 2975 
12899 366 251 252 423 
12900 622 539 621 2822 
12901 217 285 286 535 
12902 564 779 515 619 
12903 256 167 289 2870 
12904 423 343 365 308 
12905 365 308 443 330 
12906 28 24 237 15 
12907 703 496 508 420 
12908 1491 2780 2821 2972 
12909 1368 1261 1265 3025 
12910 2266 2240 1303 1304 
12911 1722 2296 1181 2877 
12912 94 218 157 567 
12913 66 88 148 323 
12914 86 108 87 85 
12915 1097 1627 1300 1098 
12916 297 385 386 1113 
12917 1997 932 1920 2956 
12918 670 701 583 1513 
12919 1382 1384 1383 2905 
12920 1398 1602 2108 3017 
12921 298 296 299 324 
12922 1987 1423 2085 2812 
12923 315 310 285 309 
12924 210 272 239 362 
12925 133 158 118 169 
12926 1192 1015 1016 3006 
12927 389 479 509 345 
12928 223 314 255 254 
12929 301 241 146 325 
12930 181 422 801 2032 
12931 1832 608 1253 1501 
12932 2039 2159 2515 2964 
12933 935 2587 1187 2821 
12934 395 331 252 350 
12935 1570 1158 1190 3048 
12936 1736 1522 1330 3060 
12937 1733 1001 815 2955 
12938 2209 1722 1181 2877 
12939 231 65 51 2930 
12940 2418 2176 1890 3023 
12941 256 195 268 234 
12942 75 80 89 71 
12943 1984 2501 2190 3073 
12944 2674 2803 2547 2821 
12945 1373 2444 1372 3016 
12946 1460 1783 1868 1461 
12947 203 204 145 301 
12948 2661 2776 2560 2830 
12949 273 190 185 614 
12950 285 535 304 3033 
12951 431 271 1980 1113 
12952 433 408 262 411 
12953 2560 2630 2979 2982 
12954 1513 670 701 584 
12955 568 319 333 2931 
12956 125 100 85 82 
12957 65 61 64 498 
12958 61 211 64 498 
12959 215 111 190 149 
12960 1834 2586 2803 2821 
12961 353 479 387 345 
12962 343 342 461 413 
12963 1118 1265 1261 3082 
12964 207 225 205 354 
12965 588 501 434 550 
12966 392 409 390 482 
12967 409 487 1497 482 
12968 398 462 3033 3066 
12969 153 100 125 480 
12970 986 877 987 3045 
12971 1591 1432 894 1357 
12972 159 192 160 132 
12973 1674 2833 2557 2955 
12974 808 804 805 528 
12975 1634 1481 1627 1710 
12976 435 856 1864 2762 
12977 675 619 1129 2948 
12978 1634 1724 1711 1720 
12979 383 2235 426 384 
12980 1902 1772 1512 3039 
12981 199 238 176 431 
12982 148 306 72 323 
12983 1657 2863 1656 2972 
12984 35 33 37 34 
12985 63 67 42 64 
12986 238 271 176 431 
12987 1304 1837 2266 3050 
12988 133 166 120 158 
12989 2627 3050 2869 3080 
12990 82 100 85 86 
12991 190 149 191 614 
12992 71 131 94 95 
12993 1676 1900 1011 1752 
12994 1431 1913 1432 2139 
12995 1357 1432 1671 2139 
12996 458 459 394 2975 
12997 210 239 208 362 
12998 1397 2277 2278 3017 
12999 298 296 324 355 
13000 807 1639 853 861 
13001 608 759 1252 3060 
13002 1639 810 1558 861 
13003 576 592 516 2920 
13004 389 388 387 510 
13005 1767 824 2346 3038 
13006 1681 1016 1470 2981 
13007 982 1969 1671 1913 
13008 2702 2789 2679 2815 
13009 2252 1790 1952 2877 
13010 135 108 209 143 
13011 408 432 550 410 
13012 760 811 809 810 
13013 504 428 388 510 
13014 1744 1552 1559 1864 
13015 554 434 501 550 
13016 439 345 479 440 
13017 2869 3050 2240 3080 
13018 2108 2277 1398 3017 
13019 150 191 149 614 
13020 240 143 152 200 
13021 409 325 326 391 
13022 143 135 108 100 
13023 379 385 629 1113 
13024 506 428 429 531 
13025 684 2663 678 2675 
13026 629 297 238 1113 
13027 229 239 208 210 
13028 620 621 580 569 
13029 1918 1046 1797 3041 
13030 133 166 161 120 
13031 348 285 312 3033 
13032 761 1761 808 528 
13033 1282 1384 1284 2905 
13034 432 588 550 410 
13035 386 385 434 1113 
13036 712 670 711 583 
13037 1070 2388 1025 1069 
13038 452 1177 164 1835 
13039 1026 1656 1028 2824 
13040 2092 1807 2091 2913 
13041 1876 1458 1942 2647 
13042 979 1760 1472 2919 
13043 303 460 461 365 
13044 1789 976 1442 1447 
13045 417 519 520 3059 
13046 116 211 191 150 
13047 41 5 7 661 
13048 284 535 285 3033 
13049 458 435 459 2975 
13050 1445 1440 1510 903 
13051 292 202 138 198 
13052 345 479 509 439 
13053 2587 2674 2547 2821 
13054 2725 2938 2617 3079 
13055 1391 1390 1432 1431 
13056 1854 1226 1115 2388 
13057 432 408 433 410 
13058 348 2907 2648 3033 
13059 771 770 772 2993 
13060 1390 1391 2136 1431 
13061 97 88 110 89 
13062 620 557 588 410 
13063 1235 1471 1936 957 
13064 32 33 35 34 
13065 1247 2076 1794 1248 
13066 2215 1975 1034 2850 
13067 64 211 116 498 
13068 1890 1731 2418 3023 
13069 1884 2241 1883 3057 
13070 1397 673 1398 3017 
13071 296 298 497 355 
13072 2165 2148 2516 2048 
13073 252 366 423 719 
13074 266 250 251 423 
13075 349 3033 2648 3066 
13076 770 2214 772 2993 
13077 437 409 487 1497 
13078 2552 2939 2602 2993 
13079 593 621 581 486 
13080 921 1775 1002 3002 
13081 1124 1471 1235 1236 
13082 1052 1234 966 3052 
13083 67 63 112 64 
13084 339 387 765 341 
13085 324 296 497 355 
13086 1694 1444 831 1443 
13087 1244 1118 1261 3082 
13088 1369 1185 1281 3025 
13089 1197 582 416 488 
13090 1027 1026 1028 2824 
13091 1751 1599 1888 1823 
13092 204 140 139 141 
13093 479 296 497 324 
13094 2077 1266 1387 2911 
13095 1097 1300 1099 1098 
13096 1395 1726 2003 3056 
13097 118 131 93 75 
13098 466 364 447 490 
13099 385 434 494 386 
13100 767 668 815 587 
13101 584 589 670 646 
13102 1323 913 2007 917 
13103 1694 830 831 2958 
13104 158 131 157 94 
13105 1206 1185 1369 3025 
13106 1387 1137 1038 3035 
13107 410 433 432 362 
13108 2702 2744 2679 2789 
13109 236 307 130 731 
13110 2 1 33 30 
13111 1556 1690 1555 2968 
13112 629 385 297 1113 
13113 458 2762 435 2975 
13114 121 122 165 119 
13115 131 218 94 95 
13116 97 110 88 323 
13117 1793 937 1792 1598 
13118 497 496 611 500 
13119 2563 2673 3008 3047 
13120 1995 921 2760 3002 
13121 1955 948 1191 2969 
13122 2751 2863 1028 3036 
13123 2235 383 426 2304 
13124 282 217 215 535 
13125 2623 2771 2743 3038 
13126 166 122 165 1791 
13127 415 464 398 3066 
13128 306 245 147 214 
13129 405 407 406 2681 
13130 46 83 55 86 
13131 123 82 137 480 
13132 1613 1629 1642 1438 
13133 118 93 92 75 
13134 345 439 457 440 
13135 1390 1391 1432 1392 
13136 192 160 193 719 
13137 240 271 1980 431 
13138 86 83 82 87 
13139 2232 2151 2524 2213 
13140 408 433 410 411 
13141 1656 1026 1580 2780 
13142 496 497 508 500 
13143 1569 1629 1126 2863 
13144 355 497 611 500 
13145 1656 2751 1028 2824 
13146 1852 2491 2067 2147 
13147 307 129 134 344 
13148 261 321 260 2855 
13149 750 657 829 2893 
13150 118 92 133 169 
13151 1158 1190 1894 1570 
13152 268 167 168 2870 
13153 2305 2503 2081 2083 
13154 1592 1810 1737 1742 
13155 2008 990 1752 1676 
13156 110 159 97 117 
13157 1728 723 843 2950 
13158 504 478 507 510 
13159 913 2007 1547 1339 
13160 2564 2591 2973 3054 
13161 549 384 390 427 
13162 1098 1679 1300 1776 
13163 142 143 200 480 
13164 1969 1671 1913 2139 
13165 1582 1894 1190 1570 
13166 1555 2609 1194 2968 
13167 197 232 172 224 
13168 674 435 618 2762 
13169 433 438 432 362 
13170 452 164 163 1835 
13171 1680 1630 1109 1245 
13172 149 115 111 116 
13173 659 553 525 2844 
13174 273 185 187 614 
13175 324 299 298 355 
13176 1209 1018 1241 1224 
13177 108 85 143 100 
13178 1864 1464 1465 2992 
13179 1160 1627 1701 1635 
13180 1928 1499 1251 1252 
13181 1432 1390 1913 1431 
13182 299 295 296 294 
13183 910 909 908 3040 
13184 317 290 1197 465 
13185 88 66 50 323 
13186 1679 1300 1627 1098 
13187 1437 1613 1626 1438 
13188 2200 1249 1085 2728 
13189 588 557 818 550 
13190 547 549 427 425 
13191 1043 915 1196 1042 
13192 1486 1485 2618 2867 
13193 1599 1751 1888 3042 
13194 1197 351 317 465 
13195 261 260 235 2870 
13196 658 476 477 3043 
13197 115 111 216 215 
13198 1913 1671 1432 2139 
13199 1723 1979 1857 2955 
13200 76 128 102 689 
13201 587 670 589 646 
13202 512 616 551 511 
13203 471 326 325 391 
13204 935 1793 2587 3042 
13205 332 360 402 2812 
13206 122 121 165 1791 
13207 1027 2824 1190 3048 
13208 608 659 759 3060 
13209 1671 886 1432 1357 
13210 1002 1775 2627 3002 
13211 1109 1111 1110 1680 
13212 118 117 92 169 
13213 90 211 112 116 
13214 285 287 315 309 
13215 30 1 33 46 
13216 1177 164 99 452 
13217 423 212 265 367 
13218 755 487 548 814 
13219 131 94 75 71 
13220 48 8 27 50 
13221 1293 1237 1235 1236 
13222 1002 1212 921 3002 
13223 765 388 428 510 
13224 1942 1458 1996 2867 
13225 229 143 209 240 
13226 152 143 153 200 
13227 1556 1555 1094 2968 
13228 437 551 487 511 
13229 712 583 586 1513 
13230 1279 1280 1125 2937 
13231 443 442 308 365 
13232 2012 1464 856 2782 
13233 240 143 200 142 
13234 1919 1443 1694 1900 
13235 504 507 428 510 
13236 90 111 98 115 
13237 927 1433 956 1434 
13238 499 487 548 547 
13239 420 508 382 496 
13240 123 56 84 55 
13241 1397 866 673 3017 
13242 1152 829 912 3034 
13243 935 1813 1793 3042 
13244 1613 1629 1438 2863 
13245 2761 2939 2552 2993 
13246 1773 1772 1487 3039 
13247 1674 2178 2557 2833 
13248 147 306 214 72 
13249 555 506 429 531 
13250 531 555 506 504 
13251 218 94 95 567 
13252 168 167 260 2870 
13253 2560 2979 2776 2982 
13254 1097 1711 1719 1710 
13255 195 234 161 120 
13256 679 856 1864 2782 
13257 1644 1273 1638 3007 
13258 1497 390 409 482 
13259 1245 1630 1109 1264 
13260 667 499 424 546 
13261 584 670 701 646 
13262 533 569 570 620 
13263 192 160 169 193 
13264 290 257 267 317 
13265 256 257 195 234 
13266 165 119 157 156 
13267 935 1770 1187 2657 
13268 2503 2080 2078 2006 
13269 647 712 763 586 
13270 416 351 1197 465 
13271 171 166 122 268 
13272 316 257 291 317 
13273 75 89 131 71 
13274 240 209 151 143 
13275 107 140 139 204 
13276 303 265 212 327 
13277 1431 1969 1913 2139 
13278 55 83 82 86 
13279 532 203 301 2235 
13280 1028 1190 2824 3036 
13281 216 164 162 451 
13282 1266 1267 1387 2911 
13283 1629 1569 1126 1642 
13284 767 668 1790 815 
13285 303 308 365 343 
13286 284 3033 349 3066 
13287 347 2648 359 2933 
13288 1857 1722 1723 2296 
13289 434 550 386 408 
13290 411 271 239 412 
13291 191 112 211 116 
13292 1437 1626 1613 3036 
13293 304 398 401 3033 
13294 2159 2039 1851 2489 
13295 142 200 124 480 
13296 2563 2877 2673 3047 
13297 1793 935 2587 2657 
13298 284 285 348 3033 
13299 116 90 211 64 
13300 581 621 591 580 
13301 550 554 434 386 
13302 1650 1652 1651 3010 
13303 1 29 30 31 
13304 1097 1719 1627 1710 
13305 1398 2277 1397 3017 
13306 808 805 761 528 
13307 235 256 167 234 
13308 428 506 507 504 
13309 569 620 669 570 
13310 250 266 253 423 
13311 1537 1533 790 1538 
13312 343 303 212 327 
13313 479 389 387 345 
13314 308 303 212 343 
13315 497 479 324 355 
13316 423 366 251 330 
13317 1588 1492 1530 2821 
13318 1589 3041 1823 3042 
13319 814 437 551 487 
13320 217 309 285 282 
13321 132 192 160 169 
13322 461 342 483 413 
13323 153 100 85 125 
13324 281 280 2786 3066 
13325 402 332 2812 2907 
13326 33 1 4 35 
13327 667 585 499 546 
13328 1253 1251 1499 1252 
13329 93 131 118 94 
13330 1761 2010 762 808 
13331 126 172 171 233 
13332 118 158 93 94 
13333 483 342 272 413 
13334 447 466 490 2676 
13335 1810 1437 1439 1737 
13336 2215 998 997 2850 
13337 2563 3008 2761 3047 
13338 506 428 531 504 
13339 2805 2971 2661 3053 
13340 319 360 333 2931 
13341 1694 830 1011 1443 
13342 387 264 263 702 
13343 22 19 20 2930 
13344 755 612 487 814 
13345 290 291 257 317 
13346 433 410 411 362 
13347 2587 3041 1589 3042 
13348 156 165 121 1791 
13349 93 131 94 75 
13350 553 608 659 545 
13351 256 235 167 2870 
13352 170 193 161 774 
13353 216 286 215 217 
13354 1902 1487 1772 3039 
13355 239 240 229 208 
13356 1790 677 668 767 
13357 774 170 193 395 
13358 483 438 393 362 
13359 86 100 85 87 
13360 1864 856 679 2762 
13361 254 314 333 568 
13362 282 285 217 535 
13363 429 428 506 502 
13364 904 1650 1651 3010 
13365 207 225 206 205 
13366 193 161 160 170 
13367 340 387 339 341 
13368 200 143 153 480 
13369 345 389 387 510 
13370 165 122 120 119 
13371 316 267 257 317 
13372 451 164 162 452 
13373 142 202 240 1981 
13374 229 143 135 209 
13375 585 499 546 547 
13376 1701 1634 1719 1720 
13377 1952 2877 1790 3002 
13378 123 56 55 96 
13379 165 119 158 157 
13380 90 112 211 64 
13381 2070 2071 2519 2069 
13382 223 568 175 313 
13383 345 509 389 510 
13384 163 174 197 1835 
13385 814 437 487 1497 
13386 1028 2824 2751 3036 
13387 1485 2618 1770 3039 
13388 1497 487 390 482 
13389 432 588 501 434 
13390 141 204 140 144 
13391 162 196 216 451 
13392 1627 1097 1679 1098 
13393 1470 1016 1014 2981 
13394 240 143 142 1981 
13395 423 343 308 212 
13396 347 2648 2786 3066 
13397 853 1640 1639 807 
13398 297 262 238 1113 
13399 325 532 301 2235 
13400 1340 1646 1645 2282 
13401 1873 1499 1928 1736 
13402 116 191 149 150 
13403 930 1726 2362 3056 
13404 156 164 451 452 
13405 2010 1761 1507 808 
13406 202 200 138 142 
13407 703 496 497 508 
13408 1967 2385 1966 1020 
13409 314 223 255 313 
13410 655 604 605 522 
13411 390 549 487 1497 
13412 82 84 55 123 
13413 1283 1312 1700 1399 
13414 262 1113 433 411 
13415 1432 1392 894 886 
13416 451 162 196 452 
13417 1761 1832 1507 1506 
13418 138 124 136 142 
13419 234 290 267 774 
13420 1942 2647 1458 2867 
13421 2209 2877 1181 3047 
13422 391 2235 471 383 
13423 1810 1592 1626 1628 
13424 165 120 122 166 
13425 497 298 296 703 
13426 533 569 620 580 
13427 1635 1481 1627 1634 
13428 1833 1832 1253 1501 
13429 111 112 191 116 
13430 280 284 283 3066 
13431 2627 1775 2877 3002 
13432 160 169 193 170 
13433 132 92 117 169 
13434 701 583 1513 584 
13435 550 588 557 410 
13436 434 554 494 386 
13437 1068 246 147 344 
13438 1484 1361 1281 1369 
13439 380 428 531 430 
13440 133 170 169 161 
13441 157 119 158 94 
13442 124 138 200 142 
13443 2364 932 1997 934 
13444 166 161 120 195 
13445 503 428 531 380 
13446 239 433 411 362 
13447 164 91 113 98 
13448 513 514 520 2575 
13449 90 111 115 116 
13450 304 309 282 285 
13451 65 498 51 2930 
13452 496 508 382 500 
13453 355 298 497 703 
13454 94 157 119 567 
13455 809 760 810 812 
13456 111 216 113 115 
13457 113 99 91 164 
13458 89 92 97 75 
13459 2235 203 301 471 
13460 1823 1798 1824 1797 
13461 496 382 420 424 
13462 163 162 164 452 
13463 1521 939 1445 1446 
13464 1487 936 1773 3039 
13465 1643 1644 1408 3007 
13466 1246 1504 1247 1502 
13467 118 131 158 94 
13468 1187 2560 1745 2972 
13469 119 157 156 567 
13470 281 276 280 3066 
13471 1337 2020 2021 2974 
13472 1775 1001 2627 2877 
13473 92 132 133 169 
13474 2674 2821 2587 3041 
13475 1223 1224 1242 2424 
13476 1591 1432 1392 894 
13477 82 84 83 55 
13478 99 156 1177 452 
13479 1902 2618 1486 3039 
13480 244 243 303 413 
13481 93 158 119 94 
13482 1588 1589 2821 3041 
13483 839 803 753 802 
13484 158 120 133 93 
13485 494 502 429 555 
13486 112 111 90 116 
13487 1500 1833 1253 1501 
13488 1581 1187 1745 2972 
13489 2562 2805 2661 3053 
13490 294 296 299 298 
13491 711 712 583 763 
13492 433 393 438 362 
13493 1094 1555 1194 2968 
13494 119 165 121 156 
13495 2587 2821 1589 3041 
13496 1823 1589 1588 3041 
13497 229 228 209 135 
13498 1028 1190 1027 2824 
13499 1312 1283 1468 1399 
13500 202 292 431 1981 
13501 433 239 393 362 
13502 443 331 366 330 
13503 1642 1626 1613 1438 
13504 249 200 153 480 
13505 167 256 268 234 
13506 286 115 216 215 
13507 503 428 380 430 
13508 215 190 282 535 
13509 198 202 138 1981 
13510 124 125 96 480 
13511 2515 2039 2040 2041 
13512 382 421 420 424 
13513 200 249 124 480 
13514 98 111 113 115 
13515 142 138 202 1981 
13516 1791 173 1177 452 
13517 1791 1177 156 452 
13518 2408 2125 1149 2105 
13519 1028 2863 1613 3036 
13520 1279 1633 1632 2862 
13521 1264 1109 1694 1695 
13522 774 193 161 719 
13523 1485 1189 1770 2618 
13524 1492 1769 1768 1740 
13525 716 717 1277 2993 
13526 1677 1645 1340 1859 
13527 100 143 142 480 
13528 508 355 497 703 
13529 193 160 161 719 
13530 402 348 332 2907 
13531 1028 2751 1656 2863 
13532 865 2178 1674 2833 
13533 393 239 272 362 
13534 1187 1188 1745 2560 
13535 77 101 76 102 
13536 292 202 198 1981 
13537 1486 2618 1666 2867 
13538 803 696 753 802 
13539 428 503 765 430 
13540 1694 1264 1695 2008 
13541 143 100 153 480 
13542 1914 1657 1842 2562 
13543 172 197 224 174 
13544 402 359 348 2907 
13545 1444 1694 1695 1919 
13546 774 193 252 395 
13547 531 429 556 430 
13548 99 156 157 567 
13549 2020 2457 2021 2974 
13550 172 173 197 1835 
13551 2235 301 325 471 
13552 557 669 620 570 
13553 1487 1902 1486 3039 
13554 4 2 33 32 
13555 2079 2283 2520 2078 
13556 83 84 29 56 
13557 501 434 554 494 
13558 1679 1481 1627 1776 
13559 1919 1694 1695 1900 
13560 936 935 937 2657 
13561 114 113 218 91 
13562 1486 1902 1666 2618 
13563 1634 1701 1724 1720 
13564 935 2587 1589 3042 
13565 98 113 216 115 
13566 943 1325 730 3060 
13567 1109 1695 1264 1262 
13568 138 124 137 136 
13569 1913 1968 1969 1431 
13570 1632 1669 1279 2862 
13571 81 114 218 91 
13572 805 761 528 530 
13573 260 167 235 2870 
13574 735 737 736 613 
13575 382 427 425 424 
13576 997 2215 1000 998 
13577 18 20 19 2930 
13578 503 388 428 765 
13579 124 249 125 480 
13580 282 304 285 535 
13581 156 99 164 452 
13582 257 195 234 267 
13583 506 429 502 555 
13584 143 151 240 152 
13585 223 163 313 175 
13586 1914 1668 1632 2562 
13587 1187 1189 1188 2560 
13588 35 7 36 41 
13589 1979 1837 1304 3050 
13590 589 818 587 646 
13591 83 29 46 56 
13592 224 197 223 175 
13593 149 111 191 116 
13594 424 496 382 500 
13595 1568 2181 1322 1267 
13596 814 612 487 616 
13597 85 143 100 153 
13598 290 257 291 267 
13599 1968 1390 2136 1913 
13600 664 730 759 3060 
13601 111 190 149 191 
13602 174 172 197 1835 
13603 1968 1390 1913 1912 
13604 421 382 425 424 
13605 483 272 342 362 
13606 2313 663 662 565 
13607 808 2010 762 1393 
13608 163 223 197 175 
13609 660 507 506 504 
13610 487 551 814 511 
13611 428 429 531 430 
13612 2560 2830 2776 2979 
13613 144 204 145 203 
13614 1264 1630 1109 1262 
13615 1485 1486 2618 3039 
13616 1733 1675 1674 2955 
13617 276 615 280 3066 
13618 249 153 125 480 
13619 814 1552 612 616 
13620 488 448 416 465 
13621 350 774 252 395 
13622 95 81 218 91 
13623 172 171 173 1791 
13624 156 166 165 1791 
13625 169 160 161 170 
13626 616 487 814 511 
13627 1028 1628 1190 3036 
13628 1485 1487 1486 3039 
13629 133 160 161 169 
13630 1969 982 1968 1913 
13631 421 382 384 425 
13632 6 39 5 41 
13633 144 141 204 203 
13634 1590 1823 1589 1588 
13635 2007 913 911 1339 
13636 123 125 96 55 
13637 427 384 382 425 
13638 593 581 591 590 
13639 1626 1628 1028 3036 
13640 123 82 125 55 
13641 1507 1832 1833 1506 
13642 1710 1481 1627 1679 
13643 933 1920 2365 932 
13644 716 1277 771 2993 
13645 252 193 774 719 
13646 935 1600 1813 3042 
13647 1968 1913 2136 1431 
13648 759 730 1325 3060 
13649 551 1552 814 616 
13650 272 483 393 362 
13651 46 30 29 83 
13652 1589 1823 1751 3042 
13653 616 814 551 511 
13654 969 1406 1672 980 
13655 54 4 35 32 
13656 133 132 160 169 
13657 556 380 531 430 
13658 351 331 350 465 
13659 2136 1913 1390 1431 
13660 458 618 435 2762 
13661 173 126 172 1791 
13662 1790 2877 1775 3002 
13663 1834 1739 1740 1492 
13664 1957 1903 2463 1605 
13665 1657 2562 1914 2863 
13666 765 381 379 430 
13667 164 216 113 451 
13668 768 820 1705 842 
13669 1646 1340 1339 2282 
13670 1589 1751 1823 1590 
13671 420 382 508 703 
13672 1177 156 121 1791 
13673 99 156 121 1177 
13674 616 612 487 511 
13675 210 208 229 209 
13676 349 2648 347 3066 
13677 171 172 126 1791 
13678 1109 1858 1696 1111 
13679 1177 121 126 1791 
13680 1627 1097 1710 1679 
13681 1739 1530 1492 2821 
13682 1531 790 1533 1538 
13683 224 232 172 174 
13684 115 216 98 286 
13685 549 548 487 1497 
13686 696 697 753 802 
13687 460 442 467 365 
13688 291 234 290 267 
13689 980 981 1672 2077 
13690 2296 2209 1722 1181 
13691 32 33 4 35 
13692 163 174 175 197 
13693 289 256 268 167 
13694 1264 1695 2008 1263 
13695 1793 935 1598 1813 
13696 385 293 379 629 
13697 1528 1929 1590 1588 
13698 1501 1833 1832 1506 
13699 1770 2560 1187 2657 
13700 772 716 771 2993 
13701 2388 1024 1025 1069 
13702 1694 1444 1443 1919 
13703 176 240 151 152 
13704 175 224 197 174 
13705 56 46 83 55 
13706 158 119 120 93 
13707 695 694 696 758 
13708 1739 1530 1529 1492 
13709 126 173 1177 1791 
13710 427 549 384 425 
13711 280 615 284 3066 
13712 364 467 442 365 
13713 1694 831 830 1443 
13714 442 443 364 365 
13715 234 291 257 267 
13716 1126 1613 1629 1642 
13717 1733 1674 1001 2955 
13718 56 83 84 55 
13719 120 165 158 166 
13720 448 490 447 364 
13721 592 460 442 467 
13722 1497 548 487 814 
13723 1613 1028 1629 2863 
13724 831 830 657 2958 
13725 1 29 46 30 
13726 1666 1486 1487 1902 
13727 712 583 763 586 
13728 1761 1832 1833 1507 
13729 1626 1028 1613 3036 
13730 379 556 293 385 
13731 164 113 216 98 
13732 173 1177 452 1835 
13733 935 1589 1600 3042 
13734 31 1 2 30 
13735 102 79 76 689 
13736 350 774 290 465 
13737 1770 1189 1187 2560 
13738 121 122 126 1791 
13739 173 172 126 1835 
13740 765 503 380 430 
13741 1250 1085 2200 1249 
13742 240 151 271 176 
13743 452 163 173 1835 
13744 488 416 1197 465 
13745 174 126 172 1835 
13746 380 381 765 430 
13747 976 1422 1447 1789 
13748 447 490 448 488 
13749 348 359 2648 2907 
13750 549 426 384 425 
13751 1492 1834 1739 2821 
13752 171 126 122 1791 
13753 223 313 222 255 
13754 2235 532 203 2304 
13755 120 165 119 158 
13756 176 151 271 412 
13757 1492 1769 1740 1834 
13758 1598 935 1600 1813 
13759 380 381 503 765 
13760 145 144 203 532 
13761 381 339 503 765 
13762 1160 1635 1701 1753 
13763 383 421 382 384 
13764 173 126 1177 1835 
13765 421 383 2303 426 
13766 1432 1391 1591 1392 
13767 1028 1626 1613 1628 
13768 1793 935 937 1598 
13769 383 421 384 426 
13770 426 421 384 425 
13771 471 325 2235 391 
13772 197 173 163 1835 
13773 1156 1585 1894 1579 
13774 388 503 339 765 
13775 1568 2181 1567 1322 
13776 1774 1405 1160 1753 
13777 72 48 40 731 
13778 156 158 113 157 
13779 1126 1125 1127 1279 
13780 1126 1280 1125 1279 
13781 2388 1855 1854 1226 
13782 2294 1909 2295 2468 
13783 1781 1780 1779 2479 
13784 1040 1200 1159 1353 
13785 1833 2010 1761 1507 
13786 1175 2370 960 1182 
13787 668 1775 1790 815 
13788 382 2303 421 383 
13789 301 392 338 471 
13790 304 403 310 401 
13791 695 697 696 694 
13792 1798 1799 1824 1797 
13793 1238 837 999 1371 
13794 839 840 753 803 
13795 1695 1752 1900 2008 
13796 977 979 978 1760 
13797 1613 1585 1628 1626 
13798 1613 1585 1614 1628 
13799 1628 1028 1629 1613 
13800 1626 1585 1628 1592 
13801 1570 1231 1230 1428 
13802 1380 2413 1379 1765 
13803 1115 2403 1225 2662 
13804 716 2208 1181 2761 
13805 679 822 678 2762 
13806 1491 1834 1492 2821 
13807 1492 1588 1589 2821 
13808 1187 1491 1492 2821 
13809 1589 935 1492 2821 
13810 1492 935 1187 2821 
13811 1657 1914 1028 2863 
13812 1629 1914 1632 2863 
13813 1145 1191 1148 2910 
13814 2181 1268 1266 2911 
13815 1313 721 2711 2328 
13816 1313 2711 721 1314 
13817 2850 2334 749 2721 
13818 797 2334 2850 2721 
13819 2344 2850 797 796 
13820 2344 797 2850 2721 
13821 1116 823 2650 822 
13822 1116 2650 823 2752 
13823 821 2650 823 822 
13824 821 823 2650 2752 
13825 40 73 307 104 
13826 40 307 73 72 
13827 364 447 366 443 
13828 364 366 447 448 
13829 331 366 447 443 
13830 331 447 366 448 
13831 2837 1771 2917 2810 
13832 2837 2917 1771 1527 
13833 240 239 151 208 
13834 240 151 239 271 
13835 412 151 239 208 
13836 412 239 151 271 
13837 1115 2662 2805 2403 
13838 2805 2662 1115 2878 
13839 2945 2634 2596 2535 
13840 2945 2596 2634 2728 
13841 2608 2105 2872 2103 
13842 2608 2872 2105 2125 
13843 2415 2872 2105 2103 
13844 500 585 667 610 
13845 500 667 585 499 
13846 492 491 2692 656 
13847 492 2692 2651 656 
13848 2651 2692 492 542 
13849 540 2651 492 542 
13850 2864 2850 1978 2733 
13851 2864 1978 2850 796 
13852 749 1978 2850 2733 
13853 749 2850 1978 796 
13854 1829 2155 2782 2156 
13855 2782 2155 1829 2629 
13856 2782 2265 1829 2156 
13857 1760 977 2793 978 
13858 2793 977 1760 1163 
13859 2426 2702 2700 1479 
13860 2700 2702 2426 2744 
13861 2700 1403 2426 1479 
13862 2426 1403 2700 2744 
13863 1517 1516 3028 2301 
13864 1517 3028 1516 1518 
13865 2912 2693 1256 1360 
13866 1256 2693 2912 1255 
13867 1256 1943 2912 1360 
13868 2912 1943 1256 1255 
13869 2105 1149 2608 2125 
13870 2608 1149 2105 2873 
13871 1405 1672 1406 1774 
13872 1133 1387 1160 1774 
13873 1133 1160 1387 3035 
13874 2892 2865 2554 2638 
13875 2554 2865 2892 2729 
13876 2554 2791 2892 2638 
13877 2892 2791 2554 2729 
13878 1506 1331 608 1501 
13879 1506 608 1331 1215 
13880 2386 1021 2879 1162 
13881 2386 2879 1021 1022 
13882 3027 2036 2038 2964 
13883 69 11 45 43 
13884 45 11 69 68 
13885 45 67 69 43 
13886 69 67 45 68 
13887 890 889 2939 2353 
13888 890 2939 889 888 
13889 2823 2457 2974 2611 
13890 2823 2974 2457 1961 
13891 1316 2026 2844 1214 
13892 1316 2844 2026 897 
13893 2677 1915 2774 1917 
13894 2677 2774 1915 2589 
13895 2850 3079 2721 749 
13896 2721 3079 2850 2617 
13897 2381 2929 2770 1992 
13898 2770 2929 2381 2677 
13899 394 2975 357 397 
13900 2905 1819 2912 1999 
13901 2905 2912 1819 2586 
13902 2942 2608 1151 2407 
13903 2942 1151 2608 2873 
13904 1149 1151 2608 2407 
13905 1149 2608 1151 2873 
13906 1349 1132 2591 1012 
13907 2591 1132 1349 1130 
13908 2799 2656 956 2047 
13909 2046 2956 2755 933 
13910 2755 2956 2046 2883 
13911 2913 2769 2536 2659 
13912 2913 2536 2769 2848 
13913 403 401 312 310 
13914 2748 1111 2995 1110 
13915 2748 2995 1111 2689 
13916 2757 2271 2897 2272 
13917 2757 2897 2271 2251 
13918 2518 2897 2271 2272 
13919 2518 2271 2897 2251 
13920 282 535 305 304 
13921 2656 1075 954 956 
13922 2656 2799 954 1044 
13923 954 2799 2656 956 
13924 2932 1583 902 2658 
13925 2932 902 1583 1846 
13926 1005 1009 2770 2382 
13927 1005 2770 1009 1010 
13928 2700 2744 2780 2679 
13929 2780 2744 2700 2586 
13930 1229 2326 2856 784 
13931 1229 2856 2326 2022 
13932 678 2675 2650 683 
13933 2650 2675 678 2762 
13934 2650 822 678 683 
13935 678 822 2650 2762 
13936 2453 2295 2908 1715 
13937 2908 2295 2453 2146 
13938 2688 1144 1822 1087 
13939 2688 1822 1144 2868 
13940 2892 1386 2791 2729 
13941 2892 2791 1386 1471 
13942 2809 527 804 526 
13943 2809 804 527 806 
13944 2833 2749 2959 2557 
13945 2833 2959 2749 2683 
13946 2684 2959 2749 2557 
13947 2684 2749 2959 2683 
13948 1494 1078 2591 1013 
13949 2591 1078 1494 2397 
13950 2650 675 855 2553 
13951 2650 855 675 674 
13952 3030 2545 2563 2652 
13953 2563 2545 3030 3008 
13954 2563 2761 3030 2652 
13955 3030 2761 2563 3008 
13956 2613 2474 2255 2256 
13957 2613 2255 2474 1685 
13958 431 293 1981 292 
13959 431 1981 293 1980 
13960 198 1981 293 292 
13961 198 293 1981 1980 
13962 2651 2783 2332 1636 
13963 2651 2332 2783 2667 
13964 789 2332 2783 1636 
13965 789 2783 2332 2667 
13966 1627 1160 1481 1635 
13967 1627 1481 1160 1496 
13968 835 836 2645 834 
13969 2645 836 835 806 
13970 2849 2916 2676 2839 
13971 2676 2916 2849 2588 
13972 2676 2681 2849 2839 
13973 2849 2681 2676 2588 
13974 3001 2670 2550 2832 
13975 3001 2550 2670 2722 
13976 867 671 704 710 
13977 867 704 671 735 
13978 610 704 671 710 
13979 2949 1658 1965 1964 
13980 2949 1965 1658 2896 
13981 3052 978 1206 968 
13982 3052 1206 978 2793 
13983 3021 2724 2976 2574 
13984 3021 2976 2724 2529 
13985 2782 2884 1829 2265 
13986 1829 2884 2782 2629 
13987 2850 2006 2998 1686 
13988 2850 2998 2006 1034 
13989 2820 2998 2006 1686 
13990 2820 2006 2998 1034 
13991 851 850 2767 1697 
13992 851 2767 850 838 
13993 469 403 2907 470 
13994 2907 468 469 470 
13995 469 468 2907 859 
13996 1107 962 2697 2359 
13997 2697 962 1107 1108 
13998 2302 2342 2612 2248 
13999 2302 2612 2342 2983 
14000 2950 2552 2652 2530 
14001 2950 2652 2552 2761 
14002 2353 1897 2939 1924 
14003 2939 1897 2353 889 
14004 2242 3038 2079 1767 
14005 2242 2079 3038 2820 
14006 2348 2079 3038 1767 
14007 2348 3038 2079 2820 
14008 2116 2784 2723 2117 
14009 2723 2784 2116 2765 
14010 2970 1349 2591 1012 
14011 2970 2591 1349 2690 
14012 991 3045 993 992 
14013 993 3045 991 2846 
14014 3073 2614 2898 2686 
14015 3073 2898 2614 3000 
14016 2537 2891 2712 2621 
14017 2712 2891 2537 2790 
14018 675 1128 2948 1129 
14019 2948 1128 675 855 
14020 2961 1838 974 2791 
14021 2961 974 1838 975 
14022 2213 2212 2988 2524 
14023 2213 2988 2212 1849 
14024 2662 1225 2805 2403 
14025 2662 2805 1225 2661 
14026 2935 1347 3013 2615 
14027 2935 3013 1347 1670 
14028 2970 1349 1350 2690 
14029 69 44 80 66 
14030 69 80 44 43 
14031 2796 2675 1116 2918 
14032 2790 1061 2768 2688 
14033 2790 2768 1061 1095 
14034 2711 2256 2341 2613 
14035 2711 2341 2256 1228 
14036 3042 1933 3051 1795 
14037 3042 3051 1933 1910 
14038 2446 3051 1933 1795 
14039 2446 1933 3051 1910 
14040 2796 2315 625 2644 
14041 2796 625 2315 623 
14042 1301 2856 1474 2000 
14043 1301 1474 2856 2758 
14044 2335 1474 2856 2000 
14045 2335 2856 1474 2758 
14046 3024 1143 1535 2404 
14047 3024 1535 1143 2649 
14048 493 542 2692 2218 
14049 1801 2694 973 2373 
14050 973 2694 1801 2620 
14051 2447 1722 3047 1411 
14052 2447 3047 1722 2209 
14053 2877 3047 1722 1411 
14054 2877 1722 3047 2209 
14055 2974 1901 1107 2611 
14056 2974 1107 1901 2402 
14057 727 661 4 5 
14058 727 4 661 54 
14059 7 4 661 5 
14060 2939 890 3030 888 
14061 2939 3030 890 2761 
14062 3011 2281 2860 1220 
14063 3011 2860 2281 2851 
14064 591 569 621 715 
14065 591 621 569 580 
14066 707 370 2680 523 
14067 2680 370 707 706 
14068 68 236 26 69 
14069 68 26 236 237 
14070 2949 1658 1621 2896 
14071 2949 1621 1658 1609 
14072 2985 2539 2549 2666 
14073 2985 2549 2539 2670 
14074 2885 2670 3001 2626 
14075 2885 3001 2670 2722 
14076 1453 1399 1750 1468 
14077 1453 1750 1399 2597 
14078 1001 1002 2627 1003 
14079 1001 2627 1002 1775 
14080 2522 2841 2163 2101 
14081 2163 2841 2522 2775 
14082 2823 1661 2722 2640 
14083 2823 2722 1661 1660 
14084 3046 2950 2564 2530 
14085 3046 2564 2950 2669 
14086 2912 1360 1456 2803 
14087 911 912 1339 913 
14088 1339 912 1547 913 
14089 1339 1547 912 2282 
14090 1547 912 3034 913 
14091 1547 3034 912 2282 
14092 3004 2093 2820 2270 
14093 3004 2820 2093 2642 
14094 3039 1271 1366 2618 
14095 3039 1366 1271 1367 
14096 2830 1188 2661 2607 
14097 2830 2661 1188 2560 
14098 267 350 774 290 
14099 267 774 350 395 
14100 196 173 163 197 
14101 196 163 173 452 
14102 2796 741 2324 685 
14103 2796 2324 741 3074 
14104 2759 963 964 2731 
14105 113 156 99 164 
14106 113 99 156 157 
14107 2842 1044 1074 1080 
14108 2960 2537 2621 2678 
14109 2960 2621 2537 2795 
14110 2333 3038 786 824 
14111 786 3038 2333 2682 
14112 2489 1853 2964 2043 
14113 2964 1853 2489 1851 
14114 1013 2372 2731 1494 
14115 1013 2731 2372 963 
14116 450 369 2692 449 
14117 450 2692 369 419 
14118 2767 3071 2748 477 
14119 2748 3071 2767 2567 
14120 2716 2264 2265 2156 
14121 2716 2265 2264 2262 
14122 2153 3064 2875 2168 
14123 2875 3064 2153 2755 
14124 2597 2976 2791 2554 
14125 2791 2976 2597 2746 
14126 1116 2650 2675 683 
14127 1116 2675 2650 2752 
14128 2024 2876 2023 2025 
14129 2023 2876 2024 2695 
14130 492 493 2692 491 
14131 2692 493 492 542 
14132 1147 2910 1067 1145 
14133 2894 1811 1073 1072 
14134 2894 1073 1811 1702 
14135 834 2767 2733 837 
14136 2733 2767 834 2645 
14137 541 2651 565 2309 
14138 663 2651 565 2313 
14139 663 565 2651 2309 
14140 2368 3067 951 1542 
14141 951 3067 2368 2814 
14142 2528 2707 2686 2558 
14143 2686 2707 2528 2612 
14144 1700 1479 3019 1400 
14145 3019 1479 1700 2700 
14146 2769 1962 1697 1680 
14147 1697 1962 2769 2748 
14148 1697 1110 2769 1680 
14149 2769 1110 1697 2748 
14150 2950 2906 2552 2530 
14151 2950 2552 2906 688 
14152 2774 2929 2677 2381 
14153 2677 2929 2774 2655 
14154 2897 2914 2817 2816 
14155 2817 2914 2897 2613 
14156 3019 1453 2597 2729 
14157 3019 2597 1453 1399 
14158 3021 2921 2704 2582 
14159 3021 2704 2921 2574 
14160 2932 1784 896 903 
14161 2932 896 1784 2628 
14162 1661 2823 1659 2640 
14163 1707 107 127 183 
14164 612 1559 1552 1227 
14165 612 1552 1559 616 
14166 3019 2700 1258 2544 
14167 2872 2416 1766 1180 
14168 1766 2416 2872 2753 
14169 1766 1549 2872 1180 
14170 2872 1549 1766 2753 
14171 2879 2730 2605 1907 
14172 2605 2730 2879 2701 
14173 2605 2486 2879 1907 
14174 2879 2486 2605 2701 
14175 3024 1141 1143 2404 
14176 3024 1143 1141 2989 
14177 705 2717 706 1732 
14178 436 512 481 485 
14179 2475 2951 2186 2747 
14180 2475 2186 2951 1717 
14181 2196 2186 2951 2747 
14182 2196 2951 2186 1717 
14183 3022 2716 2990 2553 
14184 3022 2990 2716 2785 
14185 2038 2441 3027 2148 
14186 2038 3027 2441 2037 
14187 2993 2208 716 2761 
14188 2993 716 2208 772 
14189 57 128 60 74 
14190 3024 1717 2196 2404 
14191 2196 1717 3024 2665 
14192 2196 1141 3024 2404 
14193 3024 1141 2196 2665 
14194 1219 1218 2696 2423 
14195 2696 1218 1219 1217 
14196 879 2794 2913 878 
14197 2913 2794 879 2659 
14198 2913 1031 879 878 
14199 879 1031 2913 2659 
14200 69 27 50 236 
14201 69 50 27 8 
14202 817 1398 764 865 
14203 764 1398 817 673 
14204 236 26 27 25 
14205 236 27 26 69 
14206 2983 2226 2469 2227 
14207 2983 2469 2226 2109 
14208 1052 878 3045 987 
14209 1052 3045 878 2009 
14210 1356 2148 2741 2441 
14211 1356 2741 2148 2165 
14212 1647 2470 2763 1648 
14213 1647 2763 2470 2302 
14214 3055 1166 2410 1164 
14215 3055 2410 1166 2639 
14216 2930 13 14 47 
14217 2930 14 13 17 
14218 973 2731 2373 2694 
14219 2033 2373 2731 2694 
14220 2033 2731 2373 965 
14221 1304 3050 2833 1979 
14222 2833 3050 1304 2869 
14223 2833 1305 1304 1979 
14224 1304 1305 2833 2869 
14225 956 927 2656 1075 
14226 956 2656 927 1434 
14227 2783 2294 2766 2763 
14228 2783 2766 2294 2468 
14229 2867 1644 1459 1778 
14230 2773 2534 2644 2583 
14231 2773 2644 2534 2685 
14232 2892 1299 1123 1201 
14233 2892 1123 1299 1236 
14234 1638 1273 2690 3007 
14235 2879 2486 2191 1908 
14236 2879 2191 2486 2701 
14237 3005 1594 1376 2445 
14238 3005 1376 1594 2825 
14239 2651 2756 2313 663 
14240 2651 2313 2756 1785 
14241 662 2313 2756 663 
14242 2157 2964 2508 2601 
14243 2157 2508 2964 2158 
14244 2164 2508 2964 2601 
14245 2164 2964 2508 2158 
14246 1193 2690 1273 1130 
14247 1273 2690 1193 1638 
14248 2446 1380 3051 1796 
14249 2446 3051 1380 1378 
14250 2935 1671 1347 2139 
14251 2935 1347 1671 1670 
14252 384 1497 390 391 
14253 390 1497 384 549 
14254 1316 2844 1216 1214 
14255 1216 2844 1316 1088 
14256 1067 2714 2991 919 
14257 2991 2714 1067 2542 
14258 3062 2072 2073 1606 
14259 3062 2073 2072 2632 
14260 2585 2998 1032 2820 
14261 2585 1032 2998 2850 
14262 1034 1032 2998 2820 
14263 1034 2998 1032 2850 
14264 992 3052 967 968 
14265 967 3052 992 3045 
14266 2721 2503 1286 2083 
14267 2721 1286 2503 2291 
14268 2305 1286 2503 2083 
14269 2305 2503 1286 2291 
14270 2618 1802 1271 1366 
14271 2618 1271 1802 2830 
14272 1130 1874 2690 1274 
14273 2690 1874 1130 1895 
14274 2762 2650 679 822 
14275 2762 679 2650 2782 
14276 821 679 2650 822 
14277 821 2650 679 2782 
14278 2367 1549 2753 1766 
14279 2753 1549 2367 1550 
14280 2977 2797 2991 2594 
14281 2977 2991 2797 2924 
14282 3016 1270 1275 1374 
14283 3016 1275 1270 2979 
14284 2752 2014 2785 2195 
14285 2752 2785 2014 2952 
14286 2927 2632 2635 2655 
14287 2927 2635 2632 2545 
14288 547 549 499 427 
14289 547 499 549 548 
14290 487 499 549 427 
14291 487 549 499 548 
14292 676 2207 773 1181 
14293 676 773 2207 677 
14294 3041 1048 1615 1046 
14295 3041 1615 1048 2674 
14296 1927 2829 3032 1926 
14297 1927 3032 2829 2928 
14298 2616 3032 2829 1926 
14299 2616 2829 3032 2928 
14300 2970 1915 1503 1941 
14301 2970 1503 1915 2589 
14302 2557 1136 2959 2160 
14303 2557 2959 1136 2684 
14304 396 481 2764 357 
14305 485 2764 481 357 
14306 2896 2305 2802 2801 
14307 2896 2802 2305 1286 
14308 795 2802 2305 2801 
14309 795 2305 2802 1286 
14310 2988 2488 2673 1850 
14311 2988 2673 2488 2668 
14312 3008 2673 2488 1850 
14313 3008 2488 2673 2668 
14314 2896 997 2617 2721 
14315 2896 2617 997 1621 
14316 731 69 50 236 
14317 731 50 69 66 
14318 2887 1648 2145 2471 
14319 2887 2145 1648 2763 
14320 2754 1705 2279 842 
14321 2754 2279 1705 1222 
14322 2774 2929 1991 2655 
14323 1991 2929 2774 1993 
14324 1991 2507 2774 2655 
14325 2774 2507 1991 1993 
14326 1293 2842 1236 2638 
14327 2703 2910 2969 2592 
14328 2969 2910 2703 2705 
14329 2991 1230 908 2594 
14330 2991 908 1230 1100 
14331 1246 1881 2946 1502 
14332 2946 1881 1246 1327 
14333 2973 2121 2071 2519 
14334 2973 2071 2121 2903 
14335 2662 1115 1854 1226 
14336 2662 1854 1115 2878 
14337 2238 3080 2926 2869 
14338 2238 2926 3080 2719 
14339 2578 2926 3080 2869 
14340 2578 3080 2926 2719 
14341 3079 1978 655 654 
14342 3079 655 1978 2733 
14343 930 931 2781 929 
14344 930 2781 931 2363 
14345 2594 3040 2991 2714 
14346 2594 2991 3040 908 
14347 918 2991 3040 2714 
14348 918 3040 2991 908 
14349 3003 1876 1875 1882 
14350 3003 1875 1876 1874 
14351 1796 1765 2825 2393 
14352 2831 2878 2798 2737 
14353 2798 2878 2831 2577 
14354 2311 1475 2758 561 
14355 2311 2758 1475 1474 
14356 2906 2548 2835 2552 
14357 2835 2548 2906 2579 
14358 2835 2602 2906 2552 
14359 2906 2602 2835 2579 
14360 520 402 2575 359 
14361 520 2575 402 417 
14362 2901 883 1822 884 
14363 2901 1822 883 2688 
14364 2761 716 622 738 
14365 2761 622 716 2993 
14366 2822 716 622 2993 
14367 2771 726 847 2330 
14368 2771 847 726 2743 
14369 2705 1171 1417 2011 
14370 2930 13 38 16 
14371 2930 38 13 47 
14372 1378 1467 3016 2444 
14373 1378 3016 1467 1641 
14374 2909 1953 2738 2894 
14375 2909 2738 1953 1394 
14376 1894 1585 1628 1614 
14377 2992 869 2276 2297 
14378 2992 2276 869 2629 
14379 1544 931 2880 1545 
14380 2880 931 1544 2361 
14381 2871 1806 1805 2482 
14382 2871 1805 1806 2853 
14383 2877 773 2207 1181 
14384 1173 3016 2414 1372 
14385 2414 3016 1173 2630 
14386 2207 677 1790 767 
14387 1852 1851 2840 2490 
14388 1852 2840 1851 1853 
14389 2964 2840 1851 2490 
14390 2964 1851 2840 1853 
14391 2983 2506 1989 2227 
14392 1989 2506 2983 2847 
14393 1989 2226 2983 2227 
14394 2983 2226 1989 2847 
14395 463 2648 537 538 
14396 463 537 2648 2933 
14397 536 537 2648 538 
14398 536 2648 537 2933 
14399 3073 2482 2028 1984 
14400 3073 2028 2482 2871 
14401 1557 2700 1382 1257 
14402 1557 1382 2700 2905 
14403 3040 1065 3031 2868 
14404 3040 3031 1065 1291 
14405 946 1019 2940 1469 
14406 2940 1019 946 1401 
14407 1459 1644 1273 1778 
14408 1409 1836 3047 1625 
14409 1409 3047 1836 1411 
14410 2721 2503 2344 2291 
14411 2721 2344 2503 1975 
14412 2247 2289 2708 2254 
14413 2247 2708 2289 2133 
14414 2238 2212 2719 2487 
14415 2719 2212 2238 2926 
14416 2944 3010 1965 2243 
14417 1965 3010 2944 2606 
14418 1078 2970 1013 2384 
14419 1078 1013 2970 2591 
14420 1012 1013 2970 2384 
14421 1012 2970 1013 2591 
14422 1489 1512 3039 1490 
14423 1489 3039 1512 1772 
14424 3028 2838 2277 3017 
14425 3028 2277 2838 2828 
14426 1714 1653 2908 2267 
14427 1714 2908 1653 2340 
14428 481 2764 414 396 
14429 2761 2353 3047 890 
14430 2761 3047 2353 1410 
14431 1409 3047 2353 890 
14432 1409 2353 3047 1410 
14433 1807 3004 2848 2016 
14434 2848 3004 1807 2913 
14435 2767 752 806 456 
14436 2767 806 752 838 
14437 544 76 102 77 
14438 544 102 76 128 
14439 2770 2772 2858 1070 
14440 2858 2772 2770 2599 
14441 1159 3035 1353 2845 
14442 1159 1353 3035 1040 
14443 1153 1353 3035 2845 
14444 1153 3035 1353 1040 
14445 1514 625 2685 624 
14446 1514 2685 625 560 
14447 1378 3016 1379 2444 
14448 1378 1379 3016 3051 
14449 2975 617 551 573 
14450 2975 551 617 2762 
14451 1903 2798 3018 1957 
14452 3018 2798 1903 1904 
14453 3018 2443 1903 1957 
14454 1903 2443 3018 1904 
14455 205 177 225 226 
14456 205 225 177 178 
14457 225 177 801 226 
14458 225 801 177 178 
14459 801 177 181 226 
14460 2590 2980 1578 1935 
14461 2590 1578 2980 2967 
14462 1667 1578 2980 1935 
14463 1667 2980 1578 2967 
14464 2407 2167 2836 2124 
14465 2836 2167 2407 2123 
14466 2407 2942 2836 2123 
14467 2972 2587 1187 2560 
14468 2972 1187 2587 2821 
14469 2263 2951 1534 1718 
14470 1534 2951 2263 2884 
14471 414 398 276 415 
14472 414 276 398 356 
14473 2930 26 28 22 
14474 2930 28 26 62 
14475 453 368 2681 582 
14476 2681 368 453 449 
14477 2491 1853 2840 1852 
14478 2491 2840 1853 2112 
14479 2988 2487 2212 1849 
14480 2988 2212 2487 2719 
14481 2001 3064 2115 2483 
14482 2115 3064 2001 2775 
14483 850 754 853 1558 
14484 50 75 88 323 
14485 50 88 75 44 
14486 2968 1049 1324 1053 
14487 2968 1324 1049 2759 
14488 1918 1615 3041 1617 
14489 3041 1615 1918 1046 
14490 660 507 763 506 
14491 586 763 507 506 
14492 586 507 763 647 
14493 2169 2838 2170 2288 
14494 2170 2838 2169 2828 
14495 248 57 128 60 
14496 245 154 88 147 
14497 1190 1579 1158 1894 
14498 1190 1158 1579 3048 
14499 1646 912 1339 911 
14500 1646 1339 912 2282 
14501 2368 3067 2306 2662 
14502 1855 2306 3067 2662 
14503 2970 1078 1076 1077 
14504 2970 1076 1078 2591 
14505 2907 444 3033 446 
14506 2907 3033 444 2648 
14507 1725 1726 3056 1727 
14508 1725 3056 1726 2909 
14509 2715 3056 3078 2909 
14510 3078 1725 3056 1727 
14511 3078 3056 1725 2909 
14512 680 1116 2796 681 
14513 680 2796 1116 871 
14514 2959 1136 882 2160 
14515 2959 882 1136 1135 
14516 3060 943 1521 1522 
14517 1446 1521 943 1522 
14518 1446 943 1521 939 
14519 2018 2261 3030 2259 
14520 3030 2261 2018 2351 
14521 1452 1451 2696 2422 
14522 1218 2696 1451 2422 
14523 1218 1451 2696 2984 
14524 1241 3019 1479 1017 
14525 1479 3019 1241 2702 
14526 2767 376 751 456 
14527 2767 751 376 375 
14528 1969 981 970 1266 
14529 1969 970 981 982 
14530 1403 1312 2912 1404 
14531 1403 2912 1312 1700 
14532 3000 1806 3073 1985 
14533 3000 3073 1806 2853 
14534 2786 347 2706 2933 
14535 359 347 2706 514 
14536 359 2706 347 2933 
14537 2825 1048 1047 2393 
14538 1047 1048 2825 3051 
14539 1047 1796 2825 2393 
14540 2825 1796 1047 3051 
14541 707 705 2717 706 
14542 707 2717 705 1693 
14543 338 230 182 242 
14544 338 182 230 274 
14545 329 2706 347 514 
14546 347 2706 329 2786 
14547 3051 1765 1796 1380 
14548 3051 1796 1765 2825 
14549 481 326 482 358 
14550 1343 2368 2814 953 
14551 1343 2814 2368 1342 
14552 2889 744 724 2771 
14553 2935 799 798 2615 
14554 2935 798 799 800 
14555 228 213 210 209 
14556 210 213 228 227 
14557 129 41 5 130 
14558 5 41 129 661 
14559 5 24 129 130 
14560 129 24 5 661 
14561 180 422 177 181 
14562 180 177 422 179 
14563 2815 2544 2702 2746 
14564 2815 2702 2544 2679 
14565 2967 2936 920 2937 
14566 2967 920 2936 2527 
14567 2920 649 592 594 
14568 2920 592 649 574 
14569 332 314 255 287 
14570 255 314 332 333 
14571 255 404 332 287 
14572 332 404 255 333 
14573 202 200 240 201 
14574 202 240 200 142 
14575 218 89 80 131 
14576 218 80 89 81 
14577 159 110 306 109 
14578 159 306 110 97 
14579 323 110 306 97 
14580 674 619 618 675 
14581 2179 787 2801 2110 
14582 2179 2801 787 2343 
14583 1956 1772 3039 1489 
14584 1956 3039 1772 1773 
14585 2888 1922 2962 2495 
14586 2888 2962 1922 2826 
14587 546 425 427 424 
14588 427 425 546 547 
14589 427 499 546 424 
14590 546 499 427 547 
14591 636 692 2829 1847 
14592 636 2829 692 2319 
14593 3029 2493 2194 2073 
14594 3029 2194 2493 2899 
14595 3040 1096 1231 908 
14596 3040 1231 1096 2768 
14597 656 450 2692 453 
14598 656 2692 450 491 
14599 2963 1945 2354 1120 
14600 2963 2354 1945 2962 
14601 693 860 2889 2318 
14602 693 2889 860 744 
14603 1459 1512 2618 1778 
14604 2907 538 444 2307 
14605 2907 444 538 2648 
14606 1315 1101 2991 1100 
14607 1315 2991 1101 1441 
14608 839 754 807 853 
14609 807 754 839 753 
14610 807 1640 839 853 
14611 2946 1504 1247 1246 
14612 819 2750 2754 768 
14613 2754 2750 819 709 
14614 2754 710 819 768 
14615 819 710 2754 709 
14616 785 784 2856 2326 
14617 2856 784 785 786 
14618 615 273 614 535 
14619 615 614 273 276 
14620 66 44 88 50 
14621 66 88 44 80 
14622 3017 841 866 764 
14623 3017 866 841 2900 
14624 566 742 2651 2217 
14625 2651 742 566 743 
14626 2881 1249 2200 2728 
14627 2881 2200 1249 1812 
14628 1694 1696 831 1444 
14629 831 1696 1694 1858 
14630 1157 1158 1421 1156 
14631 1157 1421 1158 976 
14632 1579 1421 1158 1156 
14633 1579 1158 1421 976 
14634 960 962 2697 2370 
14635 960 2697 962 961 
14636 1130 1131 2591 1132 
14637 2591 1131 1130 1193 
14638 2859 2996 2858 2599 
14639 2858 2996 2859 2572 
14640 2871 2826 2558 2727 
14641 2871 2558 2826 2853 
14642 192 250 423 194 
14643 192 423 250 253 
14644 75 80 88 89 
14645 75 88 80 44 
14646 848 2333 3038 745 
14647 3038 2333 848 824 
14648 2656 954 2842 1044 
14649 2656 2842 954 1075 
14650 1074 2842 954 1044 
14651 1074 954 2842 1075 
14652 73 209 1068 108 
14653 1068 209 73 214 
14654 68 67 66 69 
14655 68 66 67 63 
14656 42 68 2930 21 
14657 2930 68 42 63 
14658 2822 593 591 590 
14659 2822 591 593 621 
14660 945 1811 2881 1812 
14661 945 2881 1811 944 
14662 2717 402 2540 360 
14663 2717 2540 402 2616 
14664 3037 2540 402 360 
14665 3037 402 2540 2616 
14666 268 195 120 234 
14667 268 167 120 122 
14668 120 167 268 234 
14669 1819 1782 2905 1818 
14670 1819 2905 1782 1999 
14671 2108 2301 3028 1516 
14672 3028 2301 2108 2277 
14673 1040 1728 2669 1138 
14674 1040 2669 1728 1153 
14675 2061 2913 2062 2092 
14676 2062 2913 2061 3078 
14677 2233 2213 2668 2232 
14678 2668 2213 2233 2488 
14679 2668 3029 2233 2232 
14680 3047 2877 1623 1836 
14681 3047 1625 1623 1624 
14682 1623 1625 3047 1836 
14683 2606 3010 1964 1965 
14684 1963 3010 1964 2180 
14685 1963 1964 3010 1965 
14686 2981 1783 3006 1461 
14687 2981 3006 1783 1016 
14688 1192 3006 1783 1461 
14689 1192 1783 3006 1016 
14690 8 44 69 50 
14691 8 69 44 43 
14692 3061 454 2654 374 
14693 373 2654 454 374 
14694 373 454 2654 475 
14695 865 816 1631 1675 
14696 865 1631 816 817 
14697 183 107 186 146 
14698 145 107 186 204 
14699 145 186 107 146 
14700 2140 2474 2852 2141 
14701 2613 2140 2852 2141 
14702 2613 2852 2140 2065 
14703 2897 2140 2613 2141 
14704 2897 2613 2140 2065 
14705 3068 2633 2696 2899 
14706 3068 2696 2633 2698 
14707 2919 991 1473 979 
14708 2919 1473 991 2846 
14709 3000 2097 2098 2063 
14710 3000 2098 2097 2898 
14711 933 934 2956 932 
14712 2956 934 933 2366 
14713 936 1485 3039 1487 
14714 936 3039 1485 1770 
14715 1237 926 2842 1293 
14716 2842 1236 1237 1293 
14717 1237 1236 2842 1299 
14718 439 505 572 441 
14719 2663 513 2904 2575 
14720 2663 2904 513 515 
14721 18 65 2930 19 
14722 18 2930 65 231 
14723 1170 1417 2705 1171 
14724 1170 2705 1417 958 
14725 3035 2845 1160 1310 
14726 3035 1160 2845 1496 
14727 1924 2993 1925 2214 
14728 2208 1925 2993 2214 
14729 2208 2993 1925 2761 
14730 444 398 3033 445 
14731 444 3033 398 462 
14732 1956 1793 2657 1792 
14733 1956 2657 1793 1886 
14734 1834 2905 1735 1383 
14735 1735 2905 1834 2586 
14736 1701 1627 1634 1635 
14737 1701 1634 1627 1719 
14738 1677 1339 1645 1676 
14739 1645 1339 1677 1340 
14740 1387 2911 969 2077 
14741 969 2911 1387 3035 
14742 969 1672 1387 2077 
14743 1387 1672 969 3035 
14744 238 262 271 1113 
14745 411 262 271 412 
14746 411 271 262 1113 
14747 1081 2123 2836 2400 
14748 2836 2123 1081 2167 
14749 1401 1400 3019 1017 
14750 3019 1400 1401 1399 
14751 1331 1253 1252 608 
14752 1925 2209 3047 2447 
14753 3047 2209 1925 2208 
14754 1555 1348 2609 1688 
14755 1555 2609 1348 1194 
14756 583 1513 494 586 
14757 583 494 1513 584 
14758 2933 464 2786 2648 
14759 2933 2786 464 2089 
14760 128 58 57 248 
14761 128 57 58 78 
14762 64 2930 42 63 
14763 42 2930 64 65 
14764 352 407 406 261 
14765 218 95 80 81 
14766 2850 1000 2215 998 
14767 2850 2215 1000 1032 
14768 711 733 817 1631 
14769 817 733 711 734 
14770 2993 1277 2602 717 
14771 2993 2602 1277 771 
14772 846 1277 2602 771 
14773 19 21 2930 23 
14774 1438 1626 1439 1642 
14775 1438 1439 1626 1437 
14776 540 2287 2651 2309 
14777 540 2651 2287 2138 
14778 1639 809 810 812 
14779 1639 810 809 1558 
14780 1549 2364 2872 1180 
14781 2872 2364 1549 1548 
14782 828 827 2998 2331 
14783 2998 827 828 796 
14784 2877 773 1952 2252 
14785 2877 1952 773 2563 
14786 2094 2497 2816 2272 
14787 2094 2816 2497 2093 
14788 2057 3010 1948 2472 
14789 2057 1948 3010 2888 
14790 1949 1948 3010 2472 
14791 1949 3010 1948 2888 
14792 1934 1189 2618 1872 
14793 2618 1189 1934 1485 
14794 2618 2867 1934 1872 
14795 1934 2867 2618 1485 
14796 2782 1464 1777 2012 
14797 2782 1777 1464 2629 
14798 356 363 230 274 
14799 356 230 363 414 
14800 2845 1310 1496 1160 
14801 2845 1496 1310 1482 
14802 1481 1496 1310 1160 
14803 1481 1310 1496 1482 
14804 2006 2283 2080 2078 
14805 1898 1886 2657 1641 
14806 2657 1886 1898 1793 
14807 1668 2980 1872 1935 
14808 1668 1872 2980 3053 
14809 917 1043 1041 915 
14810 917 1041 1043 1323 
14811 1075 926 2842 1074 
14812 2842 926 1075 927 
14813 332 404 312 287 
14814 332 312 404 2812 
14815 315 312 404 287 
14816 315 404 312 2812 
14817 1702 1703 2880 1545 
14818 2880 1703 1702 1811 
14819 1660 1659 2823 2473 
14820 2823 1659 1660 1661 
14821 1303 2237 2749 2238 
14822 2749 2237 1303 2236 
14823 2432 1683 2852 1296 
14824 2432 2852 1683 1684 
14825 196 223 162 222 
14826 196 162 223 163 
14827 313 162 223 222 
14828 313 223 162 163 
14829 1470 1064 3044 1063 
14830 1135 1134 2684 1184 
14831 2684 1134 1135 1102 
14832 760 761 809 665 
14833 3050 1723 1979 1837 
14834 3050 1979 1723 2955 
14835 2801 2179 2081 2305 
14836 395 195 774 170 
14837 395 774 195 267 
14838 320 377 2855 321 
14839 320 2855 377 526 
14840 2047 778 2656 1678 
14841 2656 778 2047 1537 
14842 1696 658 758 1111 
14843 273 535 282 190 
14844 273 282 535 305 
14845 2370 1108 2697 1654 
14846 2697 1108 2370 962 
14847 2358 2042 2964 2043 
14848 204 1707 107 127 
14849 107 1707 204 139 
14850 387 2032 341 340 
14851 341 2032 387 263 
14852 1272 547 585 546 
14853 1272 585 547 755 
14854 2348 848 3038 847 
14855 3038 848 2348 1767 
14856 2131 2113 2691 2465 
14857 2691 2113 2131 1779 
14858 1513 494 554 584 
14859 554 494 1513 501 
14860 554 589 1513 584 
14861 1513 589 554 501 
14862 1044 955 2799 954 
14863 2799 955 1044 916 
14864 488 489 2676 490 
14865 488 2676 489 405 
14866 915 1042 955 1196 
14867 915 955 1042 1533 
14868 1433 955 1042 1196 
14869 1433 1042 955 1533 
14870 774 195 234 161 
14871 774 234 195 267 
14872 280 347 3066 283 
14873 280 3066 347 2786 
14874 2630 3051 2547 2587 
14875 2630 2547 3051 2825 
14876 2674 2547 3051 2587 
14877 2674 3051 2547 2825 
14878 1491 1834 2780 1896 
14879 1491 2780 1834 2821 
14880 2586 2780 1834 1896 
14881 2586 1834 2780 2821 
14882 48 323 731 72 
14883 48 731 323 50 
14884 2511 2049 2902 2048 
14885 2902 2049 2511 2024 
14886 2292 1865 2727 2269 
14887 2727 1865 2292 2374 
14888 1875 1349 2690 1350 
14889 1875 2690 1349 1895 
14890 775 1653 2766 781 
14891 2766 1653 775 2337 
14892 2879 2161 1022 2386 
14893 2782 1464 1864 2629 
14894 2782 1864 1464 856 
14895 107 103 183 1707 
14896 105 183 103 1707 
14897 2348 2820 1686 1260 
14898 568 224 223 175 
14899 568 223 224 254 
14900 1493 1031 2913 1807 
14901 2913 1031 1493 1318 
14902 1599 1813 3042 1815 
14903 1599 3042 1813 1600 
14904 2461 2094 2816 2142 
14905 362 533 410 620 
14906 362 410 533 438 
14907 2499 2249 2885 1921 
14908 2499 2885 2249 2250 
14909 1735 1734 2700 1896 
14910 2700 1734 1735 1259 
14911 3060 1928 1252 1736 
14912 3060 1252 1928 759 
14913 1258 1259 2700 1257 
14914 2700 1259 1258 1612 
14915 191 184 188 248 
14916 188 184 191 185 
14917 379 431 293 1980 
14918 293 431 379 629 
14919 1010 2383 2770 1009 
14920 2770 2383 1010 1603 
14921 2054 1620 2895 1841 
14922 2895 1620 2054 2466 
14923 257 235 234 256 
14924 257 234 235 291 
14925 1909 1786 2766 782 
14926 1909 2766 1786 2468 
14927 2729 1385 2892 1386 
14928 2729 2892 1385 1122 
14929 1124 2892 1385 1386 
14930 1124 1385 2892 1122 
14931 347 348 2648 349 
14932 347 2648 348 359 
14933 2231 2151 3029 2464 
14934 2231 3029 2151 2232 
14935 2668 3029 2151 2464 
14936 2668 2151 3029 2232 
14937 2216 823 2752 873 
14938 2752 823 2216 2345 
14939 2049 2515 2964 2041 
14940 2049 2964 2515 2149 
14941 2358 2038 2964 2042 
14942 2964 2038 2358 2036 
14943 534 673 732 733 
14944 534 732 673 672 
14945 3032 1987 1423 2150 
14946 3032 1423 1987 2812 
14947 1864 1559 2992 1465 
14948 1864 2992 1559 1744 
14949 901 899 2779 900 
14950 901 2779 899 1414 
14951 1036 2126 2697 2391 
14952 2697 2126 1036 2239 
14953 2525 2232 3029 2231 
14954 3029 2232 2525 2233 
14955 2802 795 2721 2334 
14956 2802 2721 795 1286 
14957 797 2721 795 2334 
14958 797 795 2721 1286 
14959 300 301 182 186 
14960 300 182 301 338 
14961 1749 1683 1748 1296 
14962 513 519 2904 520 
14963 513 2904 519 518 
14964 220 182 186 189 
14965 447 453 2923 582 
14966 2923 453 447 517 
14967 217 309 287 285 
14968 136 480 124 137 
14969 124 480 136 142 
14970 1091 2241 3057 1089 
14971 3057 2241 1091 1884 
14972 502 434 494 429 
14973 494 434 502 501 
14974 1712 2378 2699 1713 
14975 2699 2378 1712 995 
14976 1402 2426 2744 1403 
14977 1402 2744 2426 1543 
14978 1972 2268 2631 2267 
14979 2631 2268 1972 2480 
14980 587 669 557 570 
14981 1866 2495 2888 1867 
14982 1866 2888 2495 1922 
14983 503 504 428 388 
14984 503 428 504 531 
14985 1056 1057 2896 1055 
14986 1056 2896 1057 2395 
14987 2944 2896 1057 1055 
14988 2944 1057 2896 2395 
14989 335 371 2931 1425 
14990 335 2931 371 370 
14991 588 620 570 557 
14992 588 570 620 533 
14993 268 166 120 195 
14994 268 120 166 122 
14995 733 764 734 817 
14996 733 734 764 732 
14997 763 734 764 817 
14998 763 764 734 732 
14999 2066 2067 2840 2055 
15000 2840 2067 2066 2491 
15001 2697 3055 1622 1655 
15002 1622 3055 2697 1182 
15003 1645 2154 1752 1011 
15004 1752 2154 1645 1677 
15005 1752 1676 1645 1011 
15006 1645 1676 1752 1677 
15007 2300 2324 3074 740 
15008 3074 2324 2300 876 
15009 498 58 211 59 
15010 498 211 58 61 
15011 240 431 176 271 
15012 176 431 240 202 
15013 1171 1169 2910 1170 
15014 440 345 353 457 
15015 440 353 345 479 
15016 336 259 168 258 
15017 336 168 259 334 
15018 274 230 300 182 
15019 274 300 230 275 
15020 187 300 230 182 
15021 187 230 300 275 
15022 2427 1841 2788 1254 
15023 2788 1841 2427 2054 
15024 808 880 528 881 
15025 528 880 808 804 
15026 711 766 816 670 
15027 711 816 766 1631 
15028 694 1698 696 758 
15029 1553 1972 2994 2337 
15030 2994 1972 1553 1788 
15031 1907 1844 2687 2486 
15032 1907 2687 1844 2246 
15033 2008 1676 2958 990 
15034 2008 2958 1676 1011 
15035 1705 820 2750 1706 
15036 1705 2750 820 768 
15037 134 33 37 87 
15038 134 37 33 34 
15039 315 403 312 310 
15040 312 403 315 1987 
15041 416 331 465 448 
15042 416 465 331 351 
15043 407 472 2681 405 
15044 407 2681 472 1415 
15045 1371 1508 2769 1238 
15046 2769 1508 1371 1962 
15047 2769 2848 1371 1238 
15048 2384 1418 2970 1350 
15049 2384 2970 1418 1880 
15050 1809 1985 3000 2063 
15051 3000 1985 1809 2481 
15052 2780 1580 2972 1491 
15053 2780 2972 1580 1656 
15054 1581 2972 1580 1491 
15055 1581 1580 2972 1656 
15056 2315 628 2644 627 
15057 2315 2644 628 1029 
15058 308 251 423 266 
15059 308 423 251 330 
15060 1665 1509 2729 1122 
15061 1665 2729 1509 1484 
15062 2892 2729 1509 1122 
15063 2892 1509 2729 1484 
15064 2950 1728 2563 843 
15065 2950 2563 1728 1155 
15066 773 2563 1728 843 
15067 773 1728 2563 1155 
15068 1850 2261 3008 1624 
15069 3008 2261 1850 2488 
15070 812 762 761 760 
15071 761 762 812 1393 
15072 761 809 812 760 
15073 812 809 761 1393 
15074 176 262 271 238 
15075 271 262 176 412 
15076 1021 2385 2836 1161 
15077 2836 2385 1021 1020 
15078 1094 1093 2968 1053 
15079 1094 2968 1093 1556 
15080 1668 1188 3053 1842 
15081 1668 3053 1188 1872 
15082 308 423 303 266 
15083 308 303 423 212 
15084 265 303 423 266 
15085 265 423 303 212 
15086 75 118 89 92 
15087 75 89 118 131 
15088 1618 2054 2640 1661 
15089 2640 2054 1618 2466 
15090 1500 1499 1253 1251 
15091 1500 1253 1499 1501 
15092 2071 2099 2903 2507 
15093 2071 2903 2099 2121 
15094 949 2969 2570 2011 
15095 2570 2969 949 1128 
15096 2570 1417 949 2011 
15097 949 1417 2570 1128 
15098 1625 890 3008 1409 
15099 3008 890 1625 2351 
15100 157 131 113 218 
15101 157 113 131 158 
15102 1164 1037 3055 2391 
15103 1164 3055 1037 1483 
15104 342 210 272 327 
15105 342 272 210 362 
15106 2422 1217 2696 1452 
15107 2696 1217 2422 1218 
15108 2093 1879 3004 2497 
15109 2093 3004 1879 2270 
15110 2124 1161 2836 2385 
15111 2836 1161 2124 2167 
15112 2344 1286 2721 2291 
15113 2721 1286 2344 797 
15114 429 385 430 434 
15115 430 385 429 556 
15116 1665 1557 2729 1950 
15117 2729 1557 1665 1258 
15118 1410 1411 3047 1409 
15119 1410 3047 1411 2447 
15120 909 1065 3040 914 
15121 3040 1065 909 1291 
15122 490 465 448 488 
15123 448 465 490 364 
15124 2095 2520 2816 2093 
15125 2095 2816 2520 2242 
15126 473 543 2839 489 
15127 2839 543 473 645 
15128 385 430 379 556 
15129 379 430 385 1113 
15130 815 2296 767 766 
15131 815 767 2296 2207 
15132 1857 767 2296 766 
15133 1857 2296 767 2207 
15134 155 117 159 109 
15135 159 117 155 192 
15136 1693 729 2680 728 
15137 1693 2680 729 707 
15138 2687 1297 2852 2433 
15139 2687 2852 1297 1298 
15140 1296 2852 1297 2433 
15141 1296 1297 2852 1298 
15142 162 98 216 286 
15143 162 216 98 164 
15144 252 330 366 331 
15145 366 330 252 251 
15146 1012 1350 2970 1349 
15147 2970 1350 1012 2384 
15148 550 501 589 588 
15149 550 589 501 554 
15150 669 587 767 570 
15151 767 587 669 668 
15152 767 676 669 570 
15153 2015 1754 2952 2014 
15154 2952 1754 2015 2350 
15155 414 485 2764 481 
15156 414 2764 485 484 
15157 309 196 162 311 
15158 162 196 309 217 
15159 162 287 309 311 
15160 309 287 162 217 
15161 1905 1854 2878 1070 
15162 1905 2878 1854 2460 
15163 1279 1278 2937 1669 
15164 2937 1278 1279 1280 
15165 2958 829 830 657 
15166 461 467 365 460 
15167 587 766 815 767 
15168 815 766 587 670 
15169 2 4 1 3 
15170 2 1 4 33 
15171 350 317 465 290 
15172 350 465 317 351 
15173 399 469 2907 859 
15174 399 2907 469 403 
15175 2255 2328 2711 1228 
15176 2255 2711 2328 1313 
15177 380 379 430 556 
15178 430 379 380 381 
15179 2783 2294 2248 2468 
15180 363 482 326 392 
15181 363 326 482 481 
15182 1037 1035 2697 1036 
15183 1037 2697 1035 2389 
15184 2167 2399 2836 1161 
15185 2167 2836 2399 1081 
15186 937 2657 1793 1792 
15187 1793 2657 937 935 
15188 176 202 152 199 
15189 152 202 176 240 
15190 2583 2907 3037 2616 
15191 2583 3037 2907 359 
15192 402 3037 2907 2616 
15193 402 2907 3037 359 
15194 27 5 236 24 
15195 27 236 5 6 
15196 130 236 5 24 
15197 130 5 236 6 
15198 567 156 121 99 
15199 567 121 156 119 
15200 193 251 719 252 
15201 719 251 193 194 
15202 2313 1202 2756 1785 
15203 2756 1202 2313 662 
15204 751 802 1697 697 
15205 1697 802 751 1698 
15206 1697 2767 751 697 
15207 751 2767 1697 1698 
15208 1577 1485 2867 1934 
15209 1577 2867 1485 1486 
15210 1775 815 2877 1790 
15211 2877 815 1775 1001 
15212 1422 976 1157 1789 
15213 1422 1157 976 1421 
15214 2735 832 2628 943 
15215 2735 2628 832 833 
15216 730 2628 832 943 
15217 730 832 2628 833 
15218 708 660 534 732 
15219 534 660 708 609 
15220 137 96 480 124 
15221 480 96 137 123 
15222 3042 1751 1600 1599 
15223 3042 1600 1751 1589 
15224 504 609 507 478 
15225 504 507 609 660 
15226 534 507 609 478 
15227 534 609 507 660 
15228 813 1682 2754 1994 
15229 2754 1682 813 1370 
15230 1169 1101 2991 1292 
15231 1169 2991 1101 1066 
15232 365 330 423 308 
15233 423 330 365 366 
15234 557 668 587 818 
15235 587 668 557 669 
15236 125 123 480 82 
15237 480 123 125 96 
15238 107 144 204 145 
15239 204 144 107 140 
15240 208 240 209 151 
15241 209 240 208 229 
15242 217 162 216 286 
15243 217 216 162 196 
15244 492 2138 2651 540 
15245 2651 2138 492 656 
15246 447 488 2676 490 
15247 2676 488 447 582 
15248 817 583 711 816 
15249 817 711 583 763 
15250 600 599 3009 1816 
15251 600 3009 599 598 
15252 1778 1902 2618 1666 
15253 2618 1902 1778 1512 
15254 1981 136 138 198 
15255 1981 138 136 142 
15256 1864 1572 1559 1465 
15257 1864 1559 1572 1552 
15258 320 529 2645 527 
15259 2645 529 320 378 
15260 566 565 2651 2313 
15261 566 2651 565 541 
15262 1507 1501 1833 1500 
15263 1507 1833 1501 1506 
15264 1628 1894 1592 1585 
15265 1628 1592 1894 1190 
15266 1582 1592 1894 1585 
15267 1582 1894 1592 1190 
15268 1338 1339 1646 1340 
15269 1646 1339 1338 911 
15270 1292 1170 2705 1169 
15271 2705 1170 1292 959 
15272 2705 2991 1292 1169 
15273 1292 2991 2705 959 
15274 1279 1126 2862 1127 
15275 366 443 365 364 
15276 366 365 443 330 
15277 364 442 447 443 
15278 364 447 442 467 
15279 487 585 547 499 
15280 547 585 487 612 
15281 1358 799 2735 833 
15282 1358 2735 799 800 
15283 1585 1420 1579 1156 
15284 1579 1420 1585 1586 
15285 1343 2412 2917 1276 
15286 1343 2917 2412 1526 
15287 2401 2174 2943 1351 
15288 2401 2943 2174 2234 
15289 214 247 212 367 
15290 265 247 212 327 
15291 265 212 247 367 
15292 571 439 505 572 
15293 571 505 439 509 
15294 111 113 90 98 
15295 111 90 113 112 
15296 183 182 186 220 
15297 183 186 182 146 
15298 107 105 103 106 
15299 103 105 107 183 
15300 274 185 275 273 
15301 274 275 185 300 
15302 187 275 185 273 
15303 187 185 275 300 
15304 1407 1105 2760 922 
15305 1407 2760 1105 1353 
15306 2845 1105 2760 1353 
15307 921 1790 3002 1952 
15308 921 3002 1790 1775 
15309 325 145 301 532 
15310 325 301 145 146 
15311 2143 2140 2852 2065 
15312 2143 2852 2140 2474 
15313 2301 1891 2828 1517 
15314 2828 1891 2301 1892 
15315 2178 1003 2557 2160 
15316 2178 2557 1003 1674 
15317 362 412 239 208 
15318 362 239 412 411 
15319 882 1092 2688 883 
15320 2688 1092 882 1184 
15321 882 2959 2688 1184 
15322 2718 2013 2782 2012 
15323 2718 2782 2013 855 
15324 856 2782 2013 2012 
15325 856 2013 2782 855 
15326 1613 1279 1629 1633 
15327 1613 1629 1279 1126 
15328 1562 1743 2712 1388 
15329 1562 2712 1743 1576 
15330 1743 1389 2891 1388 
15331 1743 2891 1389 1427 
15332 2662 1854 3067 1855 
15333 1540 3067 1854 1855 
15334 1540 1854 3067 2460 
15335 1794 1504 2946 1435 
15336 1794 2946 1504 1247 
15337 1418 1327 3003 1419 
15338 1418 3003 1327 1881 
15339 1273 1458 1644 1459 
15340 1273 1644 1458 1274 
15341 2647 1458 1644 1274 
15342 1458 1511 1512 1459 
15343 2618 1458 1512 1459 
15344 2867 1458 2618 1459 
15345 2867 2618 1458 1996 
15346 1715 1477 2908 2453 
15347 1715 2908 1477 1714 
15348 1494 1808 2731 1809 
15349 1494 2731 1808 2372 
15350 2180 1983 3010 1652 
15351 2180 3010 1983 1963 
15352 2037 2036 3027 2514 
15353 3027 2036 2037 2038 
15354 1780 1517 2986 1891 
15355 1780 2986 1517 2456 
15356 1891 2479 2876 1780 
15357 1891 2876 2479 1893 
15358 2267 2337 2994 1972 
15359 2267 2994 2337 1653 
15360 447 416 488 448 
15361 447 488 416 582 
15362 378 376 2645 456 
15363 378 2645 376 277 
15364 2203 2352 2835 2017 
15365 2203 2835 2352 1787 
15366 2233 2260 3030 2259 
15367 2233 3030 2260 2525 
15368 2652 3030 2260 2259 
15369 2652 2260 3030 2525 
15370 1779 2456 2986 1780 
15371 1779 2986 2456 2131 
15372 2063 2397 3000 1809 
15373 2063 3000 2397 2098 
15374 1959 2119 2898 2097 
15375 1959 2898 2119 2450 
15376 1175 2413 2837 1176 
15377 1175 2837 2413 1183 
15378 1132 964 2759 963 
15379 1132 2759 964 972 
15380 1176 960 2837 1175 
15381 1176 2837 960 2371 
15382 1641 1488 2657 1467 
15383 1641 2657 1488 1886 
15384 1641 2446 3051 1898 
15385 1641 3051 2446 1378 
15386 1824 1933 3042 1799 
15387 3042 1933 1824 1887 
15388 2658 1863 3057 1091 
15389 2658 3057 1863 2377 
15390 1884 3057 1863 1091 
15391 1884 1863 3057 2377 
15392 1866 2374 2826 985 
15393 2826 2374 1866 1865 
15394 1215 1426 2844 1216 
15395 1215 2844 1426 1721 
15396 1736 1252 1253 1499 
15397 1253 1252 1736 1331 
15398 1253 1501 1736 1499 
15399 1736 1501 1253 1331 
15400 2628 1784 1522 1520 
15401 2628 1522 1784 1445 
15402 1521 1522 1784 1520 
15403 1521 1784 1522 1445 
15404 1120 2058 2963 1945 
15405 2963 2058 1120 1198 
15406 637 2839 2849 472 
15407 2849 2839 637 607 
15408 2849 1415 637 472 
15409 637 1415 2849 607 
15410 749 797 2850 796 
15411 749 2850 797 2334 
15412 2305 2343 2801 2179 
15413 2305 2801 2343 795 
15414 521 522 2733 524 
15415 521 2733 522 604 
15416 783 630 2854 747 
15417 2854 630 783 723 
15418 1203 662 2756 2322 
15419 1203 2756 662 1202 
15420 649 648 2672 1730 
15421 2672 648 649 650 
15422 775 776 2672 777 
15423 775 2672 776 2338 
15424 592 581 486 593 
15425 592 486 581 467 
15426 366 252 774 719 
15427 1637 2468 2783 1636 
15428 1637 2783 2468 1786 
15429 2217 598 2692 600 
15430 2217 2692 598 742 
15431 3009 2692 598 600 
15432 3009 598 2692 742 
15433 647 711 763 712 
15434 647 763 711 734 
15435 815 818 587 668 
15436 815 587 818 646 
15437 388 478 510 389 
15438 388 510 478 504 
15439 263 179 702 264 
15440 263 702 179 422 
15441 345 341 387 263 
15442 345 387 341 765 
15443 621 362 580 342 
15444 580 362 621 620 
15445 157 218 99 567 
15446 95 218 99 91 
15447 95 99 218 567 
15448 481 511 436 482 
15449 481 436 511 512 
15450 437 511 436 512 
15451 709 1559 2750 819 
15452 709 2750 1559 1227 
15453 435 436 2975 437 
15454 435 2975 436 459 
15455 484 415 2786 1243 
15456 484 2786 415 414 
15457 742 826 3009 598 
15458 742 3009 826 2332 
15459 595 1289 2933 2089 
15460 595 2933 1289 2310 
15461 2317 1475 2758 756 
15462 2317 2758 1475 626 
15463 2312 628 2758 562 
15464 2758 628 2312 626 
15465 536 2308 2583 537 
15466 536 2583 2308 563 
15467 2307 1302 2907 596 
15468 2307 2907 1302 858 
15469 2616 2907 1302 596 
15470 626 627 2758 628 
15471 2758 627 626 2317 
15472 744 2321 2889 724 
15473 2889 2321 744 693 
15474 284 347 3066 349 
15475 284 3066 347 283 
15476 752 530 849 529 
15477 752 849 530 666 
15478 1698 694 802 751 
15479 1698 802 694 696 
15480 697 802 694 751 
15481 697 694 802 696 
15482 597 790 2732 792 
15483 597 2732 790 791 
15484 598 602 3009 599 
15485 598 3009 602 826 
15486 779 791 2732 564 
15487 779 2732 791 1539 
15488 658 1696 695 831 
15489 912 3034 1011 2282 
15490 2880 2361 2781 931 
15491 929 2781 2361 931 
15492 929 2361 2781 1022 
15493 2243 2494 2888 1982 
15494 2243 2888 2494 2269 
15495 1871 1877 2757 2090 
15496 2757 1877 1871 2496 
15497 2080 2503 1686 2006 
15498 2080 1686 2503 2291 
15499 2344 2503 1686 2291 
15500 2348 2080 2820 2079 
15501 2348 2820 2080 1686 
15502 1055 2219 2944 2220 
15503 1055 2944 2219 1057 
15504 1658 2243 2896 1965 
15505 1658 2896 2243 2220 
15506 2944 2896 2243 1965 
15507 2944 2243 2896 2220 
15508 2392 1797 3041 1799 
15509 2392 3041 1797 1046 
15510 3041 1588 1797 1918 
15511 1929 1588 1797 1798 
15512 1929 1797 1588 1918 
15513 1529 1769 1740 1768 
15514 1740 1769 1529 1738 
15515 1529 1739 1740 1738 
15516 1045 917 2799 916 
15517 1045 2799 917 1195 
15518 1074 1299 2842 1201 
15519 784 1228 2711 1229 
15520 2711 1228 784 2341 
15521 1683 2474 2852 2143 
15522 1683 2852 2474 1685 
15523 2143 1748 1749 1683 
15524 2143 1749 1748 2476 
15525 1845 1749 2143 2476 
15526 2065 1845 2143 2476 
15527 1684 2293 2787 1314 
15528 1684 2787 2293 2432 
15529 1749 1844 2852 2433 
15530 2852 1844 1749 1845 
15531 2730 2879 1352 1907 
15532 2399 1352 2879 1907 
15533 1967 2105 2872 2125 
15534 1967 2872 2105 2415 
15535 1149 2124 2608 2125 
15536 1149 2608 2124 2407 
15537 2715 3078 1759 2478 
15538 1869 3078 1759 1727 
15539 1869 1759 3078 2478 
15540 2055 2402 2974 2066 
15541 2055 2974 2402 2056 
15542 2362 929 3056 2161 
15543 3056 929 2362 930 
15544 2439 1337 2974 1336 
15545 2439 2974 1337 2021 
15546 1725 1395 2909 1726 
15547 1725 2909 1395 1396 
15548 1337 2390 2974 1335 
15549 1337 2974 2390 2020 
15550 1727 2061 3078 1725 
15551 1727 3078 2061 1869 
15552 2053 1396 3078 1725 
15553 2053 3078 1396 2009 
15554 1618 1620 2895 2466 
15555 2895 1620 1618 1619 
15556 1661 2427 2640 1659 
15557 1661 2640 2427 2054 
15558 1360 1457 2912 1456 
15559 1360 2912 1457 1943 
15560 1455 1456 2857 1454 
15561 1455 2857 1456 1360 
15562 1384 1557 2905 1382 
15563 1384 2905 1557 1362 
15564 1368 1206 3025 1265 
15565 1368 3025 1206 1369 
15566 2738 1234 2909 1052 
15567 2738 2909 1234 1394 
15568 2009 2909 1234 1052 
15569 2009 1234 2909 1394 
15570 1085 966 2740 1084 
15571 1085 2740 966 1234 
15572 3052 966 2740 1234 
15573 1249 1399 2597 1401 
15574 1249 2597 1399 1750 
15575 1734 1491 2780 1896 
15576 2780 1491 1734 1580 
15577 1385 1838 2791 1971 
15578 1385 2791 1838 1386 
15579 1190 1582 1742 1592 
15580 1737 1742 1582 1592 
15581 1737 1582 1742 1970 
15582 1682 1470 3044 1681 
15583 1682 3044 1470 1064 
15584 2570 1417 2948 1128 
15585 2570 2948 1417 928 
15586 1416 2948 1417 1128 
15587 1416 1417 2948 928 
15588 1067 1171 2910 1147 
15589 2910 1171 1067 1169 
15590 2132 2173 2941 2172 
15591 2132 2941 2173 2355 
15592 965 963 2731 964 
15593 965 2731 963 2372 
15594 1836 2266 3050 1623 
15595 1836 3050 2266 1837 
15596 1982 1965 3010 2243 
15597 1982 3010 1965 1963 
15598 1841 2424 2895 1587 
15599 1841 2895 2424 1620 
15600 740 2293 3074 2300 
15601 740 3074 2293 2329 
15602 964 2373 2731 965 
15603 964 2731 2373 973 
15604 1785 1786 2756 1637 
15605 1785 2756 1786 2339 
15606 2300 2432 2787 2286 
15607 2300 2787 2432 2293 
15608 2808 2127 2857 1165 
15609 2808 2857 2127 1359 
15610 1455 2857 2127 1165 
15611 1455 2127 2857 1359 
15612 1460 1466 2629 1868 
15613 1460 2629 1466 1464 
15614 88 147 306 245 
15615 88 306 147 148 
15616 819 857 2750 820 
15617 819 2750 857 1559 
15618 337 361 2870 373 
15619 337 2870 361 336 
15620 2801 2082 2847 2257 
15621 2801 2847 2082 2521 
15622 2228 2847 2082 2257 
15623 2228 2082 2847 2521 
15624 1685 1313 2613 2255 
15625 1685 2613 1313 2436 
15626 1025 1023 2770 1024 
15627 1025 2770 1023 2387 
15628 247 213 212 327 
15629 247 212 213 214 
15630 209 85 143 108 
15631 2368 1855 3067 1540 
15632 2368 3067 1855 2306 
15633 2510 2259 3068 2260 
15634 2510 3068 2259 2018 
15635 2652 3068 2259 2260 
15636 2652 2259 3068 2018 
15637 2700 1843 2780 1734 
15638 2700 2780 1843 2679 
15639 2265 2262 2934 2185 
15640 2934 2262 2265 2716 
15641 1187 1491 2972 1581 
15642 2972 1491 1187 2821 
15643 2863 1632 2562 1914 
15644 2863 2562 1632 2862 
15645 394 358 2975 459 
15646 2975 358 394 357 
15647 1202 2756 3023 1203 
15648 3023 2756 1202 2176 
15649 3023 2418 1202 1203 
15650 1202 2418 3023 2176 
15651 2461 2095 2816 2094 
15652 2461 2816 2095 1596 
15653 2659 1317 2957 1689 
15654 2659 2957 1317 2769 
15655 1210 2957 1317 1689 
15656 1210 1317 2957 2769 
15657 681 1116 2675 683 
15658 681 2675 1116 2796 
15659 1329 2026 2628 1520 
15660 2628 2026 1329 2844 
15661 2628 1522 1329 1520 
15662 1329 1522 2628 2844 
15663 2738 2728 2660 2634 
15664 2738 2660 2728 2740 
15665 2700 1557 1258 1257 
15666 2700 1258 1557 3019 
15667 3077 717 2822 2602 
15668 3077 2822 717 590 
15669 2612 2248 2763 2302 
15670 2612 2763 2248 2783 
15671 2294 2763 2248 2302 
15672 2294 2248 2763 2783 
15673 802 854 754 839 
15674 802 754 854 850 
15675 853 754 854 839 
15676 853 854 754 850 
15677 2820 2006 2283 2080 
15678 2820 2283 2006 1033 
15679 2850 2006 1975 1034 
15680 467 343 461 365 
15681 461 343 467 342 
15682 3081 2656 2948 2570 
15683 2948 2656 3081 2811 
15684 2948 2947 3081 2570 
15685 3081 2947 2948 2811 
15686 1823 1797 1588 1798 
15687 1588 1797 1823 3041 
15688 19 42 2930 21 
15689 19 2930 42 65 
15690 151 85 143 209 
15691 151 143 85 153 
15692 1874 2647 1458 1876 
15693 1458 2647 1874 1274 
15694 1643 2647 2590 1577 
15695 2590 2647 1643 1644 
15696 1486 2867 2647 1577 
15697 2647 2867 1486 1644 
15698 1643 1486 2647 1577 
15699 2647 1486 1643 1644 
15700 2896 1977 2721 1976 
15701 1975 2721 1977 1976 
15702 1975 1977 2721 2215 
15703 830 912 2958 1011 
15704 830 2958 912 829 
15705 2958 912 2709 1011 
15706 2958 2709 912 829 
15707 2709 912 3034 1011 
15708 2709 3034 912 829 
15709 1074 1237 2842 1299 
15710 1074 2842 1237 926 
15711 1405 1774 1387 1672 
15712 1387 1774 1405 1160 
15713 1387 3035 1405 1672 
15714 1405 3035 1387 1160 
15715 1672 969 1310 1406 
15716 1310 969 1672 3035 
15717 1310 1405 1672 1406 
15718 1672 1405 1310 3035 
15719 1011 3034 1547 2282 
15720 1547 3034 1011 2137 
15721 1011 1676 1547 2137 
15722 1645 1547 1011 1676 
15723 1645 1011 1547 2282 
15724 304 401 285 3033 
15725 304 285 401 310 
15726 312 285 401 3033 
15727 312 401 285 310 
15728 403 401 3033 312 
15729 3033 401 403 399 
15730 3033 2907 403 312 
15731 403 2907 3033 399 
15732 2037 2044 2965 3027 
15733 2965 2044 2037 2035 
15734 2036 2514 2720 3027 
15735 2720 2514 2036 2035 
15736 2514 2965 2720 3027 
15737 2720 2965 2514 2035 
15738 2514 2037 2965 3027 
15739 2965 2037 2514 2035 
15740 704 671 613 610 
15741 704 613 671 735 
15742 2075 2602 1277 717 
15743 2075 1277 2602 846 
15744 2654 475 2855 373 
15745 2654 2855 475 2726 
15746 521 2855 475 373 
15747 521 475 2855 2726 
15748 4 661 35 7 
15749 4 35 661 54 
15750 34 35 661 7 
15751 34 661 35 54 
15752 2897 2065 2518 2064 
15753 2140 2518 2897 2065 
15754 2140 2897 2518 2142 
15755 880 881 608 545 
15756 880 608 881 1721 
15757 553 880 608 545 
15758 553 608 880 1721 
15759 2809 880 553 545 
15760 2809 553 880 1721 
15761 256 235 361 257 
15762 256 361 235 2870 
15763 316 361 235 257 
15764 316 235 361 2870 
15765 1740 1492 1529 1768 
15766 1740 1529 1492 1739 
15767 716 622 715 2822 
15768 716 715 622 738 
15769 773 677 2877 2207 
15770 773 2877 677 2252 
15771 1790 2877 677 2207 
15772 1790 677 2877 2252 
15773 2161 2781 1022 929 
15774 1022 2781 2161 2879 
15775 2836 2407 2608 2942 
15776 2608 2407 2836 2124 
15777 534 507 732 660 
15778 534 732 507 647 
15779 763 732 507 660 
15780 763 507 732 647 
15781 154 88 306 245 
15782 154 306 88 109 
15783 943 1521 938 3060 
15784 943 938 1521 939 
15785 1451 2696 1450 1452 
15786 1451 1450 2696 2984 
15787 2898 1450 2696 1452 
15788 2898 2696 1450 2984 
15789 422 801 177 181 
15790 177 179 801 422 
15791 801 179 177 178 
15792 714 2086 2663 2999 
15793 2663 2086 714 2088 
15794 2086 2764 2663 2999 
15795 2663 2764 2086 2088 
15796 2086 1515 2764 2999 
15797 2764 1515 2086 2088 
15798 131 95 80 218 
15799 131 80 95 71 
15800 110 306 88 323 
15801 110 88 306 109 
15802 619 618 2650 674 
15803 619 2650 618 515 
15804 839 807 840 1640 
15805 840 807 839 753 
15806 2233 2668 3030 3029 
15807 3030 2668 2233 2488 
15808 1623 3047 2673 2877 
15809 2673 3047 1623 1624 
15810 3010 1964 898 2606 
15811 3010 898 1964 2180 
15812 474 454 2726 3061 
15813 474 2726 454 475 
15814 2654 2726 454 3061 
15815 2654 454 2726 475 
15816 107 186 127 183 
15817 107 127 186 204 
15818 2081 2521 2801 2082 
15819 2801 2521 2081 2179 
15820 2993 1925 1410 1924 
15821 2993 1410 1925 2761 
15822 2353 2993 1410 1924 
15823 2353 1410 2993 2761 
15824 2939 2993 2353 1924 
15825 2939 2353 2993 2761 
15826 352 407 2654 406 
15827 352 2654 407 455 
15828 366 252 465 774 
15829 366 465 252 331 
15830 350 465 252 774 
15831 350 252 465 331 
15832 1977 2721 997 2896 
15833 997 2721 1977 2215 
15834 997 1621 1977 2896 
15835 1977 1621 997 2215 
15836 1329 1331 1215 1214 
15837 1215 1331 1329 3060 
15838 1215 2844 1329 1214 
15839 1329 2844 1215 3060 
15840 2731 1013 1012 963 
15841 1012 1013 2731 2591 
15842 1012 1132 2731 963 
15843 2731 1132 1012 2591 
15844 2697 1622 2370 1655 
15845 1182 2370 2697 1622 
15846 1182 2697 2370 960 
15847 1371 2769 2748 2848 
15848 2748 2769 1371 1962 
15849 1894 1582 1158 1570 
15850 1156 1894 1582 1158 
15851 1156 1582 1894 1585 
15852 3055 1622 2410 1377 
15853 1483 2410 3055 1622 
15854 1483 3055 2410 1164 
15855 669 767 677 676 
15856 677 767 669 668 
15857 2361 1020 1021 1022 
15858 2361 1021 1020 2880 
15859 2641 2361 1021 1022 
15860 2641 1021 2361 2880 
15861 2781 2361 2641 1022 
15862 2781 2641 2361 2880 
15863 113 91 90 98 
15864 113 112 64 114 
15865 64 112 113 90 
15866 64 91 113 114 
15867 113 91 64 90 
15868 1105 2760 2527 2845 
15869 1105 2527 2760 922 
15870 2688 882 2901 2959 
15871 2901 882 2688 883 
15872 1633 1629 2862 1279 
15873 1633 2862 1629 2863 
15874 1126 2862 1629 1279 
15875 1126 1629 2862 2863 
15876 1854 3067 2878 2662 
15877 1854 2878 3067 2460 
15878 1458 1644 2867 2647 
15879 1458 2867 1644 1459 
15880 1458 1511 2618 1512 
15881 2618 1511 1458 1996 
15882 218 99 113 157 
15883 218 113 99 91 
15884 487 511 409 437 
15885 487 409 511 482 
15886 436 409 511 437 
15887 436 511 409 482 
15888 2907 1302 3032 2616 
15889 2907 3032 1302 858 
15890 1926 3032 1302 2616 
15891 1926 1302 3032 858 
15892 695 658 758 1696 
15893 758 658 695 694 
15894 2503 1686 1975 2344 
15895 2503 1975 1686 2006 
15896 2850 1975 1686 2344 
15897 2850 1686 1975 2006 
15898 2143 2852 1845 2065 
15899 1749 2143 2852 1845 
15900 1749 2852 2143 1683 
15901 2399 1352 2730 2879 
15902 2730 1352 2399 1083 
15903 2730 2641 2399 2879 
15904 2399 2641 2730 1083 
15905 3078 1759 3056 2715 
15906 3078 3056 1759 1727 
15907 966 2740 1186 3052 
15908 966 1186 2740 1084 
15909 1570 1582 1428 1190 
15910 1570 1428 1582 1970 
15911 1742 1428 1582 1190 
15912 1742 1582 1428 1970 
$EndElements
