$MeshFormat
4.1 0 8
$EndMeshFormat
$Entities
0 0 1 1
1 0.1420000046491623 0.5869762897491455 -1.056564569473267 0.4780000150203705 0.9229763150215149 2.07656455039978 0 0 
1 0.1420000046491623 0.5869762897491455 -1.056564569473267 0.4780000150203705 0.9229763150215149 2.07656455039978 0 1 1 
$EndEntities
$Nodes
2 643 1 643
2 1 0 642
1
2
3
4
5
6
7
8
9
10
11
12
13
14
15
16
17
18
19
20
21
22
23
24
25
26
27
28
29
30
31
32
33
34
35
36
37
38
39
40
41
42
43
44
45
46
47
48
49
50
51
52
53
54
55
56
57
58
59
60
61
62
63
64
65
66
67
68
69
70
71
72
73
74
75
76
77
78
79
80
81
82
83
84
85
86
87
88
89
90
91
92
93
94
95
96
97
98
99
100
101
102
103
104
105
106
107
108
109
110
111
112
113
114
115
116
117
118
119
120
121
122
123
124
125
126
127
128
129
130
131
132
133
134
135
136
137
138
139
140
141
142
143
144
145
146
147
148
149
150
151
152
153
154
155
156
157
158
159
160
161
162
163
164
165
166
167
168
169
170
171
172
173
174
175
176
177
178
179
180
181
182
183
184
185
186
187
188
189
190
191
192
193
194
195
196
197
198
199
200
201
202
203
204
205
206
207
208
209
210
211
212
213
214
215
216
217
218
219
220
221
222
223
224
225
226
227
228
229
230
231
232
233
234
235
236
237
238
239
240
241
242
243
244
245
246
247
248
249
250
251
252
253
254
255
256
257
258
259
260
261
262
263
264
265
266
267
268
269
270
271
272
273
274
275
276
277
278
279
280
281
282
283
284
285
286
287
288
289
290
291
292
293
294
295
296
297
298
299
300
301
302
303
304
305
306
307
308
309
310
311
312
313
314
315
316
317
318
319
320
321
322
323
324
325
326
327
328
329
330
331
332
333
334
335
336
337
338
339
340
341
342
343
344
345
346
347
348
349
350
351
352
353
354
355
356
357
358
359
360
361
362
363
364
365
366
367
368
369
370
371
372
373
374
375
376
377
378
379
380
381
382
383
384
385
386
387
388
389
390
391
392
393
394
395
396
397
398
399
400
401
402
403
404
405
406
407
408
409
410
411
412
413
414
415
416
417
418
419
420
421
422
423
424
425
426
427
428
429
430
431
432
433
434
435
436
437
438
439
440
441
442
443
444
445
446
447
448
449
450
451
452
453
454
455
456
457
458
459
460
461
462
463
464
465
466
467
468
469
470
471
472
473
474
475
476
477
478
479
480
481
482
483
484
485
486
487
488
489
490
491
492
493
494
495
496
497
498
499
500
501
502
503
504
505
506
507
508
509
510
511
512
513
514
515
516
517
518
519
520
521
522
523
524
525
526
527
528
529
530
531
532
533
534
535
536
537
538
539
540
541
542
543
544
545
546
547
548
549
550
551
552
553
554
555
556
557
558
559
560
561
562
563
564
565
566
567
568
569
570
571
572
573
574
575
576
577
578
579
580
581
582
583
584
585
586
587
588
589
590
591
592
593
594
595
596
597
598
599
600
601
602
603
604
605
606
607
608
609
610
611
612
613
614
615
616
617
618
619
620
621
622
623
624
625
626
627
628
629
630
631
632
633
634
635
636
637
638
639
640
641
642
0.3771339952945709 0.9083573222160339 0.6389652490615845
0.3771339952945709 0.9083573222160339 0.3810348212718964
0.3547559976577759 0.9169049859046936 0.5099999904632568
0.354161411523819 0.914753794670105 0.7645038366317749
0.3983228206634521 0.8978856205940247 0.5099999904632568
0.354161411523819 0.914753794670105 0.2554961740970612
0.3323559463024139 0.9209079742431641 0.6388381719589233
0.3323559463024139 0.9209079742431641 0.3811618685722351
0.3100000023841858 0.9229763150215149 0.5099999904632568
0.3972354233264923 0.8961261510848999 0.7550647258758545
0.3748794794082642 0.9046653509140015 0.8839028477668762
0.3939999938011169 0.8908911347389221 0.9940950274467468
0.3748794794082642 0.9046653509140015 0.1360971927642822
0.3972354233264923 0.8961261510848999 0.2649353444576263
0.3939999938011169 0.8908911347389221 0.02590501308441162
0.3323091268539429 0.917330265045166 0.1651724576950073
0.3543658852577209 0.9089052677154541 0.0380585789680481
0.3321180939674377 0.910259485244751 -0.05118849873542786
0.3100000023841858 0.916581928730011 0.08191028237342834
0.353661835193634 0.8999046087265015 -0.1697144508361816
0.3100000023841858 0.908703625202179 -0.1218822300434113
0.3320416808128357 0.9002844095230103 -0.2489091753959656
0.3100000023841858 0.8978856205940247 -0.3135917782783508
0.3100000023841858 0.9213700294494629 0.2938889265060425
0.3744471073150635 0.8967533707618713 -0.07752209901809692
0.3543658852577209 0.9089052677154541 0.9819414615631104
0.3323091268539429 0.917330265045166 0.8548275828361511
0.3321180939674377 0.910259485244751 1.071188569068909
0.353661835193634 0.8999046087265015 1.189714431762695
0.3100000023841858 0.916581928730011 0.9380897283554077
0.3320416808128357 0.9002844095230103 1.268909215927124
0.3100000023841858 0.908703625202179 1.141882181167603
0.3100000023841858 0.8978856205940247 1.33359169960022
0.3744471073150635 0.8967533707618713 1.097522020339966
0.3100000023841858 0.9213700294494629 0.7261111736297607
0.4142002463340759 0.8860506415367126 0.3828860819339752
0.4142002463340759 0.8860506415367126 0.6371139287948608
0.4294953346252441 0.8730646967887878 0.5099999904632568
0.4279437959194183 0.8715314269065857 0.2583752572536469
0.4279437959194183 0.8715314269065857 0.761624813079834
0.4416856169700623 0.8584041595458984 0.3829731345176697
0.4416856169700623 0.8584041595458984 0.6370269060134888
0.4529093503952026 0.8432990908622742 0.5099999904632568
0.4119466245174408 0.8824298977851868 0.1385890245437622
0.4119466245174408 0.8824298977851868 0.8814110159873962
0.2428660094738007 0.9083573222160339 0.3810348212718964
0.2428660094738007 0.9083573222160339 0.6389652490615845
0.2652440071105957 0.9169049859046936 0.5099999904632568
0.2658385932445526 0.914753794670105 0.2554961740970612
0.2216771841049194 0.8978856205940247 0.5099999904632568
0.2658385932445526 0.914753794670105 0.7645038366317749
0.2876440584659576 0.9209079742431641 0.3811618685722351
0.2876440584659576 0.9209079742431641 0.6388381719589233
0.2227645814418793 0.8961261510848999 0.2649353444576263
0.2451205253601074 0.9046653509140015 0.1360971927642822
0.2260000109672546 0.8908911347389221 0.02590501308441162
0.2451205253601074 0.9046653509140015 0.8839028477668762
0.2227645814418793 0.8961261510848999 0.7550647258758545
0.2260000109672546 0.8908911347389221 0.9940950274467468
0.2876908779144287 0.917330265045166 0.8548275828361511
0.2656341195106506 0.9089052677154541 0.9819414615631104
0.2878819108009338 0.910259485244751 1.071188569068909
0.2663381695747375 0.8999046087265015 1.189714431762695
0.2879583537578583 0.9002844095230103 1.268909215927124
0.2455528974533081 0.8967533707618713 1.097522020339966
0.2656341195106506 0.9089052677154541 0.0380585789680481
0.2876908779144287 0.917330265045166 0.1651724576950073
0.2878819108009338 0.910259485244751 -0.05118849873542786
0.2663381695747375 0.8999046087265015 -0.1697144508361816
0.2879583537578583 0.9002844095230103 -0.2489091753959656
0.2455528974533081 0.8967533707618713 -0.07752209901809692
0.2057997584342957 0.8860506415367126 0.6371139287948608
0.2057997584342957 0.8860506415367126 0.3828860819339752
0.1905046701431274 0.8730646967887878 0.5099999904632568
0.1920562088489532 0.8715314269065857 0.761624813079834
0.1920562088489532 0.8715314269065857 0.2583752572536469
0.1783143877983093 0.8584041595458984 0.6370269060134888
0.1783143877983093 0.8584041595458984 0.3829731345176697
0.1670906543731689 0.8432990908622742 0.5099999904632568
0.2080533802509308 0.8824298977851868 0.8814110159873962
0.2080533802509308 0.8824298977851868 0.1385890245437622
0.3771339952945709 0.6015952229499817 0.3810348212718964
0.3771339952945709 0.6015952229499817 0.6389652490615845
0.3547559976577759 0.5930476188659668 0.5099999904632568
0.354161411523819 0.5951987504959106 0.2554961740970612
0.3983228206634521 0.612066924571991 0.5099999904632568
0.354161411523819 0.5951987504959106 0.7645038366317749
0.3323559463024139 0.5890446305274963 0.3811618685722351
0.3323559463024139 0.5890446305274963 0.6388381719589233
0.3100000023841858 0.5869762897491455 0.5099999904632568
0.3972354233264923 0.6138263940811157 0.2649353444576263
0.3748794794082642 0.6052871942520142 0.1360971927642822
0.3939999938011169 0.6190614104270935 0.02590501308441162
0.3748794794082642 0.6052871942520142 0.8839028477668762
0.3972354233264923 0.6138263940811157 0.7550647258758545
0.3939999938011169 0.6190614104270935 0.9940950274467468
0.3323091268539429 0.5926222801208496 0.8548275828361511
0.3543658852577209 0.6010472774505615 0.9819414615631104
0.3321180939674377 0.5996931195259094 1.071188569068909
0.3100000023841858 0.5933706164360046 0.9380897283554077
0.353661835193634 0.6100479960441589 1.189714431762695
0.3100000023841858 0.6012489795684814 1.141882181167603
0.3320416808128357 0.6096681356430054 1.268909215927124
0.3100000023841858 0.612066924571991 1.33359169960022
0.3100000023841858 0.5885825157165527 0.7261111736297607
0.3744471073150635 0.6131991744041443 1.097522020339966
0.3543658852577209 0.6010472774505615 0.0380585789680481
0.3323091268539429 0.5926222801208496 0.1651724576950073
0.3321180939674377 0.5996931195259094 -0.05118849873542786
0.353661835193634 0.6100479960441589 -0.1697144508361816
0.3100000023841858 0.5933706164360046 0.08191028237342834
0.3320416808128357 0.6096681356430054 -0.2489091753959656
0.3100000023841858 0.6012489795684814 -0.1218822300434113
0.3100000023841858 0.612066924571991 -0.3135917782783508
0.3744471073150635 0.6131991744041443 -0.07752209901809692
0.3100000023841858 0.5885825157165527 0.2938889265060425
0.4142002463340759 0.6239019632339478 0.6371139287948608
0.4142002463340759 0.6239019632339478 0.3828860819339752
0.4294953346252441 0.6368879079818726 0.5099999904632568
0.4279437959194183 0.6384211778640747 0.761624813079834
0.4279437959194183 0.6384211778640747 0.2583752572536469
0.4416856169700623 0.651548445224762 0.6370269060134888
0.4416856169700623 0.651548445224762 0.3829731345176697
0.4529093503952026 0.6666534543037415 0.5099999904632568
0.4119466245174408 0.6275227069854736 0.8814110159873962
0.4119466245174408 0.6275227069854736 0.1385890245437622
0.2428660094738007 0.6015952229499817 0.6389652490615845
0.2428660094738007 0.6015952229499817 0.3810348212718964
0.2652440071105957 0.5930476188659668 0.5099999904632568
0.2658385932445526 0.5951987504959106 0.7645038366317749
0.2216771841049194 0.612066924571991 0.5099999904632568
0.2658385932445526 0.5951987504959106 0.2554961740970612
0.2876440584659576 0.5890446305274963 0.6388381719589233
0.2876440584659576 0.5890446305274963 0.3811618685722351
0.2227645814418793 0.6138263940811157 0.7550647258758545
0.2451205253601074 0.6052871942520142 0.8839028477668762
0.2260000109672546 0.6190614104270935 0.9940950274467468
0.2451205253601074 0.6052871942520142 0.1360971927642822
0.2227645814418793 0.6138263940811157 0.2649353444576263
0.2260000109672546 0.6190614104270935 0.02590501308441162
0.2876908779144287 0.5926222801208496 0.1651724576950073
0.2656341195106506 0.6010472774505615 0.0380585789680481
0.2878819108009338 0.5996931195259094 -0.05118849873542786
0.2663381695747375 0.6100479960441589 -0.1697144508361816
0.2879583537578583 0.6096681356430054 -0.2489091753959656
0.2455528974533081 0.6131991744041443 -0.07752209901809692
0.2656341195106506 0.6010472774505615 0.9819414615631104
0.2876908779144287 0.5926222801208496 0.8548275828361511
0.2878819108009338 0.5996931195259094 1.071188569068909
0.2663381695747375 0.6100479960441589 1.189714431762695
0.2879583537578583 0.6096681356430054 1.268909215927124
0.2455528974533081 0.6131991744041443 1.097522020339966
0.2057997584342957 0.6239019632339478 0.3828860819339752
0.2057997584342957 0.6239019632339478 0.6371139287948608
0.1905046701431274 0.6368879079818726 0.5099999904632568
0.1920562088489532 0.6384211778640747 0.2583752572536469
0.1920562088489532 0.6384211778640747 0.761624813079834
0.1783143877983093 0.651548445224762 0.3829731345176697
0.1783143877983093 0.651548445224762 0.6370269060134888
0.1670906543731689 0.6666534543037415 0.5099999904632568
0.2080533802509308 0.6275227069854736 0.1385890245437622
0.2080533802509308 0.6275227069854736 0.8814110159873962
0.4633810520172119 0.74114590883255 -0.1160101592540741
0.4633810520172119 0.7688066959381104 -0.1160101592540741
0.4719286859035492 0.7549762725830078 0.09265981614589691
0.4697774648666382 0.7276830673217773 0.09820413589477539
0.4529093503952026 0.7549762725830078 -0.3135917782783508
0.4697774648666382 0.7822695970535278 0.09820413589477539
0.4759316444396973 0.7411595582962036 0.3015355169773102
0.4759316444396973 0.768792986869812 0.3015355169773102
0.4780000150203705 0.7549762725830078 0.5099999904632568
0.4511498808860779 0.728695273399353 -0.3034518957138062
0.4596890807151794 0.7148785591125488 -0.0949874222278595
0.4459148645401001 0.7030614614486694 -0.2732822299003601
0.4596890807151794 0.7950739860534668 -0.0949874222278595
0.4511498808860779 0.7812572717666626 -0.3034518957138062
0.4459148645401001 0.806891143321991 -0.2732822299003601
0.4723539650440216 0.7919559478759766 0.3019720315933228
0.4639290571212769 0.8055877685546875 0.09629738330841064
0.4652831852436066 0.8151587247848511 0.3037534058094025
0.471605658531189 0.8008850812911987 0.5099999904632568
0.4549283087253571 0.8278695344924927 0.1028625816106796
0.4637272655963898 0.8227399587631226 0.5099999904632568
0.4553081095218658 0.8363624811172485 0.304466187953949
0.4763937294483185 0.7781522274017334 0.5099999904632568
0.4517771601676941 0.8179827928543091 -0.09095561504364014
0.4639290571212769 0.7043647766113281 0.09629738330841064
0.4723539650440216 0.7179965972900391 0.3019720315933228
0.4652831852436066 0.6947938203811646 0.3037534058094025
0.4549283087253571 0.6820830106735229 0.1028625816106796
0.471605658531189 0.7090674638748169 0.5099999904632568
0.4553081095218658 0.6735900640487671 0.304466187953949
0.4637272655963898 0.6872125864028931 0.5099999904632568
0.4517771601676941 0.6919698119163513 -0.09095561504364014
0.4763937294483185 0.7318003177642822 0.5099999904632568
0.4410743415355682 0.7686080932617188 -0.461645245552063
0.4410743415355682 0.7413444519042969 -0.461645245552063
0.4280883967876434 0.7549762725830078 -0.6042686700820923
0.4265551269054413 0.7819608449935913 -0.5898010730743408
0.4265551269054413 0.7279918193817139 -0.5898010730743408
0.413427859544754 0.7685987949371338 -0.717940628528595
0.413427859544754 0.7413537502288818 -0.717940628528595
0.3983228206634521 0.7549762725830078 -0.822599470615387
0.4374535977840424 0.7948068380355835 -0.4406307339668274
0.4374535977840424 0.7151457667350769 -0.4406307339668274
0.4633810520172119 0.7688066959381104 1.13601016998291
0.4633810520172119 0.74114590883255 1.13601016998291
0.4719286859035492 0.7549762725830078 0.9273402094841003
0.4697774648666382 0.7822695970535278 0.9217959046363831
0.4529093503952026 0.7549762725830078 1.33359169960022
0.4697774648666382 0.7276830673217773 0.9217959046363831
0.4759316444396973 0.768792986869812 0.7184644937515259
0.4759316444396973 0.7411595582962036 0.7184644937515259
0.4511498808860779 0.7812572717666626 1.323451995849609
0.4596890807151794 0.7950739860534668 1.114987373352051
0.4459148645401001 0.806891143321991 1.293282270431519
0.4596890807151794 0.7148785591125488 1.114987373352051
0.4511498808860779 0.728695273399353 1.323451995849609
0.4459148645401001 0.7030614614486694 1.293282270431519
0.4723539650440216 0.7179965972900391 0.7180280089378357
0.4639290571212769 0.7043647766113281 0.9237026572227478
0.4652831852436066 0.6947938203811646 0.7162466049194336
0.4549283087253571 0.6820830106735229 0.9171374440193176
0.4553081095218658 0.6735900640487671 0.7155338525772095
0.4517771601676941 0.6919698119163513 1.110955715179443
0.4639290571212769 0.8055877685546875 0.9237026572227478
0.4723539650440216 0.7919559478759766 0.7180280089378357
0.4652831852436066 0.8151587247848511 0.7162466049194336
0.4549283087253571 0.8278695344924927 0.9171374440193176
0.4553081095218658 0.8363624811172485 0.7155338525772095
0.4517771601676941 0.8179827928543091 1.110955715179443
0.4410743415355682 0.7413444519042969 1.481645345687866
0.4410743415355682 0.7686080932617188 1.481645345687866
0.4280883967876434 0.7549762725830078 1.624268770217896
0.4265551269054413 0.7279918193817139 1.609801054000854
0.4265551269054413 0.7819608449935913 1.609801054000854
0.413427859544754 0.7413537502288818 1.737940549850464
0.413427859544754 0.7685987949371338 1.737940549850464
0.3983228206634521 0.7549762725830078 1.842599630355835
0.4374535977840424 0.7151457667350769 1.460630655288696
0.4374535977840424 0.7948068380355835 1.460630655288696
0.1566189527511597 0.74114590883255 1.13601016998291
0.1566189527511597 0.7688066959381104 1.13601016998291
0.1480713188648224 0.7549762725830078 0.9273402094841003
0.150222510099411 0.7276830673217773 0.9217959046363831
0.1670906543731689 0.7549762725830078 1.33359169960022
0.150222510099411 0.7822695970535278 0.9217959046363831
0.1440683603286743 0.7411595582962036 0.7184644937515259
0.1440683603286743 0.768792986869812 0.7184644937515259
0.1420000046491623 0.7549762725830078 0.5099999904632568
0.1688501238822937 0.728695273399353 1.323451995849609
0.1603109091520309 0.7148785591125488 1.114987373352051
0.1740851402282715 0.7030614614486694 1.293282270431519
0.1603109091520309 0.7950739860534668 1.114987373352051
0.1688501238822937 0.7812572717666626 1.323451995849609
0.1740851402282715 0.806891143321991 1.293282270431519
0.14764603972435 0.7919559478759766 0.7180280089378357
0.1560709774494171 0.8055877685546875 0.9237026572227478
0.1547168344259262 0.8151587247848511 0.7162466049194336
0.1483943462371826 0.8008850812911987 0.5099999904632568
0.1650716960430145 0.8278695344924927 0.9171374440193176
0.1562727093696594 0.8227399587631226 0.5099999904632568
0.1646918803453445 0.8363624811172485 0.7155338525772095
0.1436062753200531 0.7781522274017334 0.5099999904632568
0.1682228744029999 0.8179827928543091 1.110955715179443
0.1560709774494171 0.7043647766113281 0.9237026572227478
0.14764603972435 0.7179965972900391 0.7180280089378357
0.1547168344259262 0.6947938203811646 0.7162466049194336
0.1650716960430145 0.6820830106735229 0.9171374440193176
0.1483943462371826 0.7090674638748169 0.5099999904632568
0.1646918803453445 0.6735900640487671 0.7155338525772095
0.1562727093696594 0.6872125864028931 0.5099999904632568
0.1682228744029999 0.6919698119163513 1.110955715179443
0.1436062753200531 0.7318003177642822 0.5099999904632568
0.1789256632328033 0.7686080932617188 1.481645345687866
0.1789256632328033 0.7413444519042969 1.481645345687866
0.1919116079807281 0.7549762725830078 1.624268770217896
0.1934448778629303 0.7819608449935913 1.609801054000854
0.1934448778629303 0.7279918193817139 1.609801054000854
0.2065721452236176 0.7685987949371338 1.737940549850464
0.2065721452236176 0.7413537502288818 1.737940549850464
0.2216771841049194 0.7549762725830078 1.842599630355835
0.1825464069843292 0.7948068380355835 1.460630655288696
0.1825464069843292 0.7151457667350769 1.460630655288696
0.1566189527511597 0.7688066959381104 -0.1160101592540741
0.1566189527511597 0.74114590883255 -0.1160101592540741
0.1480713188648224 0.7549762725830078 0.09265981614589691
0.150222510099411 0.7822695970535278 0.09820413589477539
0.1670906543731689 0.7549762725830078 -0.3135917782783508
0.150222510099411 0.7276830673217773 0.09820413589477539
0.1440683603286743 0.768792986869812 0.3015355169773102
0.1440683603286743 0.7411595582962036 0.3015355169773102
0.1688501238822937 0.7812572717666626 -0.3034518957138062
0.1603109091520309 0.7950739860534668 -0.0949874222278595
0.1740851402282715 0.806891143321991 -0.2732822299003601
0.1603109091520309 0.7148785591125488 -0.0949874222278595
0.1688501238822937 0.728695273399353 -0.3034518957138062
0.1740851402282715 0.7030614614486694 -0.2732822299003601
0.14764603972435 0.7179965972900391 0.3019720315933228
0.1560709774494171 0.7043647766113281 0.09629738330841064
0.1547168344259262 0.6947938203811646 0.3037534058094025
0.1650716960430145 0.6820830106735229 0.1028625816106796
0.1646918803453445 0.6735900640487671 0.304466187953949
0.1682228744029999 0.6919698119163513 -0.09095561504364014
0.1560709774494171 0.8055877685546875 0.09629738330841064
0.14764603972435 0.7919559478759766 0.3019720315933228
0.1547168344259262 0.8151587247848511 0.3037534058094025
0.1650716960430145 0.8278695344924927 0.1028625816106796
0.1646918803453445 0.8363624811172485 0.304466187953949
0.1682228744029999 0.8179827928543091 -0.09095561504364014
0.1789256632328033 0.7413444519042969 -0.461645245552063
0.1789256632328033 0.7686080932617188 -0.461645245552063
0.1919116079807281 0.7549762725830078 -0.6042686700820923
0.1934448778629303 0.7279918193817139 -0.5898010730743408
0.1934448778629303 0.7819608449935913 -0.5898010730743408
0.2065721452236176 0.7413537502288818 -0.717940628528595
0.2065721452236176 0.7685987949371338 -0.717940628528595
0.2216771841049194 0.7549762725830078 -0.822599470615387
0.1825464069843292 0.7151457667350769 -0.4406307339668274
0.1825464069843292 0.7948068380355835 -0.4406307339668274
0.296169638633728 0.6878423690795898 1.940245866775513
0.3238303661346436 0.6878423690795898 1.940245866775513
0.3100000023841858 0.7102203369140625 2.01995062828064
0.2827067375183105 0.7108148336410522 1.99989128112793
0.3100000023841858 0.6666534543037415 1.842599630355835
0.337293267250061 0.7108148336410522 1.99989128112793
0.2961832582950592 0.7326203584671021 2.05727744102478
0.3238167464733124 0.7326203584671021 2.05727744102478
0.3100000023841858 0.7549762725830078 2.07656455039978
0.283719003200531 0.6677408218383789 1.826192855834961
0.2699022889137268 0.6900967955589294 1.905819177627563
0.258085161447525 0.6709762811660767 1.777377367019653
0.3500977158546448 0.6900967955589294 1.905819177627563
0.3362810015678406 0.6677408218383789 1.826192855834961
0.3619148731231689 0.6709762811660767 1.777377367019653
0.3469796776771545 0.7326671481132507 2.023916482925415
0.3606114983558655 0.7106103897094727 1.945355653762817
0.3701824545860291 0.7328581809997559 1.957982778549194
0.3559087812900543 0.7549762725830078 2.016938447952271
0.3828932642936707 0.7113144397735596 1.861425638198853
0.3777637183666229 0.7549762725830078 1.943474531173706
0.3913862109184265 0.7329346537590027 1.864967584609985
0.3331759870052338 0.7549762725830078 2.061586380004883
0.3730064928531647 0.6905291676521301 1.83204174041748
0.2593885064125061 0.7106103897094727 1.945355653762817
0.2730203568935394 0.7326671481132507 2.023916482925415
0.2498175799846649 0.7328581809997559 1.957982778549194
0.2371067106723785 0.7113144397735596 1.861425638198853
0.2640912234783173 0.7549762725830078 2.016938447952271
0.2286137938499451 0.7329346537590027 1.864967584609985
0.2422362864017487 0.7549762725830078 1.943474531173706
0.2469935417175293 0.6905291676521301 1.83204174041748
0.2868240475654602 0.7549762725830078 2.061586380004883
0.3236318230628967 0.6507760286331177 1.732240438461304
0.2963681817054749 0.6507760286331177 1.732240438461304
0.3100000023841858 0.6354809999465942 1.611149072647095
0.3369845151901245 0.6370325088500977 1.596851825714111
0.2830154895782471 0.6370325088500977 1.596851825714111
0.3236224949359894 0.6232906579971313 1.474443197250366
0.2963775098323822 0.6232906579971313 1.474443197250366
0.3498305082321167 0.6530296802520752 1.698477983474731
0.2701694965362549 0.6530296802520752 1.698477983474731
0.3238303661346436 0.8221102356910706 1.940245866775513
0.296169638633728 0.8221102356910706 1.940245866775513
0.3100000023841858 0.7997322678565979 2.01995062828064
0.337293267250061 0.7991377115249634 1.99989128112793
0.3100000023841858 0.8432990908622742 1.842599630355835
0.2827067375183105 0.7991377115249634 1.99989128112793
0.3238167464733124 0.7773322463035583 2.05727744102478
0.2961832582950592 0.7773322463035583 2.05727744102478
0.3362810015678406 0.8422117233276367 1.826192855834961
0.3500977158546448 0.8198557496070862 1.905819177627563
0.3619148731231689 0.838976263999939 1.777377367019653
0.2699022889137268 0.8198557496070862 1.905819177627563
0.283719003200531 0.8422117233276367 1.826192855834961
0.258085161447525 0.838976263999939 1.777377367019653
0.2730203568935394 0.7772854566574097 2.023916482925415
0.2593885064125061 0.7993422150611877 1.945355653762817
0.2498175799846649 0.7770944237709045 1.957982778549194
0.2371067106723785 0.7986381053924561 1.861425638198853
0.2286137938499451 0.7770179510116577 1.864967584609985
0.2469935417175293 0.8194233775138855 1.83204174041748
0.3606114983558655 0.7993422150611877 1.945355653762817
0.3469796776771545 0.7772854566574097 2.023916482925415
0.3701824545860291 0.7770944237709045 1.957982778549194
0.3828932642936707 0.7986381053924561 1.861425638198853
0.3913862109184265 0.7770179510116577 1.864967584609985
0.3730064928531647 0.8194233775138855 1.83204174041748
0.2963681817054749 0.8591765165328979 1.732240438461304
0.3236318230628967 0.8591765165328979 1.732240438461304
0.3100000023841858 0.8744716048240662 1.611149072647095
0.2830154895782471 0.8729200959205627 1.596851825714111
0.3369845151901245 0.8729200959205627 1.596851825714111
0.2963775098323822 0.8866619467735291 1.474443197250366
0.3236224949359894 0.8866619467735291 1.474443197250366
0.2701694965362549 0.8569229245185852 1.698477983474731
0.3498305082321167 0.8569229245185852 1.698477983474731
0.296169638633728 0.8221102356910706 -0.9202460646629333
0.3238303661346436 0.8221102356910706 -0.9202460646629333
0.3100000023841858 0.7997322678565979 -0.9999508261680603
0.2827067375183105 0.7991377115249634 -0.9798913598060608
0.3100000023841858 0.8432990908622742 -0.822599470615387
0.337293267250061 0.7991377115249634 -0.9798913598060608
0.2961832582950592 0.7773322463035583 -1.037277460098267
0.3238167464733124 0.7773322463035583 -1.037277460098267
0.3100000023841858 0.7549762725830078 -1.056564569473267
0.283719003200531 0.8422117233276367 -0.8061928153038025
0.2699022889137268 0.8198557496070862 -0.885819137096405
0.258085161447525 0.838976263999939 -0.7573773264884949
0.3500977158546448 0.8198557496070862 -0.885819137096405
0.3362810015678406 0.8422117233276367 -0.8061928153038025
0.3619148731231689 0.838976263999939 -0.7573773264884949
0.3469796776771545 0.7772854566574097 -1.003916501998901
0.3606114983558655 0.7993422150611877 -0.9253556132316589
0.3701824545860291 0.7770944237709045 -0.9379828572273254
0.3559087812900543 0.7549762725830078 -0.9969385266304016
0.3828932642936707 0.7986381053924561 -0.8414258360862732
0.3777637183666229 0.7549762725830078 -0.9234746098518372
0.3913862109184265 0.7770179510116577 -0.8449675440788269
0.3331759870052338 0.7549762725830078 -1.041586399078369
0.3730064928531647 0.8194233775138855 -0.8120418190956116
0.2593885064125061 0.7993422150611877 -0.9253556132316589
0.2730203568935394 0.7772854566574097 -1.003916501998901
0.2498175799846649 0.7770944237709045 -0.9379828572273254
0.2371067106723785 0.7986381053924561 -0.8414258360862732
0.2640912234783173 0.7549762725830078 -0.9969385266304016
0.2286137938499451 0.7770179510116577 -0.8449675440788269
0.2422362864017487 0.7549762725830078 -0.9234746098518372
0.2469935417175293 0.8194233775138855 -0.8120418190956116
0.2868240475654602 0.7549762725830078 -1.041586399078369
0.3236318230628967 0.8591765165328979 -0.7122403979301453
0.2963681817054749 0.8591765165328979 -0.7122403979301453
0.3100000023841858 0.8744716048240662 -0.5911492109298706
0.3369845151901245 0.8729200959205627 -0.5768519639968872
0.2830154895782471 0.8729200959205627 -0.5768519639968872
0.3236224949359894 0.8866619467735291 -0.4544429779052734
0.2963775098323822 0.8866619467735291 -0.4544429779052734
0.3498305082321167 0.8569229245185852 -0.6784778237342834
0.2701694965362549 0.8569229245185852 -0.6784778237342834
0.3238303661346436 0.6878423690795898 -0.9202460646629333
0.296169638633728 0.6878423690795898 -0.9202460646629333
0.3100000023841858 0.7102203369140625 -0.9999508261680603
0.337293267250061 0.7108148336410522 -0.9798913598060608
0.3100000023841858 0.6666534543037415 -0.822599470615387
0.2827067375183105 0.7108148336410522 -0.9798913598060608
0.3238167464733124 0.7326203584671021 -1.037277460098267
0.2961832582950592 0.7326203584671021 -1.037277460098267
0.3362810015678406 0.6677408218383789 -0.8061928153038025
0.3500977158546448 0.6900967955589294 -0.885819137096405
0.3619148731231689 0.6709762811660767 -0.7573773264884949
0.2699022889137268 0.6900967955589294 -0.885819137096405
0.283719003200531 0.6677408218383789 -0.8061928153038025
0.258085161447525 0.6709762811660767 -0.7573773264884949
0.2730203568935394 0.7326671481132507 -1.003916501998901
0.2593885064125061 0.7106103897094727 -0.9253556132316589
0.2498175799846649 0.7328581809997559 -0.9379828572273254
0.2371067106723785 0.7113144397735596 -0.8414258360862732
0.2286137938499451 0.7329346537590027 -0.8449675440788269
0.2469935417175293 0.6905291676521301 -0.8120418190956116
0.3606114983558655 0.7106103897094727 -0.9253556132316589
0.3469796776771545 0.7326671481132507 -1.003916501998901
0.3701824545860291 0.7328581809997559 -0.9379828572273254
0.3828932642936707 0.7113144397735596 -0.8414258360862732
0.3913862109184265 0.7329346537590027 -0.8449675440788269
0.3730064928531647 0.6905291676521301 -0.8120418190956116
0.2963681817054749 0.6507760286331177 -0.7122403979301453
0.3236318230628967 0.6507760286331177 -0.7122403979301453
0.3100000023841858 0.6354809999465942 -0.5911492109298706
0.2830154895782471 0.6370325088500977 -0.5768519639968872
0.3369845151901245 0.6370325088500977 -0.5768519639968872
0.2963775098323822 0.6232906579971313 -0.4544429779052734
0.3236224949359894 0.6232906579971313 -0.4544429779052734
0.2701694965362549 0.6530296802520752 -0.6784778237342834
0.3498305082321167 0.6530296802520752 -0.6784778237342834
0.4186250567436218 0.8412233591079712 1.393940687179565
0.4047947227954865 0.8636013269424438 1.314235925674438
0.3962470889091492 0.8497710227966309 1.522905826568604
0.4087479114532471 0.8264309167861938 1.588095664978027
0.4256160855293274 0.8537241816520691 1.176299691200256
0.3814546465873718 0.8705923557281494 1.430803537368774
0.3862704038619995 0.8336725234985352 1.697354793548584
0.3724536597728729 0.8560284376144409 1.617728471755981
0.4373331367969513 0.8312467336654663 1.243825674057007
0.4287939369678497 0.8174299597740173 1.452290058135986
0.3886962234973907 0.8823094367980957 1.221205472946167
0.4110521674156189 0.8737702369689941 1.0923672914505
0.3597287833690643 0.8729643225669861 1.524212598800659
0.3681536912918091 0.886596143245697 1.318537712097168
0.3457878530025482 0.888141393661499 1.404902696609497
0.4187652170658112 0.8047050833702087 1.6102135181427
0.3967084288597107 0.8131299614906311 1.737327575683594
0.4059702754020691 0.7907640933990479 1.751736164093018
0.4279880523681641 0.8637415170669556 0.9737102389335632
0.441619873046875 0.8416846990585327 1.052270889282227
0.4431650936603546 0.8509465456008911 0.8437140583992004
0.2013749480247498 0.8412233591079712 1.393940687179565
0.2237529158592224 0.8497710227966309 1.522905826568604
0.2152052819728851 0.8636013269424438 1.314235925674438
0.1943839192390442 0.8537241816520691 1.176299691200256
0.2112520784139633 0.8264309167861938 1.588095664978027
0.2385453283786774 0.8705923557281494 1.430803537368774
0.2089478373527527 0.8737702369689941 1.0923672914505
0.2313037812709808 0.8823094367980957 1.221205472946167
0.1912060678005219 0.8174299597740173 1.452290058135986
0.1826668530702591 0.8312467336654663 1.243825674057007
0.2475463449954987 0.8560284376144409 1.617728471755981
0.2337296009063721 0.8336725234985352 1.697354793548584
0.2518463134765625 0.886596143245697 1.318537712097168
0.2602712213993073 0.8729643225669861 1.524212598800659
0.2742121815681458 0.888141393661499 1.404902696609497
0.1783801317214966 0.8416846990585327 1.052270889282227
0.1920119524002075 0.8637415170669556 0.9737102389335632
0.176834911108017 0.8509465456008911 0.8437140583992004
0.2232915759086609 0.8131299614906311 1.737327575683594
0.2012348026037216 0.8047050833702087 1.6102135181427
0.2140297293663025 0.7907640933990479 1.751736164093018
0.4186250567436218 0.8412233591079712 -0.3739407062530518
0.3962470889091492 0.8497710227966309 -0.5029058456420898
0.4047947227954865 0.8636013269424438 -0.2942357659339905
0.4256160855293274 0.8537241816520691 -0.1562996506690979
0.4087479114532471 0.8264309167861938 -0.5680954456329346
0.3814546465873718 0.8705923557281494 -0.4108036160469055
0.4110521674156189 0.8737702369689941 -0.07236722111701965
0.3886962234973907 0.8823094367980957 -0.2012054920196533
0.4287939369678497 0.8174299597740173 -0.4322899580001831
0.4373331367969513 0.8312467336654663 -0.2238255739212036
0.3724536597728729 0.8560284376144409 -0.5977283120155334
0.3862704038619995 0.8336725234985352 -0.6773548126220703
0.3681536912918091 0.886596143245697 -0.2985378503799438
0.3597287833690643 0.8729643225669861 -0.504212498664856
0.3457878530025482 0.888141393661499 -0.3849026560783386
0.441619873046875 0.8416846990585327 -0.03227093815803528
0.4279880523681641 0.8637415170669556 0.04628977179527283
0.4431650936603546 0.8509465456008911 0.1762859523296356
0.3967084288597107 0.8131299614906311 -0.7173276543617249
0.4187652170658112 0.8047050833702087 -0.5902135968208313
0.4059702754020691 0.7907640933990479 -0.7317362427711487
0.2013749480247498 0.8412233591079712 -0.3739407062530518
0.2152052819728851 0.8636013269424438 -0.2942357659339905
0.2237529158592224 0.8497710227966309 -0.5029058456420898
0.2112520784139633 0.8264309167861938 -0.5680954456329346
0.1943839192390442 0.8537241816520691 -0.1562996506690979
0.2385453283786774 0.8705923557281494 -0.4108036160469055
0.2337296009063721 0.8336725234985352 -0.6773548126220703
0.2475463449954987 0.8560284376144409 -0.5977283120155334
0.1826668530702591 0.8312467336654663 -0.2238255739212036
0.1912060678005219 0.8174299597740173 -0.4322899580001831
0.2313037812709808 0.8823094367980957 -0.2012054920196533
0.2089478373527527 0.8737702369689941 -0.07236722111701965
0.2602712213993073 0.8729643225669861 -0.504212498664856
0.2518463134765625 0.886596143245697 -0.2985378503799438
0.2742121815681458 0.888141393661499 -0.3849026560783386
0.2012348026037216 0.8047050833702087 -0.5902135968208313
0.2232915759086609 0.8131299614906311 -0.7173276543617249
0.2140297293663025 0.7907640933990479 -0.7317362427711487
0.1920119524002075 0.8637415170669556 0.04628977179527283
0.1783801317214966 0.8416846990585327 -0.03227093815803528
0.176834911108017 0.8509465456008911 0.1762859523296356
0.4186250567436218 0.6687291860580444 1.393940687179565
0.3962470889091492 0.6601815223693848 1.522905826568604
0.4047947227954865 0.6463512182235718 1.314235925674438
0.4256160855293274 0.6562283635139465 1.176299691200256
0.4087479114532471 0.6835216283798218 1.588095664978027
0.3814546465873718 0.6393601894378662 1.430803537368774
0.4110521674156189 0.6361823081970215 1.0923672914505
0.3886962234973907 0.6276431083679199 1.221205472946167
0.4287939369678497 0.6925226449966431 1.452290058135986
0.4373331367969513 0.6787058115005493 1.243825674057007
0.3724536597728729 0.6539241075515747 1.617728471755981
0.3862704038619995 0.6762800216674805 1.697354793548584
0.3681536912918091 0.6233564019203186 1.318537712097168
0.3597287833690643 0.6369882225990295 1.524212598800659
0.3457878530025482 0.6218112111091614 1.404902696609497
0.441619873046875 0.6682678461074829 1.052270889282227
0.4279880523681641 0.6462110877037048 0.9737102389335632
0.4431650936603546 0.6590059995651245 0.8437140583992004
0.3967084288597107 0.6968225836753845 1.737327575683594
0.4187652170658112 0.7052475214004517 1.6102135181427
0.4059702754020691 0.7191884517669678 1.751736164093018
0.2013749480247498 0.6687291860580444 1.393940687179565
0.2152052819728851 0.6463512182235718 1.314235925674438
0.2237529158592224 0.6601815223693848 1.522905826568604
0.2112520784139633 0.6835216283798218 1.588095664978027
0.1943839192390442 0.6562283635139465 1.176299691200256
0.2385453283786774 0.6393601894378662 1.430803537368774
0.2337296009063721 0.6762800216674805 1.697354793548584
0.2475463449954987 0.6539241075515747 1.617728471755981
0.1826668530702591 0.6787058115005493 1.243825674057007
0.1912060678005219 0.6925226449966431 1.452290058135986
0.2313037812709808 0.6276431083679199 1.221205472946167
0.2089478373527527 0.6361823081970215 1.0923672914505
0.2602712213993073 0.6369882225990295 1.524212598800659
0.2518463134765625 0.6233564019203186 1.318537712097168
0.2742121815681458 0.6218112111091614 1.404902696609497
0.2012348026037216 0.7052475214004517 1.6102135181427
0.2232915759086609 0.6968225836753845 1.737327575683594
0.2140297293663025 0.7191884517669678 1.751736164093018
0.1920119524002075 0.6462110877037048 0.9737102389335632
0.1783801317214966 0.6682678461074829 1.052270889282227
0.176834911108017 0.6590059995651245 0.8437140583992004
0.4186250567436218 0.6687291860580444 -0.3739407062530518
0.4047947227954865 0.6463512182235718 -0.2942357659339905
0.3962470889091492 0.6601815223693848 -0.5029058456420898
0.4087479114532471 0.6835216283798218 -0.5680954456329346
0.4256160855293274 0.6562283635139465 -0.1562996506690979
0.3814546465873718 0.6393601894378662 -0.4108036160469055
0.3862704038619995 0.6762800216674805 -0.6773548126220703
0.3724536597728729 0.6539241075515747 -0.5977283120155334
0.4373331367969513 0.6787058115005493 -0.2238255739212036
0.4287939369678497 0.6925226449966431 -0.4322899580001831
0.3886962234973907 0.6276431083679199 -0.2012054920196533
0.4110521674156189 0.6361823081970215 -0.07236722111701965
0.3597287833690643 0.6369882225990295 -0.504212498664856
0.3681536912918091 0.6233564019203186 -0.2985378503799438
0.3457878530025482 0.6218112111091614 -0.3849026560783386
0.4187652170658112 0.7052475214004517 -0.5902135968208313
0.3967084288597107 0.6968225836753845 -0.7173276543617249
0.4059702754020691 0.7191884517669678 -0.7317362427711487
0.4279880523681641 0.6462110877037048 0.04628977179527283
0.441619873046875 0.6682678461074829 -0.03227093815803528
0.4431650936603546 0.6590059995651245 0.1762859523296356
0.2013749480247498 0.6687291860580444 -0.3739407062530518
0.2237529158592224 0.6601815223693848 -0.5029058456420898
0.2152052819728851 0.6463512182235718 -0.2942357659339905
0.1943839192390442 0.6562283635139465 -0.1562996506690979
0.2112520784139633 0.6835216283798218 -0.5680954456329346
0.2385453283786774 0.6393601894378662 -0.4108036160469055
0.2089478373527527 0.6361823081970215 -0.07236722111701965
0.2313037812709808 0.6276431083679199 -0.2012054920196533
0.1912060678005219 0.6925226449966431 -0.4322899580001831
0.1826668530702591 0.6787058115005493 -0.2238255739212036
0.2475463449954987 0.6539241075515747 -0.5977283120155334
0.2337296009063721 0.6762800216674805 -0.6773548126220703
0.2518463134765625 0.6233564019203186 -0.2985378503799438
0.2602712213993073 0.6369882225990295 -0.504212498664856
0.2742121815681458 0.6218112111091614 -0.3849026560783386
0.1783801317214966 0.6682678461074829 -0.03227093815803528
0.1920119524002075 0.6462110877037048 0.04628977179527283
0.176834911108017 0.6590059995651245 0.1762859523296356
0.2232915759086609 0.6968225836753845 -0.7173276543617249
0.2012348026037216 0.7052475214004517 -0.5902135968208313
0.2140297293663025 0.7191884517669678 -0.7317362427711487
3 1 0 1
643
0.3097879412816723 0.7554531236579836 -0.09077953532771879
$EndNodes
$Elements
2 4481 1 4481
2 1 2 1280
1 1 2 3 
2 5 2 1 
3 4 1 3 
4 4 11 1 
5 5 1 10 
6 10 1 11 
7 6 3 2 
8 5 14 2 
9 6 2 13 
10 13 2 14 
11 4 3 7 
12 6 8 3 
13 7 3 8 
14 4 7 27 
15 4 26 11 
16 4 27 26 
17 5 10 37 
18 5 36 14 
19 5 37 36 
20 6 16 8 
21 6 13 17 
22 6 17 16 
23 9 7 8 
24 9 35 7 
25 35 27 7 
26 9 8 24 
27 8 16 24 
28 9 24 52 
29 9 53 35 
30 9 52 53 
31 12 10 11 
32 12 45 10 
33 45 37 10 
34 12 11 34 
35 11 26 34 
36 12 34 485 
37 12 486 45 
38 12 485 486 
39 15 13 14 
40 15 25 13 
41 25 17 13 
42 15 14 44 
43 14 36 44 
44 15 524 25 
45 15 44 523 
46 15 523 524 
47 16 17 18 
48 19 16 18 
49 19 24 16 
50 20 18 17 
51 20 17 25 
52 19 18 21 
53 20 22 18 
54 21 18 22 
55 19 21 68 
56 19 67 24 
57 19 68 67 
58 20 531 22 
59 20 25 529 
60 20 529 531 
61 23 21 22 
62 23 70 21 
63 70 68 21 
64 23 22 436 
65 22 531 436 
66 23 437 70 
67 23 436 437 
68 24 67 52 
69 524 529 25 
70 26 27 28 
71 29 26 28 
72 29 34 26 
73 30 28 27 
74 30 27 35 
75 29 28 31 
76 30 32 28 
77 31 28 32 
78 29 31 489 
79 29 488 34 
80 29 489 488 
81 30 62 32 
82 30 35 60 
83 30 60 62 
84 33 31 32 
85 33 395 31 
86 395 489 31 
87 33 32 64 
88 32 62 64 
89 33 64 394 
90 33 394 395 
91 34 488 485 
92 53 60 35 
93 36 37 38 
94 39 36 38 
95 39 44 36 
96 40 38 37 
97 40 37 45 
98 39 38 41 
99 40 42 38 
100 41 38 42 
101 39 41 534 
102 39 533 44 
103 39 534 533 
104 40 495 42 
105 40 45 493 
106 40 493 495 
107 43 41 42 
108 43 184 41 
109 184 534 41 
110 43 42 230 
111 42 495 230 
112 43 183 184 
113 43 230 183 
114 44 533 523 
115 486 493 45 
116 46 47 48 
117 50 47 46 
118 49 46 48 
119 49 55 46 
120 50 46 54 
121 54 46 55 
122 51 48 47 
123 50 58 47 
124 51 47 57 
125 57 47 58 
126 49 48 52 
127 51 53 48 
128 52 48 53 
129 49 52 67 
130 49 66 55 
131 49 67 66 
132 50 54 73 
133 50 72 58 
134 50 73 72 
135 51 60 53 
136 51 57 61 
137 51 61 60 
138 56 54 55 
139 56 81 54 
140 81 73 54 
141 56 55 71 
142 55 66 71 
143 56 71 548 
144 56 549 81 
145 56 548 549 
146 59 57 58 
147 59 65 57 
148 65 61 57 
149 59 58 80 
150 58 72 80 
151 59 503 65 
152 59 80 502 
153 59 502 503 
154 60 61 62 
155 63 62 61 
156 63 61 65 
157 63 64 62 
158 63 510 64 
159 63 65 508 
160 63 508 510 
161 64 510 394 
162 503 508 65 
163 66 67 68 
164 69 66 68 
165 69 71 66 
166 69 68 70 
167 69 70 552 
168 69 551 71 
169 69 552 551 
170 437 552 70 
171 71 551 548 
172 72 73 74 
173 75 72 74 
174 75 80 72 
175 76 74 73 
176 76 73 81 
177 75 74 77 
178 76 78 74 
179 77 74 78 
180 75 77 513 
181 75 512 80 
182 75 513 512 
183 76 558 78 
184 76 81 556 
185 76 556 558 
186 79 77 78 
187 79 263 77 
188 263 513 77 
189 79 78 309 
190 78 558 309 
191 79 262 263 
192 79 309 262 
193 80 512 502 
194 549 556 81 
195 82 83 84 
196 86 83 82 
197 85 82 84 
198 85 92 82 
199 86 82 91 
200 91 82 92 
201 87 84 83 
202 86 95 83 
203 87 83 94 
204 94 83 95 
205 85 84 88 
206 87 89 84 
207 88 84 89 
208 85 88 108 
209 85 107 92 
210 85 108 107 
211 86 91 118 
212 86 117 95 
213 86 118 117 
214 87 97 89 
215 87 94 98 
216 87 98 97 
217 90 88 89 
218 90 116 88 
219 116 108 88 
220 90 89 105 
221 89 97 105 
222 90 105 133 
223 90 134 116 
224 90 133 134 
225 93 91 92 
226 93 126 91 
227 126 118 91 
228 93 92 115 
229 92 107 115 
230 93 115 611 
231 93 612 126 
232 93 611 612 
233 96 94 95 
234 96 106 94 
235 106 98 94 
236 96 95 125 
237 95 117 125 
238 96 566 106 
239 96 125 565 
240 96 565 566 
241 97 98 99 
242 100 97 99 
243 100 105 97 
244 101 99 98 
245 101 98 106 
246 100 99 102 
247 101 103 99 
248 102 99 103 
249 100 102 149 
250 100 148 105 
251 100 149 148 
252 101 573 103 
253 101 106 571 
254 101 571 573 
255 104 102 103 
256 104 151 102 
257 151 149 102 
258 104 103 359 
259 103 573 359 
260 104 360 151 
261 104 359 360 
262 105 148 133 
263 566 571 106 
264 107 108 109 
265 110 107 109 
266 110 115 107 
267 111 109 108 
268 111 108 116 
269 110 109 112 
270 111 113 109 
271 112 109 113 
272 110 112 615 
273 110 614 115 
274 110 615 614 
275 111 143 113 
276 111 116 141 
277 111 141 143 
278 114 112 113 
279 114 472 112 
280 472 615 112 
281 114 113 145 
282 113 143 145 
283 114 145 471 
284 114 471 472 
285 115 614 611 
286 134 141 116 
287 117 118 119 
288 120 117 119 
289 120 125 117 
290 121 119 118 
291 121 118 126 
292 120 119 122 
293 121 123 119 
294 122 119 123 
295 120 122 576 
296 120 575 125 
297 120 576 575 
298 121 621 123 
299 121 126 619 
300 121 619 621 
301 124 122 123 
302 124 224 122 
303 224 576 122 
304 124 123 192 
305 123 621 192 
306 124 192 193 
307 124 193 224 
308 125 575 565 
309 612 619 126 
310 127 128 129 
311 131 128 127 
312 130 127 129 
313 130 136 127 
314 131 127 135 
315 135 127 136 
316 132 129 128 
317 131 139 128 
318 132 128 138 
319 138 128 139 
320 130 129 133 
321 132 134 129 
322 133 129 134 
323 130 133 148 
324 130 147 136 
325 130 148 147 
326 131 135 154 
327 131 153 139 
328 131 154 153 
329 132 141 134 
330 132 138 142 
331 132 142 141 
332 137 135 136 
333 137 162 135 
334 162 154 135 
335 137 136 152 
336 136 147 152 
337 137 152 590 
338 137 591 162 
339 137 590 591 
340 140 138 139 
341 140 146 138 
342 146 142 138 
343 140 139 161 
344 139 153 161 
345 140 629 146 
346 140 161 628 
347 140 628 629 
348 141 142 143 
349 144 143 142 
350 144 142 146 
351 144 145 143 
352 144 636 145 
353 144 146 634 
354 144 634 636 
355 145 636 471 
356 629 634 146 
357 147 148 149 
358 150 147 149 
359 150 152 147 
360 150 149 151 
361 150 151 594 
362 150 593 152 
363 150 594 593 
364 360 594 151 
365 152 593 590 
366 153 154 155 
367 156 153 155 
368 156 161 153 
369 157 155 154 
370 157 154 162 
371 156 155 158 
372 157 159 155 
373 158 155 159 
374 156 158 639 
375 156 638 161 
376 156 639 638 
377 157 600 159 
378 157 162 598 
379 157 598 600 
380 160 158 159 
381 160 303 158 
382 303 639 158 
383 160 159 271 
384 159 600 271 
385 160 271 272 
386 160 272 303 
387 161 638 628 
388 591 598 162 
389 163 164 165 
390 167 164 163 
391 166 163 165 
392 166 173 163 
393 167 163 172 
394 172 163 173 
395 168 165 164 
396 167 176 164 
397 168 164 175 
398 175 164 176 
399 166 165 169 
400 168 170 165 
401 169 165 170 
402 166 169 188 
403 166 187 173 
404 166 188 187 
405 167 172 197 
406 167 196 176 
407 167 197 196 
408 168 178 170 
409 168 175 179 
410 168 179 178 
411 171 169 170 
412 171 195 169 
413 195 188 169 
414 171 170 185 
415 170 178 185 
416 171 185 212 
417 171 213 195 
418 171 212 213 
419 174 172 173 
420 174 205 172 
421 205 197 172 
422 174 173 194 
423 173 187 194 
424 174 194 609 
425 174 610 205 
426 174 609 610 
427 177 175 176 
428 177 186 175 
429 186 179 175 
430 177 176 204 
431 176 196 204 
432 177 526 186 
433 177 204 525 
434 177 525 526 
435 178 179 180 
436 181 178 180 
437 181 185 178 
438 182 180 179 
439 182 179 186 
440 181 180 183 
441 182 184 180 
442 183 180 184 
443 181 183 228 
444 181 227 185 
445 181 228 227 
446 182 534 184 
447 182 186 532 
448 182 532 534 
449 230 228 183 
450 185 227 212 
451 526 532 186 
452 187 188 189 
453 190 187 189 
454 190 194 187 
455 191 189 188 
456 191 188 195 
457 190 189 192 
458 191 193 189 
459 192 189 193 
460 190 192 621 
461 190 620 194 
462 190 621 620 
463 191 222 193 
464 191 195 220 
465 191 220 222 
466 193 222 224 
467 194 620 609 
468 213 220 195 
469 196 197 198 
470 199 196 198 
471 199 204 196 
472 200 198 197 
473 200 197 205 
474 199 198 201 
475 200 202 198 
476 201 198 202 
477 199 201 537 
478 199 536 204 
479 199 537 536 
480 200 618 202 
481 200 205 616 
482 200 616 618 
483 203 201 202 
484 203 419 201 
485 419 537 201 
486 203 202 464 
487 202 618 464 
488 203 418 419 
489 203 464 418 
490 204 536 525 
491 610 616 205 
492 206 207 208 
493 210 207 206 
494 209 206 208 
495 209 215 206 
496 210 206 214 
497 214 206 215 
498 211 208 207 
499 210 218 207 
500 211 207 217 
501 217 207 218 
502 209 208 212 
503 211 213 208 
504 212 208 213 
505 209 212 227 
506 209 226 215 
507 209 227 226 
508 210 214 233 
509 210 232 218 
510 210 233 232 
511 211 220 213 
512 211 217 221 
513 211 221 220 
514 216 214 215 
515 216 241 214 
516 241 233 214 
517 216 215 231 
518 215 226 231 
519 216 231 483 
520 216 484 241 
521 216 483 484 
522 219 217 218 
523 219 225 217 
524 225 221 217 
525 219 218 240 
526 218 232 240 
527 219 568 225 
528 219 240 567 
529 219 567 568 
530 220 221 222 
531 223 222 221 
532 223 221 225 
533 223 224 222 
534 223 576 224 
535 223 225 574 
536 223 574 576 
537 568 574 225 
538 226 227 228 
539 229 226 228 
540 229 231 226 
541 229 228 230 
542 229 230 495 
543 229 494 231 
544 229 495 494 
545 231 494 483 
546 232 233 234 
547 235 232 234 
548 235 240 232 
549 236 234 233 
550 236 233 241 
551 235 234 237 
552 236 238 234 
553 237 234 238 
554 235 237 579 
555 235 578 240 
556 235 579 578 
557 236 492 238 
558 236 241 490 
559 236 490 492 
560 239 237 238 
561 239 342 237 
562 342 579 237 
563 239 238 387 
564 238 492 387 
565 239 341 342 
566 239 387 341 
567 240 578 567 
568 484 490 241 
569 242 243 244 
570 246 243 242 
571 245 242 244 
572 245 252 242 
573 246 242 251 
574 251 242 252 
575 247 244 243 
576 246 255 243 
577 247 243 254 
578 254 243 255 
579 245 244 248 
580 247 249 244 
581 248 244 249 
582 245 248 267 
583 245 266 252 
584 245 267 266 
585 246 251 276 
586 246 275 255 
587 246 276 275 
588 247 257 249 
589 247 254 258 
590 247 258 257 
591 250 248 249 
592 250 274 248 
593 274 267 248 
594 250 249 264 
595 249 257 264 
596 250 264 291 
597 250 292 274 
598 250 291 292 
599 253 251 252 
600 253 284 251 
601 284 276 251 
602 253 252 273 
603 252 266 273 
604 253 273 588 
605 253 589 284 
606 253 588 589 
607 256 254 255 
608 256 265 254 
609 265 258 254 
610 256 255 283 
611 255 275 283 
612 256 505 265 
613 256 283 504 
614 256 504 505 
615 257 258 259 
616 260 257 259 
617 260 264 257 
618 261 259 258 
619 261 258 265 
620 260 259 262 
621 261 263 259 
622 262 259 263 
623 260 262 307 
624 260 306 264 
625 260 307 306 
626 261 513 263 
627 261 265 511 
628 261 511 513 
629 309 307 262 
630 264 306 291 
631 505 511 265 
632 266 267 268 
633 269 266 268 
634 269 273 266 
635 270 268 267 
636 270 267 274 
637 269 268 271 
638 270 272 268 
639 271 268 272 
640 269 271 600 
641 269 599 273 
642 269 600 599 
643 270 301 272 
644 270 274 299 
645 270 299 301 
646 272 301 303 
647 273 599 588 
648 292 299 274 
649 275 276 277 
650 278 275 277 
651 278 283 275 
652 279 277 276 
653 279 276 284 
654 278 277 280 
655 279 281 277 
656 280 277 281 
657 278 280 516 
658 278 515 283 
659 278 516 515 
660 279 597 281 
661 279 284 595 
662 279 595 597 
663 282 280 281 
664 282 381 280 
665 381 516 280 
666 282 281 350 
667 281 597 350 
668 282 350 351 
669 282 351 381 
670 283 515 504 
671 589 595 284 
672 285 286 287 
673 289 286 285 
674 288 285 287 
675 288 294 285 
676 289 285 293 
677 293 285 294 
678 290 287 286 
679 289 297 286 
680 290 286 296 
681 296 286 297 
682 288 287 291 
683 290 292 287 
684 291 287 292 
685 288 291 306 
686 288 305 294 
687 288 306 305 
688 289 293 312 
689 289 311 297 
690 289 312 311 
691 290 299 292 
692 290 296 300 
693 290 300 299 
694 295 293 294 
695 295 320 293 
696 320 312 293 
697 295 294 310 
698 294 305 310 
699 295 310 546 
700 295 547 320 
701 295 546 547 
702 298 296 297 
703 298 304 296 
704 304 300 296 
705 298 297 319 
706 297 311 319 
707 298 631 304 
708 298 319 630 
709 298 630 631 
710 299 300 301 
711 302 301 300 
712 302 300 304 
713 302 303 301 
714 302 639 303 
715 302 304 637 
716 302 637 639 
717 631 637 304 
718 305 306 307 
719 308 305 307 
720 308 310 305 
721 308 307 309 
722 308 309 558 
723 308 557 310 
724 308 558 557 
725 310 557 546 
726 311 312 313 
727 314 311 313 
728 314 319 311 
729 315 313 312 
730 315 312 320 
731 314 313 316 
732 315 317 313 
733 316 313 317 
734 314 316 642 
735 314 641 319 
736 314 642 641 
737 315 555 317 
738 315 320 553 
739 315 553 555 
740 318 316 317 
741 318 458 316 
742 458 642 316 
743 318 317 427 
744 317 555 427 
745 318 427 428 
746 318 428 458 
747 319 641 630 
748 547 553 320 
749 321 322 323 
750 325 322 321 
751 324 321 323 
752 324 331 321 
753 325 321 330 
754 330 321 331 
755 326 323 322 
756 325 334 322 
757 326 322 333 
758 333 322 334 
759 324 323 327 
760 326 328 323 
761 327 323 328 
762 324 327 346 
763 324 345 331 
764 324 346 345 
765 325 330 355 
766 325 354 334 
767 325 355 354 
768 326 336 328 
769 326 333 337 
770 326 337 336 
771 329 327 328 
772 329 353 327 
773 353 346 327 
774 329 328 343 
775 328 336 343 
776 329 343 369 
777 329 370 353 
778 329 369 370 
779 332 330 331 
780 332 362 330 
781 362 355 330 
782 332 331 352 
783 331 345 352 
784 332 352 586 
785 332 587 362 
786 332 586 587 
787 335 333 334 
788 335 344 333 
789 344 337 333 
790 335 334 361 
791 334 354 361 
792 335 570 344 
793 335 361 569 
794 335 569 570 
795 336 337 338 
796 339 336 338 
797 339 343 336 
798 340 338 337 
799 340 337 344 
800 339 338 341 
801 340 342 338 
802 341 338 342 
803 339 341 385 
804 339 384 343 
805 339 385 384 
806 340 579 342 
807 340 344 577 
808 340 577 579 
809 387 385 341 
810 343 384 369 
811 570 577 344 
812 345 346 347 
813 348 345 347 
814 348 352 345 
815 349 347 346 
816 349 346 353 
817 348 347 350 
818 349 351 347 
819 350 347 351 
820 348 350 597 
821 348 596 352 
822 348 597 596 
823 349 379 351 
824 349 353 377 
825 349 377 379 
826 351 379 381 
827 352 596 586 
828 370 377 353 
829 354 355 356 
830 357 354 356 
831 357 361 354 
832 358 356 355 
833 358 355 362 
834 357 356 359 
835 358 360 356 
836 359 356 360 
837 357 359 573 
838 357 572 361 
839 357 573 572 
840 358 594 360 
841 358 362 592 
842 358 592 594 
843 361 572 569 
844 587 592 362 
845 363 364 365 
846 367 364 363 
847 366 363 365 
848 366 372 363 
849 367 363 371 
850 371 363 372 
851 368 365 364 
852 367 375 364 
853 368 364 374 
854 374 364 375 
855 366 365 369 
856 368 370 365 
857 369 365 370 
858 366 369 384 
859 366 383 372 
860 366 384 383 
861 367 371 390 
862 367 389 375 
863 367 390 389 
864 368 377 370 
865 368 374 378 
866 368 378 377 
867 373 371 372 
868 373 397 371 
869 397 390 371 
870 373 372 388 
871 372 383 388 
872 373 388 481 
873 373 482 397 
874 373 481 482 
875 376 374 375 
876 376 382 374 
877 382 378 374 
878 376 375 396 
879 375 389 396 
880 376 507 382 
881 376 396 506 
882 376 506 507 
883 377 378 379 
884 380 379 378 
885 380 378 382 
886 380 381 379 
887 380 516 381 
888 380 382 514 
889 380 514 516 
890 507 514 382 
891 383 384 385 
892 386 383 385 
893 386 388 383 
894 386 385 387 
895 386 387 492 
896 386 491 388 
897 386 492 491 
898 388 491 481 
899 389 390 391 
900 392 389 391 
901 392 396 389 
902 393 391 390 
903 393 390 397 
904 392 391 394 
905 393 395 391 
906 394 391 395 
907 392 394 510 
908 392 509 396 
909 392 510 509 
910 393 489 395 
911 393 397 487 
912 393 487 489 
913 396 509 506 
914 482 487 397 
915 398 399 400 
916 402 399 398 
917 401 398 400 
918 401 408 398 
919 402 398 407 
920 407 398 408 
921 403 400 399 
922 402 411 399 
923 403 399 410 
924 410 399 411 
925 401 400 404 
926 403 405 400 
927 404 400 405 
928 401 404 423 
929 401 422 408 
930 401 423 422 
931 402 407 432 
932 402 431 411 
933 402 432 431 
934 403 413 405 
935 403 410 414 
936 403 414 413 
937 406 404 405 
938 406 430 404 
939 430 423 404 
940 406 405 420 
941 405 413 420 
942 406 420 446 
943 406 447 430 
944 406 446 447 
945 409 407 408 
946 409 439 407 
947 439 432 407 
948 409 408 429 
949 408 422 429 
950 409 429 544 
951 409 545 439 
952 409 544 545 
953 412 410 411 
954 412 421 410 
955 421 414 410 
956 412 411 438 
957 411 431 438 
958 412 528 421 
959 412 438 527 
960 412 527 528 
961 413 414 415 
962 416 413 415 
963 416 420 413 
964 417 415 414 
965 417 414 421 
966 416 415 418 
967 417 419 415 
968 418 415 419 
969 416 418 462 
970 416 461 420 
971 416 462 461 
972 417 537 419 
973 417 421 535 
974 417 535 537 
975 464 462 418 
976 420 461 446 
977 528 535 421 
978 422 423 424 
979 425 422 424 
980 425 429 422 
981 426 424 423 
982 426 423 430 
983 425 424 427 
984 426 428 424 
985 427 424 428 
986 425 427 555 
987 425 554 429 
988 425 555 554 
989 426 456 428 
990 426 430 454 
991 426 454 456 
992 428 456 458 
993 429 554 544 
994 447 454 430 
995 431 432 433 
996 434 431 433 
997 434 438 431 
998 435 433 432 
999 435 432 439 
1000 434 433 436 
1001 435 437 433 
1002 436 433 437 
1003 434 436 531 
1004 434 530 438 
1005 434 531 530 
1006 435 552 437 
1007 435 439 550 
1008 435 550 552 
1009 438 530 527 
1010 545 550 439 
1011 440 441 442 
1012 444 441 440 
1013 443 440 442 
1014 443 449 440 
1015 444 440 448 
1016 448 440 449 
1017 445 442 441 
1018 444 452 441 
1019 445 441 451 
1020 451 441 452 
1021 443 442 446 
1022 445 447 442 
1023 446 442 447 
1024 443 446 461 
1025 443 460 449 
1026 443 461 460 
1027 444 448 467 
1028 444 466 452 
1029 444 467 466 
1030 445 454 447 
1031 445 451 455 
1032 445 455 454 
1033 450 448 449 
1034 450 474 448 
1035 474 467 448 
1036 450 449 465 
1037 449 460 465 
1038 450 465 607 
1039 450 608 474 
1040 450 607 608 
1041 453 451 452 
1042 453 459 451 
1043 459 455 451 
1044 453 452 473 
1045 452 466 473 
1046 453 633 459 
1047 453 473 632 
1048 453 632 633 
1049 454 455 456 
1050 457 456 455 
1051 457 455 459 
1052 457 458 456 
1053 457 642 458 
1054 457 459 640 
1055 457 640 642 
1056 633 640 459 
1057 460 461 462 
1058 463 460 462 
1059 463 465 460 
1060 463 462 464 
1061 463 464 618 
1062 463 617 465 
1063 463 618 617 
1064 465 617 607 
1065 466 467 468 
1066 469 466 468 
1067 469 473 466 
1068 470 468 467 
1069 470 467 474 
1070 469 468 471 
1071 470 472 468 
1072 471 468 472 
1073 469 471 636 
1074 469 635 473 
1075 469 636 635 
1076 470 615 472 
1077 470 474 613 
1078 470 613 615 
1079 473 635 632 
1080 608 613 474 
1081 475 476 477 
1082 479 476 475 
1083 478 475 477 
1084 478 484 475 
1085 479 475 483 
1086 483 475 484 
1087 480 477 476 
1088 479 486 476 
1089 480 476 485 
1090 485 476 486 
1091 478 477 481 
1092 480 482 477 
1093 481 477 482 
1094 478 481 491 
1095 478 490 484 
1096 478 491 490 
1097 479 483 494 
1098 479 493 486 
1099 479 494 493 
1100 480 487 482 
1101 480 485 488 
1102 480 488 487 
1103 487 488 489 
1104 490 491 492 
1105 493 494 495 
1106 496 497 498 
1107 500 497 496 
1108 499 496 498 
1109 499 505 496 
1110 500 496 504 
1111 504 496 505 
1112 501 498 497 
1113 500 507 497 
1114 501 497 506 
1115 506 497 507 
1116 499 498 502 
1117 501 503 498 
1118 502 498 503 
1119 499 502 512 
1120 499 511 505 
1121 499 512 511 
1122 500 504 515 
1123 500 514 507 
1124 500 515 514 
1125 501 508 503 
1126 501 506 509 
1127 501 509 508 
1128 508 509 510 
1129 511 512 513 
1130 514 515 516 
1131 517 518 519 
1132 521 518 517 
1133 520 517 519 
1134 520 526 517 
1135 521 517 525 
1136 525 517 526 
1137 522 519 518 
1138 521 528 518 
1139 522 518 527 
1140 527 518 528 
1141 520 519 523 
1142 522 524 519 
1143 523 519 524 
1144 520 523 533 
1145 520 532 526 
1146 520 533 532 
1147 521 525 536 
1148 521 535 528 
1149 521 536 535 
1150 522 529 524 
1151 522 527 530 
1152 522 530 529 
1153 529 530 531 
1154 532 533 534 
1155 535 536 537 
1156 538 539 540 
1157 542 539 538 
1158 541 538 540 
1159 541 547 538 
1160 542 538 546 
1161 546 538 547 
1162 543 540 539 
1163 542 549 539 
1164 543 539 548 
1165 548 539 549 
1166 541 540 544 
1167 543 545 540 
1168 544 540 545 
1169 541 544 554 
1170 541 553 547 
1171 541 554 553 
1172 542 546 557 
1173 542 556 549 
1174 542 557 556 
1175 543 550 545 
1176 543 548 551 
1177 543 551 550 
1178 550 551 552 
1179 553 554 555 
1180 556 557 558 
1181 559 560 561 
1182 563 560 559 
1183 562 559 561 
1184 562 568 559 
1185 563 559 567 
1186 567 559 568 
1187 564 561 560 
1188 563 570 560 
1189 564 560 569 
1190 569 560 570 
1191 562 561 565 
1192 564 566 561 
1193 565 561 566 
1194 562 565 575 
1195 562 574 568 
1196 562 575 574 
1197 563 567 578 
1198 563 577 570 
1199 563 578 577 
1200 564 571 566 
1201 564 569 572 
1202 564 572 571 
1203 571 572 573 
1204 574 575 576 
1205 577 578 579 
1206 580 581 582 
1207 584 581 580 
1208 583 580 582 
1209 583 589 580 
1210 584 580 588 
1211 588 580 589 
1212 585 582 581 
1213 584 591 581 
1214 585 581 590 
1215 590 581 591 
1216 583 582 586 
1217 585 587 582 
1218 586 582 587 
1219 583 586 596 
1220 583 595 589 
1221 583 596 595 
1222 584 588 599 
1223 584 598 591 
1224 584 599 598 
1225 585 592 587 
1226 585 590 593 
1227 585 593 592 
1228 592 593 594 
1229 595 596 597 
1230 598 599 600 
1231 601 602 603 
1232 605 602 601 
1233 604 601 603 
1234 604 610 601 
1235 605 601 609 
1236 609 601 610 
1237 606 603 602 
1238 605 612 602 
1239 606 602 611 
1240 611 602 612 
1241 604 603 607 
1242 606 608 603 
1243 607 603 608 
1244 604 607 617 
1245 604 616 610 
1246 604 617 616 
1247 605 609 620 
1248 605 619 612 
1249 605 620 619 
1250 606 613 608 
1251 606 611 614 
1252 606 614 613 
1253 613 614 615 
1254 616 617 618 
1255 619 620 621 
1256 622 623 624 
1257 626 623 622 
1258 625 622 624 
1259 625 631 622 
1260 626 622 630 
1261 630 622 631 
1262 627 624 623 
1263 626 633 623 
1264 627 623 632 
1265 632 623 633 
1266 625 624 628 
1267 627 629 624 
1268 628 624 629 
1269 625 628 638 
1270 625 637 631 
1271 625 638 637 
1272 626 630 641 
1273 626 640 633 
1274 626 641 640 
1275 627 634 629 
1276 627 632 635 
1277 627 635 634 
1278 634 635 636 
1279 637 638 639 
1280 640 641 642 
3 1 4 3201
1281 207 214 206 216 
1282 255 243 256 242 
1283 286 293 285 295 
1284 182 179 533 532 
1285 494 493 229 226 
1286 619 187 190 620 
1287 223 221 575 574 
1288 557 556 308 305 
1289 261 258 512 511 
1290 300 637 638 302 
1291 598 599 266 269 
1292 442 446 461 443 
1293 442 445 454 447 
1294 328 323 336 326 
1295 323 324 327 346 
1296 101 151 102 103 
1297 151 102 150 101 
1298 98 149 100 99 
1299 26 30 62 28 
1300 149 100 147 98 
1301 107 143 111 142 
1302 30 62 61 26 
1303 338 339 341 385 
1304 415 462 416 418 
1305 379 347 349 351 
1306 456 426 428 424 
1307 389 391 390 397 
1308 438 432 433 431 
1309 356 362 355 354 
1310 473 467 468 466 
1311 614 605 602 112 
1312 488 479 476 31 
1313 562 571 561 103 
1314 391 389 396 397 
1315 439 432 433 438 
1316 356 362 354 361 
1317 467 473 468 474 
1318 268 263 259 230 
1319 126 619 108 190 
1320 533 44 16 182 
1321 308 190 166 182 
1322 151 562 103 101 
1323 276 246 275 284 
1324 311 289 319 312 
1325 197 167 196 205 
1326 220 195 191 122 
1327 185 42 227 181 
1328 188 191 195 123 
1329 308 182 166 168 
1330 159 264 262 129 
1331 274 159 272 129 
1332 258 30 208 226 
1333 179 305 19 165 
1334 263 259 159 268 
1335 211 261 245 209 
1336 575 208 30 493 
1337 19 533 165 619 
1338 245 258 247 244 
1339 290 287 288 305 
1340 639 299 292 290 
1341 213 220 211 576 
1342 600 248 267 245 
1343 319 312 320 437 
1344 493 208 30 226 
1345 533 179 19 165 
1346 309 8 184 24 
1347 133 224 271 105 
1348 41 38 2 183 
1349 102 225 99 273 
1350 212 120 35 213 
1351 177 526 22 174 
1352 14 24 178 184 
1353 227 120 35 212 
1354 35 230 120 227 
1355 259 249 159 268 
1356 261 57 30 229 
1357 138 111 302 190 
1358 308 19 55 182 
1359 147 100 598 575 
1360 536 528 527 521 
1361 541 553 544 545 
1362 604 616 607 608 
1363 641 633 632 626 
1364 478 490 481 482 
1365 515 507 506 500 
1366 578 570 569 563 
1367 587 595 583 586 
1368 301 292 158 291 
1369 249 159 268 248 
1370 558 141 639 161 
1371 272 153 155 158 
1372 193 117 119 122 
1373 100 147 98 575 
1374 239 382 367 388 
1375 1 230 47 224 
1376 511 502 265 273 
1377 97 130 105 148 
1378 139 188 91 169 
1379 95 267 135 248 
1380 95 248 135 249 
1381 148 130 600 97 
1382 228 42 122 230 
1383 616 641 470 200 
1384 51 4 513 600 
1385 355 354 577 579 
1386 639 156 132 558 
1387 130 271 87 105 
1388 229 493 30 226 
1389 182 179 19 533 
1390 261 258 30 512 
1391 308 556 19 305 
1392 174 526 22 609 
1393 87 271 95 105 
1394 151 562 101 590 
1395 249 135 157 248 
1396 499 584 242 102 
1397 230 35 120 58 
1398 511 265 254 273 
1399 544 528 198 607 
1400 103 151 64 568 
1401 388 367 239 386 
1402 67 161 558 81 
1403 246 33 496 210 
1404 289 114 622 167 
1405 15 44 16 533 
1406 126 93 108 619 
1407 45 12 27 493 
1408 568 64 31 483 
1409 188 169 121 91 
1410 248 135 157 267 
1411 120 213 220 95 
1412 360 359 240 241 
1413 227 228 42 212 
1414 506 490 391 482 
1415 59 28 511 494 
1416 546 631 609 643 
1417 269 94 100 136 
1418 228 122 42 212 
1419 37 50 159 47 
1420 431 544 438 432 
1421 62 511 59 28 
1422 130 97 105 87 
1423 27 80 57 60 
1424 138 108 161 141 
1425 97 136 162 148 
1426 224 159 1 117 
1427 159 224 1 47 
1428 355 332 354 579 
1429 492 389 376 390 
1430 465 459 444 448 
1431 268 157 135 267 
1432 189 188 121 91 
1433 40 58 230 120 
1434 121 192 189 91 
1435 271 157 135 268 
1436 303 139 156 301 
1437 494 575 12 493 
1438 482 490 391 393 
1439 595 358 356 587 
1440 23 538 517 167 
1441 230 1 47 53 
1442 297 298 624 293 
1443 192 118 121 123 
1444 117 224 120 122 
1445 230 37 40 42 
1446 81 55 161 308 
1447 57 80 162 261 
1448 562 151 103 568 
1449 332 355 597 579 
1450 538 289 622 167 
1451 344 335 334 388 
1452 421 412 411 465 
1453 595 583 279 358 
1454 469 314 641 626 
1455 200 616 604 470 
1456 579 597 376 492 
1457 642 409 537 618 
1458 96 149 599 137 
1459 605 112 110 643 
1460 32 479 206 231 
1461 273 242 584 102 
1462 207 102 225 562 
1463 219 561 218 476 
1464 229 30 27 57 
1465 190 111 108 138 
1466 245 600 162 269 
1467 639 161 302 290 
1468 223 211 576 125 
1469 115 93 605 643 
1470 142 140 638 643 
1471 499 590 584 150 
1472 417 425 458 463 
1473 437 436 525 204 
1474 630 471 319 472 
1475 360 359 567 240 
1476 87 271 135 95 
1477 205 610 630 472 
1478 588 584 505 590 
1479 373 492 376 390 
1480 332 335 354 579 
1481 488 64 31 476 
1482 151 571 103 561 
1483 112 614 145 602 
1484 597 376 332 579 
1485 492 376 579 373 
1486 618 412 409 537 
1487 130 271 135 87 
1488 499 590 505 584 
1489 620 194 605 643 
1490 544 438 432 439 
1491 112 605 609 643 
1492 40 157 58 120 
1493 412 465 450 448 
1494 116 132 139 85 
1495 24 14 49 6 
1496 200 604 521 470 
1497 500 279 583 358 
1498 40 51 58 157 
1499 151 593 571 561 
1500 145 624 614 634 
1501 581 151 561 593 
1502 590 499 505 503 
1503 636 114 615 601 
1504 104 594 573 559 
1505 218 561 488 476 
1506 132 156 139 85 
1507 135 157 130 87 
1508 326 347 368 366 
1509 368 324 347 326 
1510 401 456 445 443 
1511 456 401 403 443 
1512 1 159 37 117 
1513 462 415 456 460 
1514 40 51 157 4 
1515 619 532 620 643 
1516 335 376 579 332 
1517 412 618 409 450 
1518 1 159 47 37 
1519 355 597 596 332 
1520 491 492 373 390 
1521 577 354 335 579 
1522 532 619 533 643 
1523 456 403 462 443 
1524 379 368 347 366 
1525 401 424 456 403 
1526 564 594 585 480 
1527 408 458 451 410 
1528 410 458 451 449 
1529 450 409 412 448 
1530 456 403 415 462 
1531 379 338 385 366 
1532 33 210 488 475 
1533 114 167 614 601 
1534 240 560 563 232 
1535 583 284 276 582 
1536 283 497 500 275 
1537 623 319 311 626 
1538 468 473 632 474 
1539 439 433 545 438 
1540 361 356 362 569 
1541 506 391 396 397 
1542 418 415 462 460 
1543 348 331 325 340 
1544 380 367 374 386 
1545 521 530 550 604 
1546 372 374 367 386 
1547 340 331 325 333 
1548 518 530 521 604 
1549 480 394 484 395 
1550 405 423 447 446 
1551 359 592 560 360 
1552 592 359 560 572 
1553 474 632 468 608 
1554 438 433 545 527 
1555 356 587 362 569 
1556 391 506 482 397 
1557 392 478 487 393 
1558 435 434 530 521 
1559 149 98 96 99 
1560 26 62 59 28 
1561 98 149 96 147 
1562 59 61 62 26 
1563 500 509 392 478 
1564 435 550 541 521 
1565 292 558 156 639 
1566 534 169 121 621 
1567 558 292 156 291 
1568 600 249 157 248 
1569 139 88 303 128 
1570 428 451 441 408 
1571 358 357 563 478 
1572 469 521 604 470 
1573 623 635 626 540 
1574 517 522 610 606 
1575 480 567 564 475 
1576 394 497 283 275 
1577 437 312 320 540 
1578 359 560 240 232 
1579 478 509 392 487 
1580 550 435 530 521 
1581 143 142 107 643 
1582 455 451 441 428 
1583 637 557 638 643 
1584 610 517 606 601 
1585 580 496 589 585 
1586 567 559 564 475 
1587 476 210 214 475 
1588 581 246 251 580 
1589 602 167 172 601 
1590 149 147 137 96 
1591 536 527 434 521 
1592 478 490 482 393 
1593 616 604 470 608 
1594 515 506 392 500 
1595 632 469 641 626 
1596 578 569 357 563 
1597 358 595 583 587 
1598 580 581 246 593 
1599 476 488 210 475 
1600 614 167 602 601 
1601 208 575 574 494 
1602 287 638 637 557 
1603 619 532 165 620 
1604 313 316 317 544 
1605 491 492 388 373 
1606 577 335 344 579 
1607 382 376 516 514 
1608 597 596 332 352 
1609 421 412 537 535 
1610 465 617 618 450 
1611 554 555 429 409 
1612 640 453 459 642 
1613 208 575 494 493 
1614 557 287 638 556 
1615 533 532 165 619 
1616 339 349 368 326 
1617 526 609 520 643 
1618 143 140 142 643 
1619 408 451 441 410 
1620 410 451 441 449 
1621 324 347 326 322 
1622 424 401 399 403 
1623 605 520 609 643 
1624 151 562 590 568 
1625 625 629 631 643 
1626 117 133 95 224 
1627 423 454 447 446 
1628 443 445 442 440 
1629 326 323 324 322 
1630 399 401 400 403 
1631 50 263 159 47 
1632 517 525 204 205 
1633 547 320 319 538 
1634 343 336 328 369 
1635 177 22 526 519 
1636 70 539 295 546 
1637 112 174 609 602 
1638 624 145 298 631 
1639 498 64 256 505 
1640 568 219 103 561 
1641 151 581 253 588 
1642 560 563 232 233 
1643 626 311 623 312 
1644 434 436 435 530 
1645 392 487 395 393 
1646 313 633 632 641 
1647 544 553 313 545 
1648 527 528 536 198 
1649 506 507 515 277 
1650 481 490 234 482 
1651 626 314 311 312 
1652 394 497 504 283 
1653 359 560 567 240 
1654 437 320 547 540 
1655 472 205 610 603 
1656 22 70 23 529 
1657 614 145 114 112 
1658 31 33 64 488 
1659 571 104 151 103 
1660 136 598 100 269 
1661 638 138 111 302 
1662 512 57 30 261 
1663 55 556 19 308 
1664 471 470 613 472 
1665 360 592 358 359 
1666 70 69 548 643 
1667 324 368 349 326 
1668 326 368 339 366 
1669 416 403 401 443 
1670 220 213 195 122 
1671 42 212 185 227 
1672 169 188 195 123 
1673 454 442 447 446 
1674 242 584 505 588 
1675 441 442 445 440 
1676 321 324 323 322 
1677 401 399 400 398 
1678 347 324 368 349 
1679 416 462 403 443 
1680 445 426 456 401 
1681 551 23 70 529 
1682 145 114 634 614 
1683 508 64 33 488 
1684 151 593 104 571 
1685 206 479 207 483 
1686 505 243 499 242 
1687 584 505 499 242 
1688 462 403 415 416 
1689 424 456 426 401 
1690 338 339 385 366 
1691 368 379 347 349 
1692 285 286 546 643 
1693 279 277 281 586 
1694 200 198 202 607 
1695 317 315 313 544 
1696 528 201 199 198 
1697 374 381 350 351 
1698 560 563 233 478 
1699 428 458 451 408 
1700 46 76 54 309 
1701 39 2 14 184 
1702 384 377 336 369 
1703 377 346 336 369 
1704 423 454 446 461 
1705 589 284 496 580 
1706 205 517 610 601 
1707 87 133 95 83 
1708 132 88 139 128 
1709 478 233 560 477 
1710 312 623 626 540 
1711 194 163 605 643 
1712 447 430 454 423 
1713 336 343 384 369 
1714 519 517 529 522 
1715 602 606 614 601 
1716 539 543 551 538 
1717 624 622 634 627 
1718 564 571 559 561 
1719 476 480 488 475 
1720 498 496 508 501 
1721 581 580 585 593 
1722 173 163 194 643 
1723 150 590 151 101 
1724 454 442 446 461 
1725 114 622 636 634 
1726 615 114 614 601 
1727 104 580 593 594 
1728 551 552 23 538 
1729 104 573 571 559 
1730 529 517 23 531 
1731 508 496 33 510 
1732 488 489 33 475 
1733 576 213 220 120 
1734 248 157 600 267 
1735 299 156 639 292 
1736 121 169 188 621 
1737 125 223 94 575 
1738 598 162 269 136 
1739 138 638 161 302 
1740 57 80 261 512 
1741 81 556 55 308 
1742 263 58 513 259 
1743 455 441 445 456 
1744 472 606 636 615 
1745 594 359 573 564 
1746 441 449 444 440 
1747 399 408 402 398 
1748 333 321 325 322 
1749 542 546 548 643 
1750 304 286 296 643 
1751 449 441 444 451 
1752 408 399 402 410 
1753 331 321 325 333 
1754 526 177 164 174 
1755 199 536 528 198 
1756 553 313 315 544 
1757 404 430 406 405 
1758 329 353 370 369 
1759 60 30 57 27 
1760 136 97 100 148 
1761 138 141 111 108 
1762 213 171 122 212 
1763 250 159 249 248 
1764 169 171 170 123 
1765 292 158 291 250 
1766 31 479 476 483 
1767 103 561 562 568 
1768 112 605 602 609 
1769 243 505 256 242 
1770 295 285 286 546 
1771 216 206 207 483 
1772 556 55 19 66 
1773 57 512 30 61 
1774 138 638 111 142 
1775 94 575 100 98 
1776 598 136 100 147 
1777 213 171 195 122 
1778 274 159 250 248 
1779 169 195 171 123 
1780 158 292 274 250 
1781 97 136 100 94 
1782 121 189 192 621 
1783 303 156 639 301 
1784 271 600 157 268 
1785 479 28 231 32 
1786 99 562 225 102 
1787 139 88 116 303 
1788 95 133 105 224 
1789 284 246 496 580 
1790 205 167 517 601 
1791 520 164 186 643 
1792 135 157 600 130 
1793 120 576 87 95 
1794 156 139 639 132 
1795 91 85 121 621 
1796 569 361 356 357 
1797 358 356 587 362 
1798 391 482 393 397 
1799 396 392 391 506 
1800 474 468 470 608 
1801 632 473 468 469 
1802 434 433 438 527 
1803 545 435 433 439 
1804 27 493 30 229 
1805 108 619 111 190 
1806 16 533 182 19 
1807 493 494 208 226 
1808 556 557 287 305 
1809 598 599 244 266 
1810 532 179 533 165 
1811 575 221 208 574 
1812 300 638 637 287 
1813 165 187 619 620 
1814 70 539 546 548 
1815 145 624 629 631 
1816 64 498 503 505 
1817 151 581 588 590 
1818 40 4 37 230 
1819 62 511 502 59 
1820 437 547 543 540 
1821 395 484 480 477 
1822 501 394 497 504 
1823 472 610 606 603 
1824 560 564 359 567 
1825 349 347 324 346 
1826 379 368 377 349 
1827 384 385 339 366 
1828 456 426 445 454 
1829 423 424 426 401 
1830 461 462 416 443 
1831 403 413 415 416 
1832 205 172 167 601 
1833 284 251 246 580 
1834 62 503 502 499 
1835 149 591 590 584 
1836 133 271 130 105 
1837 110 605 614 112 
1838 29 479 488 31 
1839 101 571 562 103 
1840 28 494 479 231 
1841 99 562 574 225 
1842 461 420 413 416 
1843 426 454 430 423 
1844 339 336 343 384 
1845 377 349 346 353 
1846 354 330 332 355 
1847 376 389 375 390 
1848 444 451 459 457 
1849 408 429 425 402 
1850 421 417 402 410 
1851 465 444 463 449 
1852 382 380 367 374 
1853 352 331 325 348 
1854 388 372 367 386 
1855 344 340 325 333 
1856 531 529 517 522 
1857 615 614 606 601 
1858 480 489 488 475 
1859 543 552 551 538 
1860 564 571 573 559 
1861 634 622 636 627 
1862 510 508 496 501 
1863 580 585 593 594 
1864 63 499 62 32 
1865 149 584 150 102 
1866 58 51 60 513 
1867 600 135 130 148 
1868 139 639 132 141 
1869 108 85 91 621 
1870 548 549 542 643 
1871 333 325 344 334 
1872 367 372 388 371 
1873 449 465 444 448 
1874 421 402 411 410 
1875 331 325 330 352 
1876 382 367 375 374 
1877 402 408 429 407 
1878 453 450 467 448 
1879 299 639 156 301 
1880 121 188 189 621 
1881 268 600 157 267 
1882 37 4 1 230 
1883 126 108 91 621 
1884 139 161 639 141 
1885 162 135 600 148 
1886 16 44 14 534 
1887 80 58 60 513 
1888 576 120 125 95 
1889 162 135 157 600 
1890 126 91 121 621 
1891 139 639 161 156 
1892 39 14 44 534 
1893 543 550 437 540 
1894 472 606 613 603 
1895 480 487 395 477 
1896 509 394 497 501 
1897 359 572 564 560 
1898 67 54 55 81 
1899 60 57 58 80 
1900 161 139 138 141 
1901 135 162 136 148 
1902 224 117 120 95 
1903 118 192 121 91 
1904 41 2 39 184 
1905 78 76 46 309 
1906 140 142 638 138 
1907 55 56 66 556 
1908 94 98 96 575 
1909 147 598 136 137 
1910 61 59 57 512 
1911 54 67 55 49 
1912 132 138 139 141 
1913 60 57 51 58 
1914 130 135 136 148 
1915 361 354 335 577 
1916 251 581 580 253 
1917 561 559 219 218 
1918 298 624 622 297 
1919 172 174 602 601 
1920 498 496 256 255 
1921 214 476 475 216 
1922 538 293 539 295 
1923 519 517 177 176 
1924 361 335 570 577 
1925 450 607 617 474 
1926 64 498 508 503 
1927 151 581 590 593 
1928 70 539 548 551 
1929 145 624 634 629 
1930 22 524 519 529 
1931 545 550 541 435 
1932 434 527 530 521 
1933 469 632 635 626 
1934 608 604 470 613 
1935 392 506 509 500 
1936 482 487 478 393 
1937 587 583 358 592 
1938 357 569 572 563 
1939 560 572 569 563 
1940 482 478 487 477 
1941 582 583 587 592 
1942 509 506 497 500 
1943 530 527 518 521 
1944 613 608 604 603 
1945 545 541 550 540 
1946 623 635 632 626 
1947 80 57 59 512 
1948 125 94 96 575 
1949 598 162 136 137 
1950 55 56 556 81 
1951 140 638 161 138 
1952 28 26 30 27 
1953 7 8 53 9 
1954 32 64 62 63 
1955 37 45 4 40 
1956 395 487 480 489 
1957 8 48 49 46 
1958 8 6 3 2 
1959 21 70 23 22 
1960 53 7 9 35 
1961 74 54 50 46 
1962 19 66 55 67 
1963 74 50 73 72 
1964 53 51 48 47 
1965 52 8 49 24 
1966 54 46 49 55 
1967 54 76 73 81 
1968 55 56 71 66 
1969 627 623 622 630 
1970 48 8 49 52 
1971 19 68 66 67 
1972 49 55 66 67 
1973 639 158 156 303 
1974 8 9 24 52 
1975 52 24 49 67 
1976 53 52 8 48 
1977 61 59 65 57 
1978 57 61 60 51 
1979 258 261 265 511 
1980 4 7 35 27 
1981 60 30 61 57 
1982 60 30 62 61 
1983 64 394 510 33 
1984 74 262 77 78 
1985 60 53 35 51 
1986 54 74 50 73 
1987 72 80 50 58 
1988 50 80 75 513 
1989 52 53 8 9 
1990 46 74 76 78 
1991 78 262 77 79 
1992 74 75 50 72 
1993 37 4 10 1 
1994 47 51 57 58 
1995 58 57 59 80 
1996 60 35 30 27 
1997 1 5 10 37 
1998 50 80 513 58 
1999 2 6 13 14 
2000 19 24 67 16 
2001 38 40 37 42 
2002 42 41 183 38 
2003 45 37 4 10 
2004 1 4 10 11 
2005 12 10 4 11 
2006 12 34 11 26 
2007 138 139 128 132 
2008 30 32 62 28 
2009 64 32 33 31 
2010 10 12 4 45 
2011 8 6 24 16 
2012 639 303 301 302 
2013 18 16 19 17 
2014 629 627 624 634 
2015 541 320 547 553 
2016 20 17 18 25 
2017 25 17 15 13 
2018 44 36 14 39 
2019 15 14 16 44 
2020 84 87 133 89 
2021 624 625 629 631 
2022 159 158 272 155 
2023 622 625 624 631 
2024 142 138 132 141 
2025 184 39 41 534 
2026 88 129 132 134 
2027 56 55 54 81 
2028 156 155 153 158 
2029 161 153 139 156 
2030 161 628 638 140 
2031 156 639 161 638 
2032 146 634 629 144 
2033 519 523 524 520 
2034 637 639 638 302 
2035 624 623 622 627 
2036 624 628 629 625 
2037 128 153 139 131 
2038 140 161 139 138 
2039 142 140 146 138 
2040 133 134 88 90 
2041 82 92 85 91 
2042 571 106 562 566 
2043 39 38 2 41 
2044 132 88 116 139 
2045 132 134 141 116 
2046 129 88 132 128 
2047 114 636 145 634 
2048 88 134 132 116 
2049 143 145 144 113 
2050 639 161 638 302 
2051 142 141 143 111 
2052 142 138 141 111 
2053 90 116 134 88 
2054 230 228 42 183 
2055 445 455 456 454 
2056 466 452 473 453 
2057 145 471 636 114 
2058 144 629 145 634 
2059 144 636 634 145 
2060 635 473 632 469 
2061 635 634 636 627 
2062 470 471 468 472 
2063 627 471 636 635 
2064 627 632 623 635 
2065 460 462 461 443 
2066 439 550 545 435 
2067 469 471 468 470 
2068 473 466 468 469 
2069 636 469 635 471 
2070 452 444 441 451 
2071 445 451 441 455 
2072 630 631 622 298 
2073 455 459 451 457 
2074 632 453 633 473 
2075 633 459 640 453 
2076 605 609 194 620 
2077 309 78 79 262 
2078 133 88 129 84 
2079 558 76 78 309 
2080 302 300 637 304 
2081 637 625 631 304 
2082 517 520 519 526 
2083 546 547 538 295 
2084 631 624 622 298 
2085 194 190 187 620 
2086 296 290 287 286 
2087 285 288 287 294 
2088 626 622 623 630 
2089 96 566 562 106 
2090 286 297 289 293 
2091 311 314 313 312 
2092 633 623 632 626 
2093 289 319 297 311 
2094 622 298 297 630 
2095 319 297 298 630 
2096 630 319 623 626 
2097 319 630 641 626 
2098 459 457 640 642 
2099 626 641 633 640 
2100 458 428 318 427 
2101 314 313 312 315 
2102 429 422 408 425 
2103 540 547 543 538 
2104 401 423 424 422 
2105 541 553 554 544 
2106 429 544 554 409 
2107 429 555 554 425 
2108 541 547 320 540 
2109 551 71 548 69 
2110 617 604 616 607 
2111 437 70 552 23 
2112 540 544 545 541 
2113 538 541 540 547 
2114 409 408 407 429 
2115 432 433 435 439 
2116 402 398 408 407 
2117 409 545 544 439 
2118 409 432 407 439 
2119 552 69 551 70 
2120 551 550 552 543 
2121 543 550 552 437 
2122 435 552 550 437 
2123 552 23 70 551 
2124 545 543 540 550 
2125 70 69 551 548 
2126 540 539 538 543 
2127 549 539 548 542 
2128 548 542 539 546 
2129 529 25 22 524 
2130 549 556 56 81 
2131 557 556 558 308 
2132 558 556 76 81 
2133 543 548 539 551 
2134 81 558 556 308 
2135 293 289 286 285 
2136 294 285 293 295 
2137 74 54 76 73 
2138 542 538 539 546 
2139 295 539 538 546 
2140 557 542 310 546 
2141 308 310 557 305 
2142 558 308 307 309 
2143 261 80 513 512 
2144 513 50 58 263 
2145 75 74 50 77 
2146 262 77 79 263 
2147 498 502 503 499 
2148 62 503 59 502 
2149 96 94 125 95 
2150 65 508 503 63 
2151 64 63 503 508 
2152 258 265 254 511 
2153 275 276 279 277 
2154 259 263 261 513 
2155 584 580 581 588 
2156 80 72 50 75 
2157 80 75 513 512 
2158 80 59 502 512 
2159 512 59 502 511 
2160 499 512 502 511 
2161 502 265 499 511 
2162 499 265 505 511 
2163 512 513 261 511 
2164 504 505 496 256 
2165 496 499 498 505 
2166 505 503 499 498 
2167 256 505 496 498 
2168 594 360 104 359 
2169 510 394 509 501 
2170 508 33 64 510 
2171 63 510 508 64 
2172 504 497 500 283 
2173 506 376 507 396 
2174 392 389 396 391 
2175 364 375 367 374 
2176 375 396 389 376 
2177 509 396 506 392 
2178 504 500 515 283 
2179 498 497 496 501 
2180 509 508 510 501 
2181 501 506 497 509 
2182 510 392 509 394 
2183 503 501 498 508 
2184 374 376 375 382 
2185 507 382 514 376 
2186 378 382 374 380 
2187 378 364 374 368 
2188 377 378 368 379 
2189 501 497 496 504 
2190 507 497 506 500 
2191 380 382 516 514 
2192 515 514 507 500 
2193 500 496 497 504 
2194 256 254 243 255 
2195 360 358 356 359 
2196 246 276 251 284 
2197 278 275 279 277 
2198 136 130 148 147 
2199 381 282 350 351 
2200 578 235 240 232 
2201 151 590 150 593 
2202 219 568 559 561 
2203 589 583 284 595 
2204 284 583 589 582 
2205 362 592 587 358 
2206 580 583 582 589 
2207 563 567 560 240 
2208 157 159 600 271 
2209 243 255 246 242 
2210 219 559 567 218 
2211 50 58 263 47 
2212 41 42 183 43 
2213 193 224 222 122 
2214 158 159 272 160 
2215 50 263 77 159 
2216 154 162 135 157 
2217 230 42 43 183 
2218 162 135 136 137 
2219 598 162 157 600 
2220 599 598 600 269 
2221 301 303 158 272 
2222 160 158 303 272 
2223 160 159 272 271 
2224 271 159 272 268 
2225 598 162 600 269 
2226 588 580 581 253 
2227 590 149 584 150 
2228 245 244 242 252 
2229 269 599 266 273 
2230 268 271 600 269 
2231 252 242 251 253 
2232 242 256 255 253 
2233 588 589 580 253 
2234 584 599 588 273 
2235 220 191 222 122 
2236 136 127 135 130 
2237 74 54 46 76 
2238 122 576 224 120 
2239 134 133 88 129 
2240 87 94 83 95 
2241 130 133 105 148 
2242 591 581 590 584 
2243 581 584 588 590 
2244 573 357 572 359 
2245 582 586 587 583 
2246 359 104 594 573 
2247 221 223 225 574 
2248 582 581 580 585 
2249 100 136 148 147 
2250 148 149 100 147 
2251 593 152 590 150 
2252 585 590 581 593 
2253 162 598 591 137 
2254 137 590 149 591 
2255 136 147 137 152 
2256 149 151 102 150 
2257 594 150 593 151 
2258 596 583 595 586 
2259 232 235 234 233 
2260 589 582 580 585 
2261 571 573 104 103 
2262 587 585 582 592 
2263 360 151 594 104 
2264 104 593 151 594 
2265 593 592 594 585 
2266 358 594 592 360 
2267 592 585 360 594 
2268 358 356 362 355 
2269 325 355 330 354 
2270 321 325 330 331 
2271 597 596 352 348 
2272 332 587 586 362 
2273 362 330 355 332 
2274 352 586 596 332 
2275 332 331 330 352 
2276 321 331 324 345 
2277 352 345 331 348 
2278 347 345 324 346 
2279 225 568 562 574 
2280 103 359 573 104 
2281 570 344 577 335 
2282 337 344 333 340 
2283 333 326 337 322 
2284 361 354 356 357 
2285 334 354 335 361 
2286 569 335 570 361 
2287 333 335 334 344 
2288 322 325 333 334 
2289 240 219 567 218 
2290 90 133 105 89 
2291 572 573 359 564 
2292 488 34 479 29 
2293 572 571 573 564 
2294 359 358 356 357 
2295 564 569 560 572 
2296 105 148 100 97 
2297 87 133 105 95 
2298 106 571 562 101 
2299 572 361 569 357 
2300 95 84 83 133 
2301 217 207 208 215 
2302 566 96 562 565 
2303 102 100 149 99 
2304 559 562 561 568 
2305 104 102 151 103 
2306 101 573 571 103 
2307 99 101 102 103 
2308 99 100 98 97 
2309 97 89 105 87 
2310 8 7 53 3 
2311 97 100 98 94 
2312 87 97 98 94 
2313 96 106 98 94 
2314 193 222 191 122 
2315 87 84 133 83 
2316 206 208 207 215 
2317 214 210 207 206 
2318 208 207 217 211 
2319 495 40 42 230 
2320 141 116 111 108 
2321 89 88 133 84 
2322 133 89 87 105 
2323 95 84 133 117 
2324 122 193 224 124 
2325 125 117 95 120 
2326 120 119 117 122 
2327 575 576 223 574 
2328 125 576 223 575 
2329 125 120 576 575 
2330 575 96 125 565 
2331 561 565 566 562 
2332 570 560 569 563 
2333 390 391 393 397 
2334 567 568 559 219 
2335 561 560 559 564 
2336 563 559 560 567 
2337 562 571 566 561 
2338 566 564 561 571 
2339 578 567 563 240 
2340 560 559 564 567 
2341 389 367 375 390 
2342 563 578 570 577 
2343 577 344 340 579 
2344 366 384 385 383 
2345 240 563 578 232 
2346 483 484 475 216 
2347 240 218 210 232 
2348 4 12 27 45 
2349 477 484 480 475 
2350 393 489 487 395 
2351 34 488 479 485 
2352 233 235 234 236 
2353 478 490 491 481 
2354 388 481 491 373 
2355 363 372 367 371 
2356 373 372 371 388 
2357 388 383 372 386 
2358 388 492 491 386 
2359 363 372 366 383 
2360 488 487 489 480 
2361 391 392 394 395 
2362 392 391 393 395 
2363 477 481 482 478 
2364 475 478 477 484 
2365 397 487 482 393 
2366 390 367 375 371 
2367 373 482 481 397 
2368 373 390 371 397 
2369 489 29 488 31 
2370 395 31 489 33 
2371 489 33 31 488 
2372 62 503 499 63 
2373 482 480 477 487 
2374 488 479 485 476 
2375 477 476 475 480 
2376 494 493 495 229 
2377 12 485 479 486 
2378 486 476 485 479 
2379 45 12 493 486 
2380 485 12 479 34 
2381 480 485 476 488 
2382 206 209 208 215 
2383 215 206 214 216 
2384 216 476 475 483 
2385 494 479 231 483 
2386 229 231 494 226 
2387 181 228 42 227 
2388 183 228 42 181 
2389 183 41 43 184 
2390 182 44 534 533 
2391 179 182 186 532 
2392 176 164 177 174 
2393 25 529 22 20 
2394 614 115 605 110 
2395 44 39 534 533 
2396 166 165 163 173 
2397 44 15 523 533 
2398 520 186 526 532 
2399 533 534 182 532 
2400 435 433 437 436 
2401 525 526 517 177 
2402 177 526 517 519 
2403 530 529 531 522 
2404 20 531 529 22 
2405 23 22 529 531 
2406 22 436 531 23 
2407 436 435 433 434 
2408 531 434 530 436 
2409 433 438 431 434 
2410 463 617 618 465 
2411 530 438 527 434 
2412 522 527 518 530 
2413 531 436 530 522 
2414 519 518 517 522 
2415 524 522 519 529 
2416 431 411 438 412 
2417 414 421 410 417 
2418 410 412 411 421 
2419 527 412 528 438 
2420 528 421 535 412 
2421 525 521 536 204 
2422 399 411 402 410 
2423 410 414 399 403 
2424 414 403 413 415 
2425 525 518 521 204 
2426 417 421 537 535 
2427 528 518 527 521 
2428 521 517 518 525 
2429 536 535 528 521 
2430 522 518 517 525 
2431 177 175 164 176 
2432 467 468 470 474 
2433 603 607 608 604 
2434 610 616 604 205 
2435 189 192 193 123 
2436 173 163 172 174 
2437 615 614 114 112 
2438 167 197 172 205 
2439 175 164 168 165 
2440 609 610 601 174 
2441 145 113 114 112 
2442 189 193 191 123 
2443 108 109 111 107 
2444 188 189 191 123 
2445 418 203 419 464 
2446 450 608 607 474 
2447 465 607 617 450 
2448 465 460 449 463 
2449 460 443 449 440 
2450 450 449 448 465 
2451 474 467 450 448 
2452 440 449 444 448 
2453 474 613 608 470 
2454 205 604 610 603 
2455 472 112 615 114 
2456 114 471 636 472 
2457 472 636 114 615 
2458 614 613 615 606 
2459 470 615 613 472 
2460 472 613 606 615 
2461 614 605 611 602 
2462 109 112 113 110 
2463 88 89 133 90 
2464 88 108 116 85 
2465 123 121 192 621 
2466 611 93 605 115 
2467 115 614 605 611 
2468 615 110 614 112 
2469 110 115 109 107 
2470 92 93 115 107 
2471 93 611 605 612 
2472 119 121 118 123 
2473 91 93 108 126 
2474 612 619 93 126 
2475 190 192 189 621 
2476 621 619 190 620 
2477 118 126 91 121 
2478 123 122 193 119 
2479 123 192 193 124 
2480 122 123 193 124 
2481 126 121 619 621 
2482 619 190 126 621 
2483 606 611 602 614 
2484 612 602 611 605 
2485 601 604 603 610 
2486 603 602 601 606 
2487 608 606 603 613 
2488 603 610 606 601 
2489 174 609 602 601 
2490 479 475 476 483 
2491 605 601 602 609 
2492 643 524 523 520 
2493 112 113 144 145 
2494 111 107 113 143 
2495 111 113 107 109 
2496 643 113 107 143 
2497 643 107 113 109 
2498 39 38 14 2 
2499 39 14 38 36 
2500 194 163 609 605 
2501 526 164 186 520 
2502 273 242 588 584 
2503 505 243 265 499 
2504 568 207 225 562 
2505 483 231 206 479 
2506 475 241 216 484 
2507 475 216 241 214 
2508 496 283 256 255 
2509 256 283 496 504 
2510 567 218 210 240 
2511 210 218 567 559 
2512 210 475 567 240 
2513 567 475 210 559 
2514 284 580 253 251 
2515 253 580 284 589 
2516 204 517 177 525 
2517 204 177 517 176 
2518 538 320 295 547 
2519 538 295 320 293 
2520 601 205 174 610 
2521 601 174 205 172 
2522 538 630 289 319 
2523 538 289 630 622 
2524 297 289 630 319 
2525 297 630 289 622 
2526 181 122 42 183 
2527 181 42 122 185 
2528 264 257 259 260 
2529 259 262 264 260 
2530 307 306 264 260 
2531 264 262 307 260 
2532 274 272 268 270 
2533 268 272 274 159 
2534 268 267 274 270 
2535 274 272 301 158 
2536 301 272 274 270 
2537 274 299 301 270 
2538 643 532 194 173 
2539 643 194 532 620 
2540 532 165 194 173 
2541 532 194 165 620 
2542 165 175 179 168 
2543 225 208 494 217 
2544 225 494 208 574 
2545 643 557 304 637 
2546 643 304 557 296 
2547 557 287 304 637 
2548 557 304 287 296 
2549 215 208 226 209 
2550 294 287 305 288 
2551 252 244 266 245 
2552 159 129 250 264 
2553 159 250 129 274 
2554 47 159 268 263 
2555 268 230 47 263 
2556 393 392 490 391 
2557 128 192 301 307 
2558 128 158 301 303 
2559 301 158 128 307 
2560 139 116 301 303 
2561 184 24 307 309 
2562 105 268 224 271 
2563 105 95 268 271 
2564 268 135 95 267 
2565 95 135 268 271 
2566 35 230 259 263 
2567 259 58 35 263 
2568 188 189 184 307 
2569 301 188 306 307 
2570 230 224 220 268 
2571 188 291 301 306 
2572 32 28 499 62 
2573 499 28 502 62 
2574 212 228 230 227 
2575 169 178 123 170 
2576 248 213 268 249 
2577 358 595 357 279 
2578 358 357 595 356 
2579 24 307 178 184 
2580 261 245 223 211 
2581 266 245 223 269 
2582 300 190 290 302 
2583 235 579 577 578 
2584 577 579 235 237 
2585 514 516 278 280 
2586 278 516 514 515 
2587 314 642 640 641 
2588 640 642 314 316 
2589 236 492 491 238 
2590 491 492 236 490 
2591 268 267 213 248 
2592 359 241 232 240 
2593 359 232 241 233 
2594 159 74 77 50 
2595 77 74 159 262 
2596 183 46 74 50 
2597 159 183 74 50 
2598 226 209 261 229 
2599 226 30 261 258 
2600 261 30 226 229 
2601 168 179 308 182 
2602 19 179 308 305 
2603 19 308 179 182 
2604 128 184 307 309 
2605 224 47 268 230 
2606 190 290 187 300 
2607 223 221 245 266 
2608 223 245 221 211 
2609 174 70 539 295 
2610 141 132 558 639 
2611 284 496 255 283 
2612 255 496 284 246 
2613 255 275 284 283 
2614 284 275 255 246 
2615 319 538 293 289 
2616 293 538 319 320 
2617 293 312 319 289 
2618 319 312 293 320 
2619 517 205 176 167 
2620 517 176 205 204 
2621 196 176 205 167 
2622 196 205 176 204 
2623 641 536 470 200 
2624 166 305 165 187 
2625 554 544 316 432 
2626 183 2 46 50 
2627 249 264 159 250 
2628 185 122 212 42 
2629 185 212 122 171 
2630 123 170 185 171 
2631 183 78 74 46 
2632 290 287 187 300 
2633 290 187 287 305 
2634 217 273 28 225 
2635 28 494 217 225 
2636 261 223 94 57 
2637 136 261 94 57 
2638 162 261 136 57 
2639 200 527 545 536 
2640 545 527 200 616 
2641 545 641 200 536 
2642 200 641 545 616 
2643 238 492 577 237 
2644 579 577 492 237 
2645 621 108 67 16 
2646 535 640 467 431 
2647 619 287 556 638 
2648 19 66 619 556 
2649 308 168 305 179 
2650 308 305 168 166 
2651 165 305 168 179 
2652 165 168 305 166 
2653 575 598 258 244 
2654 258 575 208 30 
2655 165 619 305 19 
2656 556 619 305 287 
2657 556 305 619 19 
2658 199 528 537 201 
2659 544 315 555 317 
2660 544 316 555 554 
2661 555 316 544 317 
2662 273 215 242 217 
2663 58 249 259 35 
2664 259 249 58 257 
2665 293 624 295 298 
2666 293 295 624 539 
2667 200 198 536 199 
2668 200 536 198 527 
2669 313 314 553 315 
2670 313 553 314 545 
2671 234 235 490 236 
2672 277 279 515 506 
2673 277 515 279 278 
2674 2 38 50 183 
2675 50 38 159 183 
2676 640 466 431 432 
2677 640 431 466 467 
2678 307 301 189 192 
2679 307 189 301 188 
2680 301 116 189 192 
2681 301 189 116 188 
2682 360 589 240 567 
2683 319 547 437 320 
2684 402 463 425 417 
2685 216 207 568 483 
2686 588 242 256 505 
2687 256 242 588 253 
2688 544 198 545 313 
2689 481 586 277 234 
2690 277 586 481 507 
2691 59 61 63 62 
2692 63 61 59 65 
2693 63 503 59 62 
2694 59 503 63 65 
2695 107 115 643 93 
2696 107 643 115 109 
2697 147 137 150 149 
2698 147 150 137 152 
2699 590 150 137 149 
2700 590 137 150 152 
2701 431 432 316 640 
2702 301 306 158 307 
2703 301 158 306 291 
2704 545 435 434 433 
2705 178 184 39 14 
2706 120 220 224 95 
2707 16 621 44 534 
2708 641 313 545 632 
2709 641 545 313 314 
2710 456 428 457 455 
2711 456 457 428 458 
2712 451 457 428 455 
2713 451 428 457 458 
2714 425 408 428 422 
2715 425 424 428 427 
2716 428 424 425 422 
2717 462 418 463 464 
2718 462 463 418 460 
2719 449 418 463 460 
2720 347 348 351 345 
2721 347 351 348 350 
2722 418 410 417 414 
2723 417 410 418 419 
2724 417 415 418 414 
2725 418 415 417 419 
2726 351 374 380 378 
2727 380 374 351 381 
2728 380 379 351 378 
2729 351 379 380 381 
2730 338 340 341 342 
2731 338 341 340 337 
2732 385 341 386 387 
2733 357 578 515 279 
2734 147 575 96 98 
2735 621 44 108 16 
2736 465 429 444 459 
2737 41 184 118 2 
2738 88 128 301 303 
2739 301 128 88 192 
2740 301 116 88 303 
2741 88 116 301 192 
2742 8 309 2 46 
2743 8 2 309 184 
2744 128 309 2 184 
2745 49 24 16 67 
2746 16 24 49 6 
2747 116 132 108 141 
2748 116 108 132 85 
2749 479 206 499 32 
2750 35 27 51 4 
2751 35 51 27 60 
2752 513 51 27 4 
2753 513 27 51 60 
2754 279 597 586 281 
2755 355 597 586 596 
2756 355 586 597 281 
2757 390 491 570 481 
2758 390 570 491 238 
2759 570 491 234 481 
2760 570 234 491 238 
2761 234 236 491 238 
2762 200 618 607 202 
2763 219 64 568 103 
2764 55 308 108 161 
2765 223 57 125 94 
2766 453 467 640 466 
2767 600 249 58 157 
2768 58 51 600 157 
2769 600 51 58 513 
2770 120 495 87 576 
2771 217 102 225 207 
2772 273 215 243 242 
2773 252 273 243 242 
2774 244 252 243 242 
2775 139 91 178 169 
2776 279 506 578 515 
2777 238 492 389 514 
2778 125 211 57 223 
2779 261 57 211 223 
2780 162 245 136 261 
2781 162 136 245 269 
2782 136 245 94 261 
2783 136 94 245 269 
2784 94 245 223 261 
2785 94 223 245 269 
2786 145 295 624 298 
2787 116 139 91 85 
2788 40 230 51 4 
2789 40 51 230 58 
2790 35 51 230 4 
2791 35 230 51 58 
2792 12 27 30 26 
2793 30 27 12 493 
2794 30 575 12 26 
2795 12 575 30 493 
2796 512 59 26 61 
2797 26 30 512 61 
2798 540 472 437 312 
2799 359 233 560 232 
2800 560 233 359 360 
2801 243 215 499 242 
2802 207 499 479 206 
2803 242 207 499 102 
2804 492 514 376 389 
2805 492 376 514 516 
2806 412 535 409 537 
2807 412 409 535 431 
2808 555 535 409 431 
2809 137 96 511 599 
2810 511 598 137 599 
2811 255 256 581 253 
2812 207 568 214 216 
2813 214 568 476 216 
2814 319 472 312 437 
2815 197 530 196 518 
2816 513 80 27 60 
2817 633 474 632 473 
2818 632 474 633 313 
2819 438 544 545 439 
2820 397 506 507 396 
2821 528 544 545 438 
2822 545 544 528 198 
2823 545 527 528 438 
2824 528 527 545 198 
2825 234 362 481 586 
2826 631 643 112 609 
2827 301 292 156 299 
2828 178 39 121 14 
2829 437 204 196 436 
2830 196 204 437 205 
2831 301 292 274 158 
2832 301 274 292 299 
2833 248 268 274 159 
2834 248 274 268 267 
2835 249 259 264 257 
2836 545 527 434 536 
2837 434 527 545 433 
2838 569 587 595 356 
2839 607 198 616 200 
2840 607 616 198 608 
2841 527 616 198 200 
2842 570 234 578 569 
2843 483 64 590 568 
2844 67 55 161 81 
2845 367 375 388 382 
2846 367 388 375 371 
2847 334 388 375 382 
2848 53 3 4 1 
2849 4 230 53 1 
2850 53 230 4 35 
2851 159 259 264 249 
2852 46 48 2 8 
2853 53 8 2 48 
2854 2 8 53 3 
2855 53 1 2 3 
2856 102 150 499 584 
2857 32 479 63 499 
2858 431 432 633 544 
2859 633 474 431 544 
2860 128 153 78 158 
2861 230 122 37 42 
2862 238 389 361 362 
2863 514 238 362 389 
2864 6 8 14 2 
2865 6 14 8 24 
2866 184 14 8 2 
2867 184 8 14 24 
2868 482 481 506 234 
2869 482 506 481 397 
2870 277 506 481 234 
2871 392 506 490 391 
2872 357 569 595 356 
2873 621 67 85 49 
2874 67 156 85 49 
2875 621 121 49 85 
2876 600 4 157 51 
2877 224 271 117 133 
2878 224 117 271 159 
2879 130 129 271 133 
2880 129 84 117 133 
2881 271 129 117 133 
2882 271 117 129 159 
2883 128 158 139 153 
2884 128 139 158 303 
2885 156 139 158 153 
2886 156 158 139 303 
2887 555 429 427 425 
2888 427 458 429 318 
2889 427 429 458 425 
2890 350 597 352 348 
2891 161 308 558 81 
2892 539 295 602 174 
2893 558 156 306 291 
2894 139 306 156 291 
2895 157 120 35 58 
2896 35 249 157 58 
2897 352 350 381 282 
2898 27 162 57 80 
2899 25 643 22 524 
2900 265 215 499 243 
2901 2 53 5 1 
2902 590 64 503 505 
2903 96 137 575 147 
2904 598 575 137 147 
2905 57 27 136 162 
2906 156 67 54 49 
2907 241 233 360 359 
2908 284 504 496 283 
2909 475 484 240 241 
2910 205 517 522 610 
2911 522 517 205 525 
2912 522 630 205 610 
2913 205 630 522 525 
2914 613 311 471 472 
2915 22 529 174 70 
2916 129 271 127 130 
2917 129 127 271 159 
2918 135 127 271 130 
2919 476 218 210 488 
2920 85 91 156 139 
2921 157 87 95 120 
2922 95 87 157 135 
2923 357 515 358 279 
2924 500 358 515 279 
2925 314 469 434 435 
2926 521 434 469 435 
2927 521 469 434 470 
2928 521 470 536 200 
2929 536 470 521 434 
2930 578 478 563 357 
2931 578 515 478 357 
2932 561 218 593 571 
2933 528 431 544 438 
2934 481 397 389 390 
2935 389 238 570 390 
2936 570 238 389 361 
2937 481 389 570 390 
2938 570 389 481 361 
2939 23 538 531 517 
2940 23 531 538 552 
2941 489 33 496 510 
2942 618 474 202 467 
2943 618 202 474 607 
2944 617 618 474 607 
2945 157 40 87 120 
2946 495 87 40 120 
2947 224 117 230 122 
2948 224 230 117 1 
2949 37 230 117 122 
2950 37 117 230 1 
2951 337 341 385 338 
2952 465 618 412 450 
2953 492 579 388 373 
2954 374 342 380 386 
2955 425 402 410 408 
2956 410 402 425 417 
2957 351 374 348 350 
2958 348 340 374 331 
2959 444 457 449 451 
2960 444 449 457 463 
2961 458 449 457 451 
2962 458 457 449 463 
2963 371 388 579 373 
2964 409 642 450 618 
2965 157 600 495 4 
2966 450 618 474 617 
2967 474 618 450 467 
2968 630 627 522 543 
2969 636 627 522 606 
2970 449 463 410 458 
2971 128 2 78 153 
2972 183 78 2 153 
2973 183 2 78 46 
2974 255 218 581 488 
2975 561 218 581 593 
2976 561 581 218 488 
2977 372 386 342 374 
2978 496 284 501 504 
2979 475 480 240 484 
2980 475 240 480 567 
2981 589 480 240 567 
2982 480 567 585 564 
2983 480 585 567 589 
2984 360 567 585 589 
2985 333 374 340 331 
2986 475 594 480 489 
2987 480 585 489 594 
2988 475 594 564 480 
2989 517 606 636 522 
2990 630 627 538 622 
2991 630 538 627 543 
2992 66 56 619 556 
2993 619 56 66 643 
2994 500 582 592 583 
2995 500 478 592 509 
2996 601 636 606 615 
2997 601 606 636 517 
2998 594 559 564 573 
2999 564 559 594 475 
3000 543 630 525 522 
3001 636 472 627 606 
3002 636 627 472 471 
3003 630 472 627 471 
3004 359 567 585 360 
3005 585 567 359 564 
3006 585 594 359 360 
3007 359 594 585 564 
3008 210 475 571 559 
3009 571 475 104 559 
3010 636 114 167 622 
3011 167 114 636 601 
3012 636 517 167 601 
3013 477 395 509 487 
3014 392 509 395 487 
3015 392 395 509 394 
3016 196 197 550 530 
3017 471 635 311 613 
3018 635 312 311 613 
3019 311 312 635 623 
3020 635 540 312 613 
3021 312 540 635 623 
3022 367 363 374 372 
3023 367 374 363 364 
3024 563 358 572 357 
3025 563 572 358 592 
3026 359 572 358 357 
3027 359 358 572 592 
3028 604 470 635 469 
3029 604 635 470 613 
3030 471 635 470 469 
3031 471 470 635 613 
3032 292 287 288 290 
3033 288 287 292 291 
3034 168 165 169 166 
3035 169 165 168 170 
3036 213 208 209 211 
3037 209 208 213 212 
3038 358 478 515 357 
3039 571 218 559 561 
3040 571 559 218 210 
3041 529 176 517 519 
3042 538 293 551 539 
3043 500 478 515 358 
3044 515 478 500 392 
3045 362 481 389 361 
3046 500 592 497 509 
3047 477 478 509 560 
3048 477 509 478 487 
3049 481 361 234 570 
3050 481 234 361 362 
3051 569 234 361 570 
3052 569 361 234 362 
3053 474 313 544 633 
3054 592 478 358 563 
3055 538 543 319 547 
3056 538 319 543 630 
3057 437 319 543 547 
3058 196 204 530 436 
3059 196 530 204 518 
3060 522 530 525 436 
3061 522 525 530 518 
3062 530 204 525 436 
3063 530 525 204 518 
3064 311 319 635 471 
3065 311 635 319 623 
3066 627 635 630 471 
3067 627 630 635 623 
3068 635 319 630 471 
3069 635 630 319 623 
3070 422 399 408 428 
3071 441 414 410 418 
3072 333 337 372 322 
3073 383 372 337 363 
3074 613 604 540 550 
3075 613 540 604 635 
3076 592 478 560 509 
3077 496 508 255 498 
3078 374 351 372 363 
3079 363 378 374 351 
3080 363 374 378 364 
3081 579 344 388 335 
3082 555 642 429 409 
3083 459 429 642 409 
3084 537 421 618 412 
3085 465 618 421 412 
3086 333 374 322 372 
3087 460 449 441 440 
3088 281 514 277 280 
3089 278 277 514 280 
3090 238 234 577 570 
3091 238 577 234 237 
3092 235 234 577 237 
3093 424 414 403 399 
3094 456 460 443 462 
3095 51 53 58 47 
3096 51 58 53 35 
3097 58 53 263 47 
3098 58 263 53 35 
3099 263 53 230 47 
3100 263 230 53 35 
3101 76 306 156 54 
3102 76 156 306 558 
3103 67 76 156 54 
3104 67 156 76 558 
3105 81 76 67 54 
3106 81 67 76 558 
3107 307 306 76 54 
3108 307 76 306 558 
3109 309 307 76 54 
3110 309 76 307 558 
3111 416 461 426 423 
3112 454 426 461 423 
3113 413 416 423 461 
3114 384 377 339 336 
3115 483 476 568 216 
3116 483 568 476 31 
3117 200 604 518 521 
3118 345 322 324 321 
3119 324 322 345 347 
3120 399 422 401 424 
3121 441 460 445 456 
3122 441 445 460 440 
3123 443 445 460 456 
3124 443 460 445 440 
3125 577 361 238 570 
3126 586 355 332 362 
3127 586 332 355 596 
3128 390 481 373 491 
3129 373 481 390 397 
3130 431 528 412 438 
3131 431 412 528 535 
3132 432 544 409 554 
3133 409 544 432 439 
3134 279 275 583 276 
3135 279 583 275 500 
3136 582 583 275 276 
3137 582 275 583 500 
3138 478 233 578 563 
3139 478 578 233 235 
3140 232 578 233 563 
3141 232 233 578 235 
3142 436 435 550 437 
3143 550 435 436 530 
3144 550 196 436 437 
3145 436 196 550 530 
3146 401 426 443 445 
3147 401 443 426 416 
3148 185 123 178 170 
3149 336 323 369 346 
3150 336 369 323 328 
3151 327 369 323 346 
3152 327 323 369 328 
3153 609 174 164 163 
3154 164 174 609 526 
3155 609 520 164 526 
3156 483 590 562 568 
3157 562 590 483 479 
3158 562 207 483 568 
3159 483 207 562 479 
3160 365 364 366 368 
3161 366 364 365 363 
3162 378 379 366 368 
3163 366 379 378 363 
3164 364 378 366 368 
3165 366 378 364 363 
3166 416 401 423 426 
3167 403 401 413 416 
3168 423 413 401 416 
3169 426 443 461 416 
3170 339 377 368 349 
3171 324 326 346 323 
3172 324 346 326 349 
3173 366 384 368 339 
3174 377 368 384 339 
3175 346 326 336 323 
3176 316 640 313 314 
3177 641 640 313 633 
3178 641 313 640 314 
3179 341 386 342 372 
3180 523 643 533 15 
3181 423 413 446 405 
3182 423 446 413 461 
3183 420 446 413 405 
3184 420 413 446 461 
3185 369 329 328 343 
3186 534 121 178 39 
3187 480 489 394 395 
3188 33 489 394 510 
3189 33 394 489 395 
3190 501 394 489 510 
3191 585 489 589 480 
3192 337 339 336 338 
3193 336 339 337 326 
3194 366 347 322 326 
3195 322 366 339 338 
3196 339 366 322 326 
3197 337 322 339 338 
3198 339 322 337 326 
3199 538 531 543 552 
3200 538 543 531 522 
3201 405 430 423 404 
3202 405 423 430 447 
3203 369 377 353 370 
3204 369 327 329 353 
3205 369 329 327 328 
3206 643 173 186 532 
3207 173 186 165 175 
3208 173 165 186 532 
3209 165 186 179 175 
3210 165 179 186 532 
3211 145 631 295 298 
3212 475 240 214 241 
3213 475 214 240 210 
3214 233 214 232 241 
3215 233 232 214 210 
3216 214 240 232 241 
3217 214 232 240 210 
3218 234 490 491 236 
3219 491 490 234 481 
3220 515 277 514 278 
3221 514 277 515 507 
3222 173 643 164 163 
3223 164 165 173 163 
3224 173 165 164 175 
3225 310 296 643 557 
3226 305 287 310 557 
3227 305 310 287 294 
3228 287 296 310 557 
3229 287 310 296 294 
3230 231 217 28 494 
3231 226 208 231 494 
3232 226 231 208 215 
3233 208 217 231 494 
3234 208 231 217 215 
3235 291 158 264 250 
3236 99 101 562 102 
3237 534 178 184 39 
3238 576 220 224 120 
3239 164 186 173 175 
3240 164 173 186 643 
3241 156 14 306 24 
3242 306 14 307 24 
3243 309 49 8 24 
3244 534 14 121 39 
3245 386 237 388 492 
3246 386 388 237 239 
3247 388 237 579 492 
3248 387 238 386 492 
3249 387 386 238 239 
3250 238 237 386 492 
3251 238 386 237 239 
3252 514 281 516 280 
3253 316 317 427 318 
3254 427 317 316 555 
3255 316 427 429 318 
3256 429 427 316 555 
3257 642 429 316 555 
3258 202 417 421 537 
3259 202 421 618 537 
3260 201 419 417 537 
3261 417 419 201 203 
3262 202 201 417 537 
3263 417 201 202 203 
3264 258 511 598 512 
3265 643 296 285 286 
3266 287 285 296 286 
3267 287 296 285 294 
3268 310 285 296 294 
3269 310 296 285 643 
3270 221 225 208 574 
3271 165 194 187 620 
3272 304 287 300 637 
3273 637 625 643 143 
3274 637 643 625 304 
3275 354 330 335 332 
3276 376 335 330 332 
3277 334 375 335 376 
3278 375 390 373 376 
3279 375 373 390 371 
3280 579 375 373 376 
3281 579 373 375 371 
3282 335 375 579 376 
3283 466 453 444 452 
3284 459 453 444 448 
3285 467 453 444 466 
3286 467 444 453 448 
3287 402 431 407 411 
3288 402 407 431 432 
3289 409 431 407 432 
3290 451 444 453 452 
3291 451 453 444 459 
3292 94 95 576 125 
3293 576 495 94 125 
3294 290 302 299 300 
3295 290 299 302 639 
3296 301 299 302 300 
3297 301 302 299 639 
3298 269 268 267 600 
3299 267 268 269 266 
3300 267 245 269 600 
3301 269 245 267 266 
3302 189 190 188 187 
3303 189 188 190 621 
3304 166 188 190 187 
3305 168 182 178 179 
3306 180 178 182 179 
3307 223 222 220 221 
3308 220 211 223 221 
3309 223 211 220 576 
3310 14 6 15 16 
3311 14 15 6 13 
3312 17 15 6 16 
3313 17 6 15 13 
3314 85 91 93 108 
3315 93 91 85 92 
3316 93 107 85 108 
3317 85 107 93 92 
3318 87 576 94 95 
3319 389 397 507 396 
3320 507 376 389 396 
3321 389 376 507 514 
3322 633 432 466 640 
3323 633 453 466 473 
3324 466 453 633 640 
3325 7 4 53 3 
3326 7 53 4 35 
3327 513 77 50 263 
3328 513 50 77 75 
3329 46 47 2 48 
3330 46 2 47 50 
3331 629 143 628 140 
3332 629 628 143 625 
3333 18 25 22 20 
3334 68 70 643 69 
3335 68 643 70 21 
3336 154 131 127 135 
3337 247 252 243 244 
3338 261 259 257 258 
3339 261 257 247 258 
3340 261 247 245 258 
3341 98 96 101 106 
3342 98 101 96 99 
3343 562 101 96 106 
3344 562 96 101 99 
3345 117 84 86 95 
3346 83 84 86 82 
3347 83 86 84 95 
3348 4 26 12 11 
3349 4 12 26 27 
3350 265 256 243 505 
3351 265 243 256 254 
3352 306 307 308 305 
3353 306 308 307 558 
3354 290 288 308 305 
3355 288 306 308 305 
3356 629 144 140 146 
3357 629 140 144 143 
3358 142 140 144 146 
3359 142 144 140 143 
3360 429 316 459 642 
3361 429 459 316 318 
3362 315 320 541 553 
3363 541 314 315 553 
3364 182 184 178 180 
3365 182 178 184 534 
3366 643 56 548 549 
3367 23 437 531 552 
3368 23 531 437 436 
3369 543 531 437 552 
3370 421 465 202 618 
3371 314 626 319 641 
3372 319 626 314 311 
3373 401 408 399 398 
3374 401 399 408 422 
3375 295 285 310 294 
3376 310 285 295 546 
3377 549 556 643 56 
3378 638 556 643 557 
3379 542 643 557 310 
3380 283 278 500 515 
3381 283 500 278 275 
3382 279 500 278 515 
3383 279 278 500 275 
3384 284 279 583 276 
3385 284 583 279 595 
3386 246 242 253 251 
3387 253 242 246 255 
3388 253 581 246 251 
3389 246 581 253 255 
3390 127 129 155 159 
3391 272 155 129 159 
3392 272 129 155 153 
3393 266 244 273 599 
3394 266 273 244 252 
3395 253 242 273 252 
3396 253 273 242 588 
3397 271 157 127 135 
3398 271 127 157 159 
3399 155 157 127 159 
3400 281 350 352 282 
3401 352 350 281 597 
3402 575 562 96 565 
3403 86 118 84 117 
3404 12 479 493 486 
3405 12 493 479 494 
3406 223 224 220 222 
3407 220 224 223 576 
3408 342 340 237 579 
3409 342 237 340 239 
3410 388 237 344 579 
3411 388 344 237 239 
3412 237 340 344 579 
3413 237 344 340 239 
3414 210 476 219 218 
3415 478 484 233 477 
3416 236 233 490 241 
3417 484 233 490 478 
3418 484 490 233 241 
3419 239 341 386 342 
3420 386 341 239 387 
3421 231 216 206 215 
3422 231 206 216 483 
3423 524 15 643 523 
3424 524 643 15 25 
3425 186 177 164 526 
3426 186 164 177 175 
3427 532 643 520 186 
3428 605 619 93 612 
3429 200 521 199 536 
3430 204 199 521 536 
3431 198 199 197 196 
3432 198 197 199 200 
3433 197 199 518 196 
3434 197 518 199 200 
3435 518 521 199 200 
3436 205 604 200 616 
3437 174 163 194 173 
3438 194 163 174 609 
3439 85 91 84 82 
3440 86 84 91 82 
3441 86 91 84 118 
3442 88 116 91 85 
3443 91 84 88 85 
3444 88 84 91 118 
3445 405 413 401 423 
3446 405 404 401 400 
3447 401 404 405 423 
3448 368 370 369 365 
3449 369 370 368 377 
3450 368 384 369 377 
3451 29 26 479 28 
3452 26 59 494 28 
3453 479 494 26 12 
3454 26 494 479 28 
3455 32 63 31 64 
3456 619 19 643 66 
3457 619 643 19 17 
3458 18 19 643 17 
3459 102 273 149 584 
3460 102 149 273 99 
3461 123 178 181 185 
3462 64 476 561 219 
3463 209 261 57 211 
3464 57 261 209 229 
3465 209 57 125 211 
3466 125 57 209 229 
3467 495 125 209 229 
3468 263 159 262 77 
3469 272 274 153 158 
3470 272 153 274 129 
3471 153 274 250 158 
3472 153 250 274 129 
3473 264 153 250 158 
3474 264 250 153 129 
3475 340 239 382 367 
3476 340 380 382 325 
3477 382 380 340 367 
3478 188 123 184 189 
3479 621 49 16 67 
3480 265 273 243 254 
3481 243 273 265 215 
3482 319 311 472 471 
3483 319 472 311 312 
3484 437 540 205 472 
3485 169 188 190 166 
3486 169 190 188 621 
3487 44 190 534 621 
3488 534 169 190 166 
3489 534 190 169 621 
3490 178 170 182 168 
3491 178 182 170 534 
3492 166 182 169 168 
3493 166 169 182 534 
3494 182 170 169 168 
3495 182 169 170 534 
3496 291 306 308 288 
3497 291 308 306 558 
3498 290 292 308 288 
3499 292 291 308 288 
3500 292 308 291 558 
3501 257 249 261 247 
3502 248 95 213 249 
3503 266 598 575 244 
3504 619 638 300 287 
3505 300 187 619 287 
3506 267 95 213 248 
3507 380 367 342 340 
3508 380 342 367 386 
3509 239 342 367 340 
3510 239 367 342 386 
3511 463 465 417 402 
3512 421 417 465 402 
3513 25 17 643 15 
3514 25 643 17 18 
3515 640 537 618 642 
3516 600 97 162 148 
3517 230 120 495 40 
3518 28 511 502 62 
3519 621 6 16 49 
3520 49 621 14 121 
3521 49 14 621 6 
3522 534 14 621 121 
3523 575 223 266 221 
3524 190 619 300 187 
3525 269 598 575 266 
3526 575 598 269 100 
3527 575 223 269 266 
3528 190 302 619 111 
3529 190 619 302 300 
3530 638 619 302 111 
3531 638 302 619 300 
3532 499 590 63 503 
3533 479 63 590 503 
3534 176 529 22 519 
3535 22 529 176 174 
3536 22 177 176 519 
3537 176 177 22 174 
3538 545 313 608 632 
3539 545 608 313 198 
3540 459 457 429 444 
3541 22 609 643 70 
3542 643 609 22 526 
3543 590 64 151 568 
3544 241 233 284 360 
3545 55 108 67 161 
3546 602 112 295 145 
3547 602 295 112 174 
3548 41 118 183 84 
3549 575 59 574 494 
3550 511 574 59 494 
3551 431 535 474 467 
3552 125 576 209 211 
3553 125 209 576 495 
3554 213 209 576 211 
3555 162 261 600 245 
3556 161 639 308 290 
3557 161 308 639 558 
3558 292 308 639 290 
3559 292 639 308 558 
3560 602 174 167 176 
3561 602 167 174 172 
3562 164 167 174 176 
3563 31 483 63 479 
3564 63 483 31 64 
3565 483 503 63 479 
3566 63 503 483 64 
3567 483 590 503 479 
3568 503 590 483 64 
3569 382 330 325 352 
3570 111 93 108 107 
3571 111 108 93 619 
3572 638 111 643 619 
3573 643 93 111 107 
3574 643 111 93 619 
3575 381 352 348 350 
3576 58 600 257 249 
3577 261 257 600 249 
3578 458 410 425 417 
3579 624 614 297 293 
3580 435 521 626 469 
3581 626 521 435 541 
3582 626 314 435 469 
3583 435 314 626 541 
3584 330 376 352 382 
3585 330 352 376 332 
3586 597 376 352 332 
3587 551 602 174 539 
3588 174 70 551 539 
3589 551 70 174 529 
3590 539 602 614 551 
3591 614 293 539 551 
3592 539 293 614 624 
3593 118 2 84 41 
3594 183 84 2 41 
3595 183 2 84 153 
3596 456 414 403 424 
3597 456 403 414 415 
3598 643 15 619 533 
3599 643 619 15 17 
3600 619 15 19 533 
3601 619 19 15 17 
3602 19 15 16 533 
3603 19 16 15 17 
3604 84 88 2 118 
3605 128 129 84 153 
3606 84 129 128 88 
3607 84 2 128 153 
3608 128 2 84 88 
3609 425 458 408 410 
3610 522 610 627 630 
3611 522 627 610 606 
3612 472 627 610 630 
3613 472 610 627 606 
3614 593 580 496 246 
3615 496 580 593 104 
3616 496 33 255 508 
3617 496 255 33 246 
3618 488 255 33 508 
3619 622 297 114 289 
3620 517 23 176 529 
3621 517 176 23 167 
3622 551 176 23 529 
3623 551 23 176 167 
3624 538 551 167 23 
3625 603 205 200 197 
3626 603 200 205 604 
3627 518 603 200 197 
3628 518 200 603 604 
3629 530 603 518 197 
3630 530 518 603 604 
3631 518 204 199 521 
3632 518 199 204 196 
3633 320 540 315 541 
3634 315 540 320 312 
3635 540 314 315 541 
3636 315 314 540 312 
3637 540 626 314 541 
3638 314 626 540 312 
3639 351 322 347 345 
3640 560 563 592 572 
3641 560 592 563 478 
3642 248 244 247 249 
3643 247 244 248 245 
3644 248 247 261 249 
3645 261 247 248 245 
3646 248 261 600 249 
3647 600 261 248 245 
3648 275 592 276 560 
3649 275 276 592 582 
3650 592 360 276 560 
3651 209 576 212 213 
3652 120 212 576 213 
3653 456 441 418 414 
3654 418 441 456 460 
3655 418 415 456 414 
3656 456 415 418 460 
3657 309 46 49 54 
3658 309 49 46 8 
3659 544 607 431 528 
3660 431 607 544 474 
3661 607 535 431 528 
3662 431 535 607 474 
3663 358 500 592 583 
3664 592 500 358 478 
3665 247 258 273 244 
3666 252 247 273 244 
3667 599 598 258 511 
3668 599 258 598 244 
3669 273 599 258 511 
3670 273 258 599 244 
3671 58 259 600 513 
3672 58 600 259 257 
3673 261 600 259 513 
3674 261 259 600 257 
3675 643 164 605 520 
3676 643 605 164 163 
3677 609 605 164 520 
3678 609 164 605 163 
3679 592 589 585 582 
3680 592 585 589 360 
3681 276 284 592 582 
3682 276 592 284 360 
3683 284 589 592 582 
3684 284 592 589 360 
3685 94 575 269 100 
3686 94 269 575 223 
3687 158 264 306 291 
3688 454 461 443 442 
3689 443 461 454 426 
3690 443 445 454 442 
3691 454 445 443 426 
3692 428 458 425 427 
3693 428 425 458 408 
3694 19 182 67 55 
3695 19 67 182 16 
3696 14 16 621 6 
3697 14 621 16 534 
3698 180 181 123 178 
3699 123 180 183 181 
3700 556 542 643 557 
3701 556 643 542 549 
3702 128 131 154 153 
3703 154 131 128 127 
3704 128 154 155 153 
3705 155 154 128 127 
3706 128 155 129 153 
3707 129 155 128 127 
3708 154 157 127 155 
3709 154 127 157 135 
3710 584 149 599 273 
3711 149 137 584 599 
3712 149 584 137 591 
3713 598 584 137 599 
3714 598 137 584 591 
3715 493 27 495 229 
3716 493 40 27 45 
3717 493 27 40 495 
3718 4 27 40 45 
3719 4 40 27 495 
3720 123 184 183 180 
3721 533 520 643 523 
3722 533 643 520 532 
3723 174 163 167 164 
3724 167 163 174 172 
3725 643 21 22 70 
3726 112 113 643 144 
3727 643 113 112 110 
3728 643 21 19 18 
3729 68 19 643 21 
3730 68 643 19 66 
3731 643 304 631 625 
3732 310 546 643 285 
3733 643 546 310 542 
3734 123 118 181 183 
3735 181 117 122 183 
3736 84 117 181 183 
3737 118 84 181 183 
3738 185 123 118 181 
3739 122 185 117 181 
3740 117 185 122 193 
3741 185 84 117 181 
3742 185 118 84 181 
3743 264 307 158 306 
3744 264 262 309 307 
3745 128 158 309 307 
3746 128 309 158 78 
3747 158 264 309 307 
3748 171 123 193 185 
3749 193 122 171 185 
3750 187 173 165 166 
3751 165 173 187 194 
3752 217 221 208 211 
3753 217 208 221 225 
3754 300 296 287 304 
3755 287 296 300 290 
3756 195 123 193 171 
3757 193 123 195 191 
3758 193 122 195 171 
3759 195 122 193 191 
3760 159 268 224 47 
3761 159 224 268 271 
3762 222 220 230 224 
3763 230 122 222 224 
3764 268 224 95 105 
3765 95 224 268 220 
3766 230 35 212 227 
3767 268 230 213 220 
3768 220 230 122 222 
3769 178 184 123 180 
3770 230 122 213 220 
3771 139 291 116 188 
3772 301 116 291 188 
3773 215 499 502 265 
3774 502 273 215 265 
3775 230 212 122 228 
3776 122 212 230 213 
3777 35 213 230 212 
3778 249 35 230 259 
3779 230 35 249 213 
3780 230 268 249 259 
3781 249 268 230 213 
3782 235 392 506 490 
3783 307 306 169 188 
3784 169 123 184 188 
3785 184 123 169 178 
3786 307 169 184 188 
3787 184 169 307 178 
3788 190 308 305 290 
3789 305 308 190 166 
3790 305 187 190 290 
3791 190 187 305 166 
3792 586 595 597 279 
3793 597 595 586 596 
3794 578 577 234 570 
3795 578 234 577 235 
3796 607 616 618 200 
3797 618 616 607 617 
3798 544 553 555 315 
3799 555 553 544 554 
3800 536 528 537 199 
3801 536 537 528 535 
3802 306 188 139 169 
3803 139 188 306 291 
3804 213 268 95 267 
3805 95 268 213 220 
3806 273 28 511 502 
3807 74 159 129 183 
3808 129 159 74 262 
3809 129 78 74 183 
3810 74 78 129 262 
3811 261 226 245 209 
3812 245 226 261 258 
3813 187 305 619 287 
3814 187 619 305 165 
3815 226 245 208 258 
3816 262 129 153 78 
3817 262 153 129 264 
3818 158 262 153 78 
3819 158 153 262 264 
3820 309 262 158 78 
3821 309 158 262 264 
3822 312 613 472 311 
3823 613 472 540 312 
3824 206 231 499 32 
3825 206 499 231 215 
3826 28 499 231 32 
3827 266 245 575 221 
3828 266 575 245 244 
3829 208 575 245 221 
3830 217 273 502 28 
3831 217 502 273 215 
3832 499 231 502 28 
3833 499 502 231 215 
3834 231 217 502 28 
3835 231 502 217 215 
3836 108 190 290 308 
3837 290 161 108 308 
3838 190 302 108 290 
3839 190 108 302 138 
3840 161 108 302 290 
3841 161 302 108 138 
3842 314 469 470 434 
3843 470 469 314 641 
3844 640 432 544 633 
3845 544 432 640 316 
3846 544 313 640 633 
3847 640 313 544 316 
3848 579 355 281 577 
3849 281 355 579 597 
3850 492 579 281 577 
3851 281 579 492 597 
3852 535 537 467 640 
3853 618 467 537 640 
3854 618 537 467 202 
3855 108 161 558 67 
3856 558 161 108 141 
3857 108 132 558 141 
3858 390 238 492 389 
3859 390 492 238 491 
3860 492 281 238 577 
3861 492 238 281 514 
3862 355 238 281 577 
3863 514 586 277 507 
3864 277 586 514 281 
3865 238 281 362 355 
3866 238 362 281 514 
3867 586 362 281 355 
3868 586 281 362 514 
3869 209 245 208 226 
3870 245 211 208 221 
3871 208 211 245 209 
3872 26 575 258 30 
3873 258 512 26 30 
3874 258 575 245 208 
3875 258 245 575 244 
3876 537 607 528 535 
3877 474 537 607 202 
3878 474 607 537 535 
3879 467 537 474 202 
3880 467 474 537 535 
3881 201 198 607 202 
3882 607 198 201 528 
3883 607 537 201 202 
3884 201 537 607 528 
3885 121 169 178 91 
3886 64 561 103 219 
3887 151 64 561 103 
3888 476 64 568 219 
3889 568 64 476 31 
3890 139 291 301 116 
3891 38 42 122 183 
3892 122 42 38 37 
3893 38 122 117 183 
3894 117 122 38 37 
3895 38 117 159 183 
3896 159 117 38 37 
3897 38 37 50 159 
3898 50 2 37 38 
3899 2 36 37 38 
3900 37 36 2 5 
3901 2 14 36 38 
3902 36 14 2 5 
3903 466 633 431 432 
3904 467 474 633 473 
3905 633 474 467 431 
3906 633 466 467 473 
3907 467 466 633 431 
3908 577 361 362 238 
3909 362 361 577 354 
3910 362 355 577 238 
3911 577 355 362 354 
3912 116 91 189 192 
3913 91 188 116 189 
3914 116 188 91 139 
3915 525 205 437 204 
3916 325 340 381 348 
3917 381 340 325 380 
3918 381 352 325 348 
3919 256 588 151 253 
3920 240 484 284 241 
3921 284 360 240 241 
3922 240 360 284 589 
3923 507 481 506 397 
3924 507 506 481 277 
3925 142 643 111 107 
3926 142 111 643 638 
3927 66 643 69 68 
3928 71 66 643 69 
3929 643 66 71 56 
3930 643 548 71 69 
3931 71 548 643 56 
3932 409 432 555 431 
3933 409 555 432 554 
3934 316 555 432 431 
3935 316 432 555 554 
3936 642 640 555 316 
3937 431 555 640 316 
3938 431 640 555 535 
3939 511 273 225 28 
3940 225 273 511 99 
3941 511 574 225 99 
3942 494 511 225 28 
3943 494 225 511 574 
3944 537 409 555 535 
3945 555 409 537 642 
3946 555 640 537 535 
3947 537 640 555 642 
3948 418 419 463 464 
3949 348 345 374 351 
3950 374 345 348 331 
3951 374 340 372 333 
3952 374 372 340 342 
3953 341 340 372 342 
3954 340 337 372 333 
3955 372 337 340 341 
3956 385 337 372 341 
3957 372 337 385 383 
3958 372 386 385 341 
3959 385 386 372 383 
3960 99 96 273 511 
3961 99 273 96 149 
3962 599 273 96 511 
3963 599 96 273 149 
3964 183 153 129 78 
3965 183 129 153 84 
3966 108 621 190 44 
3967 190 621 108 126 
3968 55 308 190 108 
3969 190 308 55 182 
3970 67 55 190 108 
3971 190 55 67 182 
3972 44 16 190 108 
3973 190 16 44 182 
3974 16 67 190 108 
3975 190 67 16 182 
3976 88 118 184 2 
3977 184 128 88 2 
3978 184 118 183 41 
3979 184 183 118 123 
3980 118 123 189 184 
3981 189 123 118 192 
3982 118 189 88 184 
3983 88 189 118 192 
3984 189 128 88 184 
3985 88 128 189 192 
3986 189 307 128 184 
3987 128 307 189 192 
3988 576 120 227 212 
3989 227 209 576 212 
3990 67 85 108 621 
3991 102 273 217 225 
3992 102 217 273 242 
3993 609 174 70 22 
3994 640 453 450 467 
3995 450 453 640 642 
3996 450 618 640 467 
3997 640 618 450 642 
3998 207 217 242 215 
3999 207 242 217 102 
4000 91 178 156 139 
4001 24 139 156 178 
4002 24 156 139 306 
4003 307 169 24 178 
4004 307 24 169 306 
4005 169 139 24 178 
4006 169 24 139 306 
4007 234 506 235 578 
4008 490 506 234 482 
4009 490 234 506 235 
4010 478 578 392 515 
4011 478 392 578 235 
4012 506 392 578 515 
4013 506 578 392 235 
4014 641 545 470 536 
4015 641 470 545 314 
4016 434 470 545 536 
4017 434 545 470 314 
4018 569 587 279 595 
4019 190 182 534 166 
4020 534 182 190 44 
4021 91 192 88 118 
4022 88 192 91 116 
4023 258 512 575 26 
4024 258 575 512 598 
4025 59 575 512 26 
4026 382 334 376 375 
4027 215 499 207 206 
4028 215 207 499 242 
4029 137 511 512 598 
4030 512 511 137 59 
4031 512 575 137 598 
4032 137 575 512 59 
4033 256 151 581 253 
4034 255 256 488 581 
4035 568 476 210 214 
4036 210 476 568 219 
4037 210 207 568 214 
4038 233 275 560 394 
4039 275 241 233 284 
4040 275 276 233 560 
4041 275 233 276 284 
4042 360 233 276 560 
4043 360 276 233 284 
4044 297 293 167 289 
4045 279 569 277 587 
4046 234 277 578 569 
4047 234 578 277 506 
4048 279 578 277 569 
4049 279 277 578 506 
4050 587 586 569 277 
4051 587 569 586 362 
4052 234 569 586 277 
4053 234 586 569 362 
4054 174 609 295 112 
4055 174 295 609 70 
4056 546 609 295 70 
4057 112 631 629 643 
4058 629 631 112 145 
4059 629 144 112 643 
4060 112 144 629 145 
4061 631 295 112 145 
4062 609 631 295 112 
4063 609 295 631 546 
4064 156 301 291 292 
4065 291 301 156 139 
4066 472 319 205 437 
4067 205 319 472 630 
4068 319 525 205 437 
4069 205 525 319 630 
4070 319 543 525 437 
4071 525 543 319 630 
4072 545 641 608 616 
4073 545 608 641 632 
4074 470 608 641 616 
4075 616 198 545 527 
4076 616 545 198 608 
4077 586 279 587 595 
4078 587 279 586 277 
4079 484 233 275 241 
4080 275 233 484 394 
4081 505 256 151 64 
4082 151 256 505 588 
4083 151 590 505 64 
4084 505 590 151 588 
4085 27 4 600 513 
4086 600 4 27 495 
4087 388 375 335 334 
4088 608 641 468 470 
4089 608 468 641 632 
4090 469 468 641 470 
4091 469 641 468 632 
4092 95 157 249 135 
4093 392 490 478 393 
4094 392 478 490 235 
4095 314 545 435 434 
4096 314 541 545 553 
4097 545 541 314 435 
4098 425 429 463 402 
4099 465 463 429 402 
4100 465 429 463 444 
4101 407 402 465 429 
4102 388 334 325 382 
4103 388 325 334 344 
4104 340 239 325 382 
4105 340 325 239 344 
4106 239 388 325 382 
4107 239 325 388 344 
4108 32 479 31 63 
4109 479 499 590 63 
4110 429 409 448 407 
4111 448 409 429 459 
4112 448 465 429 407 
4113 429 465 448 459 
4114 412 409 465 448 
4115 407 465 409 448 
4116 465 411 402 407 
4117 402 411 465 421 
4118 313 474 608 632 
4119 499 590 562 479 
4120 499 207 562 102 
4121 499 562 207 479 
4122 357 569 279 595 
4123 279 569 357 578 
4124 558 156 85 67 
4125 85 156 558 132 
4126 85 108 558 67 
4127 558 108 85 132 
4128 117 129 183 84 
4129 183 129 117 159 
4130 429 457 463 444 
4131 458 429 459 457 
4132 459 429 458 318 
4133 458 316 459 318 
4134 429 458 463 457 
4135 463 458 429 425 
4136 417 463 410 419 
4137 417 410 463 458 
4138 465 419 417 203 
4139 465 417 419 463 
4140 202 464 465 203 
4141 464 419 465 203 
4142 464 465 419 463 
4143 614 293 167 297 
4144 27 80 600 162 
4145 27 600 80 513 
4146 261 600 80 162 
4147 261 80 600 513 
4148 295 145 614 602 
4149 614 145 295 624 
4150 614 539 295 602 
4151 295 539 614 624 
4152 561 64 488 476 
4153 255 256 508 488 
4154 255 508 256 498 
4155 64 508 256 488 
4156 64 256 508 498 
4157 380 281 516 382 
4158 352 281 380 382 
4159 325 380 352 381 
4160 325 352 380 382 
4161 167 614 551 293 
4162 2 53 47 5 
4163 47 53 2 48 
4164 5 1 47 37 
4165 47 1 5 53 
4166 57 94 495 125 
4167 57 229 495 27 
4168 495 229 57 125 
4169 137 575 511 96 
4170 137 511 575 59 
4171 574 575 511 59 
4172 575 26 494 12 
4173 494 26 575 59 
4174 97 600 27 495 
4175 27 600 97 162 
4176 97 136 27 162 
4177 136 57 495 27 
4178 495 57 136 94 
4179 495 97 136 27 
4180 136 97 495 94 
4181 150 102 562 101 
4182 562 102 150 499 
4183 562 590 150 101 
4184 150 590 562 499 
4185 210 33 255 246 
4186 255 33 210 488 
4187 255 218 210 246 
4188 210 218 255 488 
4189 167 297 114 614 
4190 114 297 167 289 
4191 70 643 546 609 
4192 546 643 70 548 
4193 218 210 593 571 
4194 218 593 210 246 
4195 496 210 593 246 
4196 284 484 275 241 
4197 275 284 394 484 
4198 275 394 284 283 
4199 504 284 394 283 
4200 602 167 551 176 
4201 551 167 602 614 
4202 581 246 218 255 
4203 581 218 246 593 
4204 14 156 178 24 
4205 156 49 306 14 
4206 156 306 49 54 
4207 306 49 307 14 
4208 306 307 49 54 
4209 307 309 49 54 
4210 85 91 49 156 
4211 49 91 85 121 
4212 91 14 49 156 
4213 49 14 91 121 
4214 91 178 14 156 
4215 14 178 91 121 
4216 213 120 249 95 
4217 213 249 120 35 
4218 157 249 120 95 
4219 157 120 249 35 
4220 538 517 522 531 
4221 481 389 586 362 
4222 514 586 389 362 
4223 514 507 481 586 
4224 481 389 514 586 
4225 174 176 551 529 
4226 551 176 174 602 
4227 157 40 495 87 
4228 495 40 157 4 
4229 385 366 363 379 
4230 363 366 385 383 
4231 385 337 363 383 
4232 380 374 340 342 
4233 340 374 380 381 
4234 374 348 381 340 
4235 381 348 374 350 
4236 459 642 448 409 
4237 459 448 642 453 
4238 450 448 642 409 
4239 450 642 448 453 
4240 97 87 600 495 
4241 97 600 87 130 
4242 157 600 87 495 
4243 157 87 600 130 
4244 627 538 522 543 
4245 2 78 309 128 
4246 2 309 78 46 
4247 581 488 64 256 
4248 64 488 581 561 
4249 64 151 581 256 
4250 581 151 64 561 
4251 480 284 240 484 
4252 240 284 480 589 
4253 284 480 394 484 
4254 496 284 510 501 
4255 510 284 496 589 
4256 284 489 510 501 
4257 510 489 284 589 
4258 489 480 284 589 
4259 394 501 284 504 
4260 496 589 489 510 
4261 496 489 589 585 
4262 424 428 399 422 
4263 627 622 522 538 
4264 522 622 627 636 
4265 622 517 522 538 
4266 522 517 622 636 
4267 622 167 517 538 
4268 517 167 622 636 
4269 556 619 643 56 
4270 556 643 619 638 
4271 540 541 521 626 
4272 521 541 540 550 
4273 540 604 521 550 
4274 437 531 522 436 
4275 522 531 437 543 
4276 522 525 437 436 
4277 437 525 522 543 
4278 337 351 372 322 
4279 372 351 337 363 
4280 428 408 410 399 
4281 410 408 428 441 
4282 410 414 428 399 
4283 428 414 410 441 
4284 475 104 593 571 
4285 593 210 475 571 
4286 104 475 594 559 
4287 33 489 210 475 
4288 33 210 489 496 
4289 593 489 104 475 
4290 593 104 489 496 
4291 210 489 593 475 
4292 210 593 489 496 
4293 489 594 104 475 
4294 104 496 594 489 
4295 104 594 496 580 
4296 585 594 496 489 
4297 585 496 594 580 
4298 233 509 560 477 
4299 233 560 509 394 
4300 484 395 233 477 
4301 484 233 395 394 
4302 395 509 233 477 
4303 395 233 509 394 
4304 437 205 197 196 
4305 197 205 437 540 
4306 197 550 437 196 
4307 437 550 197 540 
4308 613 197 550 540 
4309 197 472 613 603 
4310 613 472 197 540 
4311 197 205 472 603 
4312 472 205 197 540 
4313 604 530 613 603 
4314 604 613 530 550 
4315 197 613 530 603 
4316 197 530 613 550 
4317 509 592 275 560 
4318 275 592 509 497 
4319 275 394 509 560 
4320 509 394 275 497 
4321 624 614 114 297 
4322 114 614 624 634 
4323 114 622 624 297 
4324 624 622 114 634 
4325 538 293 167 551 
4326 538 167 293 289 
4327 500 592 275 497 
4328 275 592 500 582 
4329 544 474 608 313 
4330 608 474 544 607 
4331 608 198 544 313 
4332 544 198 608 607 
4333 469 635 540 626 
4334 540 635 469 604 
4335 540 521 469 626 
4336 469 521 540 604 
4337 418 449 441 460 
4338 418 441 449 410 
4339 363 351 379 378 
4340 441 428 456 455 
4341 456 428 441 414 
4342 351 338 322 337 
4343 385 351 338 379 
4344 385 338 351 337 
4345 363 351 385 379 
4346 363 385 351 337 
4347 322 351 374 345 
4348 374 351 322 372 
4349 345 322 333 374 
4350 333 322 345 321 
4351 333 331 345 374 
4352 345 331 333 321 
4353 377 336 349 339 
4354 377 349 336 346 
4355 326 349 336 339 
4356 326 336 349 346 
4357 428 414 424 399 
4358 424 414 428 456 
4359 403 401 405 413 
4360 405 401 403 400 
4361 368 366 369 384 
4362 369 366 368 365 
4363 410 463 418 419 
4364 410 418 463 449 
4365 346 353 369 377 
4366 346 369 353 327 
4367 405 406 447 430 
4368 405 446 406 420 
4369 406 446 405 447 
4370 178 534 169 121 
4371 169 534 178 170 
4372 394 489 284 501 
4373 394 284 489 480 
4374 322 366 379 347 
4375 379 366 322 338 
4376 379 351 322 347 
4377 322 351 379 338 
4378 304 298 295 631 
4379 304 643 546 286 
4380 546 643 304 631 
4381 295 304 546 286 
4382 546 304 295 631 
4383 479 28 31 29 
4384 479 31 28 32 
4385 643 110 109 113 
4386 115 643 110 109 
4387 115 110 643 605 
4388 144 643 143 113 
4389 49 24 307 14 
4390 307 24 49 309 
4391 281 516 492 514 
4392 202 417 465 421 
4393 202 465 417 203 
4394 643 524 526 22 
4395 643 526 524 520 
4396 519 526 524 22 
4397 519 524 526 520 
4398 335 354 325 330 
4399 325 354 335 334 
4400 325 382 376 330 
4401 376 382 325 334 
4402 335 325 376 330 
4403 376 325 335 334 
4404 375 579 388 335 
4405 375 388 579 371 
4406 431 407 412 409 
4407 431 412 407 411 
4408 465 412 407 409 
4409 465 407 412 411 
4410 495 94 87 576 
4411 495 87 94 97 
4412 230 209 229 495 
4413 209 120 230 227 
4414 230 120 209 495 
4415 209 576 120 227 
4416 120 576 209 495 
4417 226 209 228 227 
4418 226 228 209 229 
4419 230 228 209 227 
4420 230 209 228 229 
4421 507 389 481 397 
4422 481 389 507 514 
4423 2 47 37 5 
4424 37 47 2 50 
4425 143 629 643 144 
4426 143 643 629 625 
4427 22 18 643 25 
4428 643 18 22 21 
4429 243 247 273 252 
4430 273 247 243 254 
4431 254 258 273 247 
4432 254 273 258 511 
4433 34 26 479 29 
4434 34 479 26 12 
4435 143 643 638 140 
4436 638 643 143 637 
4437 143 625 638 637 
4438 628 638 143 625 
4439 628 143 638 140 
4440 642 458 459 457 
4441 642 459 458 316 
4442 293 304 295 286 
4443 293 295 304 298 
4444 297 296 293 286 
4445 297 293 296 298 
4446 296 304 293 286 
4447 296 293 304 298 
4448 464 618 465 463 
4449 465 618 464 202 
4450 159 259 262 264 
4451 262 259 159 263 
4452 516 280 380 381 
4453 516 380 280 281 
4454 352 380 282 381 
4455 352 282 380 281 
4456 380 280 282 381 
4457 380 282 280 281 
4458 281 492 376 597 
4459 376 492 281 516 
4460 281 382 376 516 
4461 568 225 217 219 
4462 568 217 225 207 
4463 218 210 217 219 
4464 218 217 210 207 
4465 210 568 217 219 
4466 210 217 568 207 
4467 235 233 490 236 
4468 490 233 235 478 
4469 281 352 376 382 
4470 376 352 281 597 
4471 117 185 118 84 
4472 119 123 185 193 
4473 185 123 119 118 
4474 185 117 119 193 
4475 119 117 185 118 
4476 511 575 99 96 
4477 511 99 575 574 
4478 562 99 575 96 
4479 562 575 99 574 
4480 605 619 643 93 
4481 643 619 605 620 
$EndElements
