$MeshFormat
4.1 0 8
$EndMeshFormat
$Entities
0 0 1 1
1 0.8320000171661377 0.5869762897491455 -1.056564569473267 1.167999982833862 0.9229763150215149 2.07656455039978 0 0 
1 0.8320000171661377 0.5869762897491455 -1.056564569473267 1.167999982833862 0.9229763150215149 2.07656455039978 0 1 1 
$EndEntities
$Nodes
2 645 1 645
2 1 0 642
1
2
3
4
5
6
7
8
9
10
11
12
13
14
15
16
17
18
19
20
21
22
23
24
25
26
27
28
29
30
31
32
33
34
35
36
37
38
39
40
41
42
43
44
45
46
47
48
49
50
51
52
53
54
55
56
57
58
59
60
61
62
63
64
65
66
67
68
69
70
71
72
73
74
75
76
77
78
79
80
81
82
83
84
85
86
87
88
89
90
91
92
93
94
95
96
97
98
99
100
101
102
103
104
105
106
107
108
109
110
111
112
113
114
115
116
117
118
119
120
121
122
123
124
125
126
127
128
129
130
131
132
133
134
135
136
137
138
139
140
141
142
143
144
145
146
147
148
149
150
151
152
153
154
155
156
157
158
159
160
161
162
163
164
165
166
167
168
169
170
171
172
173
174
175
176
177
178
179
180
181
182
183
184
185
186
187
188
189
190
191
192
193
194
195
196
197
198
199
200
201
202
203
204
205
206
207
208
209
210
211
212
213
214
215
216
217
218
219
220
221
222
223
224
225
226
227
228
229
230
231
232
233
234
235
236
237
238
239
240
241
242
243
244
245
246
247
248
249
250
251
252
253
254
255
256
257
258
259
260
261
262
263
264
265
266
267
268
269
270
271
272
273
274
275
276
277
278
279
280
281
282
283
284
285
286
287
288
289
290
291
292
293
294
295
296
297
298
299
300
301
302
303
304
305
306
307
308
309
310
311
312
313
314
315
316
317
318
319
320
321
322
323
324
325
326
327
328
329
330
331
332
333
334
335
336
337
338
339
340
341
342
343
344
345
346
347
348
349
350
351
352
353
354
355
356
357
358
359
360
361
362
363
364
365
366
367
368
369
370
371
372
373
374
375
376
377
378
379
380
381
382
383
384
385
386
387
388
389
390
391
392
393
394
395
396
397
398
399
400
401
402
403
404
405
406
407
408
409
410
411
412
413
414
415
416
417
418
419
420
421
422
423
424
425
426
427
428
429
430
431
432
433
434
435
436
437
438
439
440
441
442
443
444
445
446
447
448
449
450
451
452
453
454
455
456
457
458
459
460
461
462
463
464
465
466
467
468
469
470
471
472
473
474
475
476
477
478
479
480
481
482
483
484
485
486
487
488
489
490
491
492
493
494
495
496
497
498
499
500
501
502
503
504
505
506
507
508
509
510
511
512
513
514
515
516
517
518
519
520
521
522
523
524
525
526
527
528
529
530
531
532
533
534
535
536
537
538
539
540
541
542
543
544
545
546
547
548
549
550
551
552
553
554
555
556
557
558
559
560
561
562
563
564
565
566
567
568
569
570
571
572
573
574
575
576
577
578
579
580
581
582
583
584
585
586
587
588
589
590
591
592
593
594
595
596
597
598
599
600
601
602
603
604
605
606
607
608
609
610
611
612
613
614
615
616
617
618
619
620
621
622
623
624
625
626
627
628
629
630
631
632
633
634
635
636
637
638
639
640
641
642
1.067133903503418 0.9083573222160339 0.6389652490615845
1.067133903503418 0.9083573222160339 0.3810348212718964
1.044756054878235 0.9169049859046936 0.5099999904632568
1.044161319732666 0.914753794670105 0.7645038366317749
1.088322877883911 0.8978856205940247 0.5099999904632568
1.044161319732666 0.914753794670105 0.2554961740970612
1.022356033325195 0.9209079742431641 0.6388381719589233
1.022356033325195 0.9209079742431641 0.3811618685722351
1 0.9229763150215149 0.5099999904632568
1.087235450744629 0.8961261510848999 0.7550647258758545
1.064879417419434 0.9046653509140015 0.8839028477668762
1.083999991416931 0.8908911347389221 0.9940950274467468
1.064879417419434 0.9046653509140015 0.1360971927642822
1.087235450744629 0.8961261510848999 0.2649353444576263
1.083999991416931 0.8908911347389221 0.02590501308441162
1.022309184074402 0.917330265045166 0.1651724576950073
1.044365882873535 0.9089052677154541 0.0380585789680481
1.022118091583252 0.910259485244751 -0.05118849873542786
1 0.916581928730011 0.08191028237342834
1.043661832809448 0.8999046087265015 -0.1697144508361816
1 0.908703625202179 -0.1218822300434113
1.02204155921936 0.9002844095230103 -0.2489091753959656
1 0.8978856205940247 -0.3135917782783508
1 0.9213700294494629 0.2938889265060425
1.064447045326233 0.8967533707618713 -0.07752209901809692
1.044365882873535 0.9089052677154541 0.9819414615631104
1.022309184074402 0.917330265045166 0.8548275828361511
1.022118091583252 0.910259485244751 1.071188569068909
1.043661832809448 0.8999046087265015 1.189714431762695
1 0.916581928730011 0.9380897283554077
1.02204155921936 0.9002844095230103 1.268909215927124
1 0.908703625202179 1.141882181167603
1 0.8978856205940247 1.33359169960022
1.064447045326233 0.8967533707618713 1.097522020339966
1 0.9213700294494629 0.7261111736297607
1.10420024394989 0.8860506415367126 0.3828860819339752
1.10420024394989 0.8860506415367126 0.6371139287948608
1.119495391845703 0.8730646967887878 0.5099999904632568
1.11794376373291 0.8715314269065857 0.2583752572536469
1.11794376373291 0.8715314269065857 0.761624813079834
1.131685614585876 0.8584041595458984 0.3829731345176697
1.131685614585876 0.8584041595458984 0.6370269060134888
1.142909288406372 0.8432990908622742 0.5099999904632568
1.101946592330933 0.8824298977851868 0.1385890245437622
1.101946592330933 0.8824298977851868 0.8814110159873962
0.9328660368919373 0.9083573222160339 0.3810348212718964
0.9328660368919373 0.9083573222160339 0.6389652490615845
0.9552440047264099 0.9169049859046936 0.5099999904632568
0.9558385610580444 0.914753794670105 0.2554961740970612
0.9116771817207336 0.8978856205940247 0.5099999904632568
0.9558385610580444 0.914753794670105 0.7645038366317749
0.9776440858840942 0.9209079742431641 0.3811618685722351
0.9776440858840942 0.9209079742431641 0.6388381719589233
0.9127645492553711 0.8961261510848999 0.2649353444576263
0.9351205229759216 0.9046653509140015 0.1360971927642822
0.9160000085830688 0.8908911347389221 0.02590501308441162
0.9351205229759216 0.9046653509140015 0.8839028477668762
0.9127645492553711 0.8961261510848999 0.7550647258758545
0.9160000085830688 0.8908911347389221 0.9940950274467468
0.9776908755302429 0.917330265045166 0.8548275828361511
0.9556340575218201 0.9089052677154541 0.9819414615631104
0.977881908416748 0.910259485244751 1.071188569068909
0.9563381671905518 0.8999046087265015 1.189714431762695
0.9779583811759949 0.9002844095230103 1.268909215927124
0.9355528950691223 0.8967533707618713 1.097522020339966
0.9556340575218201 0.9089052677154541 0.0380585789680481
0.9776908755302429 0.917330265045166 0.1651724576950073
0.977881908416748 0.910259485244751 -0.05118849873542786
0.9563381671905518 0.8999046087265015 -0.1697144508361816
0.9779583811759949 0.9002844095230103 -0.2489091753959656
0.9355528950691223 0.8967533707618713 -0.07752209901809692
0.8957997560501099 0.8860506415367126 0.6371139287948608
0.8957997560501099 0.8860506415367126 0.3828860819339752
0.8805046677589417 0.8730646967887878 0.5099999904632568
0.8820562362670898 0.8715314269065857 0.761624813079834
0.8820562362670898 0.8715314269065857 0.2583752572536469
0.8683143854141235 0.8584041595458984 0.6370269060134888
0.8683143854141235 0.8584041595458984 0.3829731345176697
0.8570906519889832 0.8432990908622742 0.5099999904632568
0.8980533480644226 0.8824298977851868 0.8814110159873962
0.8980533480644226 0.8824298977851868 0.1385890245437622
1.067133903503418 0.6015952229499817 0.3810348212718964
1.067133903503418 0.6015952229499817 0.6389652490615845
1.044756054878235 0.5930476188659668 0.5099999904632568
1.044161319732666 0.5951987504959106 0.2554961740970612
1.088322877883911 0.612066924571991 0.5099999904632568
1.044161319732666 0.5951987504959106 0.7645038366317749
1.022356033325195 0.5890446305274963 0.3811618685722351
1.022356033325195 0.5890446305274963 0.6388381719589233
1 0.5869762897491455 0.5099999904632568
1.087235450744629 0.6138263940811157 0.2649353444576263
1.064879417419434 0.6052871942520142 0.1360971927642822
1.083999991416931 0.6190614104270935 0.02590501308441162
1.064879417419434 0.6052871942520142 0.8839028477668762
1.087235450744629 0.6138263940811157 0.7550647258758545
1.083999991416931 0.6190614104270935 0.9940950274467468
1.022309184074402 0.5926222801208496 0.8548275828361511
1.044365882873535 0.6010472774505615 0.9819414615631104
1.022118091583252 0.5996931195259094 1.071188569068909
1 0.5933706164360046 0.9380897283554077
1.043661832809448 0.6100479960441589 1.189714431762695
1 0.6012489795684814 1.141882181167603
1.02204155921936 0.6096681356430054 1.268909215927124
1 0.612066924571991 1.33359169960022
1 0.5885825157165527 0.7261111736297607
1.064447045326233 0.6131991744041443 1.097522020339966
1.044365882873535 0.6010472774505615 0.0380585789680481
1.022309184074402 0.5926222801208496 0.1651724576950073
1.022118091583252 0.5996931195259094 -0.05118849873542786
1.043661832809448 0.6100479960441589 -0.1697144508361816
1 0.5933706164360046 0.08191028237342834
1.02204155921936 0.6096681356430054 -0.2489091753959656
1 0.6012489795684814 -0.1218822300434113
1 0.612066924571991 -0.3135917782783508
1.064447045326233 0.6131991744041443 -0.07752209901809692
1 0.5885825157165527 0.2938889265060425
1.10420024394989 0.6239019632339478 0.6371139287948608
1.10420024394989 0.6239019632339478 0.3828860819339752
1.119495391845703 0.6368879079818726 0.5099999904632568
1.11794376373291 0.6384211778640747 0.761624813079834
1.11794376373291 0.6384211778640747 0.2583752572536469
1.131685614585876 0.651548445224762 0.6370269060134888
1.131685614585876 0.651548445224762 0.3829731345176697
1.142909288406372 0.6666534543037415 0.5099999904632568
1.101946592330933 0.6275227069854736 0.8814110159873962
1.101946592330933 0.6275227069854736 0.1385890245437622
0.9328660368919373 0.6015952229499817 0.6389652490615845
0.9328660368919373 0.6015952229499817 0.3810348212718964
0.9552440047264099 0.5930476188659668 0.5099999904632568
0.9558385610580444 0.5951987504959106 0.7645038366317749
0.9116771817207336 0.612066924571991 0.5099999904632568
0.9558385610580444 0.5951987504959106 0.2554961740970612
0.9776440858840942 0.5890446305274963 0.6388381719589233
0.9776440858840942 0.5890446305274963 0.3811618685722351
0.9127645492553711 0.6138263940811157 0.7550647258758545
0.9351205229759216 0.6052871942520142 0.8839028477668762
0.9160000085830688 0.6190614104270935 0.9940950274467468
0.9351205229759216 0.6052871942520142 0.1360971927642822
0.9127645492553711 0.6138263940811157 0.2649353444576263
0.9160000085830688 0.6190614104270935 0.02590501308441162
0.9776908755302429 0.5926222801208496 0.1651724576950073
0.9556340575218201 0.6010472774505615 0.0380585789680481
0.977881908416748 0.5996931195259094 -0.05118849873542786
0.9563381671905518 0.6100479960441589 -0.1697144508361816
0.9779583811759949 0.6096681356430054 -0.2489091753959656
0.9355528950691223 0.6131991744041443 -0.07752209901809692
0.9556340575218201 0.6010472774505615 0.9819414615631104
0.9776908755302429 0.5926222801208496 0.8548275828361511
0.977881908416748 0.5996931195259094 1.071188569068909
0.9563381671905518 0.6100479960441589 1.189714431762695
0.9779583811759949 0.6096681356430054 1.268909215927124
0.9355528950691223 0.6131991744041443 1.097522020339966
0.8957997560501099 0.6239019632339478 0.3828860819339752
0.8957997560501099 0.6239019632339478 0.6371139287948608
0.8805046677589417 0.6368879079818726 0.5099999904632568
0.8820562362670898 0.6384211778640747 0.2583752572536469
0.8820562362670898 0.6384211778640747 0.761624813079834
0.8683143854141235 0.651548445224762 0.3829731345176697
0.8683143854141235 0.651548445224762 0.6370269060134888
0.8570906519889832 0.6666534543037415 0.5099999904632568
0.8980533480644226 0.6275227069854736 0.1385890245437622
0.8980533480644226 0.6275227069854736 0.8814110159873962
1.153380990028381 0.74114590883255 -0.1160101592540741
1.153380990028381 0.7688066959381104 -0.1160101592540741
1.161928653717041 0.7549762725830078 0.09265981614589691
1.159777522087097 0.7276830673217773 0.09820413589477539
1.142909288406372 0.7549762725830078 -0.3135917782783508
1.159777522087097 0.7822695970535278 0.09820413589477539
1.165931701660156 0.7411595582962036 0.3015355169773102
1.165931701660156 0.768792986869812 0.3015355169773102
1.167999982833862 0.7549762725830078 0.5099999904632568
1.141149997711182 0.728695273399353 -0.3034518957138062
1.149689078330994 0.7148785591125488 -0.0949874222278595
1.13591480255127 0.7030614614486694 -0.2732822299003601
1.149689078330994 0.7950739860534668 -0.0949874222278595
1.141149997711182 0.7812572717666626 -0.3034518957138062
1.13591480255127 0.806891143321991 -0.2732822299003601
1.162353992462158 0.7919559478759766 0.3019720315933228
1.153928995132446 0.8055877685546875 0.09629738330841064
1.155283212661743 0.8151587247848511 0.3037534058094025
1.161605596542358 0.8008850812911987 0.5099999904632568
1.144928216934204 0.8278695344924927 0.1028625816106796
1.153727293014526 0.8227399587631226 0.5099999904632568
1.145308136940002 0.8363624811172485 0.304466187953949
1.166393756866455 0.7781522274017334 0.5099999904632568
1.141777038574219 0.8179827928543091 -0.09095561504364014
1.153928995132446 0.7043647766113281 0.09629738330841064
1.162353992462158 0.7179965972900391 0.3019720315933228
1.155283212661743 0.6947938203811646 0.3037534058094025
1.144928216934204 0.6820830106735229 0.1028625816106796
1.161605596542358 0.7090674638748169 0.5099999904632568
1.145308136940002 0.6735900640487671 0.304466187953949
1.153727293014526 0.6872125864028931 0.5099999904632568
1.141777038574219 0.6919698119163513 -0.09095561504364014
1.166393756866455 0.7318003177642822 0.5099999904632568
1.13107442855835 0.7686080932617188 -0.461645245552063
1.13107442855835 0.7413444519042969 -0.461645245552063
1.118088483810425 0.7549762725830078 -0.6042686700820923
1.116555213928223 0.7819608449935913 -0.5898010730743408
1.116555213928223 0.7279918193817139 -0.5898010730743408
1.103427886962891 0.7685987949371338 -0.717940628528595
1.103427886962891 0.7413537502288818 -0.717940628528595
1.088322877883911 0.7549762725830078 -0.822599470615387
1.127453565597534 0.7948068380355835 -0.4406307339668274
1.127453565597534 0.7151457667350769 -0.4406307339668274
1.153380990028381 0.7688066959381104 1.13601016998291
1.153380990028381 0.74114590883255 1.13601016998291
1.161928653717041 0.7549762725830078 0.9273402094841003
1.159777522087097 0.7822695970535278 0.9217959046363831
1.142909288406372 0.7549762725830078 1.33359169960022
1.159777522087097 0.7276830673217773 0.9217959046363831
1.165931701660156 0.768792986869812 0.7184644937515259
1.165931701660156 0.7411595582962036 0.7184644937515259
1.141149997711182 0.7812572717666626 1.323451995849609
1.149689078330994 0.7950739860534668 1.114987373352051
1.13591480255127 0.806891143321991 1.293282270431519
1.149689078330994 0.7148785591125488 1.114987373352051
1.141149997711182 0.728695273399353 1.323451995849609
1.13591480255127 0.7030614614486694 1.293282270431519
1.162353992462158 0.7179965972900391 0.7180280089378357
1.153928995132446 0.7043647766113281 0.9237026572227478
1.155283212661743 0.6947938203811646 0.7162466049194336
1.144928216934204 0.6820830106735229 0.9171374440193176
1.145308136940002 0.6735900640487671 0.7155338525772095
1.141777038574219 0.6919698119163513 1.110955715179443
1.153928995132446 0.8055877685546875 0.9237026572227478
1.162353992462158 0.7919559478759766 0.7180280089378357
1.155283212661743 0.8151587247848511 0.7162466049194336
1.144928216934204 0.8278695344924927 0.9171374440193176
1.145308136940002 0.8363624811172485 0.7155338525772095
1.141777038574219 0.8179827928543091 1.110955715179443
1.13107442855835 0.7413444519042969 1.481645345687866
1.13107442855835 0.7686080932617188 1.481645345687866
1.118088483810425 0.7549762725830078 1.624268770217896
1.116555213928223 0.7279918193817139 1.609801054000854
1.116555213928223 0.7819608449935913 1.609801054000854
1.103427886962891 0.7413537502288818 1.737940549850464
1.103427886962891 0.7685987949371338 1.737940549850464
1.088322877883911 0.7549762725830078 1.842599630355835
1.127453565597534 0.7151457667350769 1.460630655288696
1.127453565597534 0.7948068380355835 1.460630655288696
0.8466189503669739 0.74114590883255 1.13601016998291
0.8466189503669739 0.7688066959381104 1.13601016998291
0.8380712866783142 0.7549762725830078 0.9273402094841003
0.8402224779129028 0.7276830673217773 0.9217959046363831
0.8570906519889832 0.7549762725830078 1.33359169960022
0.8402224779129028 0.7822695970535278 0.9217959046363831
0.8340683579444885 0.7411595582962036 0.7184644937515259
0.8340683579444885 0.768792986869812 0.7184644937515259
0.8320000171661377 0.7549762725830078 0.5099999904632568
0.8588501214981079 0.728695273399353 1.323451995849609
0.8503109216690063 0.7148785591125488 1.114987373352051
0.8640851378440857 0.7030614614486694 1.293282270431519
0.8503109216690063 0.7950739860534668 1.114987373352051
0.8588501214981079 0.7812572717666626 1.323451995849609
0.8640851378440857 0.806891143321991 1.293282270431519
0.8376460075378418 0.7919559478759766 0.7180280089378357
0.8460710048675537 0.8055877685546875 0.9237026572227478
0.8447168469429016 0.8151587247848511 0.7162466049194336
0.8383943438529968 0.8008850812911987 0.5099999904632568
0.8550717234611511 0.8278695344924927 0.9171374440193176
0.8462727069854736 0.8227399587631226 0.5099999904632568
0.8546918630599976 0.8363624811172485 0.7155338525772095
0.8336062431335449 0.7781522274017334 0.5099999904632568
0.8582229018211365 0.8179827928543091 1.110955715179443
0.8460710048675537 0.7043647766113281 0.9237026572227478
0.8376460075378418 0.7179965972900391 0.7180280089378357
0.8447168469429016 0.6947938203811646 0.7162466049194336
0.8550717234611511 0.6820830106735229 0.9171374440193176
0.8383943438529968 0.7090674638748169 0.5099999904632568
0.8546918630599976 0.6735900640487671 0.7155338525772095
0.8462727069854736 0.6872125864028931 0.5099999904632568
0.8582229018211365 0.6919698119163513 1.110955715179443
0.8336062431335449 0.7318003177642822 0.5099999904632568
0.8689256310462952 0.7686080932617188 1.481645345687866
0.8689256310462952 0.7413444519042969 1.481645345687866
0.88191157579422 0.7549762725830078 1.624268770217896
0.8834448456764221 0.7819608449935913 1.609801054000854
0.8834448456764221 0.7279918193817139 1.609801054000854
0.8965721726417542 0.7685987949371338 1.737940549850464
0.8965721726417542 0.7413537502288818 1.737940549850464
0.9116771817207336 0.7549762725830078 1.842599630355835
0.872546374797821 0.7948068380355835 1.460630655288696
0.872546374797821 0.7151457667350769 1.460630655288696
0.8466189503669739 0.7688066959381104 -0.1160101592540741
0.8466189503669739 0.74114590883255 -0.1160101592540741
0.8380712866783142 0.7549762725830078 0.09265981614589691
0.8402224779129028 0.7822695970535278 0.09820413589477539
0.8570906519889832 0.7549762725830078 -0.3135917782783508
0.8402224779129028 0.7276830673217773 0.09820413589477539
0.8340683579444885 0.768792986869812 0.3015355169773102
0.8340683579444885 0.7411595582962036 0.3015355169773102
0.8588501214981079 0.7812572717666626 -0.3034518957138062
0.8503109216690063 0.7950739860534668 -0.0949874222278595
0.8640851378440857 0.806891143321991 -0.2732822299003601
0.8503109216690063 0.7148785591125488 -0.0949874222278595
0.8588501214981079 0.728695273399353 -0.3034518957138062
0.8640851378440857 0.7030614614486694 -0.2732822299003601
0.8376460075378418 0.7179965972900391 0.3019720315933228
0.8460710048675537 0.7043647766113281 0.09629738330841064
0.8447168469429016 0.6947938203811646 0.3037534058094025
0.8550717234611511 0.6820830106735229 0.1028625816106796
0.8546918630599976 0.6735900640487671 0.304466187953949
0.8582229018211365 0.6919698119163513 -0.09095561504364014
0.8460710048675537 0.8055877685546875 0.09629738330841064
0.8376460075378418 0.7919559478759766 0.3019720315933228
0.8447168469429016 0.8151587247848511 0.3037534058094025
0.8550717234611511 0.8278695344924927 0.1028625816106796
0.8546918630599976 0.8363624811172485 0.304466187953949
0.8582229018211365 0.8179827928543091 -0.09095561504364014
0.8689256310462952 0.7413444519042969 -0.461645245552063
0.8689256310462952 0.7686080932617188 -0.461645245552063
0.88191157579422 0.7549762725830078 -0.6042686700820923
0.8834448456764221 0.7279918193817139 -0.5898010730743408
0.8834448456764221 0.7819608449935913 -0.5898010730743408
0.8965721726417542 0.7413537502288818 -0.717940628528595
0.8965721726417542 0.7685987949371338 -0.717940628528595
0.9116771817207336 0.7549762725830078 -0.822599470615387
0.872546374797821 0.7151457667350769 -0.4406307339668274
0.872546374797821 0.7948068380355835 -0.4406307339668274
0.9861696362495422 0.6878423690795898 1.940245866775513
1.013830423355103 0.6878423690795898 1.940245866775513
1 0.7102203369140625 2.01995062828064
0.9727067351341248 0.7108148336410522 1.99989128112793
1 0.6666534543037415 1.842599630355835
1.02729320526123 0.7108148336410522 1.99989128112793
0.9861832857131958 0.7326203584671021 2.05727744102478
1.013816714286804 0.7326203584671021 2.05727744102478
1 0.7549762725830078 2.07656455039978
0.9737190008163452 0.6677408218383789 1.826192855834961
0.959902286529541 0.6900967955589294 1.905819177627563
0.9480851292610168 0.6709762811660767 1.777377367019653
1.040097713470459 0.6900967955589294 1.905819177627563
1.026280999183655 0.6677408218383789 1.826192855834961
1.051914811134338 0.6709762811660767 1.777377367019653
1.036979675292969 0.7326671481132507 2.023916482925415
1.05061149597168 0.7106103897094727 1.945355653762817
1.060182452201843 0.7328581809997559 1.957982778549194
1.045908689498901 0.7549762725830078 2.016938447952271
1.072893261909485 0.7113144397735596 1.861425638198853
1.067763805389404 0.7549762725830078 1.943474531173706
1.081386208534241 0.7329346537590027 1.864967584609985
1.023175954818726 0.7549762725830078 2.061586380004883
1.063006401062012 0.6905291676521301 1.83204174041748
0.9493885040283203 0.7106103897094727 1.945355653762817
0.9630203247070312 0.7326671481132507 2.023916482925415
0.9398175477981567 0.7328581809997559 1.957982778549194
0.9271067380905151 0.7113144397735596 1.861425638198853
0.9540911912918091 0.7549762725830078 2.016938447952271
0.9186137914657593 0.7329346537590027 1.864967584609985
0.9322363138198853 0.7549762725830078 1.943474531173706
0.9369935393333435 0.6905291676521301 1.83204174041748
0.9768240451812744 0.7549762725830078 2.061586380004883
1.013631820678711 0.6507760286331177 1.732240438461304
0.9863681793212891 0.6507760286331177 1.732240438461304
1 0.6354809999465942 1.611149072647095
1.026984453201294 0.6370325088500977 1.596851825714111
0.9730154871940613 0.6370325088500977 1.596851825714111
1.013622522354126 0.6232906579971313 1.474443197250366
0.986377477645874 0.6232906579971313 1.474443197250366
1.039830446243286 0.6530296802520752 1.698477983474731
0.9601694941520691 0.6530296802520752 1.698477983474731
1.013830423355103 0.8221102356910706 1.940245866775513
0.9861696362495422 0.8221102356910706 1.940245866775513
1 0.7997322678565979 2.01995062828064
1.02729320526123 0.7991377115249634 1.99989128112793
1 0.8432990908622742 1.842599630355835
0.9727067351341248 0.7991377115249634 1.99989128112793
1.013816714286804 0.7773322463035583 2.05727744102478
0.9861832857131958 0.7773322463035583 2.05727744102478
1.026280999183655 0.8422117233276367 1.826192855834961
1.040097713470459 0.8198557496070862 1.905819177627563
1.051914811134338 0.838976263999939 1.777377367019653
0.959902286529541 0.8198557496070862 1.905819177627563
0.9737190008163452 0.8422117233276367 1.826192855834961
0.9480851292610168 0.838976263999939 1.777377367019653
0.9630203247070312 0.7772854566574097 2.023916482925415
0.9493885040283203 0.7993422150611877 1.945355653762817
0.9398175477981567 0.7770944237709045 1.957982778549194
0.9271067380905151 0.7986381053924561 1.861425638198853
0.9186137914657593 0.7770179510116577 1.864967584609985
0.9369935393333435 0.8194233775138855 1.83204174041748
1.05061149597168 0.7993422150611877 1.945355653762817
1.036979675292969 0.7772854566574097 2.023916482925415
1.060182452201843 0.7770944237709045 1.957982778549194
1.072893261909485 0.7986381053924561 1.861425638198853
1.081386208534241 0.7770179510116577 1.864967584609985
1.063006401062012 0.8194233775138855 1.83204174041748
0.9863681793212891 0.8591765165328979 1.732240438461304
1.013631820678711 0.8591765165328979 1.732240438461304
1 0.8744716048240662 1.611149072647095
0.9730154871940613 0.8729200959205627 1.596851825714111
1.026984453201294 0.8729200959205627 1.596851825714111
0.986377477645874 0.8866619467735291 1.474443197250366
1.013622522354126 0.8866619467735291 1.474443197250366
0.9601694941520691 0.8569229245185852 1.698477983474731
1.039830446243286 0.8569229245185852 1.698477983474731
0.9861696362495422 0.8221102356910706 -0.9202460646629333
1.013830423355103 0.8221102356910706 -0.9202460646629333
1 0.7997322678565979 -0.9999508261680603
0.9727067351341248 0.7991377115249634 -0.9798913598060608
1 0.8432990908622742 -0.822599470615387
1.02729320526123 0.7991377115249634 -0.9798913598060608
0.9861832857131958 0.7773322463035583 -1.037277460098267
1.013816714286804 0.7773322463035583 -1.037277460098267
1 0.7549762725830078 -1.056564569473267
0.9737190008163452 0.8422117233276367 -0.8061928153038025
0.959902286529541 0.8198557496070862 -0.885819137096405
0.9480851292610168 0.838976263999939 -0.7573773264884949
1.040097713470459 0.8198557496070862 -0.885819137096405
1.026280999183655 0.8422117233276367 -0.8061928153038025
1.051914811134338 0.838976263999939 -0.7573773264884949
1.036979675292969 0.7772854566574097 -1.003916501998901
1.05061149597168 0.7993422150611877 -0.9253556132316589
1.060182452201843 0.7770944237709045 -0.9379828572273254
1.045908689498901 0.7549762725830078 -0.9969385266304016
1.072893261909485 0.7986381053924561 -0.8414258360862732
1.067763805389404 0.7549762725830078 -0.9234746098518372
1.081386208534241 0.7770179510116577 -0.8449675440788269
1.023175954818726 0.7549762725830078 -1.041586399078369
1.063006401062012 0.8194233775138855 -0.8120418190956116
0.9493885040283203 0.7993422150611877 -0.9253556132316589
0.9630203247070312 0.7772854566574097 -1.003916501998901
0.9398175477981567 0.7770944237709045 -0.9379828572273254
0.9271067380905151 0.7986381053924561 -0.8414258360862732
0.9540911912918091 0.7549762725830078 -0.9969385266304016
0.9186137914657593 0.7770179510116577 -0.8449675440788269
0.9322363138198853 0.7549762725830078 -0.9234746098518372
0.9369935393333435 0.8194233775138855 -0.8120418190956116
0.9768240451812744 0.7549762725830078 -1.041586399078369
1.013631820678711 0.8591765165328979 -0.7122403979301453
0.9863681793212891 0.8591765165328979 -0.7122403979301453
1 0.8744716048240662 -0.5911492109298706
1.026984453201294 0.8729200959205627 -0.5768519639968872
0.9730154871940613 0.8729200959205627 -0.5768519639968872
1.013622522354126 0.8866619467735291 -0.4544429779052734
0.986377477645874 0.8866619467735291 -0.4544429779052734
1.039830446243286 0.8569229245185852 -0.6784778237342834
0.9601694941520691 0.8569229245185852 -0.6784778237342834
1.013830423355103 0.6878423690795898 -0.9202460646629333
0.9861696362495422 0.6878423690795898 -0.9202460646629333
1 0.7102203369140625 -0.9999508261680603
1.02729320526123 0.7108148336410522 -0.9798913598060608
1 0.6666534543037415 -0.822599470615387
0.9727067351341248 0.7108148336410522 -0.9798913598060608
1.013816714286804 0.7326203584671021 -1.037277460098267
0.9861832857131958 0.7326203584671021 -1.037277460098267
1.026280999183655 0.6677408218383789 -0.8061928153038025
1.040097713470459 0.6900967955589294 -0.885819137096405
1.051914811134338 0.6709762811660767 -0.7573773264884949
0.959902286529541 0.6900967955589294 -0.885819137096405
0.9737190008163452 0.6677408218383789 -0.8061928153038025
0.9480851292610168 0.6709762811660767 -0.7573773264884949
0.9630203247070312 0.7326671481132507 -1.003916501998901
0.9493885040283203 0.7106103897094727 -0.9253556132316589
0.9398175477981567 0.7328581809997559 -0.9379828572273254
0.9271067380905151 0.7113144397735596 -0.8414258360862732
0.9186137914657593 0.7329346537590027 -0.8449675440788269
0.9369935393333435 0.6905291676521301 -0.8120418190956116
1.05061149597168 0.7106103897094727 -0.9253556132316589
1.036979675292969 0.7326671481132507 -1.003916501998901
1.060182452201843 0.7328581809997559 -0.9379828572273254
1.072893261909485 0.7113144397735596 -0.8414258360862732
1.081386208534241 0.7329346537590027 -0.8449675440788269
1.063006401062012 0.6905291676521301 -0.8120418190956116
0.9863681793212891 0.6507760286331177 -0.7122403979301453
1.013631820678711 0.6507760286331177 -0.7122403979301453
1 0.6354809999465942 -0.5911492109298706
0.9730154871940613 0.6370325088500977 -0.5768519639968872
1.026984453201294 0.6370325088500977 -0.5768519639968872
0.986377477645874 0.6232906579971313 -0.4544429779052734
1.013622522354126 0.6232906579971313 -0.4544429779052734
0.9601694941520691 0.6530296802520752 -0.6784778237342834
1.039830446243286 0.6530296802520752 -0.6784778237342834
1.108625054359436 0.8412233591079712 1.393940687179565
1.094794750213623 0.8636013269424438 1.314235925674438
1.086246967315674 0.8497710227966309 1.522905826568604
1.098747968673706 0.8264309167861938 1.588095664978027
1.115616083145142 0.8537241816520691 1.176299691200256
1.071454644203186 0.8705923557281494 1.430803537368774
1.076270461082458 0.8336725234985352 1.697354793548584
1.062453746795654 0.8560284376144409 1.617728471755981
1.127333164215088 0.8312467336654663 1.243825674057007
1.118793964385986 0.8174299597740173 1.452290058135986
1.078696250915527 0.8823094367980957 1.221205472946167
1.101052045822144 0.8737702369689941 1.0923672914505
1.049728751182556 0.8729643225669861 1.524212598800659
1.058153629302979 0.886596143245697 1.318537712097168
1.03578782081604 0.888141393661499 1.404902696609497
1.108765125274658 0.8047050833702087 1.6102135181427
1.086708426475525 0.8131299614906311 1.737327575683594
1.095970392227173 0.7907640933990479 1.751736164093018
1.117987990379333 0.8637415170669556 0.9737102389335632
1.131619930267334 0.8416846990585327 1.052270889282227
1.133165121078491 0.8509465456008911 0.8437140583992004
0.891374945640564 0.8412233591079712 1.393940687179565
0.9137529134750366 0.8497710227966309 1.522905826568604
0.905205249786377 0.8636013269424438 1.314235925674438
0.8843839168548584 0.8537241816520691 1.176299691200256
0.9012520909309387 0.8264309167861938 1.588095664978027
0.928545355796814 0.8705923557281494 1.430803537368774
0.8989478349685669 0.8737702369689941 1.0923672914505
0.9213037490844727 0.8823094367980957 1.221205472946167
0.8812060356140137 0.8174299597740173 1.452290058135986
0.8726668357849121 0.8312467336654663 1.243825674057007
0.9375463724136353 0.8560284376144409 1.617728471755981
0.9237295389175415 0.8336725234985352 1.697354793548584
0.9418463110923767 0.886596143245697 1.318537712097168
0.9502712488174438 0.8729643225669861 1.524212598800659
0.96421217918396 0.888141393661499 1.404902696609497
0.8683801293373108 0.8416846990585327 1.052270889282227
0.8820119500160217 0.8637415170669556 0.9737102389335632
0.8668348789215088 0.8509465456008911 0.8437140583992004
0.9132915735244751 0.8131299614906311 1.737327575683594
0.891234815120697 0.8047050833702087 1.6102135181427
0.9040297269821167 0.7907640933990479 1.751736164093018
1.108625054359436 0.8412233591079712 -0.3739407062530518
1.086246967315674 0.8497710227966309 -0.5029058456420898
1.094794750213623 0.8636013269424438 -0.2942357659339905
1.115616083145142 0.8537241816520691 -0.1562996506690979
1.098747968673706 0.8264309167861938 -0.5680954456329346
1.071454644203186 0.8705923557281494 -0.4108036160469055
1.101052045822144 0.8737702369689941 -0.07236722111701965
1.078696250915527 0.8823094367980957 -0.2012054920196533
1.118793964385986 0.8174299597740173 -0.4322899580001831
1.127333164215088 0.8312467336654663 -0.2238255739212036
1.062453746795654 0.8560284376144409 -0.5977283120155334
1.076270461082458 0.8336725234985352 -0.6773548126220703
1.058153629302979 0.886596143245697 -0.2985378503799438
1.049728751182556 0.8729643225669861 -0.504212498664856
1.03578782081604 0.888141393661499 -0.3849026560783386
1.131619930267334 0.8416846990585327 -0.03227093815803528
1.117987990379333 0.8637415170669556 0.04628977179527283
1.133165121078491 0.8509465456008911 0.1762859523296356
1.086708426475525 0.8131299614906311 -0.7173276543617249
1.108765125274658 0.8047050833702087 -0.5902135968208313
1.095970392227173 0.7907640933990479 -0.7317362427711487
0.891374945640564 0.8412233591079712 -0.3739407062530518
0.905205249786377 0.8636013269424438 -0.2942357659339905
0.9137529134750366 0.8497710227966309 -0.5029058456420898
0.9012520909309387 0.8264309167861938 -0.5680954456329346
0.8843839168548584 0.8537241816520691 -0.1562996506690979
0.928545355796814 0.8705923557281494 -0.4108036160469055
0.9237295389175415 0.8336725234985352 -0.6773548126220703
0.9375463724136353 0.8560284376144409 -0.5977283120155334
0.8726668357849121 0.8312467336654663 -0.2238255739212036
0.8812060356140137 0.8174299597740173 -0.4322899580001831
0.9213037490844727 0.8823094367980957 -0.2012054920196533
0.8989478349685669 0.8737702369689941 -0.07236722111701965
0.9502712488174438 0.8729643225669861 -0.504212498664856
0.9418463110923767 0.886596143245697 -0.2985378503799438
0.96421217918396 0.888141393661499 -0.3849026560783386
0.891234815120697 0.8047050833702087 -0.5902135968208313
0.9132915735244751 0.8131299614906311 -0.7173276543617249
0.9040297269821167 0.7907640933990479 -0.7317362427711487
0.8820119500160217 0.8637415170669556 0.04628977179527283
0.8683801293373108 0.8416846990585327 -0.03227093815803528
0.8668348789215088 0.8509465456008911 0.1762859523296356
1.108625054359436 0.6687291860580444 1.393940687179565
1.086246967315674 0.6601815223693848 1.522905826568604
1.094794750213623 0.6463512182235718 1.314235925674438
1.115616083145142 0.6562283635139465 1.176299691200256
1.098747968673706 0.6835216283798218 1.588095664978027
1.071454644203186 0.6393601894378662 1.430803537368774
1.101052045822144 0.6361823081970215 1.0923672914505
1.078696250915527 0.6276431083679199 1.221205472946167
1.118793964385986 0.6925226449966431 1.452290058135986
1.127333164215088 0.6787058115005493 1.243825674057007
1.062453746795654 0.6539241075515747 1.617728471755981
1.076270461082458 0.6762800216674805 1.697354793548584
1.058153629302979 0.6233564019203186 1.318537712097168
1.049728751182556 0.6369882225990295 1.524212598800659
1.03578782081604 0.6218112111091614 1.404902696609497
1.131619930267334 0.6682678461074829 1.052270889282227
1.117987990379333 0.6462110877037048 0.9737102389335632
1.133165121078491 0.6590059995651245 0.8437140583992004
1.086708426475525 0.6968225836753845 1.737327575683594
1.108765125274658 0.7052475214004517 1.6102135181427
1.095970392227173 0.7191884517669678 1.751736164093018
0.891374945640564 0.6687291860580444 1.393940687179565
0.905205249786377 0.6463512182235718 1.314235925674438
0.9137529134750366 0.6601815223693848 1.522905826568604
0.9012520909309387 0.6835216283798218 1.588095664978027
0.8843839168548584 0.6562283635139465 1.176299691200256
0.928545355796814 0.6393601894378662 1.430803537368774
0.9237295389175415 0.6762800216674805 1.697354793548584
0.9375463724136353 0.6539241075515747 1.617728471755981
0.8726668357849121 0.6787058115005493 1.243825674057007
0.8812060356140137 0.6925226449966431 1.452290058135986
0.9213037490844727 0.6276431083679199 1.221205472946167
0.8989478349685669 0.6361823081970215 1.0923672914505
0.9502712488174438 0.6369882225990295 1.524212598800659
0.9418463110923767 0.6233564019203186 1.318537712097168
0.96421217918396 0.6218112111091614 1.404902696609497
0.891234815120697 0.7052475214004517 1.6102135181427
0.9132915735244751 0.6968225836753845 1.737327575683594
0.9040297269821167 0.7191884517669678 1.751736164093018
0.8820119500160217 0.6462110877037048 0.9737102389335632
0.8683801293373108 0.6682678461074829 1.052270889282227
0.8668348789215088 0.6590059995651245 0.8437140583992004
1.108625054359436 0.6687291860580444 -0.3739407062530518
1.094794750213623 0.6463512182235718 -0.2942357659339905
1.086246967315674 0.6601815223693848 -0.5029058456420898
1.098747968673706 0.6835216283798218 -0.5680954456329346
1.115616083145142 0.6562283635139465 -0.1562996506690979
1.071454644203186 0.6393601894378662 -0.4108036160469055
1.076270461082458 0.6762800216674805 -0.6773548126220703
1.062453746795654 0.6539241075515747 -0.5977283120155334
1.127333164215088 0.6787058115005493 -0.2238255739212036
1.118793964385986 0.6925226449966431 -0.4322899580001831
1.078696250915527 0.6276431083679199 -0.2012054920196533
1.101052045822144 0.6361823081970215 -0.07236722111701965
1.049728751182556 0.6369882225990295 -0.504212498664856
1.058153629302979 0.6233564019203186 -0.2985378503799438
1.03578782081604 0.6218112111091614 -0.3849026560783386
1.108765125274658 0.7052475214004517 -0.5902135968208313
1.086708426475525 0.6968225836753845 -0.7173276543617249
1.095970392227173 0.7191884517669678 -0.7317362427711487
1.117987990379333 0.6462110877037048 0.04628977179527283
1.131619930267334 0.6682678461074829 -0.03227093815803528
1.133165121078491 0.6590059995651245 0.1762859523296356
0.891374945640564 0.6687291860580444 -0.3739407062530518
0.9137529134750366 0.6601815223693848 -0.5029058456420898
0.905205249786377 0.6463512182235718 -0.2942357659339905
0.8843839168548584 0.6562283635139465 -0.1562996506690979
0.9012520909309387 0.6835216283798218 -0.5680954456329346
0.928545355796814 0.6393601894378662 -0.4108036160469055
0.8989478349685669 0.6361823081970215 -0.07236722111701965
0.9213037490844727 0.6276431083679199 -0.2012054920196533
0.8812060356140137 0.6925226449966431 -0.4322899580001831
0.8726668357849121 0.6787058115005493 -0.2238255739212036
0.9375463724136353 0.6539241075515747 -0.5977283120155334
0.9237295389175415 0.6762800216674805 -0.6773548126220703
0.9418463110923767 0.6233564019203186 -0.2985378503799438
0.9502712488174438 0.6369882225990295 -0.504212498664856
0.96421217918396 0.6218112111091614 -0.3849026560783386
0.8683801293373108 0.6682678461074829 -0.03227093815803528
0.8820119500160217 0.6462110877037048 0.04628977179527283
0.8668348789215088 0.6590059995651245 0.1762859523296356
0.9132915735244751 0.6968225836753845 -0.7173276543617249
0.891234815120697 0.7052475214004517 -0.5902135968208313
0.9040297269821167 0.7191884517669678 -0.7317362427711487
3 1 0 3
643
644
645
0.9323442998660998 0.6739561787181171 -0.1667818826289315
1.035003011670137 0.8556604939437246 -0.03197042943784349
0.9811808555855461 0.8243425600272554 1.104036221933881
$EndNodes
$Elements
2 4418 1 4418
2 1 2 1280
1 1 2 3 
2 5 2 1 
3 4 1 3 
4 4 11 1 
5 5 1 10 
6 10 1 11 
7 6 3 2 
8 5 14 2 
9 6 2 13 
10 13 2 14 
11 4 3 7 
12 6 8 3 
13 7 3 8 
14 4 7 27 
15 4 26 11 
16 4 27 26 
17 5 10 37 
18 5 36 14 
19 5 37 36 
20 6 16 8 
21 6 13 17 
22 6 17 16 
23 9 7 8 
24 9 35 7 
25 35 27 7 
26 9 8 24 
27 8 16 24 
28 9 24 52 
29 9 53 35 
30 9 52 53 
31 12 10 11 
32 12 45 10 
33 45 37 10 
34 12 11 34 
35 11 26 34 
36 12 34 485 
37 12 486 45 
38 12 485 486 
39 15 13 14 
40 15 25 13 
41 25 17 13 
42 15 14 44 
43 14 36 44 
44 15 524 25 
45 15 44 523 
46 15 523 524 
47 16 17 18 
48 19 16 18 
49 19 24 16 
50 20 18 17 
51 20 17 25 
52 19 18 21 
53 20 22 18 
54 21 18 22 
55 19 21 68 
56 19 67 24 
57 19 68 67 
58 20 531 22 
59 20 25 529 
60 20 529 531 
61 23 21 22 
62 23 70 21 
63 70 68 21 
64 23 22 436 
65 22 531 436 
66 23 437 70 
67 23 436 437 
68 24 67 52 
69 524 529 25 
70 26 27 28 
71 29 26 28 
72 29 34 26 
73 30 28 27 
74 30 27 35 
75 29 28 31 
76 30 32 28 
77 31 28 32 
78 29 31 489 
79 29 488 34 
80 29 489 488 
81 30 62 32 
82 30 35 60 
83 30 60 62 
84 33 31 32 
85 33 395 31 
86 395 489 31 
87 33 32 64 
88 32 62 64 
89 33 64 394 
90 33 394 395 
91 34 488 485 
92 53 60 35 
93 36 37 38 
94 39 36 38 
95 39 44 36 
96 40 38 37 
97 40 37 45 
98 39 38 41 
99 40 42 38 
100 41 38 42 
101 39 41 534 
102 39 533 44 
103 39 534 533 
104 40 495 42 
105 40 45 493 
106 40 493 495 
107 43 41 42 
108 43 184 41 
109 184 534 41 
110 43 42 230 
111 42 495 230 
112 43 183 184 
113 43 230 183 
114 44 533 523 
115 486 493 45 
116 46 47 48 
117 50 47 46 
118 49 46 48 
119 49 55 46 
120 50 46 54 
121 54 46 55 
122 51 48 47 
123 50 58 47 
124 51 47 57 
125 57 47 58 
126 49 48 52 
127 51 53 48 
128 52 48 53 
129 49 52 67 
130 49 66 55 
131 49 67 66 
132 50 54 73 
133 50 72 58 
134 50 73 72 
135 51 60 53 
136 51 57 61 
137 51 61 60 
138 56 54 55 
139 56 81 54 
140 81 73 54 
141 56 55 71 
142 55 66 71 
143 56 71 548 
144 56 549 81 
145 56 548 549 
146 59 57 58 
147 59 65 57 
148 65 61 57 
149 59 58 80 
150 58 72 80 
151 59 503 65 
152 59 80 502 
153 59 502 503 
154 60 61 62 
155 63 62 61 
156 63 61 65 
157 63 64 62 
158 63 510 64 
159 63 65 508 
160 63 508 510 
161 64 510 394 
162 503 508 65 
163 66 67 68 
164 69 66 68 
165 69 71 66 
166 69 68 70 
167 69 70 552 
168 69 551 71 
169 69 552 551 
170 437 552 70 
171 71 551 548 
172 72 73 74 
173 75 72 74 
174 75 80 72 
175 76 74 73 
176 76 73 81 
177 75 74 77 
178 76 78 74 
179 77 74 78 
180 75 77 513 
181 75 512 80 
182 75 513 512 
183 76 558 78 
184 76 81 556 
185 76 556 558 
186 79 77 78 
187 79 263 77 
188 263 513 77 
189 79 78 309 
190 78 558 309 
191 79 262 263 
192 79 309 262 
193 80 512 502 
194 549 556 81 
195 82 83 84 
196 86 83 82 
197 85 82 84 
198 85 92 82 
199 86 82 91 
200 91 82 92 
201 87 84 83 
202 86 95 83 
203 87 83 94 
204 94 83 95 
205 85 84 88 
206 87 89 84 
207 88 84 89 
208 85 88 108 
209 85 107 92 
210 85 108 107 
211 86 91 118 
212 86 117 95 
213 86 118 117 
214 87 97 89 
215 87 94 98 
216 87 98 97 
217 90 88 89 
218 90 116 88 
219 116 108 88 
220 90 89 105 
221 89 97 105 
222 90 105 133 
223 90 134 116 
224 90 133 134 
225 93 91 92 
226 93 126 91 
227 126 118 91 
228 93 92 115 
229 92 107 115 
230 93 115 611 
231 93 612 126 
232 93 611 612 
233 96 94 95 
234 96 106 94 
235 106 98 94 
236 96 95 125 
237 95 117 125 
238 96 566 106 
239 96 125 565 
240 96 565 566 
241 97 98 99 
242 100 97 99 
243 100 105 97 
244 101 99 98 
245 101 98 106 
246 100 99 102 
247 101 103 99 
248 102 99 103 
249 100 102 149 
250 100 148 105 
251 100 149 148 
252 101 573 103 
253 101 106 571 
254 101 571 573 
255 104 102 103 
256 104 151 102 
257 151 149 102 
258 104 103 359 
259 103 573 359 
260 104 360 151 
261 104 359 360 
262 105 148 133 
263 566 571 106 
264 107 108 109 
265 110 107 109 
266 110 115 107 
267 111 109 108 
268 111 108 116 
269 110 109 112 
270 111 113 109 
271 112 109 113 
272 110 112 615 
273 110 614 115 
274 110 615 614 
275 111 143 113 
276 111 116 141 
277 111 141 143 
278 114 112 113 
279 114 472 112 
280 472 615 112 
281 114 113 145 
282 113 143 145 
283 114 145 471 
284 114 471 472 
285 115 614 611 
286 134 141 116 
287 117 118 119 
288 120 117 119 
289 120 125 117 
290 121 119 118 
291 121 118 126 
292 120 119 122 
293 121 123 119 
294 122 119 123 
295 120 122 576 
296 120 575 125 
297 120 576 575 
298 121 621 123 
299 121 126 619 
300 121 619 621 
301 124 122 123 
302 124 224 122 
303 224 576 122 
304 124 123 192 
305 123 621 192 
306 124 192 193 
307 124 193 224 
308 125 575 565 
309 612 619 126 
310 127 128 129 
311 131 128 127 
312 130 127 129 
313 130 136 127 
314 131 127 135 
315 135 127 136 
316 132 129 128 
317 131 139 128 
318 132 128 138 
319 138 128 139 
320 130 129 133 
321 132 134 129 
322 133 129 134 
323 130 133 148 
324 130 147 136 
325 130 148 147 
326 131 135 154 
327 131 153 139 
328 131 154 153 
329 132 141 134 
330 132 138 142 
331 132 142 141 
332 137 135 136 
333 137 162 135 
334 162 154 135 
335 137 136 152 
336 136 147 152 
337 137 152 590 
338 137 591 162 
339 137 590 591 
340 140 138 139 
341 140 146 138 
342 146 142 138 
343 140 139 161 
344 139 153 161 
345 140 629 146 
346 140 161 628 
347 140 628 629 
348 141 142 143 
349 144 143 142 
350 144 142 146 
351 144 145 143 
352 144 636 145 
353 144 146 634 
354 144 634 636 
355 145 636 471 
356 629 634 146 
357 147 148 149 
358 150 147 149 
359 150 152 147 
360 150 149 151 
361 150 151 594 
362 150 593 152 
363 150 594 593 
364 360 594 151 
365 152 593 590 
366 153 154 155 
367 156 153 155 
368 156 161 153 
369 157 155 154 
370 157 154 162 
371 156 155 158 
372 157 159 155 
373 158 155 159 
374 156 158 639 
375 156 638 161 
376 156 639 638 
377 157 600 159 
378 157 162 598 
379 157 598 600 
380 160 158 159 
381 160 303 158 
382 303 639 158 
383 160 159 271 
384 159 600 271 
385 160 271 272 
386 160 272 303 
387 161 638 628 
388 591 598 162 
389 163 164 165 
390 167 164 163 
391 166 163 165 
392 166 173 163 
393 167 163 172 
394 172 163 173 
395 168 165 164 
396 167 176 164 
397 168 164 175 
398 175 164 176 
399 166 165 169 
400 168 170 165 
401 169 165 170 
402 166 169 188 
403 166 187 173 
404 166 188 187 
405 167 172 197 
406 167 196 176 
407 167 197 196 
408 168 178 170 
409 168 175 179 
410 168 179 178 
411 171 169 170 
412 171 195 169 
413 195 188 169 
414 171 170 185 
415 170 178 185 
416 171 185 212 
417 171 213 195 
418 171 212 213 
419 174 172 173 
420 174 205 172 
421 205 197 172 
422 174 173 194 
423 173 187 194 
424 174 194 609 
425 174 610 205 
426 174 609 610 
427 177 175 176 
428 177 186 175 
429 186 179 175 
430 177 176 204 
431 176 196 204 
432 177 526 186 
433 177 204 525 
434 177 525 526 
435 178 179 180 
436 181 178 180 
437 181 185 178 
438 182 180 179 
439 182 179 186 
440 181 180 183 
441 182 184 180 
442 183 180 184 
443 181 183 228 
444 181 227 185 
445 181 228 227 
446 182 534 184 
447 182 186 532 
448 182 532 534 
449 230 228 183 
450 185 227 212 
451 526 532 186 
452 187 188 189 
453 190 187 189 
454 190 194 187 
455 191 189 188 
456 191 188 195 
457 190 189 192 
458 191 193 189 
459 192 189 193 
460 190 192 621 
461 190 620 194 
462 190 621 620 
463 191 222 193 
464 191 195 220 
465 191 220 222 
466 193 222 224 
467 194 620 609 
468 213 220 195 
469 196 197 198 
470 199 196 198 
471 199 204 196 
472 200 198 197 
473 200 197 205 
474 199 198 201 
475 200 202 198 
476 201 198 202 
477 199 201 537 
478 199 536 204 
479 199 537 536 
480 200 618 202 
481 200 205 616 
482 200 616 618 
483 203 201 202 
484 203 419 201 
485 419 537 201 
486 203 202 464 
487 202 618 464 
488 203 418 419 
489 203 464 418 
490 204 536 525 
491 610 616 205 
492 206 207 208 
493 210 207 206 
494 209 206 208 
495 209 215 206 
496 210 206 214 
497 214 206 215 
498 211 208 207 
499 210 218 207 
500 211 207 217 
501 217 207 218 
502 209 208 212 
503 211 213 208 
504 212 208 213 
505 209 212 227 
506 209 226 215 
507 209 227 226 
508 210 214 233 
509 210 232 218 
510 210 233 232 
511 211 220 213 
512 211 217 221 
513 211 221 220 
514 216 214 215 
515 216 241 214 
516 241 233 214 
517 216 215 231 
518 215 226 231 
519 216 231 483 
520 216 484 241 
521 216 483 484 
522 219 217 218 
523 219 225 217 
524 225 221 217 
525 219 218 240 
526 218 232 240 
527 219 568 225 
528 219 240 567 
529 219 567 568 
530 220 221 222 
531 223 222 221 
532 223 221 225 
533 223 224 222 
534 223 576 224 
535 223 225 574 
536 223 574 576 
537 568 574 225 
538 226 227 228 
539 229 226 228 
540 229 231 226 
541 229 228 230 
542 229 230 495 
543 229 494 231 
544 229 495 494 
545 231 494 483 
546 232 233 234 
547 235 232 234 
548 235 240 232 
549 236 234 233 
550 236 233 241 
551 235 234 237 
552 236 238 234 
553 237 234 238 
554 235 237 579 
555 235 578 240 
556 235 579 578 
557 236 492 238 
558 236 241 490 
559 236 490 492 
560 239 237 238 
561 239 342 237 
562 342 579 237 
563 239 238 387 
564 238 492 387 
565 239 341 342 
566 239 387 341 
567 240 578 567 
568 484 490 241 
569 242 243 244 
570 246 243 242 
571 245 242 244 
572 245 252 242 
573 246 242 251 
574 251 242 252 
575 247 244 243 
576 246 255 243 
577 247 243 254 
578 254 243 255 
579 245 244 248 
580 247 249 244 
581 248 244 249 
582 245 248 267 
583 245 266 252 
584 245 267 266 
585 246 251 276 
586 246 275 255 
587 246 276 275 
588 247 257 249 
589 247 254 258 
590 247 258 257 
591 250 248 249 
592 250 274 248 
593 274 267 248 
594 250 249 264 
595 249 257 264 
596 250 264 291 
597 250 292 274 
598 250 291 292 
599 253 251 252 
600 253 284 251 
601 284 276 251 
602 253 252 273 
603 252 266 273 
604 253 273 588 
605 253 589 284 
606 253 588 589 
607 256 254 255 
608 256 265 254 
609 265 258 254 
610 256 255 283 
611 255 275 283 
612 256 505 265 
613 256 283 504 
614 256 504 505 
615 257 258 259 
616 260 257 259 
617 260 264 257 
618 261 259 258 
619 261 258 265 
620 260 259 262 
621 261 263 259 
622 262 259 263 
623 260 262 307 
624 260 306 264 
625 260 307 306 
626 261 513 263 
627 261 265 511 
628 261 511 513 
629 309 307 262 
630 264 306 291 
631 505 511 265 
632 266 267 268 
633 269 266 268 
634 269 273 266 
635 270 268 267 
636 270 267 274 
637 269 268 271 
638 270 272 268 
639 271 268 272 
640 269 271 600 
641 269 599 273 
642 269 600 599 
643 270 301 272 
644 270 274 299 
645 270 299 301 
646 272 301 303 
647 273 599 588 
648 292 299 274 
649 275 276 277 
650 278 275 277 
651 278 283 275 
652 279 277 276 
653 279 276 284 
654 278 277 280 
655 279 281 277 
656 280 277 281 
657 278 280 516 
658 278 515 283 
659 278 516 515 
660 279 597 281 
661 279 284 595 
662 279 595 597 
663 282 280 281 
664 282 381 280 
665 381 516 280 
666 282 281 350 
667 281 597 350 
668 282 350 351 
669 282 351 381 
670 283 515 504 
671 589 595 284 
672 285 286 287 
673 289 286 285 
674 288 285 287 
675 288 294 285 
676 289 285 293 
677 293 285 294 
678 290 287 286 
679 289 297 286 
680 290 286 296 
681 296 286 297 
682 288 287 291 
683 290 292 287 
684 291 287 292 
685 288 291 306 
686 288 305 294 
687 288 306 305 
688 289 293 312 
689 289 311 297 
690 289 312 311 
691 290 299 292 
692 290 296 300 
693 290 300 299 
694 295 293 294 
695 295 320 293 
696 320 312 293 
697 295 294 310 
698 294 305 310 
699 295 310 546 
700 295 547 320 
701 295 546 547 
702 298 296 297 
703 298 304 296 
704 304 300 296 
705 298 297 319 
706 297 311 319 
707 298 631 304 
708 298 319 630 
709 298 630 631 
710 299 300 301 
711 302 301 300 
712 302 300 304 
713 302 303 301 
714 302 639 303 
715 302 304 637 
716 302 637 639 
717 631 637 304 
718 305 306 307 
719 308 305 307 
720 308 310 305 
721 308 307 309 
722 308 309 558 
723 308 557 310 
724 308 558 557 
725 310 557 546 
726 311 312 313 
727 314 311 313 
728 314 319 311 
729 315 313 312 
730 315 312 320 
731 314 313 316 
732 315 317 313 
733 316 313 317 
734 314 316 642 
735 314 641 319 
736 314 642 641 
737 315 555 317 
738 315 320 553 
739 315 553 555 
740 318 316 317 
741 318 458 316 
742 458 642 316 
743 318 317 427 
744 317 555 427 
745 318 427 428 
746 318 428 458 
747 319 641 630 
748 547 553 320 
749 321 322 323 
750 325 322 321 
751 324 321 323 
752 324 331 321 
753 325 321 330 
754 330 321 331 
755 326 323 322 
756 325 334 322 
757 326 322 333 
758 333 322 334 
759 324 323 327 
760 326 328 323 
761 327 323 328 
762 324 327 346 
763 324 345 331 
764 324 346 345 
765 325 330 355 
766 325 354 334 
767 325 355 354 
768 326 336 328 
769 326 333 337 
770 326 337 336 
771 329 327 328 
772 329 353 327 
773 353 346 327 
774 329 328 343 
775 328 336 343 
776 329 343 369 
777 329 370 353 
778 329 369 370 
779 332 330 331 
780 332 362 330 
781 362 355 330 
782 332 331 352 
783 331 345 352 
784 332 352 586 
785 332 587 362 
786 332 586 587 
787 335 333 334 
788 335 344 333 
789 344 337 333 
790 335 334 361 
791 334 354 361 
792 335 570 344 
793 335 361 569 
794 335 569 570 
795 336 337 338 
796 339 336 338 
797 339 343 336 
798 340 338 337 
799 340 337 344 
800 339 338 341 
801 340 342 338 
802 341 338 342 
803 339 341 385 
804 339 384 343 
805 339 385 384 
806 340 579 342 
807 340 344 577 
808 340 577 579 
809 387 385 341 
810 343 384 369 
811 570 577 344 
812 345 346 347 
813 348 345 347 
814 348 352 345 
815 349 347 346 
816 349 346 353 
817 348 347 350 
818 349 351 347 
819 350 347 351 
820 348 350 597 
821 348 596 352 
822 348 597 596 
823 349 379 351 
824 349 353 377 
825 349 377 379 
826 351 379 381 
827 352 596 586 
828 370 377 353 
829 354 355 356 
830 357 354 356 
831 357 361 354 
832 358 356 355 
833 358 355 362 
834 357 356 359 
835 358 360 356 
836 359 356 360 
837 357 359 573 
838 357 572 361 
839 357 573 572 
840 358 594 360 
841 358 362 592 
842 358 592 594 
843 361 572 569 
844 587 592 362 
845 363 364 365 
846 367 364 363 
847 366 363 365 
848 366 372 363 
849 367 363 371 
850 371 363 372 
851 368 365 364 
852 367 375 364 
853 368 364 374 
854 374 364 375 
855 366 365 369 
856 368 370 365 
857 369 365 370 
858 366 369 384 
859 366 383 372 
860 366 384 383 
861 367 371 390 
862 367 389 375 
863 367 390 389 
864 368 377 370 
865 368 374 378 
866 368 378 377 
867 373 371 372 
868 373 397 371 
869 397 390 371 
870 373 372 388 
871 372 383 388 
872 373 388 481 
873 373 482 397 
874 373 481 482 
875 376 374 375 
876 376 382 374 
877 382 378 374 
878 376 375 396 
879 375 389 396 
880 376 507 382 
881 376 396 506 
882 376 506 507 
883 377 378 379 
884 380 379 378 
885 380 378 382 
886 380 381 379 
887 380 516 381 
888 380 382 514 
889 380 514 516 
890 507 514 382 
891 383 384 385 
892 386 383 385 
893 386 388 383 
894 386 385 387 
895 386 387 492 
896 386 491 388 
897 386 492 491 
898 388 491 481 
899 389 390 391 
900 392 389 391 
901 392 396 389 
902 393 391 390 
903 393 390 397 
904 392 391 394 
905 393 395 391 
906 394 391 395 
907 392 394 510 
908 392 509 396 
909 392 510 509 
910 393 489 395 
911 393 397 487 
912 393 487 489 
913 396 509 506 
914 482 487 397 
915 398 399 400 
916 402 399 398 
917 401 398 400 
918 401 408 398 
919 402 398 407 
920 407 398 408 
921 403 400 399 
922 402 411 399 
923 403 399 410 
924 410 399 411 
925 401 400 404 
926 403 405 400 
927 404 400 405 
928 401 404 423 
929 401 422 408 
930 401 423 422 
931 402 407 432 
932 402 431 411 
933 402 432 431 
934 403 413 405 
935 403 410 414 
936 403 414 413 
937 406 404 405 
938 406 430 404 
939 430 423 404 
940 406 405 420 
941 405 413 420 
942 406 420 446 
943 406 447 430 
944 406 446 447 
945 409 407 408 
946 409 439 407 
947 439 432 407 
948 409 408 429 
949 408 422 429 
950 409 429 544 
951 409 545 439 
952 409 544 545 
953 412 410 411 
954 412 421 410 
955 421 414 410 
956 412 411 438 
957 411 431 438 
958 412 528 421 
959 412 438 527 
960 412 527 528 
961 413 414 415 
962 416 413 415 
963 416 420 413 
964 417 415 414 
965 417 414 421 
966 416 415 418 
967 417 419 415 
968 418 415 419 
969 416 418 462 
970 416 461 420 
971 416 462 461 
972 417 537 419 
973 417 421 535 
974 417 535 537 
975 464 462 418 
976 420 461 446 
977 528 535 421 
978 422 423 424 
979 425 422 424 
980 425 429 422 
981 426 424 423 
982 426 423 430 
983 425 424 427 
984 426 428 424 
985 427 424 428 
986 425 427 555 
987 425 554 429 
988 425 555 554 
989 426 456 428 
990 426 430 454 
991 426 454 456 
992 428 456 458 
993 429 554 544 
994 447 454 430 
995 431 432 433 
996 434 431 433 
997 434 438 431 
998 435 433 432 
999 435 432 439 
1000 434 433 436 
1001 435 437 433 
1002 436 433 437 
1003 434 436 531 
1004 434 530 438 
1005 434 531 530 
1006 435 552 437 
1007 435 439 550 
1008 435 550 552 
1009 438 530 527 
1010 545 550 439 
1011 440 441 442 
1012 444 441 440 
1013 443 440 442 
1014 443 449 440 
1015 444 440 448 
1016 448 440 449 
1017 445 442 441 
1018 444 452 441 
1019 445 441 451 
1020 451 441 452 
1021 443 442 446 
1022 445 447 442 
1023 446 442 447 
1024 443 446 461 
1025 443 460 449 
1026 443 461 460 
1027 444 448 467 
1028 444 466 452 
1029 444 467 466 
1030 445 454 447 
1031 445 451 455 
1032 445 455 454 
1033 450 448 449 
1034 450 474 448 
1035 474 467 448 
1036 450 449 465 
1037 449 460 465 
1038 450 465 607 
1039 450 608 474 
1040 450 607 608 
1041 453 451 452 
1042 453 459 451 
1043 459 455 451 
1044 453 452 473 
1045 452 466 473 
1046 453 633 459 
1047 453 473 632 
1048 453 632 633 
1049 454 455 456 
1050 457 456 455 
1051 457 455 459 
1052 457 458 456 
1053 457 642 458 
1054 457 459 640 
1055 457 640 642 
1056 633 640 459 
1057 460 461 462 
1058 463 460 462 
1059 463 465 460 
1060 463 462 464 
1061 463 464 618 
1062 463 617 465 
1063 463 618 617 
1064 465 617 607 
1065 466 467 468 
1066 469 466 468 
1067 469 473 466 
1068 470 468 467 
1069 470 467 474 
1070 469 468 471 
1071 470 472 468 
1072 471 468 472 
1073 469 471 636 
1074 469 635 473 
1075 469 636 635 
1076 470 615 472 
1077 470 474 613 
1078 470 613 615 
1079 473 635 632 
1080 608 613 474 
1081 475 476 477 
1082 479 476 475 
1083 478 475 477 
1084 478 484 475 
1085 479 475 483 
1086 483 475 484 
1087 480 477 476 
1088 479 486 476 
1089 480 476 485 
1090 485 476 486 
1091 478 477 481 
1092 480 482 477 
1093 481 477 482 
1094 478 481 491 
1095 478 490 484 
1096 478 491 490 
1097 479 483 494 
1098 479 493 486 
1099 479 494 493 
1100 480 487 482 
1101 480 485 488 
1102 480 488 487 
1103 487 488 489 
1104 490 491 492 
1105 493 494 495 
1106 496 497 498 
1107 500 497 496 
1108 499 496 498 
1109 499 505 496 
1110 500 496 504 
1111 504 496 505 
1112 501 498 497 
1113 500 507 497 
1114 501 497 506 
1115 506 497 507 
1116 499 498 502 
1117 501 503 498 
1118 502 498 503 
1119 499 502 512 
1120 499 511 505 
1121 499 512 511 
1122 500 504 515 
1123 500 514 507 
1124 500 515 514 
1125 501 508 503 
1126 501 506 509 
1127 501 509 508 
1128 508 509 510 
1129 511 512 513 
1130 514 515 516 
1131 517 518 519 
1132 521 518 517 
1133 520 517 519 
1134 520 526 517 
1135 521 517 525 
1136 525 517 526 
1137 522 519 518 
1138 521 528 518 
1139 522 518 527 
1140 527 518 528 
1141 520 519 523 
1142 522 524 519 
1143 523 519 524 
1144 520 523 533 
1145 520 532 526 
1146 520 533 532 
1147 521 525 536 
1148 521 535 528 
1149 521 536 535 
1150 522 529 524 
1151 522 527 530 
1152 522 530 529 
1153 529 530 531 
1154 532 533 534 
1155 535 536 537 
1156 538 539 540 
1157 542 539 538 
1158 541 538 540 
1159 541 547 538 
1160 542 538 546 
1161 546 538 547 
1162 543 540 539 
1163 542 549 539 
1164 543 539 548 
1165 548 539 549 
1166 541 540 544 
1167 543 545 540 
1168 544 540 545 
1169 541 544 554 
1170 541 553 547 
1171 541 554 553 
1172 542 546 557 
1173 542 556 549 
1174 542 557 556 
1175 543 550 545 
1176 543 548 551 
1177 543 551 550 
1178 550 551 552 
1179 553 554 555 
1180 556 557 558 
1181 559 560 561 
1182 563 560 559 
1183 562 559 561 
1184 562 568 559 
1185 563 559 567 
1186 567 559 568 
1187 564 561 560 
1188 563 570 560 
1189 564 560 569 
1190 569 560 570 
1191 562 561 565 
1192 564 566 561 
1193 565 561 566 
1194 562 565 575 
1195 562 574 568 
1196 562 575 574 
1197 563 567 578 
1198 563 577 570 
1199 563 578 577 
1200 564 571 566 
1201 564 569 572 
1202 564 572 571 
1203 571 572 573 
1204 574 575 576 
1205 577 578 579 
1206 580 581 582 
1207 584 581 580 
1208 583 580 582 
1209 583 589 580 
1210 584 580 588 
1211 588 580 589 
1212 585 582 581 
1213 584 591 581 
1214 585 581 590 
1215 590 581 591 
1216 583 582 586 
1217 585 587 582 
1218 586 582 587 
1219 583 586 596 
1220 583 595 589 
1221 583 596 595 
1222 584 588 599 
1223 584 598 591 
1224 584 599 598 
1225 585 592 587 
1226 585 590 593 
1227 585 593 592 
1228 592 593 594 
1229 595 596 597 
1230 598 599 600 
1231 601 602 603 
1232 605 602 601 
1233 604 601 603 
1234 604 610 601 
1235 605 601 609 
1236 609 601 610 
1237 606 603 602 
1238 605 612 602 
1239 606 602 611 
1240 611 602 612 
1241 604 603 607 
1242 606 608 603 
1243 607 603 608 
1244 604 607 617 
1245 604 616 610 
1246 604 617 616 
1247 605 609 620 
1248 605 619 612 
1249 605 620 619 
1250 606 613 608 
1251 606 611 614 
1252 606 614 613 
1253 613 614 615 
1254 616 617 618 
1255 619 620 621 
1256 622 623 624 
1257 626 623 622 
1258 625 622 624 
1259 625 631 622 
1260 626 622 630 
1261 630 622 631 
1262 627 624 623 
1263 626 633 623 
1264 627 623 632 
1265 632 623 633 
1266 625 624 628 
1267 627 629 624 
1268 628 624 629 
1269 625 628 638 
1270 625 637 631 
1271 625 638 637 
1272 626 630 641 
1273 626 640 633 
1274 626 641 640 
1275 627 634 629 
1276 627 632 635 
1277 627 635 634 
1278 634 635 636 
1279 637 638 639 
1280 640 641 642 
3 1 4 3138
1281 297 286 298 293 
1282 255 243 256 242 
1283 286 293 285 295 
1284 207 214 206 216 
1285 494 493 229 226 
1286 619 187 190 620 
1287 557 556 308 305 
1288 223 221 575 574 
1289 261 258 512 511 
1290 300 637 638 302 
1291 598 599 266 269 
1292 405 403 400 413 
1293 365 369 384 366 
1294 404 423 400 401 
1295 370 377 368 365 
1296 443 461 446 442 
1297 323 336 328 326 
1298 447 454 445 442 
1299 323 324 327 346 
1300 127 157 154 135 
1301 379 347 349 351 
1302 456 426 428 424 
1303 338 339 341 385 
1304 415 462 416 418 
1305 354 356 355 361 
1306 356 362 355 361 
1307 264 260 77 250 
1308 264 78 260 250 
1309 181 42 171 185 
1310 181 171 41 185 
1311 620 194 605 644 
1312 575 125 97 223 
1313 126 619 108 190 
1314 45 493 27 229 
1315 533 44 16 182 
1316 257 227 268 259 
1317 108 190 141 182 
1318 276 246 275 284 
1319 311 289 319 312 
1320 196 197 167 205 
1321 248 249 105 213 
1322 21 643 22 644 
1323 190 302 300 111 
1324 19 308 305 182 
1325 247 261 258 229 
1326 245 266 269 223 
1327 290 302 300 190 
1328 220 195 191 122 
1329 185 181 42 227 
1330 188 191 195 123 
1331 41 181 185 178 
1332 77 260 264 257 
1333 264 260 78 306 
1334 179 19 305 182 
1335 187 190 300 111 
1336 148 229 27 60 
1337 229 258 247 226 
1338 159 43 155 250 
1339 261 247 245 229 
1340 211 223 245 229 
1341 43 42 122 181 
1342 181 43 41 123 
1343 158 303 301 307 
1344 275 276 284 360 
1345 311 319 471 312 
1346 196 197 205 472 
1347 148 60 27 495 
1348 141 190 138 182 
1349 209 211 208 226 
1350 165 168 179 166 
1351 290 287 288 305 
1352 575 493 598 645 
1353 598 493 512 645 
1354 295 174 177 643 
1355 639 299 292 290 
1356 275 283 394 284 
1357 95 248 249 105 
1358 309 24 52 184 
1359 230 53 263 35 
1360 271 89 224 105 
1361 95 267 248 105 
1362 177 295 539 174 
1363 314 313 315 545 
1364 432 467 640 431 
1365 467 432 474 431 
1366 48 43 159 50 
1367 57 30 261 229 
1368 138 302 190 111 
1369 19 55 308 182 
1370 541 553 544 545 
1371 536 528 527 521 
1372 641 633 632 626 
1373 604 616 607 608 
1374 515 507 506 500 
1375 478 490 481 482 
1376 587 595 583 586 
1377 578 570 569 563 
1378 301 292 158 291 
1379 249 159 268 248 
1380 558 141 639 161 
1381 340 325 380 367 
1382 155 122 129 43 
1383 187 619 111 644 
1384 159 42 43 48 
1385 118 250 158 155 
1386 558 141 161 67 
1387 402 429 318 421 
1388 318 459 444 465 
1389 35 60 4 27 
1390 105 148 97 87 
1391 95 267 135 248 
1392 91 292 291 139 
1393 95 248 135 249 
1394 27 60 4 495 
1395 22 295 177 643 
1396 77 263 259 159 
1397 228 42 122 230 
1398 642 640 466 467 
1399 639 156 132 558 
1400 219 103 31 568 
1401 51 263 35 4 
1402 111 187 190 619 
1403 638 300 302 111 
1404 308 556 19 305 
1405 295 539 22 177 
1406 325 380 348 340 
1407 373 375 330 371 
1408 476 214 219 216 
1409 139 156 292 291 
1410 249 135 157 248 
1411 146 643 140 644 
1412 570 507 481 277 
1413 425 429 318 402 
1414 457 459 444 318 
1415 111 142 638 644 
1416 67 161 558 81 
1417 246 580 104 210 
1418 246 33 496 210 
1419 289 114 622 167 
1420 15 44 16 533 
1421 162 137 148 598 
1422 126 93 108 619 
1423 45 12 27 493 
1424 96 125 97 575 
1425 103 588 31 568 
1426 505 31 64 588 
1427 121 188 169 91 
1428 248 135 157 267 
1429 257 58 75 249 
1430 158 299 292 301 
1431 159 268 248 267 
1432 70 295 22 643 
1433 159 48 50 77 
1434 402 411 407 421 
1435 22 70 539 295 
1436 151 253 581 103 
1437 60 4 51 35 
1438 148 105 130 87 
1439 199 521 434 200 
1440 51 4 60 513 
1441 42 159 37 48 
1442 42 127 122 230 
1443 459 318 429 465 
1444 421 429 318 465 
1445 450 642 466 467 
1446 431 555 432 412 
1447 402 407 429 421 
1448 53 37 159 48 
1449 268 157 135 267 
1450 307 76 54 306 
1451 257 75 58 259 
1452 121 189 188 91 
1453 192 189 121 91 
1454 180 14 184 39 
1455 271 157 135 268 
1456 303 139 156 301 
1457 263 58 75 259 
1458 307 54 76 309 
1459 134 158 303 153 
1460 356 569 357 578 
1461 210 33 496 475 
1462 23 538 517 167 
1463 297 298 624 293 
1464 153 303 156 158 
1465 457 458 318 425 
1466 81 55 161 308 
1467 450 618 642 467 
1468 580 246 496 210 
1469 538 289 622 167 
1470 382 330 352 332 
1471 459 429 409 407 
1472 434 536 521 199 
1473 200 616 604 470 
1474 469 314 641 626 
1475 55 161 67 81 
1476 590 588 568 645 
1477 588 151 590 103 
1478 249 58 75 157 
1479 96 575 98 645 
1480 47 77 50 48 
1481 103 590 588 568 
1482 581 255 498 253 
1483 177 174 526 643 
1484 639 161 302 290 
1485 147 598 137 645 
1486 459 429 407 465 
1487 421 407 429 465 
1488 495 10 120 4 
1489 47 263 51 58 
1490 177 526 22 643 
1491 394 241 484 395 
1492 590 568 566 645 
1493 332 355 597 335 
1494 555 409 432 412 
1495 466 453 642 450 
1496 593 151 581 103 
1497 22 70 551 539 
1498 103 566 590 568 
1499 412 618 642 450 
1500 409 555 642 412 
1501 229 30 60 57 
1502 19 182 67 55 
1503 22 643 524 644 
1504 51 263 4 58 
1505 562 225 574 645 
1506 174 609 526 643 
1507 636 114 615 601 
1508 538 552 23 531 
1509 510 496 33 489 
1510 132 156 139 85 
1511 142 140 638 644 
1512 517 538 23 531 
1513 489 496 33 475 
1514 347 368 324 326 
1515 574 494 575 645 
1516 572 500 583 478 
1517 26 493 12 645 
1518 295 70 546 643 
1519 409 642 453 450 
1520 642 409 412 450 
1521 554 555 409 432 
1522 466 453 640 642 
1523 516 376 389 514 
1524 355 597 596 332 
1525 624 634 614 643 
1526 173 163 194 644 
1527 494 493 575 645 
1528 347 379 368 366 
1529 401 424 456 403 
1530 564 573 585 480 
1531 387 374 342 372 
1532 333 342 331 372 
1533 342 374 331 372 
1534 630 547 543 522 
1535 409 407 412 450 
1536 340 342 331 333 
1537 403 424 456 415 
1538 456 403 415 462 
1539 593 246 580 104 
1540 33 210 488 475 
1541 114 167 614 601 
1542 567 564 585 480 
1543 583 284 276 582 
1544 240 560 563 232 
1545 283 497 500 275 
1546 478 241 233 477 
1547 541 320 312 540 
1548 556 66 19 644 
1549 468 473 632 474 
1550 439 433 545 438 
1551 356 587 362 361 
1552 506 391 396 397 
1553 348 331 325 340 
1554 444 457 463 449 
1555 564 573 480 475 
1556 61 59 512 645 
1557 637 643 304 644 
1558 340 331 325 333 
1559 402 425 408 410 
1560 457 444 451 449 
1561 518 530 521 604 
1562 563 560 572 478 
1563 115 93 605 644 
1564 437 436 522 525 
1565 627 471 630 472 
1566 480 394 484 395 
1567 360 359 564 567 
1568 360 585 589 567 
1569 573 564 559 475 
1570 585 580 496 594 
1571 404 447 405 461 
1572 405 447 446 461 
1573 437 543 547 522 
1574 484 501 394 480 
1575 585 360 564 567 
1576 436 518 437 530 
1577 471 613 603 472 
1578 395 487 394 477 
1579 632 468 474 608 
1580 438 433 545 527 
1581 356 587 361 569 
1582 391 506 482 397 
1583 500 509 392 393 
1584 626 635 469 470 
1585 435 550 541 434 
1586 263 48 53 159 
1587 249 248 245 244 
1588 292 558 156 639 
1589 120 576 213 495 
1590 558 292 156 291 
1591 600 249 157 248 
1592 14 52 184 2 
1593 91 134 82 192 
1594 331 321 374 351 
1595 428 451 441 408 
1596 245 247 249 244 
1597 518 530 604 603 
1598 623 635 626 540 
1599 543 547 630 538 
1600 480 484 567 475 
1601 150 590 101 645 
1602 517 522 610 606 
1603 496 501 589 585 
1604 480 567 564 475 
1605 395 233 241 477 
1606 359 560 240 232 
1607 472 197 205 603 
1608 394 497 283 275 
1609 582 284 276 360 
1610 583 592 572 357 
1611 626 635 470 613 
1612 455 451 441 428 
1613 398 428 408 422 
1614 321 331 345 351 
1615 374 364 378 351 
1616 22 526 524 643 
1617 599 598 511 645 
1618 610 517 606 601 
1619 580 496 589 585 
1620 567 559 564 475 
1621 581 246 251 580 
1622 602 167 172 601 
1623 22 524 25 644 
1624 511 598 512 645 
1625 524 643 520 644 
1626 101 590 566 645 
1627 632 469 641 626 
1628 536 527 434 521 
1629 478 490 482 393 
1630 616 604 470 608 
1631 578 569 357 563 
1632 115 643 109 644 
1633 580 581 246 593 
1634 614 167 602 601 
1635 115 605 643 644 
1636 568 562 566 645 
1637 598 599 511 244 
1638 208 575 574 494 
1639 526 609 520 643 
1640 313 316 317 544 
1641 491 492 388 373 
1642 335 344 577 579 
1643 537 421 412 535 
1644 450 618 617 465 
1645 516 382 376 514 
1646 596 597 352 332 
1647 554 555 429 409 
1648 640 453 459 642 
1649 598 511 512 244 
1650 208 575 494 493 
1651 605 520 609 643 
1652 294 643 310 644 
1653 331 374 321 372 
1654 408 451 441 410 
1655 542 643 21 644 
1656 310 643 542 644 
1657 548 546 70 643 
1658 520 524 526 643 
1659 588 590 584 645 
1660 37 10 53 230 
1661 21 542 69 643 
1662 441 445 443 442 
1663 321 324 323 326 
1664 398 401 400 403 
1665 368 364 365 366 
1666 517 525 204 205 
1667 547 320 319 538 
1668 420 405 446 461 
1669 430 447 404 423 
1670 343 336 328 369 
1671 426 454 423 442 
1672 461 413 400 416 
1673 384 339 336 365 
1674 295 70 539 546 
1675 581 588 253 151 
1676 561 103 219 568 
1677 560 563 232 233 
1678 518 521 196 197 
1679 339 368 365 366 
1680 400 426 423 442 
1681 469 635 471 470 
1682 437 550 435 434 
1683 394 392 509 393 
1684 578 569 570 234 
1685 633 632 313 641 
1686 506 507 515 277 
1687 479 206 207 645 
1688 562 479 207 645 
1689 394 497 504 283 
1690 582 589 284 360 
1691 395 241 484 477 
1692 359 560 567 240 
1693 472 205 610 603 
1694 101 102 150 645 
1695 22 70 23 551 
1696 151 593 104 103 
1697 638 138 111 302 
1698 512 57 30 261 
1699 55 556 19 308 
1700 613 471 470 472 
1701 434 436 437 530 
1702 487 394 393 395 
1703 470 635 471 613 
1704 437 550 434 530 
1705 394 487 393 509 
1706 403 399 398 415 
1707 339 324 368 326 
1708 220 213 195 122 
1709 42 185 227 212 
1710 188 195 169 123 
1711 274 159 248 267 
1712 178 185 41 170 
1713 257 264 77 249 
1714 292 299 158 274 
1715 78 291 264 306 
1716 447 446 461 442 
1717 377 370 369 365 
1718 520 164 186 644 
1719 441 443 440 442 
1720 326 323 321 322 
1721 399 398 400 403 
1722 364 365 366 363 
1723 347 324 368 349 
1724 445 426 456 401 
1725 23 22 551 529 
1726 571 104 593 103 
1727 206 479 207 483 
1728 175 186 164 644 
1729 485 479 483 645 
1730 400 423 426 401 
1731 454 426 445 442 
1732 349 368 377 365 
1733 324 323 349 346 
1734 413 403 400 416 
1735 365 384 339 366 
1736 462 403 415 416 
1737 338 339 385 366 
1738 424 456 426 401 
1739 347 368 379 349 
1740 505 242 243 645 
1741 281 279 277 586 
1742 200 198 202 607 
1743 317 315 313 544 
1744 342 341 387 372 
1745 418 419 410 464 
1746 560 563 233 478 
1747 341 342 333 372 
1748 464 410 418 449 
1749 484 241 567 475 
1750 319 630 547 538 
1751 127 157 135 271 
1752 46 76 54 309 
1753 294 285 310 643 
1754 66 556 56 644 
1755 589 284 496 580 
1756 205 517 610 601 
1757 6 52 14 2 
1758 85 134 82 91 
1759 478 233 560 477 
1760 225 562 207 645 
1761 336 343 384 369 
1762 413 405 420 461 
1763 447 430 454 423 
1764 624 622 634 627 
1765 539 543 551 538 
1766 602 606 614 601 
1767 519 517 529 522 
1768 581 580 585 593 
1769 498 496 508 501 
1770 476 480 488 475 
1771 225 207 217 645 
1772 542 548 69 643 
1773 615 114 614 601 
1774 114 622 636 634 
1775 529 517 23 531 
1776 104 580 593 594 
1777 551 552 23 538 
1778 488 489 33 475 
1779 508 496 33 510 
1780 286 285 294 643 
1781 590 101 566 103 
1782 576 213 220 120 
1783 169 188 121 621 
1784 249 75 257 513 
1785 248 157 600 267 
1786 299 156 639 292 
1787 138 638 161 302 
1788 57 80 261 512 
1789 81 556 55 308 
1790 636 471 627 472 
1791 573 360 359 564 
1792 489 394 480 395 
1793 606 636 627 472 
1794 585 360 573 564 
1795 480 501 394 489 
1796 414 399 403 415 
1797 636 606 615 472 
1798 585 360 594 573 
1799 510 394 501 489 
1800 542 546 548 643 
1801 404 447 430 405 
1802 224 89 95 105 
1803 526 177 164 174 
1804 404 430 406 405 
1805 329 353 370 369 
1806 250 159 249 248 
1807 292 158 291 250 
1808 216 206 207 483 
1809 505 256 243 242 
1810 295 285 286 546 
1811 148 137 147 598 
1812 27 12 26 493 
1813 97 96 575 98 
1814 556 55 19 66 
1815 57 512 30 61 
1816 138 638 111 142 
1817 274 159 250 248 
1818 158 292 274 250 
1819 249 264 77 250 
1820 185 42 171 212 
1821 291 78 264 250 
1822 185 171 41 170 
1823 631 624 298 643 
1824 189 192 121 621 
1825 184 180 39 534 
1826 303 156 639 301 
1827 76 558 307 309 
1828 271 600 157 268 
1829 259 75 263 513 
1830 91 134 192 116 
1831 14 52 24 184 
1832 53 10 35 230 
1833 205 167 517 601 
1834 284 246 496 580 
1835 479 231 206 645 
1836 159 249 77 250 
1837 291 158 78 250 
1838 120 576 87 95 
1839 156 139 639 132 
1840 91 85 121 621 
1841 186 175 532 644 
1842 587 358 356 362 
1843 569 361 356 357 
1844 392 391 396 506 
1845 391 482 393 397 
1846 469 473 632 468 
1847 468 470 474 608 
1848 435 433 545 439 
1849 434 433 438 527 
1850 108 619 111 190 
1851 511 258 512 244 
1852 493 494 208 226 
1853 598 599 244 266 
1854 575 221 208 574 
1855 548 539 70 546 
1856 103 561 566 568 
1857 151 581 588 590 
1858 285 286 546 643 
1859 522 436 518 525 
1860 395 484 480 477 
1861 472 610 606 603 
1862 501 394 497 504 
1863 560 564 359 567 
1864 589 582 585 360 
1865 349 347 324 346 
1866 368 377 379 349 
1867 456 426 445 454 
1868 423 424 426 401 
1869 384 385 339 366 
1870 403 413 415 416 
1871 167 205 172 601 
1872 246 284 251 580 
1873 28 29 32 645 
1874 625 304 637 643 
1875 263 53 51 35 
1876 598 147 148 100 
1877 98 575 97 100 
1878 493 26 27 30 
1879 265 243 254 645 
1880 486 479 485 645 
1881 461 420 413 416 
1882 339 336 343 384 
1883 426 454 430 423 
1884 346 377 349 353 
1885 390 375 373 371 
1886 432 411 412 407 
1887 466 450 467 448 
1888 411 432 412 431 
1889 421 417 402 410 
1890 465 444 463 449 
1891 408 429 425 402 
1892 459 444 451 457 
1893 372 388 386 367 
1894 340 325 344 333 
1895 352 331 325 348 
1896 380 382 374 367 
1897 531 529 517 522 
1898 543 552 551 538 
1899 615 614 606 601 
1900 480 489 488 475 
1901 634 622 636 627 
1902 510 508 496 501 
1903 580 585 593 594 
1904 27 10 495 4 
1905 576 97 87 95 
1906 108 85 91 621 
1907 139 639 132 141 
1908 331 325 330 352 
1909 374 382 375 367 
1910 452 444 451 459 
1911 429 408 407 402 
1912 333 325 344 334 
1913 367 372 388 371 
1914 449 465 444 448 
1915 402 411 421 410 
1916 332 330 355 335 
1917 407 432 409 412 
1918 32 29 63 645 
1919 307 558 76 306 
1920 299 639 156 301 
1921 180 178 39 534 
1922 259 257 75 513 
1923 121 188 189 621 
1924 268 600 157 267 
1925 21 68 71 644 
1926 126 108 91 621 
1927 139 161 639 141 
1928 97 576 125 95 
1929 27 10 45 495 
1930 65 502 59 645 
1931 576 120 125 95 
1932 126 91 121 621 
1933 139 639 161 156 
1934 75 58 80 513 
1935 436 518 530 522 
1936 472 606 613 603 
1937 509 394 497 501 
1938 592 585 582 360 
1939 480 487 395 477 
1940 359 572 564 560 
1941 95 89 87 105 
1942 67 54 55 81 
1943 161 139 138 141 
1944 303 153 156 139 
1945 159 157 127 271 
1946 78 76 46 309 
1947 140 142 638 138 
1948 66 55 56 556 
1949 61 59 57 512 
1950 55 49 54 67 
1951 132 138 139 141 
1952 361 354 335 577 
1953 251 581 580 253 
1954 298 624 622 297 
1955 561 559 219 218 
1956 172 174 602 601 
1957 498 496 256 255 
1958 293 539 538 295 
1959 214 476 475 216 
1960 519 517 177 176 
1961 361 335 570 577 
1962 450 607 617 474 
1963 103 561 571 566 
1964 590 151 581 593 
1965 539 70 551 548 
1966 434 527 530 521 
1967 608 604 470 613 
1968 545 550 541 435 
1969 469 632 635 626 
1970 482 487 478 393 
1971 357 569 572 563 
1972 392 506 509 500 
1973 587 583 358 592 
1974 582 583 587 592 
1975 509 506 497 500 
1976 560 572 569 563 
1977 482 478 487 477 
1978 623 635 632 626 
1979 545 541 550 540 
1980 530 527 518 521 
1981 613 608 604 603 
1982 80 57 59 512 
1983 55 56 556 81 
1984 140 638 161 138 
1985 53 7 9 35 
1986 48 51 263 53 
1987 56 71 55 66 
1988 60 62 61 30 
1989 74 262 77 78 
1990 6 3 52 2 
1991 21 70 23 22 
1992 50 74 54 46 
1993 46 74 76 78 
1994 639 158 156 303 
1995 54 46 49 55 
1996 49 55 66 67 
1997 73 81 54 76 
1998 71 69 66 68 
1999 52 49 46 48 
2000 71 69 68 21 
2001 70 68 69 21 
2002 59 57 80 58 
2003 61 59 65 57 
2004 12 34 11 26 
2005 57 61 60 51 
2006 65 508 503 63 
2007 74 50 54 73 
2008 47 51 57 58 
2009 47 46 48 50 
2010 78 262 77 79 
2011 80 72 58 75 
2012 309 307 78 262 
2013 138 139 128 132 
2014 89 134 133 129 
2015 263 75 77 513 
2016 51 48 263 47 
2017 77 47 263 48 
2018 55 66 67 19 
2019 20 17 18 25 
2020 44 36 14 39 
2021 38 40 37 42 
2022 45 37 495 10 
2023 1 4 10 11 
2024 10 12 27 45 
2025 494 493 495 229 
2026 31 28 29 32 
2027 62 64 63 32 
2028 60 61 57 30 
2029 64 33 31 32 
2030 51 53 60 35 
2031 35 30 60 27 
2032 30 28 26 27 
2033 4 7 35 27 
2034 49 67 52 24 
2035 66 68 67 19 
2036 9 8 52 24 
2037 8 6 24 16 
2038 67 24 16 19 
2039 2 6 13 14 
2040 16 19 18 17 
2041 629 627 624 634 
2042 6 52 24 14 
2043 25 17 15 13 
2044 637 639 638 302 
2045 194 190 187 620 
2046 178 41 181 180 
2047 36 37 39 38 
2048 15 14 16 44 
2049 37 36 39 5 
2050 639 161 638 302 
2051 182 44 534 533 
2052 627 623 622 630 
2053 82 92 85 91 
2054 142 138 132 141 
2055 309 78 79 262 
2056 622 625 624 631 
2057 254 243 247 244 
2058 89 105 133 90 
2059 155 157 127 159 
2060 56 55 54 81 
2061 154 162 135 157 
2062 161 153 139 156 
2063 558 76 78 309 
2064 52 37 53 48 
2065 156 639 161 638 
2066 624 623 622 627 
2067 161 628 638 140 
2068 140 161 139 138 
2069 140 146 142 138 
2070 261 80 513 512 
2071 132 134 141 116 
2072 114 636 145 634 
2073 142 144 146 143 
2074 466 452 473 453 
2075 143 145 144 113 
2076 108 109 111 107 
2077 145 471 636 114 
2078 144 636 634 145 
2079 636 469 635 471 
2080 635 473 632 469 
2081 635 634 636 627 
2082 627 471 636 635 
2083 627 632 623 635 
2084 432 411 402 431 
2085 452 444 441 451 
2086 451 453 452 459 
2087 445 451 441 455 
2088 445 455 456 454 
2089 455 459 451 457 
2090 632 453 633 473 
2091 633 459 640 453 
2092 302 300 637 304 
2093 3 6 52 8 
2094 639 303 301 302 
2095 52 8 6 24 
2096 176 164 177 174 
2097 631 624 622 298 
2098 435 552 550 437 
2099 630 631 622 298 
2100 637 625 631 304 
2101 519 523 524 520 
2102 526 524 520 519 
2103 548 56 549 71 
2104 298 296 286 297 
2105 286 297 289 293 
2106 626 622 623 630 
2107 633 623 632 626 
2108 289 319 297 311 
2109 622 298 297 630 
2110 319 297 298 630 
2111 630 319 623 626 
2112 319 630 641 626 
2113 541 553 554 544 
2114 459 457 640 642 
2115 626 641 633 640 
2116 541 320 547 553 
2117 285 288 287 294 
2118 22 436 531 23 
2119 522 527 518 530 
2120 437 550 543 552 
2121 410 412 411 421 
2122 429 422 408 425 
2123 411 402 399 410 
2124 401 423 424 422 
2125 551 71 548 69 
2126 429 544 554 409 
2127 439 432 409 407 
2128 429 555 554 425 
2129 398 408 401 422 
2130 541 547 320 540 
2131 439 550 545 435 
2132 551 550 552 543 
2133 540 544 545 541 
2134 538 541 540 547 
2135 409 408 407 429 
2136 433 435 432 439 
2137 409 545 544 439 
2138 411 407 432 402 
2139 552 69 551 70 
2140 437 70 552 23 
2141 552 23 70 551 
2142 545 543 540 550 
2143 70 69 551 548 
2144 540 547 543 538 
2145 540 539 538 543 
2146 549 539 548 542 
2147 546 547 538 295 
2148 548 542 539 546 
2149 549 556 56 81 
2150 557 556 558 308 
2151 558 556 76 81 
2152 543 548 539 551 
2153 81 558 556 308 
2154 293 289 286 285 
2155 173 163 172 174 
2156 25 529 22 20 
2157 287 286 285 294 
2158 293 286 298 295 
2159 294 285 293 295 
2160 54 74 73 76 
2161 542 538 539 546 
2162 295 539 538 546 
2163 557 542 310 546 
2164 308 310 557 305 
2165 558 308 307 309 
2166 262 307 78 260 
2167 260 77 262 259 
2168 260 307 78 306 
2169 37 41 38 42 
2170 184 39 41 534 
2171 131 154 135 127 
2172 262 77 79 263 
2173 263 262 77 259 
2174 77 260 257 259 
2175 389 375 396 376 
2176 498 502 503 499 
2177 258 261 265 511 
2178 64 394 510 33 
2179 129 130 89 127 
2180 59 503 502 65 
2181 261 259 263 513 
2182 80 75 513 512 
2183 80 59 502 512 
2184 499 265 505 511 
2185 512 513 261 511 
2186 504 505 496 256 
2187 496 499 498 505 
2188 256 505 496 498 
2189 559 562 561 568 
2190 394 489 33 395 
2191 510 394 509 501 
2192 508 33 64 510 
2193 63 510 508 64 
2194 378 368 377 379 
2195 506 376 507 396 
2196 275 278 277 279 
2197 396 389 391 392 
2198 509 396 506 392 
2199 277 276 275 279 
2200 362 358 356 355 
2201 498 497 496 501 
2202 509 508 510 501 
2203 501 506 497 509 
2204 510 392 509 394 
2205 503 501 498 508 
2206 334 354 335 361 
2207 374 376 375 382 
2208 507 382 514 376 
2209 381 282 350 351 
2210 378 382 374 380 
2211 378 364 374 368 
2212 501 497 496 504 
2213 507 497 506 500 
2214 151 590 150 593 
2215 380 382 516 514 
2216 256 254 243 255 
2217 515 514 507 500 
2218 500 496 497 504 
2219 504 497 500 283 
2220 504 500 515 283 
2221 361 354 356 357 
2222 598 162 600 269 
2223 360 573 104 594 
2224 240 219 567 218 
2225 219 568 559 561 
2226 284 276 246 251 
2227 130 133 105 148 
2228 240 563 578 232 
2229 589 583 284 595 
2230 284 583 589 582 
2231 580 583 582 589 
2232 362 592 587 358 
2233 102 151 104 103 
2234 243 255 246 242 
2235 584 580 581 588 
2236 136 127 135 130 
2237 39 37 41 38 
2238 263 48 159 77 
2239 74 46 76 54 
2240 599 598 600 269 
2241 157 155 127 154 
2242 598 162 157 600 
2243 157 159 600 271 
2244 268 271 600 269 
2245 37 45 495 40 
2246 269 599 266 273 
2247 588 580 581 253 
2248 562 568 566 561 
2249 581 584 588 590 
2250 591 581 590 584 
2251 588 589 580 253 
2252 135 137 148 162 
2253 155 127 153 129 
2254 129 132 153 134 
2255 153 127 154 131 
2256 155 127 154 153 
2257 358 594 592 360 
2258 130 129 89 133 
2259 134 89 133 90 
2260 594 150 593 151 
2261 150 151 149 102 
2262 571 573 104 103 
2263 582 581 580 585 
2264 148 149 100 147 
2265 162 598 591 137 
2266 585 590 581 593 
2267 593 152 590 150 
2268 152 147 136 137 
2269 101 573 571 103 
2270 477 484 480 475 
2271 582 586 587 583 
2272 596 583 595 586 
2273 589 582 580 585 
2274 587 585 582 592 
2275 592 585 360 594 
2276 570 344 577 335 
2277 593 592 594 585 
2278 239 342 341 387 
2279 106 571 566 101 
2280 104 593 151 594 
2281 360 151 594 104 
2282 332 331 330 352 
2283 321 325 330 331 
2284 352 586 596 332 
2285 597 596 352 348 
2286 332 587 586 362 
2287 362 330 355 332 
2288 321 331 324 345 
2289 352 345 331 348 
2290 347 345 324 346 
2291 333 326 337 322 
2292 566 96 562 565 
2293 392 394 391 393 
2294 333 335 334 344 
2295 337 344 333 340 
2296 569 335 570 361 
2297 325 333 322 334 
2298 573 360 104 359 
2299 103 359 573 104 
2300 225 568 562 574 
2301 572 573 359 564 
2302 572 571 573 564 
2303 564 569 560 572 
2304 572 361 569 357 
2305 359 360 356 357 
2306 573 357 572 359 
2307 141 116 111 108 
2308 221 223 225 574 
2309 566 101 571 103 
2310 103 102 101 99 
2311 105 148 100 97 
2312 99 100 98 97 
2313 96 95 97 125 
2314 87 94 83 95 
2315 122 576 224 120 
2316 89 88 134 84 
2317 105 97 89 87 
2318 96 106 98 94 
2319 208 207 217 211 
2320 37 495 10 230 
2321 130 89 105 133 
2322 220 191 222 122 
2323 188 189 191 123 
2324 85 84 134 88 
2325 120 119 117 122 
2326 125 117 95 120 
2327 575 576 223 574 
2328 125 576 223 575 
2329 125 120 576 575 
2330 96 125 575 565 
2331 561 565 566 562 
2332 570 560 569 563 
2333 567 568 559 219 
2334 561 560 559 564 
2335 563 559 560 567 
2336 566 564 561 571 
2337 478 484 241 477 
2338 219 559 567 218 
2339 560 559 564 567 
2340 563 578 570 577 
2341 577 344 340 579 
2342 219 217 207 218 
2343 563 567 560 240 
2344 578 235 240 232 
2345 578 567 563 240 
2346 235 234 232 233 
2347 240 218 210 232 
2348 214 210 207 206 
2349 488 34 485 29 
2350 235 234 233 236 
2351 478 241 484 490 
2352 375 364 374 367 
2353 366 384 385 383 
2354 363 372 366 383 
2355 373 372 371 388 
2356 478 490 491 481 
2357 388 481 491 373 
2358 390 367 375 371 
2359 388 383 372 386 
2360 388 492 491 386 
2361 394 391 393 395 
2362 395 31 489 33 
2363 489 394 33 510 
2364 477 481 482 478 
2365 475 478 477 484 
2366 397 487 482 393 
2367 367 375 389 390 
2368 390 391 393 397 
2369 373 482 481 397 
2370 397 390 373 371 
2371 367 363 372 371 
2372 489 29 488 31 
2373 488 487 489 480 
2374 480 487 489 395 
2375 393 489 487 395 
2376 489 33 31 488 
2377 482 480 477 487 
2378 31 29 488 485 
2379 483 484 475 216 
2380 477 476 475 480 
2381 495 493 45 229 
2382 486 476 485 479 
2383 45 12 493 486 
2384 45 40 493 495 
2385 206 209 208 215 
2386 480 485 476 488 
2387 215 206 214 216 
2388 214 207 219 216 
2389 494 479 231 483 
2390 485 479 476 483 
2391 479 475 476 483 
2392 216 476 475 483 
2393 229 231 494 226 
2394 495 229 228 230 
2395 181 228 42 227 
2396 142 138 141 111 
2397 39 5 36 14 
2398 180 184 182 534 
2399 529 25 22 524 
2400 517 520 519 526 
2401 179 186 175 532 
2402 82 118 86 91 
2403 179 182 186 532 
2404 44 39 534 533 
2405 44 15 523 533 
2406 520 186 526 532 
2407 533 534 182 532 
2408 525 526 517 177 
2409 177 526 517 519 
2410 530 529 531 522 
2411 23 22 529 531 
2412 20 531 529 22 
2413 530 531 436 522 
2414 408 398 407 402 
2415 414 421 410 417 
2416 431 411 438 412 
2417 437 435 433 434 
2418 436 437 433 434 
2419 531 434 530 436 
2420 431 433 438 434 
2421 530 438 527 434 
2422 519 518 517 522 
2423 524 522 519 529 
2424 527 412 528 438 
2425 528 421 535 412 
2426 410 414 399 403 
2427 414 403 413 415 
2428 466 444 452 448 
2429 528 518 527 521 
2430 417 421 537 535 
2431 521 517 518 525 
2432 536 535 528 521 
2433 522 518 517 525 
2434 603 607 608 604 
2435 177 175 164 176 
2436 199 536 521 196 
2437 536 199 204 196 
2438 636 472 114 471 
2439 465 607 617 450 
2440 469 466 473 468 
2441 610 616 604 205 
2442 197 167 205 172 
2443 166 165 163 173 
2444 145 113 114 112 
2445 472 636 114 615 
2446 142 141 143 111 
2447 418 203 419 464 
2448 617 604 616 607 
2449 463 617 618 465 
2450 465 460 449 463 
2451 450 449 448 465 
2452 460 443 449 440 
2453 468 469 471 470 
2454 470 471 468 472 
2455 444 466 467 448 
2456 440 449 444 448 
2457 468 470 467 474 
2458 450 467 448 474 
2459 450 608 607 474 
2460 470 615 613 472 
2461 474 613 608 470 
2462 205 604 610 603 
2463 614 613 615 606 
2464 472 112 615 114 
2465 615 606 613 472 
2466 609 610 601 174 
2467 615 614 114 112 
2468 85 134 91 116 
2469 90 116 134 88 
2470 123 121 192 621 
2471 88 89 134 90 
2472 88 108 116 85 
2473 88 134 85 116 
2474 84 85 134 82 
2475 192 189 190 621 
2476 615 110 614 112 
2477 110 115 109 107 
2478 93 115 92 107 
2479 93 611 605 612 
2480 605 609 194 620 
2481 611 93 605 115 
2482 91 93 108 126 
2483 612 619 93 126 
2484 621 619 190 620 
2485 118 126 91 121 
2486 126 121 619 621 
2487 619 190 126 621 
2488 606 611 602 614 
2489 612 602 611 605 
2490 601 604 603 610 
2491 603 602 601 606 
2492 608 606 603 613 
2493 603 610 606 601 
2494 174 609 602 601 
2495 605 601 602 609 
2496 119 121 118 123 
2497 74 50 73 72 
2498 156 155 153 158 
2499 644 524 523 520 
2500 548 549 69 71 
2501 548 69 549 542 
2502 69 549 21 71 
2503 69 21 549 542 
2504 21 549 644 71 
2505 21 644 549 542 
2506 645 502 63 65 
2507 503 63 502 65 
2508 27 30 229 493 
2509 27 229 30 60 
2510 19 16 182 533 
2511 182 16 19 67 
2512 100 97 223 575 
2513 223 97 100 148 
2514 32 64 29 31 
2515 32 29 64 63 
2516 590 151 101 103 
2517 590 101 151 150 
2518 102 101 151 103 
2519 102 151 101 150 
2520 643 110 145 112 
2521 645 99 147 98 
2522 100 147 99 98 
2523 111 107 113 143 
2524 113 107 111 109 
2525 107 643 113 143 
2526 113 643 107 109 
2527 643 644 107 109 
2528 30 28 61 26 
2529 645 61 28 26 
2530 17 644 21 18 
2531 21 19 17 18 
2532 19 68 644 66 
2533 391 396 390 389 
2534 391 390 396 397 
2535 433 439 431 438 
2536 433 431 439 432 
2537 468 473 467 466 
2538 468 467 473 474 
2539 526 164 186 520 
2540 568 207 225 562 
2541 483 231 206 479 
2542 283 496 256 504 
2543 256 496 283 255 
2544 580 284 253 589 
2545 580 253 284 251 
2546 320 538 295 293 
2547 295 538 320 547 
2548 538 630 289 319 
2549 538 289 630 622 
2550 297 289 630 319 
2551 297 630 289 622 
2552 241 475 216 214 
2553 216 475 241 484 
2554 567 218 210 240 
2555 210 218 567 559 
2556 567 475 210 559 
2557 204 517 177 525 
2558 204 177 517 176 
2559 205 601 174 172 
2560 174 601 205 610 
2561 181 43 228 183 
2562 181 228 43 42 
2563 230 228 43 183 
2564 230 43 228 42 
2565 43 181 180 183 
2566 180 181 43 41 
2567 180 184 43 183 
2568 43 184 180 41 
2569 224 124 222 193 
2570 224 222 124 122 
2571 191 222 124 193 
2572 191 124 222 122 
2573 124 192 189 193 
2574 189 192 124 123 
2575 189 191 124 193 
2576 124 191 189 123 
2577 159 260 77 262 
2578 77 260 159 250 
2579 159 43 260 262 
2580 260 43 159 250 
2581 141 190 111 138 
2582 141 111 190 108 
2583 294 287 305 288 
2584 644 532 194 173 
2585 644 194 532 620 
2586 532 165 194 173 
2587 645 599 265 511 
2588 645 265 599 254 
2589 599 244 265 511 
2590 599 265 244 254 
2591 225 208 494 217 
2592 225 494 208 574 
2593 645 225 494 217 
2594 645 494 225 574 
2595 215 208 226 209 
2596 268 159 127 271 
2597 268 224 105 271 
2598 188 301 116 303 
2599 105 268 220 224 
2600 227 259 35 263 
2601 227 35 259 257 
2602 188 307 303 189 
2603 188 303 307 301 
2604 227 268 263 228 
2605 227 263 268 259 
2606 188 309 307 189 
2607 301 188 306 307 
2608 77 257 159 259 
2609 77 159 257 249 
2610 268 159 257 259 
2611 268 257 159 249 
2612 188 291 301 306 
2613 248 213 268 249 
2614 303 189 116 188 
2615 91 189 116 192 
2616 91 116 189 188 
2617 309 180 24 184 
2618 14 24 180 184 
2619 263 35 228 230 
2620 263 228 35 227 
2621 495 228 10 230 
2622 495 10 228 227 
2623 228 35 10 230 
2624 228 10 35 227 
2625 490 393 578 356 
2626 245 269 229 223 
2627 235 579 577 578 
2628 577 579 235 237 
2629 236 492 491 238 
2630 491 492 236 490 
2631 535 537 199 201 
2632 199 537 535 536 
2633 535 528 199 536 
2634 514 516 278 280 
2635 278 516 514 515 
2636 314 642 640 641 
2637 640 642 314 316 
2638 268 213 257 249 
2639 268 257 213 227 
2640 359 241 232 240 
2641 359 232 241 233 
2642 159 74 77 50 
2643 77 74 159 262 
2644 159 43 74 50 
2645 74 43 159 262 
2646 361 281 362 355 
2647 362 281 586 355 
2648 120 220 105 213 
2649 182 108 67 141 
2650 190 290 187 300 
2651 190 187 290 166 
2652 148 495 4 600 
2653 495 60 600 148 
2654 496 284 255 246 
2655 496 255 284 283 
2656 275 255 284 246 
2657 275 284 255 283 
2658 319 538 293 289 
2659 293 538 319 320 
2660 293 312 319 289 
2661 319 312 293 320 
2662 517 205 176 167 
2663 517 176 205 204 
2664 196 176 205 167 
2665 196 205 176 204 
2666 165 305 166 179 
2667 208 244 245 266 
2668 472 603 518 197 
2669 196 472 518 197 
2670 359 233 560 232 
2671 318 421 444 402 
2672 318 444 421 465 
2673 325 340 388 367 
2674 463 444 421 402 
2675 463 444 425 457 
2676 463 425 444 402 
2677 318 425 444 457 
2678 318 444 425 402 
2679 189 123 82 192 
2680 244 245 226 208 
2681 226 229 245 247 
2682 393 490 595 356 
2683 125 97 495 576 
2684 211 245 208 226 
2685 247 226 244 245 
2686 244 226 247 258 
2687 179 166 182 305 
2688 226 229 211 245 
2689 555 642 640 316 
2690 586 507 514 389 
2691 187 644 287 165 
2692 208 493 598 575 
2693 208 493 244 598 
2694 512 244 493 598 
2695 238 577 579 597 
2696 238 579 577 237 
2697 266 598 208 244 
2698 575 221 598 208 
2699 266 598 221 208 
2700 226 493 244 208 
2701 544 315 555 317 
2702 555 316 544 317 
2703 174 624 295 539 
2704 293 624 295 298 
2705 293 295 624 539 
2706 234 235 490 236 
2707 279 277 515 278 
2708 279 515 277 506 
2709 491 570 361 390 
2710 504 496 284 283 
2711 216 31 568 219 
2712 568 31 216 483 
2713 568 207 216 219 
2714 216 207 568 483 
2715 284 394 504 283 
2716 481 482 506 397 
2717 645 598 98 147 
2718 645 98 598 575 
2719 100 98 598 147 
2720 100 598 98 575 
2721 25 17 644 15 
2722 25 644 17 18 
2723 485 12 29 34 
2724 26 29 12 34 
2725 107 115 644 93 
2726 107 644 115 109 
2727 65 61 645 59 
2728 106 98 645 96 
2729 146 142 644 140 
2730 590 137 150 152 
2731 147 150 137 152 
2732 597 281 238 577 
2733 78 158 306 307 
2734 78 306 158 291 
2735 301 306 158 307 
2736 301 158 306 291 
2737 105 213 10 120 
2738 645 493 61 26 
2739 645 61 493 512 
2740 30 61 493 26 
2741 30 493 61 512 
2742 355 281 597 577 
2743 16 621 44 534 
2744 315 545 544 553 
2745 544 545 315 313 
2746 641 545 313 314 
2747 456 428 457 455 
2748 456 457 428 458 
2749 451 457 428 455 
2750 425 408 428 422 
2751 425 424 428 427 
2752 428 424 425 422 
2753 331 351 348 345 
2754 331 348 351 350 
2755 347 348 351 345 
2756 347 351 348 350 
2757 351 374 380 378 
2758 380 379 351 378 
2759 351 379 380 381 
2760 198 199 527 200 
2761 122 123 129 124 
2762 340 388 344 325 
2763 89 122 271 224 
2764 89 271 122 127 
2765 52 46 184 2 
2766 52 184 46 309 
2767 308 138 55 161 
2768 308 55 138 182 
2769 55 138 67 161 
2770 55 67 138 182 
2771 67 138 141 161 
2772 67 141 138 182 
2773 108 67 85 621 
2774 200 618 607 202 
2775 279 597 586 281 
2776 355 597 586 596 
2777 355 586 597 281 
2778 588 103 253 151 
2779 132 558 141 639 
2780 281 361 389 390 
2781 600 249 75 157 
2782 75 249 600 513 
2783 97 87 495 576 
2784 120 87 495 4 
2785 120 495 87 576 
2786 85 116 139 132 
2787 139 116 153 132 
2788 139 153 116 303 
2789 153 116 134 132 
2790 153 134 116 303 
2791 105 87 135 130 
2792 127 89 135 130 
2793 127 135 89 271 
2794 89 105 135 130 
2795 89 135 105 271 
2796 161 138 290 308 
2797 161 290 138 302 
2798 578 490 234 235 
2799 575 223 598 221 
2800 575 598 223 100 
2801 266 598 223 221 
2802 269 598 223 266 
2803 24 54 121 91 
2804 603 471 518 311 
2805 603 518 471 472 
2806 312 518 471 311 
2807 312 471 518 472 
2808 275 560 360 359 
2809 91 116 139 85 
2810 105 95 135 87 
2811 367 342 380 340 
2812 388 342 367 340 
2813 464 421 402 463 
2814 535 412 555 431 
2815 255 498 588 256 
2816 588 498 255 253 
2817 241 284 275 394 
2818 528 527 313 198 
2819 570 569 277 234 
2820 219 216 488 476 
2821 261 245 513 80 
2822 588 31 253 103 
2823 500 582 275 497 
2824 311 312 550 540 
2825 465 421 463 444 
2826 348 352 380 325 
2827 633 474 632 473 
2828 632 474 633 313 
2829 544 474 313 633 
2830 439 313 545 544 
2831 439 545 313 438 
2832 361 277 507 570 
2833 156 292 301 139 
2834 301 292 156 299 
2835 76 306 156 54 
2836 234 569 490 578 
2837 356 490 569 578 
2838 607 198 616 200 
2839 607 616 198 608 
2840 586 277 595 279 
2841 586 595 277 587 
2842 644 111 93 619 
2843 644 93 111 107 
2844 108 93 111 619 
2845 108 111 93 107 
2846 588 645 483 568 
2847 483 31 588 568 
2848 319 312 472 471 
2849 472 630 319 471 
2850 407 448 459 465 
2851 444 459 448 465 
2852 444 448 459 452 
2853 46 74 43 50 
2854 469 470 632 641 
2855 469 632 470 468 
2856 122 129 127 155 
2857 116 132 108 141 
2858 108 132 116 85 
2859 558 67 108 141 
2860 108 67 558 85 
2861 132 558 108 141 
2862 108 558 132 85 
2863 644 620 187 619 
2864 375 390 376 389 
2865 375 376 390 373 
2866 516 376 390 389 
2867 118 78 134 158 
2868 213 227 495 212 
2869 641 545 470 527 
2870 433 470 545 527 
2871 249 105 58 95 
2872 120 58 105 95 
2873 52 309 54 24 
2874 54 309 52 46 
2875 54 49 52 24 
2876 52 49 54 46 
2877 37 159 263 53 
2878 263 230 37 53 
2879 122 120 95 117 
2880 95 120 122 224 
2881 95 89 122 117 
2882 122 89 95 224 
2883 545 435 434 433 
2884 392 506 393 391 
2885 434 199 527 536 
2886 393 482 506 490 
2887 393 506 482 391 
2888 608 470 632 468 
2889 608 632 470 616 
2890 85 156 558 132 
2891 82 123 91 192 
2892 82 91 123 118 
2893 121 91 123 192 
2894 121 123 91 118 
2895 37 42 495 230 
2896 495 42 37 40 
2897 350 597 352 348 
2898 352 380 350 348 
2899 161 308 558 81 
2900 621 534 182 44 
2901 89 129 122 117 
2902 122 129 89 127 
2903 129 134 158 118 
2904 158 134 129 153 
2905 158 155 129 118 
2906 129 155 158 153 
2907 421 407 412 411 
2908 412 407 421 465 
2909 464 419 421 203 
2910 537 419 421 417 
2911 381 382 516 380 
2912 387 342 388 239 
2913 387 492 388 386 
2914 563 578 478 357 
2915 597 335 492 373 
2916 499 64 498 505 
2917 495 576 223 125 
2918 334 373 344 335 
2919 407 450 465 412 
2920 407 465 450 448 
2921 567 241 359 240 
2922 484 394 284 241 
2923 610 522 547 630 
2924 263 259 4 58 
2925 259 257 4 58 
2926 257 4 249 10 
2927 257 249 4 58 
2928 249 4 105 10 
2929 249 105 4 58 
2930 105 4 120 10 
2931 105 120 4 58 
2932 402 421 419 417 
2933 419 421 402 464 
2934 388 387 367 342 
2935 388 367 387 386 
2936 380 367 387 342 
2937 610 472 319 205 
2938 319 472 610 630 
2939 319 547 610 205 
2940 610 547 319 630 
2941 616 632 198 608 
2942 33 31 508 64 
2943 33 508 31 488 
2944 498 508 31 64 
2945 498 31 508 488 
2946 85 91 156 139 
2947 380 374 342 387 
2948 643 634 114 145 
2949 114 634 643 614 
2950 114 112 643 145 
2951 643 112 114 614 
2952 604 200 434 521 
2953 434 200 604 470 
2954 459 452 409 453 
2955 95 58 87 120 
2956 4 87 58 120 
2957 593 103 561 571 
2958 22 551 177 539 
2959 22 177 551 529 
2960 177 551 174 539 
2961 618 474 202 467 
2962 618 202 474 607 
2963 617 618 474 607 
2964 488 255 498 581 
2965 155 127 43 159 
2966 155 43 127 122 
2967 42 43 127 159 
2968 42 127 43 122 
2969 159 42 263 127 
2970 159 263 42 37 
2971 230 263 42 127 
2972 230 42 263 37 
2973 74 46 262 78 
2974 459 409 642 453 
2975 465 618 412 450 
2976 419 410 402 417 
2977 330 332 373 335 
2978 597 373 332 335 
2979 600 148 87 4 
2980 450 618 474 617 
2981 474 618 450 467 
2982 577 335 355 354 
2983 624 174 609 602 
2984 609 174 624 643 
2985 609 614 624 602 
2986 624 614 609 643 
2987 585 594 480 573 
2988 522 630 627 543 
2989 522 636 627 606 
2990 425 458 408 410 
2991 449 410 463 464 
2992 496 284 501 504 
2993 496 501 284 589 
2994 585 567 501 589 
2995 585 501 567 480 
2996 484 567 501 480 
2997 522 610 627 630 
2998 522 627 610 606 
2999 472 627 610 630 
3000 472 610 627 606 
3001 489 496 501 510 
3002 585 480 489 501 
3003 489 480 585 594 
3004 489 496 585 501 
3005 585 496 489 594 
3006 517 606 636 522 
3007 630 627 538 622 
3008 630 538 627 543 
3009 601 636 606 615 
3010 601 606 636 517 
3011 522 538 517 531 
3012 475 573 210 559 
3013 636 114 167 622 
3014 167 114 636 601 
3015 636 517 167 601 
3016 357 360 572 359 
3017 357 572 360 592 
3018 560 572 360 359 
3019 530 437 312 518 
3020 530 312 437 550 
3021 311 530 312 518 
3022 311 312 530 550 
3023 603 530 311 518 
3024 603 311 530 550 
3025 367 363 374 372 
3026 367 374 363 364 
3027 168 165 169 166 
3028 169 165 168 170 
3029 213 208 209 211 
3030 209 208 213 212 
3031 292 287 288 290 
3032 288 287 292 291 
3033 540 635 311 623 
3034 582 360 572 592 
3035 572 360 582 560 
3036 424 428 415 422 
3037 604 603 550 613 
3038 550 603 604 530 
3039 478 500 560 572 
3040 529 176 517 519 
3041 538 293 551 539 
3042 279 393 583 500 
3043 478 583 393 500 
3044 528 474 313 544 
3045 541 470 613 626 
3046 357 478 572 583 
3047 572 478 357 563 
3048 547 205 522 610 
3049 517 205 522 525 
3050 517 522 205 610 
3051 320 312 550 437 
3052 320 550 312 540 
3053 543 547 550 437 
3054 543 550 547 540 
3055 547 320 550 437 
3056 547 550 320 540 
3057 311 319 635 471 
3058 311 635 319 623 
3059 627 635 630 471 
3060 627 630 635 623 
3061 635 319 630 471 
3062 635 630 319 623 
3063 393 509 478 500 
3064 393 478 509 487 
3065 410 414 460 399 
3066 337 383 372 363 
3067 338 383 372 337 
3068 338 372 333 337 
3069 333 372 338 341 
3070 338 333 340 337 
3071 415 460 410 414 
3072 410 417 415 414 
3073 304 644 557 637 
3074 557 644 304 296 
3075 294 644 286 643 
3076 294 286 644 296 
3077 644 532 179 165 
3078 471 613 311 603 
3079 471 311 613 635 
3080 428 398 415 422 
3081 399 415 428 398 
3082 337 364 321 351 
3083 321 364 374 351 
3084 597 382 352 332 
3085 373 492 344 335 
3086 555 642 429 409 
3087 459 429 642 409 
3088 643 634 629 624 
3089 146 643 107 143 
3090 107 643 146 644 
3091 107 111 142 143 
3092 142 111 107 644 
3093 146 107 142 143 
3094 142 107 146 644 
3095 325 331 322 333 
3096 325 322 331 321 
3097 440 444 451 441 
3098 451 444 440 449 
3099 644 163 520 164 
3100 70 643 69 548 
3101 278 277 514 280 
3102 238 234 577 570 
3103 238 577 234 237 
3104 235 234 577 237 
3105 199 198 535 201 
3106 199 535 198 528 
3107 202 535 198 201 
3108 415 422 403 424 
3109 415 403 422 398 
3110 401 403 422 424 
3111 401 422 403 398 
3112 368 365 324 339 
3113 368 324 365 349 
3114 323 365 324 349 
3115 442 445 400 426 
3116 401 400 445 426 
3117 644 19 15 17 
3118 644 15 19 533 
3119 16 15 19 17 
3120 16 19 15 533 
3121 310 644 296 294 
3122 296 644 310 557 
3123 310 287 305 294 
3124 305 287 310 557 
3125 198 199 197 196 
3126 198 197 199 200 
3127 521 197 199 196 
3128 521 199 197 200 
3129 505 498 588 64 
3130 588 498 505 256 
3131 526 524 529 22 
3132 529 524 526 519 
3133 529 177 526 22 
3134 526 177 529 519 
3135 485 483 488 31 
3136 485 488 483 476 
3137 216 488 483 31 
3138 216 483 488 476 
3139 541 540 314 626 
3140 443 461 445 416 
3141 443 445 461 442 
3142 400 445 461 416 
3143 400 461 445 442 
3144 365 336 324 339 
3145 365 324 336 323 
3146 326 324 336 339 
3147 326 336 324 323 
3148 326 321 337 322 
3149 441 443 460 440 
3150 528 527 199 536 
3151 528 199 527 198 
3152 490 506 481 482 
3153 577 361 238 570 
3154 491 238 361 570 
3155 586 355 332 362 
3156 586 332 355 596 
3157 389 507 376 396 
3158 389 376 507 514 
3159 431 528 412 438 
3160 412 528 431 535 
3161 432 544 409 554 
3162 409 544 432 439 
3163 478 233 578 563 
3164 478 578 233 235 
3165 232 578 233 563 
3166 232 233 578 235 
3167 279 275 583 276 
3168 279 583 275 500 
3169 582 583 275 276 
3170 582 275 583 500 
3171 525 518 437 436 
3172 456 403 445 401 
3173 400 461 405 413 
3174 447 442 423 454 
3175 336 365 369 384 
3176 461 404 400 405 
3177 336 369 323 328 
3178 327 369 323 346 
3179 327 323 369 328 
3180 609 174 164 163 
3181 164 174 609 526 
3182 164 520 609 163 
3183 609 520 164 526 
3184 483 645 562 568 
3185 562 645 483 479 
3186 562 207 483 568 
3187 483 207 562 479 
3188 442 447 404 461 
3189 404 447 442 423 
3190 404 400 442 461 
3191 442 400 404 423 
3192 238 234 491 236 
3193 490 491 234 236 
3194 316 640 313 314 
3195 641 640 313 633 
3196 641 313 640 314 
3197 428 425 458 408 
3198 644 163 532 173 
3199 165 532 163 173 
3200 645 486 493 12 
3201 644 164 532 163 
3202 644 532 164 175 
3203 165 532 164 163 
3204 369 329 328 343 
3205 643 143 144 113 
3206 643 144 143 146 
3207 534 178 169 170 
3208 558 306 156 76 
3209 558 156 306 291 
3210 23 437 531 552 
3211 23 531 437 436 
3212 522 437 531 436 
3213 437 543 531 552 
3214 437 531 543 522 
3215 538 531 543 552 
3216 538 543 531 522 
3217 556 644 549 56 
3218 368 366 378 364 
3219 368 378 366 379 
3220 402 399 408 398 
3221 402 408 399 410 
3222 428 408 399 398 
3223 369 377 353 370 
3224 369 327 329 353 
3225 369 329 327 328 
3226 217 645 231 494 
3227 231 217 208 215 
3228 208 217 231 494 
3229 231 208 226 215 
3230 226 208 231 494 
3231 645 273 254 599 
3232 254 273 244 599 
3233 244 273 266 599 
3234 578 234 577 235 
3235 577 234 578 570 
3236 515 277 514 278 
3237 514 277 515 507 
3238 645 217 206 207 
3239 208 206 217 207 
3240 208 217 206 215 
3241 171 42 213 212 
3242 227 213 42 212 
3243 171 169 41 170 
3244 178 41 169 170 
3245 502 645 512 59 
3246 195 181 42 171 
3247 42 181 195 122 
3248 42 213 195 171 
3249 195 213 42 122 
3250 181 195 41 171 
3251 181 41 195 123 
3252 169 41 195 171 
3253 169 195 41 123 
3254 576 220 224 120 
3255 231 206 217 215 
3256 231 217 206 645 
3257 600 513 58 75 
3258 58 157 600 75 
3259 316 425 429 318 
3260 429 425 316 555 
3261 642 429 316 555 
3262 317 427 425 318 
3263 425 427 317 555 
3264 316 317 425 318 
3265 425 317 316 555 
3266 598 148 223 100 
3267 644 165 305 287 
3268 644 557 305 556 
3269 305 557 644 287 
3270 300 637 644 638 
3271 339 336 337 338 
3272 339 337 336 326 
3273 321 339 337 338 
3274 321 337 339 326 
3275 366 339 321 338 
3276 403 456 441 462 
3277 461 416 460 462 
3278 460 416 461 443 
3279 416 441 460 462 
3280 460 441 416 443 
3281 416 403 441 462 
3282 214 240 232 241 
3283 232 240 214 210 
3284 214 232 233 241 
3285 233 232 214 210 
3286 475 567 240 241 
3287 240 567 475 210 
3288 214 475 240 241 
3289 240 475 214 210 
3290 87 95 84 89 
3291 87 84 95 83 
3292 265 244 258 511 
3293 221 225 208 574 
3294 643 614 110 112 
3295 71 644 56 549 
3296 335 325 354 334 
3297 373 335 325 330 
3298 373 325 335 334 
3299 466 448 453 450 
3300 453 448 466 452 
3301 448 409 453 450 
3302 453 409 448 452 
3303 448 407 409 450 
3304 355 335 325 354 
3305 355 325 335 330 
3306 564 573 561 571 
3307 561 573 564 559 
3308 561 218 573 559 
3309 218 210 573 559 
3310 184 39 2 41 
3311 184 2 39 14 
3312 5 39 2 14 
3313 149 645 150 102 
3314 148 135 87 130 
3315 67 85 156 558 
3316 148 87 157 600 
3317 157 87 148 135 
3318 157 162 148 600 
3319 148 162 157 135 
3320 67 81 76 54 
3321 76 81 67 558 
3322 76 156 67 54 
3323 67 156 76 558 
3324 600 513 57 60 
3325 600 57 513 80 
3326 58 513 57 80 
3327 290 302 299 300 
3328 290 299 302 639 
3329 301 299 302 300 
3330 301 302 299 639 
3331 288 306 308 305 
3332 307 306 308 558 
3333 307 308 306 305 
3334 269 268 267 600 
3335 267 268 269 266 
3336 269 245 267 266 
3337 247 261 257 258 
3338 259 257 261 258 
3339 259 261 257 513 
3340 189 190 188 187 
3341 189 188 190 621 
3342 166 188 190 187 
3343 223 222 220 221 
3344 220 211 223 221 
3345 51 57 513 60 
3346 51 513 57 58 
3347 130 147 137 136 
3348 137 147 130 148 
3349 137 135 130 136 
3350 130 135 137 148 
3351 14 6 15 16 
3352 14 15 6 13 
3353 17 15 6 16 
3354 17 6 15 13 
3355 85 91 93 108 
3356 93 91 85 92 
3357 93 107 85 108 
3358 85 107 93 92 
3359 26 4 12 27 
3360 26 12 4 11 
3361 10 12 4 27 
3362 10 4 12 11 
3363 87 95 96 94 
3364 96 95 87 97 
3365 96 98 87 94 
3366 87 98 96 97 
3367 373 390 481 491 
3368 373 481 390 397 
3369 396 390 481 397 
3370 466 467 633 473 
3371 633 467 466 640 
3372 633 453 466 473 
3373 466 453 633 640 
3374 3 4 53 1 
3375 10 53 4 1 
3376 10 4 53 35 
3377 7 4 53 3 
3378 7 53 4 35 
3379 9 7 52 8 
3380 9 52 7 53 
3381 3 52 7 8 
3382 3 7 52 53 
3383 72 58 74 50 
3384 72 74 58 75 
3385 74 58 77 50 
3386 74 77 58 75 
3387 77 58 47 50 
3388 39 2 37 5 
3389 39 37 2 41 
3390 625 140 638 628 
3391 575 562 96 565 
3392 63 645 62 32 
3393 30 32 61 28 
3394 30 61 32 62 
3395 645 61 32 28 
3396 645 32 61 62 
3397 18 25 22 20 
3398 625 643 624 631 
3399 122 119 129 123 
3400 122 129 119 117 
3401 118 129 119 123 
3402 118 119 129 117 
3403 100 102 147 149 
3404 100 147 102 99 
3405 645 147 102 149 
3406 645 102 147 99 
3407 182 168 166 179 
3408 180 178 182 179 
3409 180 182 178 534 
3410 178 168 182 179 
3411 127 131 129 128 
3412 127 129 131 153 
3413 256 243 265 505 
3414 265 243 256 254 
3415 524 15 644 523 
3416 524 644 15 25 
3417 634 643 144 145 
3418 315 541 320 312 
3419 315 320 541 553 
3420 200 205 604 616 
3421 458 457 316 642 
3422 458 316 457 318 
3423 429 316 459 642 
3424 429 459 316 318 
3425 316 457 459 642 
3426 316 459 457 318 
3427 301 160 303 158 
3428 303 160 301 272 
3429 160 270 301 272 
3430 310 295 285 294 
3431 310 285 295 546 
3432 311 313 315 314 
3433 315 313 311 312 
3434 311 315 541 314 
3435 541 315 311 312 
3436 311 541 540 314 
3437 540 541 311 312 
3438 314 626 319 641 
3439 318 428 425 458 
3440 318 425 428 427 
3441 542 644 557 310 
3442 207 219 225 217 
3443 207 225 219 568 
3444 279 500 278 515 
3445 279 278 500 275 
3446 283 278 500 515 
3447 283 500 278 275 
3448 511 645 499 265 
3449 280 381 281 516 
3450 281 381 280 282 
3451 381 382 281 516 
3452 281 382 381 282 
3453 284 279 583 276 
3454 284 583 279 595 
3455 253 581 246 251 
3456 246 581 253 255 
3457 209 229 211 226 
3458 227 228 229 226 
3459 229 228 227 495 
3460 209 227 229 226 
3461 268 271 160 159 
3462 160 271 268 272 
3463 268 270 160 272 
3464 479 645 494 231 
3465 645 99 101 102 
3466 186 177 164 526 
3467 186 164 177 175 
3468 48 42 52 37 
3469 48 52 42 43 
3470 223 224 220 222 
3471 220 224 223 576 
3472 86 117 89 95 
3473 84 86 89 95 
3474 83 86 84 95 
3475 83 84 86 82 
3476 237 342 238 579 
3477 237 238 342 239 
3478 231 216 206 215 
3479 231 206 216 483 
3480 219 207 210 218 
3481 210 207 219 214 
3482 478 241 236 233 
3483 236 241 478 490 
3484 236 235 478 233 
3485 478 235 236 490 
3486 485 645 12 486 
3487 493 479 645 494 
3488 493 645 479 486 
3489 1 53 5 10 
3490 37 5 53 10 
3491 174 163 194 173 
3492 174 194 163 609 
3493 533 523 644 15 
3494 532 644 520 186 
3495 421 202 465 203 
3496 525 521 196 518 
3497 196 437 525 518 
3498 525 536 196 521 
3499 196 536 525 204 
3500 179 168 532 175 
3501 179 532 168 165 
3502 164 532 168 175 
3503 164 168 532 165 
3504 115 643 614 110 
3505 629 643 140 146 
3506 602 611 609 614 
3507 602 609 611 605 
3508 609 611 643 614 
3509 609 643 611 605 
3510 643 611 115 614 
3511 643 115 611 605 
3512 109 110 643 115 
3513 619 93 605 612 
3514 532 182 644 179 
3515 532 644 182 533 
3516 19 644 182 179 
3517 19 182 644 533 
3518 70 21 643 22 
3519 70 643 21 69 
3520 644 22 18 25 
3521 644 18 22 21 
3522 134 158 307 303 
3523 127 122 268 271 
3524 224 268 122 271 
3525 598 162 223 148 
3526 598 223 162 269 
3527 223 162 229 148 
3528 223 229 162 269 
3529 229 57 162 269 
3530 213 228 268 227 
3531 306 169 307 188 
3532 169 309 307 188 
3533 223 148 45 97 
3534 223 45 148 229 
3535 27 148 45 229 
3536 308 305 290 288 
3537 182 16 621 44 
3538 249 213 10 105 
3539 223 266 211 245 
3540 223 211 266 221 
3541 208 211 266 245 
3542 208 266 211 221 
3543 305 179 556 19 
3544 644 556 179 19 
3545 361 281 491 390 
3546 178 170 182 168 
3547 178 182 170 534 
3548 166 182 169 168 
3549 182 170 169 168 
3550 182 169 170 534 
3551 220 213 223 211 
3552 220 223 213 576 
3553 495 223 213 211 
3554 495 213 223 576 
3555 212 227 229 209 
3556 212 229 227 495 
3557 211 213 229 209 
3558 211 229 213 495 
3559 213 212 229 209 
3560 213 229 212 495 
3561 291 306 308 288 
3562 291 308 306 558 
3563 290 292 308 288 
3564 292 291 308 288 
3565 292 308 291 558 
3566 267 248 269 600 
3567 267 269 248 245 
3568 269 248 249 600 
3569 269 249 248 245 
3570 513 269 249 600 
3571 513 249 269 245 
3572 80 269 513 600 
3573 80 513 269 245 
3574 257 249 261 247 
3575 257 261 249 513 
3576 245 261 249 247 
3577 245 249 261 513 
3578 493 512 258 244 
3579 258 226 493 244 
3580 257 213 10 249 
3581 224 105 120 220 
3582 120 105 224 95 
3583 600 60 162 148 
3584 600 162 60 57 
3585 229 162 60 148 
3586 229 60 162 57 
3587 66 71 644 56 
3588 644 71 66 68 
3589 123 262 43 41 
3590 46 262 123 41 
3591 16 24 49 6 
3592 16 49 24 67 
3593 85 49 16 67 
3594 621 85 16 67 
3595 78 307 134 158 
3596 78 134 307 309 
3597 493 258 229 226 
3598 512 261 493 258 
3599 512 493 261 30 
3600 229 493 261 258 
3601 229 261 493 30 
3602 4 35 259 263 
3603 177 176 529 519 
3604 241 394 233 395 
3605 434 541 315 314 
3606 202 474 535 467 
3607 431 535 474 467 
3608 431 474 535 528 
3609 161 639 308 290 
3610 161 308 639 558 
3611 292 308 639 290 
3612 292 639 308 558 
3613 602 174 167 176 
3614 602 167 174 172 
3615 164 167 174 176 
3616 626 469 541 470 
3617 626 541 469 314 
3618 541 469 434 470 
3619 541 434 469 314 
3620 469 641 545 470 
3621 469 545 641 314 
3622 433 469 545 470 
3623 433 545 469 314 
3624 434 469 433 470 
3625 434 433 469 314 
3626 644 520 605 643 
3627 457 425 410 458 
3628 410 425 457 463 
3629 457 449 410 463 
3630 106 566 645 101 
3631 374 331 380 342 
3632 624 614 297 293 
3633 332 373 375 330 
3634 375 382 332 330 
3635 24 14 49 6 
3636 121 49 14 6 
3637 104 594 210 580 
3638 104 210 594 573 
3639 496 210 594 580 
3640 415 456 428 424 
3641 460 462 428 415 
3642 456 428 462 415 
3643 46 2 43 41 
3644 46 43 2 52 
3645 43 2 42 41 
3646 43 42 2 52 
3647 42 2 37 41 
3648 42 37 2 52 
3649 82 78 134 118 
3650 262 123 78 46 
3651 123 82 78 46 
3652 123 78 82 118 
3653 451 410 457 449 
3654 496 255 33 246 
3655 622 297 114 289 
3656 538 551 167 23 
3657 517 23 176 529 
3658 517 176 23 167 
3659 551 176 23 529 
3660 551 23 176 167 
3661 319 623 314 311 
3662 319 314 623 626 
3663 540 314 623 311 
3664 540 623 314 626 
3665 603 205 200 197 
3666 603 200 205 604 
3667 521 518 200 197 
3668 521 200 518 604 
3669 518 603 200 197 
3670 518 200 603 604 
3671 385 338 372 341 
3672 372 338 385 383 
3673 385 386 372 383 
3674 449 415 410 418 
3675 449 410 415 460 
3676 463 449 462 460 
3677 462 415 449 418 
3678 462 449 415 460 
3679 489 475 594 496 
3680 210 475 594 573 
3681 210 594 475 496 
3682 480 475 594 489 
3683 594 475 480 573 
3684 356 592 360 358 
3685 356 360 592 357 
3686 583 592 356 358 
3687 583 356 592 357 
3688 462 428 441 460 
3689 434 545 541 435 
3690 587 583 356 358 
3691 587 356 583 595 
3692 492 344 388 373 
3693 29 645 12 485 
3694 263 58 77 75 
3695 263 77 58 47 
3696 499 63 502 503 
3697 499 502 63 645 
3698 29 499 63 645 
3699 273 242 243 252 
3700 243 242 273 645 
3701 273 254 243 645 
3702 121 621 14 39 
3703 121 14 621 6 
3704 14 16 621 6 
3705 44 16 39 14 
3706 44 39 16 534 
3707 621 39 16 14 
3708 621 16 39 534 
3709 61 63 645 62 
3710 61 645 63 65 
3711 634 146 643 629 
3712 634 643 146 144 
3713 140 628 643 629 
3714 140 643 628 625 
3715 624 643 628 629 
3716 624 628 643 625 
3717 556 542 644 557 
3718 556 644 542 549 
3719 512 499 645 502 
3720 512 645 499 511 
3721 129 89 118 117 
3722 129 118 89 134 
3723 566 96 645 562 
3724 566 645 96 106 
3725 101 98 645 106 
3726 645 98 101 99 
3727 86 118 89 117 
3728 387 238 388 492 
3729 387 388 238 239 
3730 344 388 238 492 
3731 533 520 644 523 
3732 533 644 520 532 
3733 174 163 167 164 
3734 167 163 174 172 
3735 499 63 64 29 
3736 643 145 113 144 
3737 145 112 109 113 
3738 109 112 145 110 
3739 109 643 145 113 
3740 145 643 109 110 
3741 21 19 644 17 
3742 21 644 19 68 
3743 390 389 507 361 
3744 507 389 390 396 
3745 507 570 390 361 
3746 431 432 544 439 
3747 544 432 431 474 
3748 431 528 544 474 
3749 194 609 520 163 
3750 520 609 194 605 
3751 520 644 194 163 
3752 194 644 520 605 
3753 643 304 631 625 
3754 310 546 643 285 
3755 643 546 310 542 
3756 505 265 645 243 
3757 645 265 505 499 
3758 393 583 595 279 
3759 583 356 393 595 
3760 129 122 181 43 
3761 181 123 129 43 
3762 122 129 191 124 
3763 123 191 129 124 
3764 78 250 118 260 
3765 118 250 78 158 
3766 260 78 123 118 
3767 123 78 260 262 
3768 260 43 123 262 
3769 250 260 123 118 
3770 250 123 260 43 
3771 129 155 123 118 
3772 129 123 155 43 
3773 155 250 123 118 
3774 155 123 250 43 
3775 195 123 129 181 
3776 129 123 195 191 
3777 129 122 195 181 
3778 195 122 129 191 
3779 187 173 165 166 
3780 165 173 187 194 
3781 532 644 187 165 
3782 187 644 532 620 
3783 187 194 532 165 
3784 532 194 187 620 
3785 258 254 244 265 
3786 244 254 258 247 
3787 217 221 208 211 
3788 217 208 221 225 
3789 250 159 158 155 
3790 250 158 159 274 
3791 307 134 189 309 
3792 82 134 189 192 
3793 82 189 134 309 
3794 189 303 134 307 
3795 159 263 268 127 
3796 268 263 159 259 
3797 220 224 122 222 
3798 105 135 268 271 
3799 105 267 135 95 
3800 135 267 105 268 
3801 228 263 127 268 
3802 127 263 228 230 
3803 127 122 228 268 
3804 228 122 127 230 
3805 268 122 220 224 
3806 139 116 301 303 
3807 91 169 307 306 
3808 307 54 91 306 
3809 169 309 91 307 
3810 54 91 309 307 
3811 54 309 91 24 
3812 105 268 213 220 
3813 257 35 4 10 
3814 257 4 35 259 
3815 123 82 188 189 
3816 309 188 82 189 
3817 122 213 268 220 
3818 268 213 122 228 
3819 91 291 116 188 
3820 91 116 291 292 
3821 301 116 291 188 
3822 301 291 116 292 
3823 228 213 42 227 
3824 228 42 213 122 
3825 180 169 41 123 
3826 180 41 169 178 
3827 189 116 134 303 
3828 189 134 116 192 
3829 356 583 478 357 
3830 478 583 356 393 
3831 478 578 356 357 
3832 356 578 478 393 
3833 578 490 478 393 
3834 478 490 578 235 
3835 57 229 245 269 
3836 245 229 57 261 
3837 245 80 57 269 
3838 57 80 245 261 
3839 190 138 290 302 
3840 607 616 618 200 
3841 618 616 607 617 
3842 586 595 597 279 
3843 597 595 586 596 
3844 544 553 555 315 
3845 555 553 544 554 
3846 306 188 91 169 
3847 91 188 306 291 
3848 248 268 105 267 
3849 248 105 268 213 
3850 257 227 10 213 
3851 10 227 257 35 
3852 262 43 46 74 
3853 262 46 43 41 
3854 166 165 287 305 
3855 287 165 166 187 
3856 287 290 166 305 
3857 166 290 287 187 
3858 60 600 4 495 
3859 60 4 600 513 
3860 544 432 555 554 
3861 555 432 544 316 
3862 309 180 46 82 
3863 46 180 309 184 
3864 180 2 46 82 
3865 46 2 180 184 
3866 2 41 180 184 
3867 148 495 45 97 
3868 45 495 148 27 
3869 166 305 308 182 
3870 166 308 305 290 
3871 138 190 308 182 
3872 138 308 190 290 
3873 190 166 308 182 
3874 190 308 166 290 
3875 570 234 491 238 
3876 544 432 640 316 
3877 544 313 640 633 
3878 640 313 544 316 
3879 535 467 555 202 
3880 642 467 555 640 
3881 238 344 335 579 
3882 335 344 238 492 
3883 335 597 238 579 
3884 238 597 335 492 
3885 514 586 277 507 
3886 389 281 362 361 
3887 389 281 586 362 
3888 431 467 555 535 
3889 431 555 467 640 
3890 516 280 389 281 
3891 389 280 516 514 
3892 280 586 389 281 
3893 389 586 280 514 
3894 280 277 586 281 
3895 586 277 280 514 
3896 116 292 139 301 
3897 116 139 292 91 
3898 581 253 31 103 
3899 31 253 581 498 
3900 31 219 581 103 
3901 488 219 31 216 
3902 314 545 434 433 
3903 314 434 545 315 
3904 624 295 643 174 
3905 624 643 295 298 
3906 633 467 474 473 
3907 284 589 567 360 
3908 359 275 567 360 
3909 359 567 275 241 
3910 275 284 567 360 
3911 275 567 284 241 
3912 437 312 319 320 
3913 437 547 319 205 
3914 319 547 437 320 
3915 273 256 255 588 
3916 273 255 256 242 
3917 253 273 255 588 
3918 645 505 273 588 
3919 645 273 505 242 
3920 505 256 273 588 
3921 505 273 256 242 
3922 474 632 528 313 
3923 198 528 632 313 
3924 608 474 528 607 
3925 528 474 608 632 
3926 528 198 608 607 
3927 608 198 528 632 
3928 438 527 313 528 
3929 438 313 527 545 
3930 361 569 277 570 
3931 361 277 569 587 
3932 396 481 506 397 
3933 26 29 645 12 
3934 645 29 26 28 
3935 137 150 645 590 
3936 147 150 645 137 
3937 645 150 147 149 
3938 361 577 355 354 
3939 361 281 238 491 
3940 577 281 361 355 
3941 577 361 281 238 
3942 432 640 555 431 
3943 555 640 432 316 
3944 48 43 46 52 
3945 48 46 43 50 
3946 309 169 82 188 
3947 309 82 169 180 
3948 123 82 169 188 
3949 123 169 82 180 
3950 213 10 495 227 
3951 213 495 10 120 
3952 313 641 527 545 
3953 464 462 449 418 
3954 464 449 462 463 
3955 410 419 415 417 
3956 415 419 410 418 
3957 342 333 338 341 
3958 342 338 333 340 
3959 387 385 372 341 
3960 387 372 385 386 
3961 410 457 408 451 
3962 410 408 457 458 
3963 428 408 457 451 
3964 428 457 408 458 
3965 380 351 331 374 
3966 434 200 527 199 
3967 182 67 621 16 
3968 108 621 182 67 
3969 309 82 78 134 
3970 78 82 309 46 
3971 467 618 555 202 
3972 467 555 618 642 
3973 412 555 618 202 
3974 412 618 555 642 
3975 148 87 495 97 
3976 148 495 87 4 
3977 111 300 644 638 
3978 644 300 111 187 
3979 390 281 516 389 
3980 577 597 335 579 
3981 335 597 577 355 
3982 269 57 600 80 
3983 269 600 57 162 
3984 506 393 279 515 
3985 121 178 180 169 
3986 121 24 180 14 
3987 309 91 180 169 
3988 309 180 91 24 
3989 121 180 91 169 
3990 121 91 180 24 
3991 121 24 49 54 
3992 49 24 121 14 
3993 360 275 582 560 
3994 582 275 360 276 
3995 202 464 465 203 
3996 421 465 464 203 
3997 421 464 465 463 
3998 535 412 202 555 
3999 588 498 31 64 
4000 31 498 588 253 
4001 121 39 180 178 
4002 180 39 121 14 
4003 312 196 518 437 
4004 312 518 196 472 
4005 319 205 312 437 
4006 319 312 205 472 
4007 205 196 312 437 
4008 205 312 196 472 
4009 551 293 167 176 
4010 297 293 167 289 
4011 641 313 198 632 
4012 198 313 641 527 
4013 277 234 490 506 
4014 490 234 277 569 
4015 495 229 223 211 
4016 223 229 495 45 
4017 550 311 613 603 
4018 325 330 382 367 
4019 382 330 325 352 
4020 382 380 325 367 
4021 325 380 382 352 
4022 495 97 223 45 
4023 223 97 495 125 
4024 587 362 277 586 
4025 277 362 587 361 
4026 362 507 277 586 
4027 277 507 362 361 
4028 362 389 507 586 
4029 507 389 362 361 
4030 544 431 438 528 
4031 438 431 544 439 
4032 438 313 544 528 
4033 544 313 438 439 
4034 507 506 481 277 
4035 507 481 506 396 
4036 306 91 156 54 
4037 156 291 91 306 
4038 91 291 156 139 
4039 205 196 525 204 
4040 205 525 196 437 
4041 641 470 200 527 
4042 200 198 641 527 
4043 277 279 393 595 
4044 393 279 277 506 
4045 393 490 277 595 
4046 277 490 393 506 
4047 31 588 485 483 
4048 31 485 588 505 
4049 645 485 588 483 
4050 645 588 485 505 
4051 448 459 409 407 
4052 448 409 459 452 
4053 375 330 367 382 
4054 375 367 330 371 
4055 470 632 200 616 
4056 470 200 632 641 
4057 198 200 632 616 
4058 198 632 200 641 
4059 500 393 515 279 
4060 470 434 527 433 
4061 470 527 434 200 
4062 315 545 541 434 
4063 315 541 545 553 
4064 506 393 500 392 
4065 506 500 393 515 
4066 614 293 167 297 
4067 182 621 169 534 
4068 325 344 373 388 
4069 373 344 325 334 
4070 350 380 382 381 
4071 382 380 350 352 
4072 382 282 350 381 
4073 602 624 293 614 
4074 602 176 293 551 
4075 104 210 593 246 
4076 498 499 63 64 
4077 63 499 498 503 
4078 63 508 498 64 
4079 498 508 63 503 
4080 505 499 485 645 
4081 29 485 499 645 
4082 505 485 29 31 
4083 29 485 505 499 
4084 29 64 505 31 
4085 505 64 29 499 
4086 174 551 176 602 
4087 488 219 210 218 
4088 621 190 108 182 
4089 621 108 190 126 
4090 190 188 169 621 
4091 169 188 190 166 
4092 169 182 190 621 
4093 190 182 169 166 
4094 325 367 371 330 
4095 371 367 325 388 
4096 371 373 325 330 
4097 325 373 371 388 
4098 356 490 587 569 
4099 356 587 490 595 
4100 277 587 490 569 
4101 277 490 587 595 
4102 210 33 255 246 
4103 255 33 210 488 
4104 210 218 255 488 
4105 167 297 114 614 
4106 114 297 167 289 
4107 380 331 340 342 
4108 348 331 380 350 
4109 348 380 331 340 
4110 394 284 501 484 
4111 394 501 284 504 
4112 567 484 284 241 
4113 477 394 233 560 
4114 477 233 394 395 
4115 560 275 233 359 
4116 560 233 275 394 
4117 241 233 275 359 
4118 241 275 233 394 
4119 464 410 402 419 
4120 367 387 374 380 
4121 205 437 522 525 
4122 205 522 437 547 
4123 373 491 376 390 
4124 491 281 516 390 
4125 491 516 376 390 
4126 85 91 54 156 
4127 54 91 85 121 
4128 85 49 54 121 
4129 249 135 58 157 
4130 249 58 135 95 
4131 87 58 135 157 
4132 87 135 58 95 
4133 581 255 218 488 
4134 218 581 210 255 
4135 218 210 581 593 
4136 246 210 581 255 
4137 246 581 210 593 
4138 602 167 293 176 
4139 293 167 602 614 
4140 613 470 550 604 
4141 613 550 470 541 
4142 434 550 470 604 
4143 434 470 550 541 
4144 87 58 600 4 
4145 87 600 58 157 
4146 177 551 176 174 
4147 176 551 177 529 
4148 293 539 602 551 
4149 293 602 539 624 
4150 174 602 539 551 
4151 174 539 602 624 
4152 640 544 467 432 
4153 640 467 544 633 
4154 474 467 544 432 
4155 474 544 467 633 
4156 198 607 535 202 
4157 198 535 607 528 
4158 474 535 607 202 
4159 474 607 535 528 
4160 481 491 507 570 
4161 390 507 491 570 
4162 378 351 338 379 
4163 385 366 364 378 
4164 338 385 364 378 
4165 338 378 366 385 
4166 366 378 338 379 
4167 321 351 338 337 
4168 621 121 16 85 
4169 621 16 121 6 
4170 49 16 121 85 
4171 49 121 16 6 
4172 376 491 281 516 
4173 281 382 376 516 
4174 376 382 281 597 
4175 387 372 367 374 
4176 367 372 387 386 
4177 597 373 375 332 
4178 375 373 597 376 
4179 375 382 597 332 
4180 597 382 375 376 
4181 180 2 123 41 
4182 180 123 2 82 
4183 46 123 2 41 
4184 46 2 123 82 
4185 373 281 376 491 
4186 376 281 373 597 
4187 492 238 281 491 
4188 281 238 492 597 
4189 373 492 281 491 
4190 281 492 373 597 
4191 538 522 627 543 
4192 351 350 380 331 
4193 380 350 351 381 
4194 219 581 218 488 
4195 488 581 31 219 
4196 31 581 488 498 
4197 219 103 593 581 
4198 593 103 219 561 
4199 593 218 219 581 
4200 219 218 593 561 
4201 410 463 402 425 
4202 410 402 463 464 
4203 501 284 567 484 
4204 501 567 284 589 
4205 582 583 572 500 
4206 572 583 582 592 
4207 627 622 522 538 
4208 522 622 627 636 
4209 622 517 522 538 
4210 522 517 622 636 
4211 622 167 517 538 
4212 517 167 622 636 
4213 399 460 415 414 
4214 415 460 399 428 
4215 560 500 582 572 
4216 121 178 621 39 
4217 121 621 178 169 
4218 534 621 178 39 
4219 534 178 621 169 
4220 624 614 114 297 
4221 114 614 624 634 
4222 114 622 624 297 
4223 624 622 114 634 
4224 538 293 167 551 
4225 538 167 293 289 
4226 509 560 478 500 
4227 487 394 560 509 
4228 560 394 487 477 
4229 560 478 487 509 
4230 487 478 560 477 
4231 530 434 604 550 
4232 530 604 434 521 
4233 644 300 557 637 
4234 304 557 300 637 
4235 300 296 557 304 
4236 635 311 550 540 
4237 635 550 311 613 
4238 541 626 550 540 
4239 541 550 626 613 
4240 626 635 550 540 
4241 626 550 635 613 
4242 496 498 33 255 
4243 496 33 498 508 
4244 488 33 498 255 
4245 488 498 33 508 
4246 428 408 410 399 
4247 410 408 428 441 
4248 410 460 428 399 
4249 428 460 410 441 
4250 337 363 338 383 
4251 338 363 337 364 
4252 363 385 338 383 
4253 338 385 363 364 
4254 363 366 385 383 
4255 385 366 363 364 
4256 337 364 374 321 
4257 374 364 337 363 
4258 374 372 337 321 
4259 337 372 374 363 
4260 331 321 337 372 
4261 337 321 331 322 
4262 337 333 331 372 
4263 331 333 337 322 
4264 441 451 460 410 
4265 441 460 451 440 
4266 449 460 451 410 
4267 449 451 460 440 
4268 364 351 338 378 
4269 338 351 364 337 
4270 497 500 560 509 
4271 560 500 497 582 
4272 560 394 497 509 
4273 560 275 497 394 
4274 560 497 275 582 
4275 441 445 456 443 
4276 441 456 445 455 
4277 300 310 557 296 
4278 286 294 290 296 
4279 286 290 294 287 
4280 290 294 300 296 
4281 294 310 300 296 
4282 323 365 369 336 
4283 369 346 365 323 
4284 369 365 346 377 
4285 349 365 346 323 
4286 349 346 365 377 
4287 403 445 400 416 
4288 403 400 445 401 
4289 490 491 570 234 
4290 570 491 490 481 
4291 570 277 506 234 
4292 506 277 570 481 
4293 490 570 506 234 
4294 506 570 490 481 
4295 353 346 369 327 
4296 369 346 353 377 
4297 405 406 447 430 
4298 405 446 406 420 
4299 406 446 405 447 
4300 218 593 104 210 
4301 104 573 218 210 
4302 286 643 295 546 
4303 298 286 643 295 
4304 321 324 347 345 
4305 321 347 324 326 
4306 273 244 243 254 
4307 273 266 245 244 
4308 273 245 266 252 
4309 242 243 245 244 
4310 242 245 243 252 
4311 243 273 245 244 
4312 243 245 273 252 
4313 513 58 4 600 
4314 513 4 58 51 
4315 419 421 201 537 
4316 421 201 412 202 
4317 421 412 201 537 
4318 412 201 535 202 
4319 412 535 201 537 
4320 201 203 421 419 
4321 421 203 201 202 
4322 305 644 179 165 
4323 179 644 305 556 
4324 294 310 290 300 
4325 294 290 310 287 
4326 310 557 290 300 
4327 310 290 557 287 
4328 644 187 290 300 
4329 644 290 187 287 
4330 557 644 290 300 
4331 557 290 644 287 
4332 321 347 351 345 
4333 351 321 379 347 
4334 351 379 321 338 
4335 366 379 321 347 
4336 366 321 379 338 
4337 368 339 347 366 
4338 368 347 339 326 
4339 321 347 339 366 
4340 321 339 347 326 
4341 456 441 428 455 
4342 428 441 456 462 
4343 416 445 456 403 
4344 456 445 416 443 
4345 456 441 416 403 
4346 416 441 456 443 
4347 561 593 104 218 
4348 104 593 561 571 
4349 104 573 561 218 
4350 561 573 104 571 
4351 54 67 85 156 
4352 54 85 67 49 
4353 390 481 507 396 
4354 390 507 481 491 
4355 638 625 643 140 
4356 643 625 638 637 
4357 643 644 638 140 
4358 638 644 643 637 
4359 575 562 645 96 
4360 575 645 562 574 
4361 3 53 2 1 
4362 3 2 53 52 
4363 5 2 53 1 
4364 139 128 129 131 
4365 129 128 139 132 
4366 129 153 139 131 
4367 139 153 129 132 
4368 158 274 160 159 
4369 274 160 267 270 
4370 274 267 160 159 
4371 267 160 268 270 
4372 267 268 160 159 
4373 301 160 274 270 
4374 274 160 301 158 
4375 274 299 301 270 
4376 301 299 274 158 
4377 643 304 298 631 
4378 296 644 643 286 
4379 643 644 296 304 
4380 643 298 296 286 
4381 296 298 643 304 
4382 251 246 252 242 
4383 251 252 246 253 
4384 252 246 273 242 
4385 252 273 246 253 
4386 273 246 255 242 
4387 273 255 246 253 
4388 599 645 588 584 
4389 599 588 645 273 
4390 645 598 584 599 
4391 590 591 645 137 
4392 590 645 591 584 
4393 598 645 591 137 
4394 598 591 645 584 
4395 382 281 350 282 
4396 597 382 350 352 
4397 597 350 382 281 
4398 238 388 342 239 
4399 84 86 118 89 
4400 118 86 84 82 
4401 118 134 84 89 
4402 84 134 118 82 
4403 579 238 340 342 
4404 579 340 238 344 
4405 388 340 238 342 
4406 388 238 340 344 
4407 475 214 488 476 
4408 475 488 214 210 
4409 219 488 214 476 
4410 219 214 488 210 
4411 53 37 2 5 
4412 2 37 53 52 
4413 464 618 465 463 
4414 465 618 464 202 
4415 202 465 412 421 
4416 202 412 465 618 
4417 605 619 644 93 
4418 644 619 605 620 
$EndElements
