$MeshFormat
4.1 0 8
$EndMeshFormat
$Entities
0 0 1 1
1 1.522280693054199 0.5869762897491455 -1.056564569473267 1.858280658721924 0.9229763150215149 2.07656455039978 0 0 
1 1.522280693054199 0.5869762897491455 -1.056564569473267 1.858280658721924 0.9229763150215149 2.07656455039978 0 1 1 
$EndEntities
$Nodes
2 645 1 645
2 1 0 642
1
2
3
4
5
6
7
8
9
10
11
12
13
14
15
16
17
18
19
20
21
22
23
24
25
26
27
28
29
30
31
32
33
34
35
36
37
38
39
40
41
42
43
44
45
46
47
48
49
50
51
52
53
54
55
56
57
58
59
60
61
62
63
64
65
66
67
68
69
70
71
72
73
74
75
76
77
78
79
80
81
82
83
84
85
86
87
88
89
90
91
92
93
94
95
96
97
98
99
100
101
102
103
104
105
106
107
108
109
110
111
112
113
114
115
116
117
118
119
120
121
122
123
124
125
126
127
128
129
130
131
132
133
134
135
136
137
138
139
140
141
142
143
144
145
146
147
148
149
150
151
152
153
154
155
156
157
158
159
160
161
162
163
164
165
166
167
168
169
170
171
172
173
174
175
176
177
178
179
180
181
182
183
184
185
186
187
188
189
190
191
192
193
194
195
196
197
198
199
200
201
202
203
204
205
206
207
208
209
210
211
212
213
214
215
216
217
218
219
220
221
222
223
224
225
226
227
228
229
230
231
232
233
234
235
236
237
238
239
240
241
242
243
244
245
246
247
248
249
250
251
252
253
254
255
256
257
258
259
260
261
262
263
264
265
266
267
268
269
270
271
272
273
274
275
276
277
278
279
280
281
282
283
284
285
286
287
288
289
290
291
292
293
294
295
296
297
298
299
300
301
302
303
304
305
306
307
308
309
310
311
312
313
314
315
316
317
318
319
320
321
322
323
324
325
326
327
328
329
330
331
332
333
334
335
336
337
338
339
340
341
342
343
344
345
346
347
348
349
350
351
352
353
354
355
356
357
358
359
360
361
362
363
364
365
366
367
368
369
370
371
372
373
374
375
376
377
378
379
380
381
382
383
384
385
386
387
388
389
390
391
392
393
394
395
396
397
398
399
400
401
402
403
404
405
406
407
408
409
410
411
412
413
414
415
416
417
418
419
420
421
422
423
424
425
426
427
428
429
430
431
432
433
434
435
436
437
438
439
440
441
442
443
444
445
446
447
448
449
450
451
452
453
454
455
456
457
458
459
460
461
462
463
464
465
466
467
468
469
470
471
472
473
474
475
476
477
478
479
480
481
482
483
484
485
486
487
488
489
490
491
492
493
494
495
496
497
498
499
500
501
502
503
504
505
506
507
508
509
510
511
512
513
514
515
516
517
518
519
520
521
522
523
524
525
526
527
528
529
530
531
532
533
534
535
536
537
538
539
540
541
542
543
544
545
546
547
548
549
550
551
552
553
554
555
556
557
558
559
560
561
562
563
564
565
566
567
568
569
570
571
572
573
574
575
576
577
578
579
580
581
582
583
584
585
586
587
588
589
590
591
592
593
594
595
596
597
598
599
600
601
602
603
604
605
606
607
608
609
610
611
612
613
614
615
616
617
618
619
620
621
622
623
624
625
626
627
628
629
630
631
632
633
634
635
636
637
638
639
640
641
642
1.757414579391479 0.9083573222160339 0.6389652490615845
1.757414579391479 0.9083573222160339 0.3810348212718964
1.735036730766296 0.9169049859046936 0.5099999904632568
1.734441995620728 0.914753794670105 0.7645038366317749
1.778603553771973 0.8978856205940247 0.5099999904632568
1.734441995620728 0.914753794670105 0.2554961740970612
1.712636590003967 0.9209079742431641 0.6388381719589233
1.712636590003967 0.9209079742431641 0.3811618685722351
1.690280675888062 0.9229763150215149 0.5099999904632568
1.777516007423401 0.8961261510848999 0.7550647258758545
1.755160093307495 0.9046653509140015 0.8839028477668762
1.774280667304993 0.8908911347389221 0.9940950274467468
1.755160093307495 0.9046653509140015 0.1360971927642822
1.777516007423401 0.8961261510848999 0.2649353444576263
1.774280667304993 0.8908911347389221 0.02590501308441162
1.712589859962463 0.917330265045166 0.1651724576950073
1.734646558761597 0.9089052677154541 0.0380585789680481
1.712398767471313 0.910259485244751 -0.05118849873542786
1.690280675888062 0.916581928730011 0.08191028237342834
1.73394250869751 0.8999046087265015 -0.1697144508361816
1.690280675888062 0.908703625202179 -0.1218822300434113
1.712322235107422 0.9002844095230103 -0.2489091753959656
1.690280675888062 0.8978856205940247 -0.3135917782783508
1.690280675888062 0.9213700294494629 0.2938889265060425
1.754727721214294 0.8967533707618713 -0.07752209901809692
1.734646558761597 0.9089052677154541 0.9819414615631104
1.712589859962463 0.917330265045166 0.8548275828361511
1.712398767471313 0.910259485244751 1.071188569068909
1.73394250869751 0.8999046087265015 1.189714431762695
1.690280675888062 0.916581928730011 0.9380897283554077
1.712322235107422 0.9002844095230103 1.268909215927124
1.690280675888062 0.908703625202179 1.141882181167603
1.690280675888062 0.8978856205940247 1.33359169960022
1.754727721214294 0.8967533707618713 1.097522020339966
1.690280675888062 0.9213700294494629 0.7261111736297607
1.794480919837952 0.8860506415367126 0.3828860819339752
1.794480919837952 0.8860506415367126 0.6371139287948608
1.809775948524475 0.8730646967887878 0.5099999904632568
1.808224439620972 0.8715314269065857 0.2583752572536469
1.808224439620972 0.8715314269065857 0.761624813079834
1.821966290473938 0.8584041595458984 0.3829731345176697
1.821966290473938 0.8584041595458984 0.6370269060134888
1.833189964294434 0.8432990908622742 0.5099999904632568
1.792227268218994 0.8824298977851868 0.1385890245437622
1.792227268218994 0.8824298977851868 0.8814110159873962
1.623146653175354 0.9083573222160339 0.3810348212718964
1.623146653175354 0.9083573222160339 0.6389652490615845
1.645524621009827 0.9169049859046936 0.5099999904632568
1.646119236946106 0.914753794670105 0.2554961740970612
1.60195779800415 0.8978856205940247 0.5099999904632568
1.646119236946106 0.914753794670105 0.7645038366317749
1.667924642562866 0.9209079742431641 0.3811618685722351
1.667924642562866 0.9209079742431641 0.6388381719589233
1.603045225143433 0.8961261510848999 0.2649353444576263
1.625401139259338 0.9046653509140015 0.1360971927642822
1.60628068447113 0.8908911347389221 0.02590501308441162
1.625401139259338 0.9046653509140015 0.8839028477668762
1.603045225143433 0.8961261510848999 0.7550647258758545
1.60628068447113 0.8908911347389221 0.9940950274467468
1.66797149181366 0.917330265045166 0.8548275828361511
1.645914673805237 0.9089052677154541 0.9819414615631104
1.66816258430481 0.910259485244751 1.071188569068909
1.646618723869324 0.8999046087265015 1.189714431762695
1.668238997459412 0.9002844095230103 1.268909215927124
1.625833630561829 0.8967533707618713 1.097522020339966
1.645914673805237 0.9089052677154541 0.0380585789680481
1.66797149181366 0.917330265045166 0.1651724576950073
1.66816258430481 0.910259485244751 -0.05118849873542786
1.646618723869324 0.8999046087265015 -0.1697144508361816
1.668238997459412 0.9002844095230103 -0.2489091753959656
1.625833630561829 0.8967533707618713 -0.07752209901809692
1.586080431938171 0.8860506415367126 0.6371139287948608
1.586080431938171 0.8860506415367126 0.3828860819339752
1.570785284042358 0.8730646967887878 0.5099999904632568
1.572336912155151 0.8715314269065857 0.761624813079834
1.572336912155151 0.8715314269065857 0.2583752572536469
1.558595061302185 0.8584041595458984 0.6370269060134888
1.558595061302185 0.8584041595458984 0.3829731345176697
1.547371387481689 0.8432990908622742 0.5099999904632568
1.588334083557129 0.8824298977851868 0.8814110159873962
1.588334083557129 0.8824298977851868 0.1385890245437622
1.757414579391479 0.6015952229499817 0.3810348212718964
1.757414579391479 0.6015952229499817 0.6389652490615845
1.735036730766296 0.5930476188659668 0.5099999904632568
1.734441995620728 0.5951987504959106 0.2554961740970612
1.778603553771973 0.612066924571991 0.5099999904632568
1.734441995620728 0.5951987504959106 0.7645038366317749
1.712636590003967 0.5890446305274963 0.3811618685722351
1.712636590003967 0.5890446305274963 0.6388381719589233
1.690280675888062 0.5869762897491455 0.5099999904632568
1.777516007423401 0.6138263940811157 0.2649353444576263
1.755160093307495 0.6052871942520142 0.1360971927642822
1.774280667304993 0.6190614104270935 0.02590501308441162
1.755160093307495 0.6052871942520142 0.8839028477668762
1.777516007423401 0.6138263940811157 0.7550647258758545
1.774280667304993 0.6190614104270935 0.9940950274467468
1.712589859962463 0.5926222801208496 0.8548275828361511
1.734646558761597 0.6010472774505615 0.9819414615631104
1.712398767471313 0.5996931195259094 1.071188569068909
1.690280675888062 0.5933706164360046 0.9380897283554077
1.73394250869751 0.6100479960441589 1.189714431762695
1.690280675888062 0.6012489795684814 1.141882181167603
1.712322235107422 0.6096681356430054 1.268909215927124
1.690280675888062 0.612066924571991 1.33359169960022
1.690280675888062 0.5885825157165527 0.7261111736297607
1.754727721214294 0.6131991744041443 1.097522020339966
1.734646558761597 0.6010472774505615 0.0380585789680481
1.712589859962463 0.5926222801208496 0.1651724576950073
1.712398767471313 0.5996931195259094 -0.05118849873542786
1.73394250869751 0.6100479960441589 -0.1697144508361816
1.690280675888062 0.5933706164360046 0.08191028237342834
1.712322235107422 0.6096681356430054 -0.2489091753959656
1.690280675888062 0.6012489795684814 -0.1218822300434113
1.690280675888062 0.612066924571991 -0.3135917782783508
1.754727721214294 0.6131991744041443 -0.07752209901809692
1.690280675888062 0.5885825157165527 0.2938889265060425
1.794480919837952 0.6239019632339478 0.6371139287948608
1.794480919837952 0.6239019632339478 0.3828860819339752
1.809775948524475 0.6368879079818726 0.5099999904632568
1.808224439620972 0.6384211778640747 0.761624813079834
1.808224439620972 0.6384211778640747 0.2583752572536469
1.821966290473938 0.651548445224762 0.6370269060134888
1.821966290473938 0.651548445224762 0.3829731345176697
1.833189964294434 0.6666534543037415 0.5099999904632568
1.792227268218994 0.6275227069854736 0.8814110159873962
1.792227268218994 0.6275227069854736 0.1385890245437622
1.623146653175354 0.6015952229499817 0.6389652490615845
1.623146653175354 0.6015952229499817 0.3810348212718964
1.645524621009827 0.5930476188659668 0.5099999904632568
1.646119236946106 0.5951987504959106 0.7645038366317749
1.60195779800415 0.612066924571991 0.5099999904632568
1.646119236946106 0.5951987504959106 0.2554961740970612
1.667924642562866 0.5890446305274963 0.6388381719589233
1.667924642562866 0.5890446305274963 0.3811618685722351
1.603045225143433 0.6138263940811157 0.7550647258758545
1.625401139259338 0.6052871942520142 0.8839028477668762
1.60628068447113 0.6190614104270935 0.9940950274467468
1.625401139259338 0.6052871942520142 0.1360971927642822
1.603045225143433 0.6138263940811157 0.2649353444576263
1.60628068447113 0.6190614104270935 0.02590501308441162
1.66797149181366 0.5926222801208496 0.1651724576950073
1.645914673805237 0.6010472774505615 0.0380585789680481
1.66816258430481 0.5996931195259094 -0.05118849873542786
1.646618723869324 0.6100479960441589 -0.1697144508361816
1.668238997459412 0.6096681356430054 -0.2489091753959656
1.625833630561829 0.6131991744041443 -0.07752209901809692
1.645914673805237 0.6010472774505615 0.9819414615631104
1.66797149181366 0.5926222801208496 0.8548275828361511
1.66816258430481 0.5996931195259094 1.071188569068909
1.646618723869324 0.6100479960441589 1.189714431762695
1.668238997459412 0.6096681356430054 1.268909215927124
1.625833630561829 0.6131991744041443 1.097522020339966
1.586080431938171 0.6239019632339478 0.3828860819339752
1.586080431938171 0.6239019632339478 0.6371139287948608
1.570785284042358 0.6368879079818726 0.5099999904632568
1.572336912155151 0.6384211778640747 0.2583752572536469
1.572336912155151 0.6384211778640747 0.761624813079834
1.558595061302185 0.651548445224762 0.3829731345176697
1.558595061302185 0.651548445224762 0.6370269060134888
1.547371387481689 0.6666534543037415 0.5099999904632568
1.588334083557129 0.6275227069854736 0.1385890245437622
1.588334083557129 0.6275227069854736 0.8814110159873962
1.843661785125732 0.74114590883255 -0.1160101592540741
1.843661785125732 0.7688066959381104 -0.1160101592540741
1.852209329605103 0.7549762725830078 0.09265981614589691
1.850058197975159 0.7276830673217773 0.09820413589477539
1.833189964294434 0.7549762725830078 -0.3135917782783508
1.850058197975159 0.7822695970535278 0.09820413589477539
1.856212258338928 0.7411595582962036 0.3015355169773102
1.856212258338928 0.768792986869812 0.3015355169773102
1.858280658721924 0.7549762725830078 0.5099999904632568
1.831430554389954 0.728695273399353 -0.3034518957138062
1.839969754219055 0.7148785591125488 -0.0949874222278595
1.826195478439331 0.7030614614486694 -0.2732822299003601
1.839969754219055 0.7950739860534668 -0.0949874222278595
1.831430554389954 0.7812572717666626 -0.3034518957138062
1.826195478439331 0.806891143321991 -0.2732822299003601
1.85263454914093 0.7919559478759766 0.3019720315933228
1.844209671020508 0.8055877685546875 0.09629738330841064
1.845563769340515 0.8151587247848511 0.3037534058094025
1.85188627243042 0.8008850812911987 0.5099999904632568
1.835208892822266 0.8278695344924927 0.1028625816106796
1.844007968902588 0.8227399587631226 0.5099999904632568
1.835588812828064 0.8363624811172485 0.304466187953949
1.856674432754517 0.7781522274017334 0.5099999904632568
1.83205771446228 0.8179827928543091 -0.09095561504364014
1.844209671020508 0.7043647766113281 0.09629738330841064
1.85263454914093 0.7179965972900391 0.3019720315933228
1.845563769340515 0.6947938203811646 0.3037534058094025
1.835208892822266 0.6820830106735229 0.1028625816106796
1.85188627243042 0.7090674638748169 0.5099999904632568
1.835588812828064 0.6735900640487671 0.304466187953949
1.844007968902588 0.6872125864028931 0.5099999904632568
1.83205771446228 0.6919698119163513 -0.09095561504364014
1.856674432754517 0.7318003177642822 0.5099999904632568
1.821354985237122 0.7686080932617188 -0.461645245552063
1.821354985237122 0.7413444519042969 -0.461645245552063
1.808369040489197 0.7549762725830078 -0.6042686700820923
1.806835770606995 0.7819608449935913 -0.5898010730743408
1.806835770606995 0.7279918193817139 -0.5898010730743408
1.793708443641663 0.7685987949371338 -0.717940628528595
1.793708443641663 0.7413537502288818 -0.717940628528595
1.778603553771973 0.7549762725830078 -0.822599470615387
1.817734241485596 0.7948068380355835 -0.4406307339668274
1.817734241485596 0.7151457667350769 -0.4406307339668274
1.843661785125732 0.7688066959381104 1.13601016998291
1.843661785125732 0.74114590883255 1.13601016998291
1.852209329605103 0.7549762725830078 0.9273402094841003
1.850058197975159 0.7822695970535278 0.9217959046363831
1.833189964294434 0.7549762725830078 1.33359169960022
1.850058197975159 0.7276830673217773 0.9217959046363831
1.856212258338928 0.768792986869812 0.7184644937515259
1.856212258338928 0.7411595582962036 0.7184644937515259
1.831430554389954 0.7812572717666626 1.323451995849609
1.839969754219055 0.7950739860534668 1.114987373352051
1.826195478439331 0.806891143321991 1.293282270431519
1.839969754219055 0.7148785591125488 1.114987373352051
1.831430554389954 0.728695273399353 1.323451995849609
1.826195478439331 0.7030614614486694 1.293282270431519
1.85263454914093 0.7179965972900391 0.7180280089378357
1.844209671020508 0.7043647766113281 0.9237026572227478
1.845563769340515 0.6947938203811646 0.7162466049194336
1.835208892822266 0.6820830106735229 0.9171374440193176
1.835588812828064 0.6735900640487671 0.7155338525772095
1.83205771446228 0.6919698119163513 1.110955715179443
1.844209671020508 0.8055877685546875 0.9237026572227478
1.85263454914093 0.7919559478759766 0.7180280089378357
1.845563769340515 0.8151587247848511 0.7162466049194336
1.835208892822266 0.8278695344924927 0.9171374440193176
1.835588812828064 0.8363624811172485 0.7155338525772095
1.83205771446228 0.8179827928543091 1.110955715179443
1.821354985237122 0.7413444519042969 1.481645345687866
1.821354985237122 0.7686080932617188 1.481645345687866
1.808369040489197 0.7549762725830078 1.624268770217896
1.806835770606995 0.7279918193817139 1.609801054000854
1.806835770606995 0.7819608449935913 1.609801054000854
1.793708443641663 0.7413537502288818 1.737940549850464
1.793708443641663 0.7685987949371338 1.737940549850464
1.778603553771973 0.7549762725830078 1.842599630355835
1.817734241485596 0.7151457667350769 1.460630655288696
1.817734241485596 0.7948068380355835 1.460630655288696
1.536899566650391 0.74114590883255 1.13601016998291
1.536899566650391 0.7688066959381104 1.13601016998291
1.528351902961731 0.7549762725830078 0.9273402094841003
1.530503153800964 0.7276830673217773 0.9217959046363831
1.547371387481689 0.7549762725830078 1.33359169960022
1.530503153800964 0.7822695970535278 0.9217959046363831
1.524348974227905 0.7411595582962036 0.7184644937515259
1.524348974227905 0.768792986869812 0.7184644937515259
1.522280693054199 0.7549762725830078 0.5099999904632568
1.54913067817688 0.728695273399353 1.323451995849609
1.540591597557068 0.7148785591125488 1.114987373352051
1.554365873336792 0.7030614614486694 1.293282270431519
1.540591597557068 0.7950739860534668 1.114987373352051
1.54913067817688 0.7812572717666626 1.323451995849609
1.554365873336792 0.806891143321991 1.293282270431519
1.527926683425903 0.7919559478759766 0.7180280089378357
1.536351680755615 0.8055877685546875 0.9237026572227478
1.534997463226318 0.8151587247848511 0.7162466049194336
1.528674960136414 0.8008850812911987 0.5099999904632568
1.545352339744568 0.8278695344924927 0.9171374440193176
1.536553382873535 0.8227399587631226 0.5099999904632568
1.544972538948059 0.8363624811172485 0.7155338525772095
1.523886919021606 0.7781522274017334 0.5099999904632568
1.548503518104553 0.8179827928543091 1.110955715179443
1.536351680755615 0.7043647766113281 0.9237026572227478
1.527926683425903 0.7179965972900391 0.7180280089378357
1.534997463226318 0.6947938203811646 0.7162466049194336
1.545352339744568 0.6820830106735229 0.9171374440193176
1.528674960136414 0.7090674638748169 0.5099999904632568
1.544972538948059 0.6735900640487671 0.7155338525772095
1.536553382873535 0.6872125864028931 0.5099999904632568
1.548503518104553 0.6919698119163513 1.110955715179443
1.523886919021606 0.7318003177642822 0.5099999904632568
1.559206247329712 0.7686080932617188 1.481645345687866
1.559206247329712 0.7413444519042969 1.481645345687866
1.572192192077637 0.7549762725830078 1.624268770217896
1.573725461959839 0.7819608449935913 1.609801054000854
1.573725461959839 0.7279918193817139 1.609801054000854
1.586852788925171 0.7685987949371338 1.737940549850464
1.586852788925171 0.7413537502288818 1.737940549850464
1.60195779800415 0.7549762725830078 1.842599630355835
1.562826991081238 0.7948068380355835 1.460630655288696
1.562826991081238 0.7151457667350769 1.460630655288696
1.536899566650391 0.7688066959381104 -0.1160101592540741
1.536899566650391 0.74114590883255 -0.1160101592540741
1.528351902961731 0.7549762725830078 0.09265981614589691
1.530503153800964 0.7822695970535278 0.09820413589477539
1.547371387481689 0.7549762725830078 -0.3135917782783508
1.530503153800964 0.7276830673217773 0.09820413589477539
1.524348974227905 0.768792986869812 0.3015355169773102
1.524348974227905 0.7411595582962036 0.3015355169773102
1.54913067817688 0.7812572717666626 -0.3034518957138062
1.540591597557068 0.7950739860534668 -0.0949874222278595
1.554365873336792 0.806891143321991 -0.2732822299003601
1.540591597557068 0.7148785591125488 -0.0949874222278595
1.54913067817688 0.728695273399353 -0.3034518957138062
1.554365873336792 0.7030614614486694 -0.2732822299003601
1.527926683425903 0.7179965972900391 0.3019720315933228
1.536351680755615 0.7043647766113281 0.09629738330841064
1.534997463226318 0.6947938203811646 0.3037534058094025
1.545352339744568 0.6820830106735229 0.1028625816106796
1.544972538948059 0.6735900640487671 0.304466187953949
1.548503518104553 0.6919698119163513 -0.09095561504364014
1.536351680755615 0.8055877685546875 0.09629738330841064
1.527926683425903 0.7919559478759766 0.3019720315933228
1.534997463226318 0.8151587247848511 0.3037534058094025
1.545352339744568 0.8278695344924927 0.1028625816106796
1.544972538948059 0.8363624811172485 0.304466187953949
1.548503518104553 0.8179827928543091 -0.09095561504364014
1.559206247329712 0.7413444519042969 -0.461645245552063
1.559206247329712 0.7686080932617188 -0.461645245552063
1.572192192077637 0.7549762725830078 -0.6042686700820923
1.573725461959839 0.7279918193817139 -0.5898010730743408
1.573725461959839 0.7819608449935913 -0.5898010730743408
1.586852788925171 0.7413537502288818 -0.717940628528595
1.586852788925171 0.7685987949371338 -0.717940628528595
1.60195779800415 0.7549762725830078 -0.822599470615387
1.562826991081238 0.7151457667350769 -0.4406307339668274
1.562826991081238 0.7948068380355835 -0.4406307339668274
1.676450252532959 0.6878423690795898 1.940245866775513
1.704110980033875 0.6878423690795898 1.940245866775513
1.690280675888062 0.7102203369140625 2.01995062828064
1.662987351417542 0.7108148336410522 1.99989128112793
1.690280675888062 0.6666534543037415 1.842599630355835
1.717573881149292 0.7108148336410522 1.99989128112793
1.676463961601257 0.7326203584671021 2.05727744102478
1.704097390174866 0.7326203584671021 2.05727744102478
1.690280675888062 0.7549762725830078 2.07656455039978
1.663999676704407 0.6677408218383789 1.826192855834961
1.650182962417603 0.6900967955589294 1.905819177627563
1.638365864753723 0.6709762811660767 1.777377367019653
1.730378389358521 0.6900967955589294 1.905819177627563
1.716561675071716 0.6677408218383789 1.826192855834961
1.7421954870224 0.6709762811660767 1.777377367019653
1.72726035118103 0.7326671481132507 2.023916482925415
1.740892171859741 0.7106103897094727 1.945355653762817
1.750463128089905 0.7328581809997559 1.957982778549194
1.736189365386963 0.7549762725830078 2.016938447952271
1.763173937797546 0.7113144397735596 1.861425638198853
1.758044362068176 0.7549762725830078 1.943474531173706
1.771666884422302 0.7329346537590027 1.864967584609985
1.713456630706787 0.7549762725830078 2.061586380004883
1.753287076950073 0.6905291676521301 1.83204174041748
1.639669179916382 0.7106103897094727 1.945355653762817
1.653301000595093 0.7326671481132507 2.023916482925415
1.630098223686218 0.7328581809997559 1.957982778549194
1.617387413978577 0.7113144397735596 1.861425638198853
1.644371867179871 0.7549762725830078 2.016938447952271
1.608894467353821 0.7329346537590027 1.864967584609985
1.622516870498657 0.7549762725830078 1.943474531173706
1.62727415561676 0.6905291676521301 1.83204174041748
1.667104601860046 0.7549762725830078 2.061586380004883
1.703912496566772 0.6507760286331177 1.732240438461304
1.676648855209351 0.6507760286331177 1.732240438461304
1.690280675888062 0.6354809999465942 1.611149072647095
1.717265129089355 0.6370325088500977 1.596851825714111
1.663296103477478 0.6370325088500977 1.596851825714111
1.703903079032898 0.6232906579971313 1.474443197250366
1.676658153533936 0.6232906579971313 1.474443197250366
1.730111122131348 0.6530296802520752 1.698477983474731
1.650450110435486 0.6530296802520752 1.698477983474731
1.704110980033875 0.8221102356910706 1.940245866775513
1.676450252532959 0.8221102356910706 1.940245866775513
1.690280675888062 0.7997322678565979 2.01995062828064
1.717573881149292 0.7991377115249634 1.99989128112793
1.690280675888062 0.8432990908622742 1.842599630355835
1.662987351417542 0.7991377115249634 1.99989128112793
1.704097390174866 0.7773322463035583 2.05727744102478
1.676463961601257 0.7773322463035583 2.05727744102478
1.716561675071716 0.8422117233276367 1.826192855834961
1.730378389358521 0.8198557496070862 1.905819177627563
1.7421954870224 0.838976263999939 1.777377367019653
1.650182962417603 0.8198557496070862 1.905819177627563
1.663999676704407 0.8422117233276367 1.826192855834961
1.638365864753723 0.838976263999939 1.777377367019653
1.653301000595093 0.7772854566574097 2.023916482925415
1.639669179916382 0.7993422150611877 1.945355653762817
1.630098223686218 0.7770944237709045 1.957982778549194
1.617387413978577 0.7986381053924561 1.861425638198853
1.608894467353821 0.7770179510116577 1.864967584609985
1.62727415561676 0.8194233775138855 1.83204174041748
1.740892171859741 0.7993422150611877 1.945355653762817
1.72726035118103 0.7772854566574097 2.023916482925415
1.750463128089905 0.7770944237709045 1.957982778549194
1.763173937797546 0.7986381053924561 1.861425638198853
1.771666884422302 0.7770179510116577 1.864967584609985
1.753287076950073 0.8194233775138855 1.83204174041748
1.676648855209351 0.8591765165328979 1.732240438461304
1.703912496566772 0.8591765165328979 1.732240438461304
1.690280675888062 0.8744716048240662 1.611149072647095
1.663296103477478 0.8729200959205627 1.596851825714111
1.717265129089355 0.8729200959205627 1.596851825714111
1.676658153533936 0.8866619467735291 1.474443197250366
1.703903079032898 0.8866619467735291 1.474443197250366
1.650450110435486 0.8569229245185852 1.698477983474731
1.730111122131348 0.8569229245185852 1.698477983474731
1.676450252532959 0.8221102356910706 -0.9202460646629333
1.704110980033875 0.8221102356910706 -0.9202460646629333
1.690280675888062 0.7997322678565979 -0.9999508261680603
1.662987351417542 0.7991377115249634 -0.9798913598060608
1.690280675888062 0.8432990908622742 -0.822599470615387
1.717573881149292 0.7991377115249634 -0.9798913598060608
1.676463961601257 0.7773322463035583 -1.037277460098267
1.704097390174866 0.7773322463035583 -1.037277460098267
1.690280675888062 0.7549762725830078 -1.056564569473267
1.663999676704407 0.8422117233276367 -0.8061928153038025
1.650182962417603 0.8198557496070862 -0.885819137096405
1.638365864753723 0.838976263999939 -0.7573773264884949
1.730378389358521 0.8198557496070862 -0.885819137096405
1.716561675071716 0.8422117233276367 -0.8061928153038025
1.7421954870224 0.838976263999939 -0.7573773264884949
1.72726035118103 0.7772854566574097 -1.003916501998901
1.740892171859741 0.7993422150611877 -0.9253556132316589
1.750463128089905 0.7770944237709045 -0.9379828572273254
1.736189365386963 0.7549762725830078 -0.9969385266304016
1.763173937797546 0.7986381053924561 -0.8414258360862732
1.758044362068176 0.7549762725830078 -0.9234746098518372
1.771666884422302 0.7770179510116577 -0.8449675440788269
1.713456630706787 0.7549762725830078 -1.041586399078369
1.753287076950073 0.8194233775138855 -0.8120418190956116
1.639669179916382 0.7993422150611877 -0.9253556132316589
1.653301000595093 0.7772854566574097 -1.003916501998901
1.630098223686218 0.7770944237709045 -0.9379828572273254
1.617387413978577 0.7986381053924561 -0.8414258360862732
1.644371867179871 0.7549762725830078 -0.9969385266304016
1.608894467353821 0.7770179510116577 -0.8449675440788269
1.622516870498657 0.7549762725830078 -0.9234746098518372
1.62727415561676 0.8194233775138855 -0.8120418190956116
1.667104601860046 0.7549762725830078 -1.041586399078369
1.703912496566772 0.8591765165328979 -0.7122403979301453
1.676648855209351 0.8591765165328979 -0.7122403979301453
1.690280675888062 0.8744716048240662 -0.5911492109298706
1.717265129089355 0.8729200959205627 -0.5768519639968872
1.663296103477478 0.8729200959205627 -0.5768519639968872
1.703903079032898 0.8866619467735291 -0.4544429779052734
1.676658153533936 0.8866619467735291 -0.4544429779052734
1.730111122131348 0.8569229245185852 -0.6784778237342834
1.650450110435486 0.8569229245185852 -0.6784778237342834
1.704110980033875 0.6878423690795898 -0.9202460646629333
1.676450252532959 0.6878423690795898 -0.9202460646629333
1.690280675888062 0.7102203369140625 -0.9999508261680603
1.717573881149292 0.7108148336410522 -0.9798913598060608
1.690280675888062 0.6666534543037415 -0.822599470615387
1.662987351417542 0.7108148336410522 -0.9798913598060608
1.704097390174866 0.7326203584671021 -1.037277460098267
1.676463961601257 0.7326203584671021 -1.037277460098267
1.716561675071716 0.6677408218383789 -0.8061928153038025
1.730378389358521 0.6900967955589294 -0.885819137096405
1.7421954870224 0.6709762811660767 -0.7573773264884949
1.650182962417603 0.6900967955589294 -0.885819137096405
1.663999676704407 0.6677408218383789 -0.8061928153038025
1.638365864753723 0.6709762811660767 -0.7573773264884949
1.653301000595093 0.7326671481132507 -1.003916501998901
1.639669179916382 0.7106103897094727 -0.9253556132316589
1.630098223686218 0.7328581809997559 -0.9379828572273254
1.617387413978577 0.7113144397735596 -0.8414258360862732
1.608894467353821 0.7329346537590027 -0.8449675440788269
1.62727415561676 0.6905291676521301 -0.8120418190956116
1.740892171859741 0.7106103897094727 -0.9253556132316589
1.72726035118103 0.7326671481132507 -1.003916501998901
1.750463128089905 0.7328581809997559 -0.9379828572273254
1.763173937797546 0.7113144397735596 -0.8414258360862732
1.771666884422302 0.7329346537590027 -0.8449675440788269
1.753287076950073 0.6905291676521301 -0.8120418190956116
1.676648855209351 0.6507760286331177 -0.7122403979301453
1.703912496566772 0.6507760286331177 -0.7122403979301453
1.690280675888062 0.6354809999465942 -0.5911492109298706
1.663296103477478 0.6370325088500977 -0.5768519639968872
1.717265129089355 0.6370325088500977 -0.5768519639968872
1.676658153533936 0.6232906579971313 -0.4544429779052734
1.703903079032898 0.6232906579971313 -0.4544429779052734
1.650450110435486 0.6530296802520752 -0.6784778237342834
1.730111122131348 0.6530296802520752 -0.6784778237342834
1.798905730247498 0.8412233591079712 1.393940687179565
1.785075426101685 0.8636013269424438 1.314235925674438
1.776527643203735 0.8497710227966309 1.522905826568604
1.789028525352478 0.8264309167861938 1.588095664978027
1.805896639823914 0.8537241816520691 1.176299691200256
1.761735320091248 0.8705923557281494 1.430803537368774
1.76655113697052 0.8336725234985352 1.697354793548584
1.752734303474426 0.8560284376144409 1.617728471755981
1.817613840103149 0.8312467336654663 1.243825674057007
1.809074640274048 0.8174299597740173 1.452290058135986
1.768976926803589 0.8823094367980957 1.221205472946167
1.791332721710205 0.8737702369689941 1.0923672914505
1.740009427070618 0.8729643225669861 1.524212598800659
1.74843430519104 0.886596143245697 1.318537712097168
1.726068496704102 0.888141393661499 1.404902696609497
1.79904580116272 0.8047050833702087 1.6102135181427
1.776989102363586 0.8131299614906311 1.737327575683594
1.786250948905945 0.7907640933990479 1.751736164093018
1.808268666267395 0.8637415170669556 0.9737102389335632
1.821900606155396 0.8416846990585327 1.052270889282227
1.823445796966553 0.8509465456008911 0.8437140583992004
1.581655621528625 0.8412233591079712 1.393940687179565
1.604033589363098 0.8497710227966309 1.522905826568604
1.595485925674438 0.8636013269424438 1.314235925674438
1.57466459274292 0.8537241816520691 1.176299691200256
1.591532707214355 0.8264309167861938 1.588095664978027
1.618826031684875 0.8705923557281494 1.430803537368774
1.589228510856628 0.8737702369689941 1.0923672914505
1.611584424972534 0.8823094367980957 1.221205472946167
1.571486711502075 0.8174299597740173 1.452290058135986
1.562947511672974 0.8312467336654663 1.243825674057007
1.627826929092407 0.8560284376144409 1.617728471755981
1.614010214805603 0.8336725234985352 1.697354793548584
1.632126927375793 0.886596143245697 1.318537712097168
1.640551924705505 0.8729643225669861 1.524212598800659
1.654492735862732 0.888141393661499 1.404902696609497
1.558660745620728 0.8416846990585327 1.052270889282227
1.572292685508728 0.8637415170669556 0.9737102389335632
1.55711555480957 0.8509465456008911 0.8437140583992004
1.603572249412537 0.8131299614906311 1.737327575683594
1.581515431404114 0.8047050833702087 1.6102135181427
1.594310283660889 0.7907640933990479 1.751736164093018
1.798905730247498 0.8412233591079712 -0.3739407062530518
1.776527643203735 0.8497710227966309 -0.5029058456420898
1.785075426101685 0.8636013269424438 -0.2942357659339905
1.805896639823914 0.8537241816520691 -0.1562996506690979
1.789028525352478 0.8264309167861938 -0.5680954456329346
1.761735320091248 0.8705923557281494 -0.4108036160469055
1.791332721710205 0.8737702369689941 -0.07236722111701965
1.768976926803589 0.8823094367980957 -0.2012054920196533
1.809074640274048 0.8174299597740173 -0.4322899580001831
1.817613840103149 0.8312467336654663 -0.2238255739212036
1.752734303474426 0.8560284376144409 -0.5977283120155334
1.76655113697052 0.8336725234985352 -0.6773548126220703
1.74843430519104 0.886596143245697 -0.2985378503799438
1.740009427070618 0.8729643225669861 -0.504212498664856
1.726068496704102 0.888141393661499 -0.3849026560783386
1.821900606155396 0.8416846990585327 -0.03227093815803528
1.808268666267395 0.8637415170669556 0.04628977179527283
1.823445796966553 0.8509465456008911 0.1762859523296356
1.776989102363586 0.8131299614906311 -0.7173276543617249
1.79904580116272 0.8047050833702087 -0.5902135968208313
1.786250948905945 0.7907640933990479 -0.7317362427711487
1.581655621528625 0.8412233591079712 -0.3739407062530518
1.595485925674438 0.8636013269424438 -0.2942357659339905
1.604033589363098 0.8497710227966309 -0.5029058456420898
1.591532707214355 0.8264309167861938 -0.5680954456329346
1.57466459274292 0.8537241816520691 -0.1562996506690979
1.618826031684875 0.8705923557281494 -0.4108036160469055
1.614010214805603 0.8336725234985352 -0.6773548126220703
1.627826929092407 0.8560284376144409 -0.5977283120155334
1.562947511672974 0.8312467336654663 -0.2238255739212036
1.571486711502075 0.8174299597740173 -0.4322899580001831
1.611584424972534 0.8823094367980957 -0.2012054920196533
1.589228510856628 0.8737702369689941 -0.07236722111701965
1.640551924705505 0.8729643225669861 -0.504212498664856
1.632126927375793 0.886596143245697 -0.2985378503799438
1.654492735862732 0.888141393661499 -0.3849026560783386
1.581515431404114 0.8047050833702087 -0.5902135968208313
1.603572249412537 0.8131299614906311 -0.7173276543617249
1.594310283660889 0.7907640933990479 -0.7317362427711487
1.572292685508728 0.8637415170669556 0.04628977179527283
1.558660745620728 0.8416846990585327 -0.03227093815803528
1.55711555480957 0.8509465456008911 0.1762859523296356
1.798905730247498 0.6687291860580444 1.393940687179565
1.776527643203735 0.6601815223693848 1.522905826568604
1.785075426101685 0.6463512182235718 1.314235925674438
1.805896639823914 0.6562283635139465 1.176299691200256
1.789028525352478 0.6835216283798218 1.588095664978027
1.761735320091248 0.6393601894378662 1.430803537368774
1.791332721710205 0.6361823081970215 1.0923672914505
1.768976926803589 0.6276431083679199 1.221205472946167
1.809074640274048 0.6925226449966431 1.452290058135986
1.817613840103149 0.6787058115005493 1.243825674057007
1.752734303474426 0.6539241075515747 1.617728471755981
1.76655113697052 0.6762800216674805 1.697354793548584
1.74843430519104 0.6233564019203186 1.318537712097168
1.740009427070618 0.6369882225990295 1.524212598800659
1.726068496704102 0.6218112111091614 1.404902696609497
1.821900606155396 0.6682678461074829 1.052270889282227
1.808268666267395 0.6462110877037048 0.9737102389335632
1.823445796966553 0.6590059995651245 0.8437140583992004
1.776989102363586 0.6968225836753845 1.737327575683594
1.79904580116272 0.7052475214004517 1.6102135181427
1.786250948905945 0.7191884517669678 1.751736164093018
1.581655621528625 0.6687291860580444 1.393940687179565
1.595485925674438 0.6463512182235718 1.314235925674438
1.604033589363098 0.6601815223693848 1.522905826568604
1.591532707214355 0.6835216283798218 1.588095664978027
1.57466459274292 0.6562283635139465 1.176299691200256
1.618826031684875 0.6393601894378662 1.430803537368774
1.614010214805603 0.6762800216674805 1.697354793548584
1.627826929092407 0.6539241075515747 1.617728471755981
1.562947511672974 0.6787058115005493 1.243825674057007
1.571486711502075 0.6925226449966431 1.452290058135986
1.611584424972534 0.6276431083679199 1.221205472946167
1.589228510856628 0.6361823081970215 1.0923672914505
1.640551924705505 0.6369882225990295 1.524212598800659
1.632126927375793 0.6233564019203186 1.318537712097168
1.654492735862732 0.6218112111091614 1.404902696609497
1.581515431404114 0.7052475214004517 1.6102135181427
1.603572249412537 0.6968225836753845 1.737327575683594
1.594310283660889 0.7191884517669678 1.751736164093018
1.572292685508728 0.6462110877037048 0.9737102389335632
1.558660745620728 0.6682678461074829 1.052270889282227
1.55711555480957 0.6590059995651245 0.8437140583992004
1.798905730247498 0.6687291860580444 -0.3739407062530518
1.785075426101685 0.6463512182235718 -0.2942357659339905
1.776527643203735 0.6601815223693848 -0.5029058456420898
1.789028525352478 0.6835216283798218 -0.5680954456329346
1.805896639823914 0.6562283635139465 -0.1562996506690979
1.761735320091248 0.6393601894378662 -0.4108036160469055
1.76655113697052 0.6762800216674805 -0.6773548126220703
1.752734303474426 0.6539241075515747 -0.5977283120155334
1.817613840103149 0.6787058115005493 -0.2238255739212036
1.809074640274048 0.6925226449966431 -0.4322899580001831
1.768976926803589 0.6276431083679199 -0.2012054920196533
1.791332721710205 0.6361823081970215 -0.07236722111701965
1.740009427070618 0.6369882225990295 -0.504212498664856
1.74843430519104 0.6233564019203186 -0.2985378503799438
1.726068496704102 0.6218112111091614 -0.3849026560783386
1.79904580116272 0.7052475214004517 -0.5902135968208313
1.776989102363586 0.6968225836753845 -0.7173276543617249
1.786250948905945 0.7191884517669678 -0.7317362427711487
1.808268666267395 0.6462110877037048 0.04628977179527283
1.821900606155396 0.6682678461074829 -0.03227093815803528
1.823445796966553 0.6590059995651245 0.1762859523296356
1.581655621528625 0.6687291860580444 -0.3739407062530518
1.604033589363098 0.6601815223693848 -0.5029058456420898
1.595485925674438 0.6463512182235718 -0.2942357659339905
1.57466459274292 0.6562283635139465 -0.1562996506690979
1.591532707214355 0.6835216283798218 -0.5680954456329346
1.618826031684875 0.6393601894378662 -0.4108036160469055
1.589228510856628 0.6361823081970215 -0.07236722111701965
1.611584424972534 0.6276431083679199 -0.2012054920196533
1.571486711502075 0.6925226449966431 -0.4322899580001831
1.562947511672974 0.6787058115005493 -0.2238255739212036
1.627826929092407 0.6539241075515747 -0.5977283120155334
1.614010214805603 0.6762800216674805 -0.6773548126220703
1.632126927375793 0.6233564019203186 -0.2985378503799438
1.640551924705505 0.6369882225990295 -0.504212498664856
1.654492735862732 0.6218112111091614 -0.3849026560783386
1.558660745620728 0.6682678461074829 -0.03227093815803528
1.572292685508728 0.6462110877037048 0.04628977179527283
1.55711555480957 0.6590059995651245 0.1762859523296356
1.603572249412537 0.6968225836753845 -0.7173276543617249
1.581515431404114 0.7052475214004517 -0.5902135968208313
1.594310283660889 0.7191884517669678 -0.7317362427711487
3 1 0 3
643
644
645
1.622625676174693 0.6739570662195911 -0.1667823800600059
1.725284426475178 0.8556592638159853 -0.03197049940697016
1.692507188133869 0.7539290329572033 0.5069197973814008
$EndNodes
$Elements
2 4555 1 4555
2 1 2 1280
1 1 2 3 
2 5 2 1 
3 4 1 3 
4 4 11 1 
5 5 1 10 
6 10 1 11 
7 6 3 2 
8 5 14 2 
9 6 2 13 
10 13 2 14 
11 4 3 7 
12 6 8 3 
13 7 3 8 
14 4 7 27 
15 4 26 11 
16 4 27 26 
17 5 10 37 
18 5 36 14 
19 5 37 36 
20 6 16 8 
21 6 13 17 
22 6 17 16 
23 9 7 8 
24 9 35 7 
25 35 27 7 
26 9 8 24 
27 8 16 24 
28 9 24 52 
29 9 53 35 
30 9 52 53 
31 12 10 11 
32 12 45 10 
33 45 37 10 
34 12 11 34 
35 11 26 34 
36 12 34 485 
37 12 486 45 
38 12 485 486 
39 15 13 14 
40 15 25 13 
41 25 17 13 
42 15 14 44 
43 14 36 44 
44 15 524 25 
45 15 44 523 
46 15 523 524 
47 16 17 18 
48 19 16 18 
49 19 24 16 
50 20 18 17 
51 20 17 25 
52 19 18 21 
53 20 22 18 
54 21 18 22 
55 19 21 68 
56 19 67 24 
57 19 68 67 
58 20 531 22 
59 20 25 529 
60 20 529 531 
61 23 21 22 
62 23 70 21 
63 70 68 21 
64 23 22 436 
65 22 531 436 
66 23 437 70 
67 23 436 437 
68 24 67 52 
69 524 529 25 
70 26 27 28 
71 29 26 28 
72 29 34 26 
73 30 28 27 
74 30 27 35 
75 29 28 31 
76 30 32 28 
77 31 28 32 
78 29 31 489 
79 29 488 34 
80 29 489 488 
81 30 62 32 
82 30 35 60 
83 30 60 62 
84 33 31 32 
85 33 395 31 
86 395 489 31 
87 33 32 64 
88 32 62 64 
89 33 64 394 
90 33 394 395 
91 34 488 485 
92 53 60 35 
93 36 37 38 
94 39 36 38 
95 39 44 36 
96 40 38 37 
97 40 37 45 
98 39 38 41 
99 40 42 38 
100 41 38 42 
101 39 41 534 
102 39 533 44 
103 39 534 533 
104 40 495 42 
105 40 45 493 
106 40 493 495 
107 43 41 42 
108 43 184 41 
109 184 534 41 
110 43 42 230 
111 42 495 230 
112 43 183 184 
113 43 230 183 
114 44 533 523 
115 486 493 45 
116 46 47 48 
117 50 47 46 
118 49 46 48 
119 49 55 46 
120 50 46 54 
121 54 46 55 
122 51 48 47 
123 50 58 47 
124 51 47 57 
125 57 47 58 
126 49 48 52 
127 51 53 48 
128 52 48 53 
129 49 52 67 
130 49 66 55 
131 49 67 66 
132 50 54 73 
133 50 72 58 
134 50 73 72 
135 51 60 53 
136 51 57 61 
137 51 61 60 
138 56 54 55 
139 56 81 54 
140 81 73 54 
141 56 55 71 
142 55 66 71 
143 56 71 548 
144 56 549 81 
145 56 548 549 
146 59 57 58 
147 59 65 57 
148 65 61 57 
149 59 58 80 
150 58 72 80 
151 59 503 65 
152 59 80 502 
153 59 502 503 
154 60 61 62 
155 63 62 61 
156 63 61 65 
157 63 64 62 
158 63 510 64 
159 63 65 508 
160 63 508 510 
161 64 510 394 
162 503 508 65 
163 66 67 68 
164 69 66 68 
165 69 71 66 
166 69 68 70 
167 69 70 552 
168 69 551 71 
169 69 552 551 
170 437 552 70 
171 71 551 548 
172 72 73 74 
173 75 72 74 
174 75 80 72 
175 76 74 73 
176 76 73 81 
177 75 74 77 
178 76 78 74 
179 77 74 78 
180 75 77 513 
181 75 512 80 
182 75 513 512 
183 76 558 78 
184 76 81 556 
185 76 556 558 
186 79 77 78 
187 79 263 77 
188 263 513 77 
189 79 78 309 
190 78 558 309 
191 79 262 263 
192 79 309 262 
193 80 512 502 
194 549 556 81 
195 82 83 84 
196 86 83 82 
197 85 82 84 
198 85 92 82 
199 86 82 91 
200 91 82 92 
201 87 84 83 
202 86 95 83 
203 87 83 94 
204 94 83 95 
205 85 84 88 
206 87 89 84 
207 88 84 89 
208 85 88 108 
209 85 107 92 
210 85 108 107 
211 86 91 118 
212 86 117 95 
213 86 118 117 
214 87 97 89 
215 87 94 98 
216 87 98 97 
217 90 88 89 
218 90 116 88 
219 116 108 88 
220 90 89 105 
221 89 97 105 
222 90 105 133 
223 90 134 116 
224 90 133 134 
225 93 91 92 
226 93 126 91 
227 126 118 91 
228 93 92 115 
229 92 107 115 
230 93 115 611 
231 93 612 126 
232 93 611 612 
233 96 94 95 
234 96 106 94 
235 106 98 94 
236 96 95 125 
237 95 117 125 
238 96 566 106 
239 96 125 565 
240 96 565 566 
241 97 98 99 
242 100 97 99 
243 100 105 97 
244 101 99 98 
245 101 98 106 
246 100 99 102 
247 101 103 99 
248 102 99 103 
249 100 102 149 
250 100 148 105 
251 100 149 148 
252 101 573 103 
253 101 106 571 
254 101 571 573 
255 104 102 103 
256 104 151 102 
257 151 149 102 
258 104 103 359 
259 103 573 359 
260 104 360 151 
261 104 359 360 
262 105 148 133 
263 566 571 106 
264 107 108 109 
265 110 107 109 
266 110 115 107 
267 111 109 108 
268 111 108 116 
269 110 109 112 
270 111 113 109 
271 112 109 113 
272 110 112 615 
273 110 614 115 
274 110 615 614 
275 111 143 113 
276 111 116 141 
277 111 141 143 
278 114 112 113 
279 114 472 112 
280 472 615 112 
281 114 113 145 
282 113 143 145 
283 114 145 471 
284 114 471 472 
285 115 614 611 
286 134 141 116 
287 117 118 119 
288 120 117 119 
289 120 125 117 
290 121 119 118 
291 121 118 126 
292 120 119 122 
293 121 123 119 
294 122 119 123 
295 120 122 576 
296 120 575 125 
297 120 576 575 
298 121 621 123 
299 121 126 619 
300 121 619 621 
301 124 122 123 
302 124 224 122 
303 224 576 122 
304 124 123 192 
305 123 621 192 
306 124 192 193 
307 124 193 224 
308 125 575 565 
309 612 619 126 
310 127 128 129 
311 131 128 127 
312 130 127 129 
313 130 136 127 
314 131 127 135 
315 135 127 136 
316 132 129 128 
317 131 139 128 
318 132 128 138 
319 138 128 139 
320 130 129 133 
321 132 134 129 
322 133 129 134 
323 130 133 148 
324 130 147 136 
325 130 148 147 
326 131 135 154 
327 131 153 139 
328 131 154 153 
329 132 141 134 
330 132 138 142 
331 132 142 141 
332 137 135 136 
333 137 162 135 
334 162 154 135 
335 137 136 152 
336 136 147 152 
337 137 152 590 
338 137 591 162 
339 137 590 591 
340 140 138 139 
341 140 146 138 
342 146 142 138 
343 140 139 161 
344 139 153 161 
345 140 629 146 
346 140 161 628 
347 140 628 629 
348 141 142 143 
349 144 143 142 
350 144 142 146 
351 144 145 143 
352 144 636 145 
353 144 146 634 
354 144 634 636 
355 145 636 471 
356 629 634 146 
357 147 148 149 
358 150 147 149 
359 150 152 147 
360 150 149 151 
361 150 151 594 
362 150 593 152 
363 150 594 593 
364 360 594 151 
365 152 593 590 
366 153 154 155 
367 156 153 155 
368 156 161 153 
369 157 155 154 
370 157 154 162 
371 156 155 158 
372 157 159 155 
373 158 155 159 
374 156 158 639 
375 156 638 161 
376 156 639 638 
377 157 600 159 
378 157 162 598 
379 157 598 600 
380 160 158 159 
381 160 303 158 
382 303 639 158 
383 160 159 271 
384 159 600 271 
385 160 271 272 
386 160 272 303 
387 161 638 628 
388 591 598 162 
389 163 164 165 
390 167 164 163 
391 166 163 165 
392 166 173 163 
393 167 163 172 
394 172 163 173 
395 168 165 164 
396 167 176 164 
397 168 164 175 
398 175 164 176 
399 166 165 169 
400 168 170 165 
401 169 165 170 
402 166 169 188 
403 166 187 173 
404 166 188 187 
405 167 172 197 
406 167 196 176 
407 167 197 196 
408 168 178 170 
409 168 175 179 
410 168 179 178 
411 171 169 170 
412 171 195 169 
413 195 188 169 
414 171 170 185 
415 170 178 185 
416 171 185 212 
417 171 213 195 
418 171 212 213 
419 174 172 173 
420 174 205 172 
421 205 197 172 
422 174 173 194 
423 173 187 194 
424 174 194 609 
425 174 610 205 
426 174 609 610 
427 177 175 176 
428 177 186 175 
429 186 179 175 
430 177 176 204 
431 176 196 204 
432 177 526 186 
433 177 204 525 
434 177 525 526 
435 178 179 180 
436 181 178 180 
437 181 185 178 
438 182 180 179 
439 182 179 186 
440 181 180 183 
441 182 184 180 
442 183 180 184 
443 181 183 228 
444 181 227 185 
445 181 228 227 
446 182 534 184 
447 182 186 532 
448 182 532 534 
449 230 228 183 
450 185 227 212 
451 526 532 186 
452 187 188 189 
453 190 187 189 
454 190 194 187 
455 191 189 188 
456 191 188 195 
457 190 189 192 
458 191 193 189 
459 192 189 193 
460 190 192 621 
461 190 620 194 
462 190 621 620 
463 191 222 193 
464 191 195 220 
465 191 220 222 
466 193 222 224 
467 194 620 609 
468 213 220 195 
469 196 197 198 
470 199 196 198 
471 199 204 196 
472 200 198 197 
473 200 197 205 
474 199 198 201 
475 200 202 198 
476 201 198 202 
477 199 201 537 
478 199 536 204 
479 199 537 536 
480 200 618 202 
481 200 205 616 
482 200 616 618 
483 203 201 202 
484 203 419 201 
485 419 537 201 
486 203 202 464 
487 202 618 464 
488 203 418 419 
489 203 464 418 
490 204 536 525 
491 610 616 205 
492 206 207 208 
493 210 207 206 
494 209 206 208 
495 209 215 206 
496 210 206 214 
497 214 206 215 
498 211 208 207 
499 210 218 207 
500 211 207 217 
501 217 207 218 
502 209 208 212 
503 211 213 208 
504 212 208 213 
505 209 212 227 
506 209 226 215 
507 209 227 226 
508 210 214 233 
509 210 232 218 
510 210 233 232 
511 211 220 213 
512 211 217 221 
513 211 221 220 
514 216 214 215 
515 216 241 214 
516 241 233 214 
517 216 215 231 
518 215 226 231 
519 216 231 483 
520 216 484 241 
521 216 483 484 
522 219 217 218 
523 219 225 217 
524 225 221 217 
525 219 218 240 
526 218 232 240 
527 219 568 225 
528 219 240 567 
529 219 567 568 
530 220 221 222 
531 223 222 221 
532 223 221 225 
533 223 224 222 
534 223 576 224 
535 223 225 574 
536 223 574 576 
537 568 574 225 
538 226 227 228 
539 229 226 228 
540 229 231 226 
541 229 228 230 
542 229 230 495 
543 229 494 231 
544 229 495 494 
545 231 494 483 
546 232 233 234 
547 235 232 234 
548 235 240 232 
549 236 234 233 
550 236 233 241 
551 235 234 237 
552 236 238 234 
553 237 234 238 
554 235 237 579 
555 235 578 240 
556 235 579 578 
557 236 492 238 
558 236 241 490 
559 236 490 492 
560 239 237 238 
561 239 342 237 
562 342 579 237 
563 239 238 387 
564 238 492 387 
565 239 341 342 
566 239 387 341 
567 240 578 567 
568 484 490 241 
569 242 243 244 
570 246 243 242 
571 245 242 244 
572 245 252 242 
573 246 242 251 
574 251 242 252 
575 247 244 243 
576 246 255 243 
577 247 243 254 
578 254 243 255 
579 245 244 248 
580 247 249 244 
581 248 244 249 
582 245 248 267 
583 245 266 252 
584 245 267 266 
585 246 251 276 
586 246 275 255 
587 246 276 275 
588 247 257 249 
589 247 254 258 
590 247 258 257 
591 250 248 249 
592 250 274 248 
593 274 267 248 
594 250 249 264 
595 249 257 264 
596 250 264 291 
597 250 292 274 
598 250 291 292 
599 253 251 252 
600 253 284 251 
601 284 276 251 
602 253 252 273 
603 252 266 273 
604 253 273 588 
605 253 589 284 
606 253 588 589 
607 256 254 255 
608 256 265 254 
609 265 258 254 
610 256 255 283 
611 255 275 283 
612 256 505 265 
613 256 283 504 
614 256 504 505 
615 257 258 259 
616 260 257 259 
617 260 264 257 
618 261 259 258 
619 261 258 265 
620 260 259 262 
621 261 263 259 
622 262 259 263 
623 260 262 307 
624 260 306 264 
625 260 307 306 
626 261 513 263 
627 261 265 511 
628 261 511 513 
629 309 307 262 
630 264 306 291 
631 505 511 265 
632 266 267 268 
633 269 266 268 
634 269 273 266 
635 270 268 267 
636 270 267 274 
637 269 268 271 
638 270 272 268 
639 271 268 272 
640 269 271 600 
641 269 599 273 
642 269 600 599 
643 270 301 272 
644 270 274 299 
645 270 299 301 
646 272 301 303 
647 273 599 588 
648 292 299 274 
649 275 276 277 
650 278 275 277 
651 278 283 275 
652 279 277 276 
653 279 276 284 
654 278 277 280 
655 279 281 277 
656 280 277 281 
657 278 280 516 
658 278 515 283 
659 278 516 515 
660 279 597 281 
661 279 284 595 
662 279 595 597 
663 282 280 281 
664 282 381 280 
665 381 516 280 
666 282 281 350 
667 281 597 350 
668 282 350 351 
669 282 351 381 
670 283 515 504 
671 589 595 284 
672 285 286 287 
673 289 286 285 
674 288 285 287 
675 288 294 285 
676 289 285 293 
677 293 285 294 
678 290 287 286 
679 289 297 286 
680 290 286 296 
681 296 286 297 
682 288 287 291 
683 290 292 287 
684 291 287 292 
685 288 291 306 
686 288 305 294 
687 288 306 305 
688 289 293 312 
689 289 311 297 
690 289 312 311 
691 290 299 292 
692 290 296 300 
693 290 300 299 
694 295 293 294 
695 295 320 293 
696 320 312 293 
697 295 294 310 
698 294 305 310 
699 295 310 546 
700 295 547 320 
701 295 546 547 
702 298 296 297 
703 298 304 296 
704 304 300 296 
705 298 297 319 
706 297 311 319 
707 298 631 304 
708 298 319 630 
709 298 630 631 
710 299 300 301 
711 302 301 300 
712 302 300 304 
713 302 303 301 
714 302 639 303 
715 302 304 637 
716 302 637 639 
717 631 637 304 
718 305 306 307 
719 308 305 307 
720 308 310 305 
721 308 307 309 
722 308 309 558 
723 308 557 310 
724 308 558 557 
725 310 557 546 
726 311 312 313 
727 314 311 313 
728 314 319 311 
729 315 313 312 
730 315 312 320 
731 314 313 316 
732 315 317 313 
733 316 313 317 
734 314 316 642 
735 314 641 319 
736 314 642 641 
737 315 555 317 
738 315 320 553 
739 315 553 555 
740 318 316 317 
741 318 458 316 
742 458 642 316 
743 318 317 427 
744 317 555 427 
745 318 427 428 
746 318 428 458 
747 319 641 630 
748 547 553 320 
749 321 322 323 
750 325 322 321 
751 324 321 323 
752 324 331 321 
753 325 321 330 
754 330 321 331 
755 326 323 322 
756 325 334 322 
757 326 322 333 
758 333 322 334 
759 324 323 327 
760 326 328 323 
761 327 323 328 
762 324 327 346 
763 324 345 331 
764 324 346 345 
765 325 330 355 
766 325 354 334 
767 325 355 354 
768 326 336 328 
769 326 333 337 
770 326 337 336 
771 329 327 328 
772 329 353 327 
773 353 346 327 
774 329 328 343 
775 328 336 343 
776 329 343 369 
777 329 370 353 
778 329 369 370 
779 332 330 331 
780 332 362 330 
781 362 355 330 
782 332 331 352 
783 331 345 352 
784 332 352 586 
785 332 587 362 
786 332 586 587 
787 335 333 334 
788 335 344 333 
789 344 337 333 
790 335 334 361 
791 334 354 361 
792 335 570 344 
793 335 361 569 
794 335 569 570 
795 336 337 338 
796 339 336 338 
797 339 343 336 
798 340 338 337 
799 340 337 344 
800 339 338 341 
801 340 342 338 
802 341 338 342 
803 339 341 385 
804 339 384 343 
805 339 385 384 
806 340 579 342 
807 340 344 577 
808 340 577 579 
809 387 385 341 
810 343 384 369 
811 570 577 344 
812 345 346 347 
813 348 345 347 
814 348 352 345 
815 349 347 346 
816 349 346 353 
817 348 347 350 
818 349 351 347 
819 350 347 351 
820 348 350 597 
821 348 596 352 
822 348 597 596 
823 349 379 351 
824 349 353 377 
825 349 377 379 
826 351 379 381 
827 352 596 586 
828 370 377 353 
829 354 355 356 
830 357 354 356 
831 357 361 354 
832 358 356 355 
833 358 355 362 
834 357 356 359 
835 358 360 356 
836 359 356 360 
837 357 359 573 
838 357 572 361 
839 357 573 572 
840 358 594 360 
841 358 362 592 
842 358 592 594 
843 361 572 569 
844 587 592 362 
845 363 364 365 
846 367 364 363 
847 366 363 365 
848 366 372 363 
849 367 363 371 
850 371 363 372 
851 368 365 364 
852 367 375 364 
853 368 364 374 
854 374 364 375 
855 366 365 369 
856 368 370 365 
857 369 365 370 
858 366 369 384 
859 366 383 372 
860 366 384 383 
861 367 371 390 
862 367 389 375 
863 367 390 389 
864 368 377 370 
865 368 374 378 
866 368 378 377 
867 373 371 372 
868 373 397 371 
869 397 390 371 
870 373 372 388 
871 372 383 388 
872 373 388 481 
873 373 482 397 
874 373 481 482 
875 376 374 375 
876 376 382 374 
877 382 378 374 
878 376 375 396 
879 375 389 396 
880 376 507 382 
881 376 396 506 
882 376 506 507 
883 377 378 379 
884 380 379 378 
885 380 378 382 
886 380 381 379 
887 380 516 381 
888 380 382 514 
889 380 514 516 
890 507 514 382 
891 383 384 385 
892 386 383 385 
893 386 388 383 
894 386 385 387 
895 386 387 492 
896 386 491 388 
897 386 492 491 
898 388 491 481 
899 389 390 391 
900 392 389 391 
901 392 396 389 
902 393 391 390 
903 393 390 397 
904 392 391 394 
905 393 395 391 
906 394 391 395 
907 392 394 510 
908 392 509 396 
909 392 510 509 
910 393 489 395 
911 393 397 487 
912 393 487 489 
913 396 509 506 
914 482 487 397 
915 398 399 400 
916 402 399 398 
917 401 398 400 
918 401 408 398 
919 402 398 407 
920 407 398 408 
921 403 400 399 
922 402 411 399 
923 403 399 410 
924 410 399 411 
925 401 400 404 
926 403 405 400 
927 404 400 405 
928 401 404 423 
929 401 422 408 
930 401 423 422 
931 402 407 432 
932 402 431 411 
933 402 432 431 
934 403 413 405 
935 403 410 414 
936 403 414 413 
937 406 404 405 
938 406 430 404 
939 430 423 404 
940 406 405 420 
941 405 413 420 
942 406 420 446 
943 406 447 430 
944 406 446 447 
945 409 407 408 
946 409 439 407 
947 439 432 407 
948 409 408 429 
949 408 422 429 
950 409 429 544 
951 409 545 439 
952 409 544 545 
953 412 410 411 
954 412 421 410 
955 421 414 410 
956 412 411 438 
957 411 431 438 
958 412 528 421 
959 412 438 527 
960 412 527 528 
961 413 414 415 
962 416 413 415 
963 416 420 413 
964 417 415 414 
965 417 414 421 
966 416 415 418 
967 417 419 415 
968 418 415 419 
969 416 418 462 
970 416 461 420 
971 416 462 461 
972 417 537 419 
973 417 421 535 
974 417 535 537 
975 464 462 418 
976 420 461 446 
977 528 535 421 
978 422 423 424 
979 425 422 424 
980 425 429 422 
981 426 424 423 
982 426 423 430 
983 425 424 427 
984 426 428 424 
985 427 424 428 
986 425 427 555 
987 425 554 429 
988 425 555 554 
989 426 456 428 
990 426 430 454 
991 426 454 456 
992 428 456 458 
993 429 554 544 
994 447 454 430 
995 431 432 433 
996 434 431 433 
997 434 438 431 
998 435 433 432 
999 435 432 439 
1000 434 433 436 
1001 435 437 433 
1002 436 433 437 
1003 434 436 531 
1004 434 530 438 
1005 434 531 530 
1006 435 552 437 
1007 435 439 550 
1008 435 550 552 
1009 438 530 527 
1010 545 550 439 
1011 440 441 442 
1012 444 441 440 
1013 443 440 442 
1014 443 449 440 
1015 444 440 448 
1016 448 440 449 
1017 445 442 441 
1018 444 452 441 
1019 445 441 451 
1020 451 441 452 
1021 443 442 446 
1022 445 447 442 
1023 446 442 447 
1024 443 446 461 
1025 443 460 449 
1026 443 461 460 
1027 444 448 467 
1028 444 466 452 
1029 444 467 466 
1030 445 454 447 
1031 445 451 455 
1032 445 455 454 
1033 450 448 449 
1034 450 474 448 
1035 474 467 448 
1036 450 449 465 
1037 449 460 465 
1038 450 465 607 
1039 450 608 474 
1040 450 607 608 
1041 453 451 452 
1042 453 459 451 
1043 459 455 451 
1044 453 452 473 
1045 452 466 473 
1046 453 633 459 
1047 453 473 632 
1048 453 632 633 
1049 454 455 456 
1050 457 456 455 
1051 457 455 459 
1052 457 458 456 
1053 457 642 458 
1054 457 459 640 
1055 457 640 642 
1056 633 640 459 
1057 460 461 462 
1058 463 460 462 
1059 463 465 460 
1060 463 462 464 
1061 463 464 618 
1062 463 617 465 
1063 463 618 617 
1064 465 617 607 
1065 466 467 468 
1066 469 466 468 
1067 469 473 466 
1068 470 468 467 
1069 470 467 474 
1070 469 468 471 
1071 470 472 468 
1072 471 468 472 
1073 469 471 636 
1074 469 635 473 
1075 469 636 635 
1076 470 615 472 
1077 470 474 613 
1078 470 613 615 
1079 473 635 632 
1080 608 613 474 
1081 475 476 477 
1082 479 476 475 
1083 478 475 477 
1084 478 484 475 
1085 479 475 483 
1086 483 475 484 
1087 480 477 476 
1088 479 486 476 
1089 480 476 485 
1090 485 476 486 
1091 478 477 481 
1092 480 482 477 
1093 481 477 482 
1094 478 481 491 
1095 478 490 484 
1096 478 491 490 
1097 479 483 494 
1098 479 493 486 
1099 479 494 493 
1100 480 487 482 
1101 480 485 488 
1102 480 488 487 
1103 487 488 489 
1104 490 491 492 
1105 493 494 495 
1106 496 497 498 
1107 500 497 496 
1108 499 496 498 
1109 499 505 496 
1110 500 496 504 
1111 504 496 505 
1112 501 498 497 
1113 500 507 497 
1114 501 497 506 
1115 506 497 507 
1116 499 498 502 
1117 501 503 498 
1118 502 498 503 
1119 499 502 512 
1120 499 511 505 
1121 499 512 511 
1122 500 504 515 
1123 500 514 507 
1124 500 515 514 
1125 501 508 503 
1126 501 506 509 
1127 501 509 508 
1128 508 509 510 
1129 511 512 513 
1130 514 515 516 
1131 517 518 519 
1132 521 518 517 
1133 520 517 519 
1134 520 526 517 
1135 521 517 525 
1136 525 517 526 
1137 522 519 518 
1138 521 528 518 
1139 522 518 527 
1140 527 518 528 
1141 520 519 523 
1142 522 524 519 
1143 523 519 524 
1144 520 523 533 
1145 520 532 526 
1146 520 533 532 
1147 521 525 536 
1148 521 535 528 
1149 521 536 535 
1150 522 529 524 
1151 522 527 530 
1152 522 530 529 
1153 529 530 531 
1154 532 533 534 
1155 535 536 537 
1156 538 539 540 
1157 542 539 538 
1158 541 538 540 
1159 541 547 538 
1160 542 538 546 
1161 546 538 547 
1162 543 540 539 
1163 542 549 539 
1164 543 539 548 
1165 548 539 549 
1166 541 540 544 
1167 543 545 540 
1168 544 540 545 
1169 541 544 554 
1170 541 553 547 
1171 541 554 553 
1172 542 546 557 
1173 542 556 549 
1174 542 557 556 
1175 543 550 545 
1176 543 548 551 
1177 543 551 550 
1178 550 551 552 
1179 553 554 555 
1180 556 557 558 
1181 559 560 561 
1182 563 560 559 
1183 562 559 561 
1184 562 568 559 
1185 563 559 567 
1186 567 559 568 
1187 564 561 560 
1188 563 570 560 
1189 564 560 569 
1190 569 560 570 
1191 562 561 565 
1192 564 566 561 
1193 565 561 566 
1194 562 565 575 
1195 562 574 568 
1196 562 575 574 
1197 563 567 578 
1198 563 577 570 
1199 563 578 577 
1200 564 571 566 
1201 564 569 572 
1202 564 572 571 
1203 571 572 573 
1204 574 575 576 
1205 577 578 579 
1206 580 581 582 
1207 584 581 580 
1208 583 580 582 
1209 583 589 580 
1210 584 580 588 
1211 588 580 589 
1212 585 582 581 
1213 584 591 581 
1214 585 581 590 
1215 590 581 591 
1216 583 582 586 
1217 585 587 582 
1218 586 582 587 
1219 583 586 596 
1220 583 595 589 
1221 583 596 595 
1222 584 588 599 
1223 584 598 591 
1224 584 599 598 
1225 585 592 587 
1226 585 590 593 
1227 585 593 592 
1228 592 593 594 
1229 595 596 597 
1230 598 599 600 
1231 601 602 603 
1232 605 602 601 
1233 604 601 603 
1234 604 610 601 
1235 605 601 609 
1236 609 601 610 
1237 606 603 602 
1238 605 612 602 
1239 606 602 611 
1240 611 602 612 
1241 604 603 607 
1242 606 608 603 
1243 607 603 608 
1244 604 607 617 
1245 604 616 610 
1246 604 617 616 
1247 605 609 620 
1248 605 619 612 
1249 605 620 619 
1250 606 613 608 
1251 606 611 614 
1252 606 614 613 
1253 613 614 615 
1254 616 617 618 
1255 619 620 621 
1256 622 623 624 
1257 626 623 622 
1258 625 622 624 
1259 625 631 622 
1260 626 622 630 
1261 630 622 631 
1262 627 624 623 
1263 626 633 623 
1264 627 623 632 
1265 632 623 633 
1266 625 624 628 
1267 627 629 624 
1268 628 624 629 
1269 625 628 638 
1270 625 637 631 
1271 625 638 637 
1272 626 630 641 
1273 626 640 633 
1274 626 641 640 
1275 627 634 629 
1276 627 632 635 
1277 627 635 634 
1278 634 635 636 
1279 637 638 639 
1280 640 641 642 
3 1 4 3275
1281 297 286 298 293 
1282 207 214 206 216 
1283 255 243 256 242 
1284 286 293 285 295 
1285 494 493 229 226 
1286 619 187 190 620 
1287 223 221 575 574 
1288 557 556 308 305 
1289 261 258 512 511 
1290 300 637 638 302 
1291 598 599 266 269 
1292 486 34 479 485 
1293 106 566 565 562 
1294 591 584 590 152 
1295 65 503 502 499 
1296 405 403 400 413 
1297 365 369 384 366 
1298 404 423 400 401 
1299 443 461 446 442 
1300 370 377 368 365 
1301 323 336 328 326 
1302 447 454 445 442 
1303 323 324 327 346 
1304 64 29 32 31 
1305 102 101 151 103 
1306 29 64 32 63 
1307 151 150 101 102 
1308 338 339 341 385 
1309 415 462 416 418 
1310 379 347 349 351 
1311 456 426 428 424 
1312 620 194 605 644 
1313 271 263 222 224 
1314 309 180 184 189 
1315 222 263 228 230 
1316 118 84 117 645 
1317 276 246 275 284 
1318 311 289 319 312 
1319 196 197 167 205 
1320 21 643 22 644 
1321 30 258 261 229 
1322 190 302 300 111 
1323 19 308 305 182 
1324 247 261 258 229 
1325 290 302 300 190 
1326 220 195 191 122 
1327 188 191 195 123 
1328 159 274 270 267 
1329 274 299 158 270 
1330 30 258 229 226 
1331 179 19 305 182 
1332 187 190 300 111 
1333 229 258 247 226 
1334 158 303 307 309 
1335 228 122 222 230 
1336 180 184 189 123 
1337 4 513 600 495 
1338 209 211 208 226 
1339 165 168 179 166 
1340 290 287 288 305 
1341 295 174 177 643 
1342 639 299 292 290 
1343 213 220 211 576 
1344 600 248 267 245 
1345 247 249 257 513 
1346 275 283 394 284 
1347 258 30 512 244 
1348 256 64 31 253 
1349 177 295 539 174 
1350 432 467 640 431 
1351 586 277 507 234 
1352 575 598 26 493 
1353 26 12 34 28 
1354 98 106 96 99 
1355 59 62 61 65 
1356 152 149 147 137 
1357 467 432 474 431 
1358 65 265 502 273 
1359 138 302 190 111 
1360 541 553 544 545 
1361 536 528 527 521 
1362 641 633 632 626 
1363 604 616 607 608 
1364 515 507 506 500 
1365 478 490 481 482 
1366 587 595 583 586 
1367 578 570 569 563 
1368 249 159 268 248 
1369 558 141 639 161 
1370 340 325 380 367 
1371 402 444 457 463 
1372 4 27 513 495 
1373 187 619 111 644 
1374 558 141 161 67 
1375 511 502 265 273 
1376 486 225 494 231 
1377 24 6 67 16 
1378 139 188 91 169 
1379 149 62 99 511 
1380 22 295 177 643 
1381 228 42 122 230 
1382 184 180 41 123 
1383 32 65 34 231 
1384 190 182 138 92 
1385 511 591 599 149 
1386 639 156 132 558 
1387 121 6 534 621 
1388 51 263 35 4 
1389 92 190 182 126 
1390 111 187 190 619 
1391 229 493 30 226 
1392 638 300 302 111 
1393 261 258 30 512 
1394 308 556 19 305 
1395 295 539 22 177 
1396 61 59 512 598 
1397 26 12 575 493 
1398 62 149 502 511 
1399 511 591 273 599 
1400 574 565 225 494 
1401 325 380 348 340 
1402 373 375 330 371 
1403 99 565 494 486 
1404 502 591 511 149 
1405 499 584 242 102 
1406 62 149 99 486 
1407 146 643 140 644 
1408 215 494 225 231 
1409 544 528 198 607 
1410 111 142 638 644 
1411 67 81 161 558 
1412 263 53 35 7 
1413 246 33 496 210 
1414 289 114 622 167 
1415 23 289 538 167 
1416 62 149 486 502 
1417 565 99 149 486 
1418 505 31 64 588 
1419 58 75 257 249 
1420 121 188 169 91 
1421 158 299 292 301 
1422 159 268 248 267 
1423 70 295 22 643 
1424 107 111 619 644 
1425 502 591 273 511 
1426 494 565 225 486 
1427 111 190 138 92 
1428 565 502 486 149 
1429 22 70 539 295 
1430 151 253 581 103 
1431 67 49 6 24 
1432 67 44 13 16 
1433 167 176 289 172 
1434 26 12 96 575 
1435 502 62 65 486 
1436 492 389 376 390 
1437 158 78 46 309 
1438 2 123 184 41 
1439 375 382 376 330 
1440 257 75 58 259 
1441 189 91 188 121 
1442 222 95 120 220 
1443 178 39 14 180 
1444 228 40 10 227 
1445 271 157 135 268 
1446 263 58 75 259 
1447 222 95 224 120 
1448 189 91 121 192 
1449 10 40 228 230 
1450 180 39 14 184 
1451 234 481 482 397 
1452 569 361 570 234 
1453 600 162 513 245 
1454 263 83 89 1 
1455 494 575 12 493 
1456 511 512 59 598 
1457 534 39 6 121 
1458 210 33 496 475 
1459 517 23 538 167 
1460 297 298 624 293 
1461 192 118 121 123 
1462 153 303 156 158 
1463 271 154 157 159 
1464 230 37 40 42 
1465 96 12 59 494 
1466 81 55 161 308 
1467 561 103 581 253 
1468 559 246 496 210 
1469 538 289 622 167 
1470 411 421 412 465 
1471 459 429 409 407 
1472 595 583 279 358 
1473 597 516 376 492 
1474 579 597 376 492 
1475 409 555 642 537 
1476 96 149 599 137 
1477 28 59 12 494 
1478 123 41 2 645 
1479 46 78 158 645 
1480 77 72 53 645 
1481 31 505 485 483 
1482 122 117 83 645 
1483 102 225 207 562 
1484 273 242 584 102 
1485 219 561 218 476 
1486 177 174 526 643 
1487 223 211 576 125 
1488 639 161 302 290 
1489 26 12 59 96 
1490 122 83 1 645 
1491 499 590 584 150 
1492 566 101 479 562 
1493 375 373 330 376 
1494 89 1 83 645 
1495 193 124 122 645 
1496 193 123 124 645 
1497 514 586 507 389 
1498 177 526 22 643 
1499 575 12 96 494 
1500 191 193 122 645 
1501 191 123 193 645 
1502 630 471 319 472 
1503 101 485 566 479 
1504 496 559 210 475 
1505 241 589 504 484 
1506 101 485 590 566 
1507 504 241 484 395 
1508 191 122 195 645 
1509 195 123 191 645 
1510 588 584 505 590 
1511 373 492 376 390 
1512 412 431 409 537 
1513 195 122 171 645 
1514 171 123 195 645 
1515 503 65 63 499 
1516 152 584 590 150 
1517 34 29 479 485 
1518 566 106 101 562 
1519 593 151 581 103 
1520 22 70 551 539 
1521 492 376 579 373 
1522 485 503 590 505 
1523 22 643 524 644 
1524 499 590 505 584 
1525 85 156 139 91 
1526 174 609 526 643 
1527 116 132 139 85 
1528 508 498 64 488 
1529 485 566 479 483 
1530 590 499 505 503 
1531 114 636 622 615 
1532 538 552 23 531 
1533 510 496 33 489 
1534 551 293 624 539 
1535 132 156 139 85 
1536 142 140 638 644 
1537 517 538 23 531 
1538 489 496 33 475 
1539 347 368 324 326 
1540 326 347 368 366 
1541 401 456 445 443 
1542 456 401 403 443 
1543 338 347 379 337 
1544 550 604 541 521 
1545 295 70 546 643 
1546 376 335 579 373 
1547 355 597 596 332 
1548 412 431 537 535 
1549 491 492 373 390 
1550 624 634 614 643 
1551 173 163 194 644 
1552 326 338 347 366 
1553 347 379 368 366 
1554 401 424 456 403 
1555 408 427 458 410 
1556 387 374 342 372 
1557 408 458 451 410 
1558 410 458 451 449 
1559 333 342 331 372 
1560 342 374 331 372 
1561 567 585 589 480 
1562 630 547 543 522 
1563 373 330 376 335 
1564 335 330 376 332 
1565 427 408 425 410 
1566 458 457 451 449 
1567 340 342 331 333 
1568 403 424 456 415 
1569 385 379 338 366 
1570 379 347 338 366 
1571 33 210 488 475 
1572 567 564 585 480 
1573 240 560 563 232 
1574 478 241 233 477 
1575 623 319 311 626 
1576 107 619 93 644 
1577 19 556 66 644 
1578 468 473 632 474 
1579 361 356 362 569 
1580 347 379 345 351 
1581 348 331 325 340 
1582 444 457 463 449 
1583 550 604 521 530 
1584 133 89 90 645 
1585 606 517 522 615 
1586 637 643 304 644 
1587 340 331 325 333 
1588 402 425 408 410 
1589 457 444 451 449 
1590 518 530 521 604 
1591 115 93 605 644 
1592 622 636 538 615 
1593 627 471 630 472 
1594 360 585 589 359 
1595 359 585 589 567 
1596 585 580 496 594 
1597 573 564 559 475 
1598 615 606 517 601 
1599 404 447 405 461 
1600 585 359 564 567 
1601 34 479 32 231 
1602 152 584 102 273 
1603 562 106 102 225 
1604 632 468 474 608 
1605 356 587 362 569 
1606 592 583 358 357 
1607 626 635 469 470 
1608 435 550 541 434 
1609 249 248 245 244 
1610 500 509 392 478 
1611 550 521 541 434 
1612 534 169 121 621 
1613 120 576 213 495 
1614 292 558 156 639 
1615 558 292 156 291 
1616 600 249 157 248 
1617 347 345 379 337 
1618 410 418 449 440 
1619 245 247 249 244 
1620 623 635 626 540 
1621 543 547 630 538 
1622 496 501 504 589 
1623 517 522 610 606 
1624 480 567 564 475 
1625 272 159 160 645 
1626 272 160 158 645 
1627 394 497 283 275 
1628 395 233 241 477 
1629 359 560 240 232 
1630 183 181 42 645 
1631 88 84 118 645 
1632 357 572 592 563 
1633 550 521 434 530 
1634 117 84 83 645 
1635 123 118 119 645 
1636 117 122 119 645 
1637 418 460 449 440 
1638 410 399 414 418 
1639 22 526 524 643 
1640 84 89 83 645 
1641 610 517 606 601 
1642 567 559 564 475 
1643 580 496 589 585 
1644 581 246 251 580 
1645 22 524 25 644 
1646 524 643 520 644 
1647 59 12 26 28 
1648 536 527 434 521 
1649 616 604 470 608 
1650 358 595 583 587 
1651 115 643 109 644 
1652 115 605 643 644 
1653 270 159 272 645 
1654 270 272 158 645 
1655 134 128 129 645 
1656 208 575 574 494 
1657 598 599 511 244 
1658 526 609 520 643 
1659 491 492 388 373 
1660 335 344 577 579 
1661 516 382 376 514 
1662 596 597 352 332 
1663 537 421 412 535 
1664 450 618 617 465 
1665 554 555 429 409 
1666 640 453 459 642 
1667 208 575 494 493 
1668 598 511 512 244 
1669 183 42 43 645 
1670 605 520 609 643 
1671 270 274 159 645 
1672 270 158 274 645 
1673 294 643 310 644 
1674 451 410 449 440 
1675 542 643 21 644 
1676 310 643 542 644 
1677 548 546 70 643 
1678 520 524 526 643 
1679 274 250 159 645 
1680 158 250 274 645 
1681 21 542 69 643 
1682 517 525 204 205 
1683 547 320 319 538 
1684 430 447 404 423 
1685 426 454 423 442 
1686 461 413 400 416 
1687 295 70 539 546 
1688 64 505 256 498 
1689 581 588 253 151 
1690 560 563 232 233 
1691 626 311 623 312 
1692 403 401 400 416 
1693 400 426 423 442 
1694 470 471 635 469 
1695 527 528 536 198 
1696 578 569 570 234 
1697 481 490 234 482 
1698 626 314 311 312 
1699 486 479 34 231 
1700 565 225 106 562 
1701 502 265 65 499 
1702 584 591 273 152 
1703 394 497 504 283 
1704 395 241 484 477 
1705 359 560 567 240 
1706 472 205 610 603 
1707 22 70 23 551 
1708 31 33 64 488 
1709 151 593 104 103 
1710 136 598 100 269 
1711 638 138 111 302 
1712 512 57 30 261 
1713 55 556 19 308 
1714 575 94 100 223 
1715 92 619 111 190 
1716 11 493 30 229 
1717 394 392 509 395 
1718 326 368 339 366 
1719 401 445 416 443 
1720 416 403 401 443 
1721 220 213 195 122 
1722 274 159 248 267 
1723 188 195 169 123 
1724 292 299 158 274 
1725 447 446 461 442 
1726 377 370 369 365 
1727 242 584 505 588 
1728 520 164 186 644 
1729 339 338 326 366 
1730 347 324 368 349 
1731 445 426 456 401 
1732 23 22 551 529 
1733 508 64 33 488 
1734 571 104 593 103 
1735 505 243 499 242 
1736 206 479 207 483 
1737 175 186 164 644 
1738 584 505 499 242 
1739 400 423 426 401 
1740 454 426 445 442 
1741 413 403 400 416 
1742 462 403 415 416 
1743 338 339 385 366 
1744 424 456 426 401 
1745 347 368 379 349 
1746 281 279 277 586 
1747 200 198 202 607 
1748 528 201 199 198 
1749 342 341 387 372 
1750 458 428 427 408 
1751 560 563 233 478 
1752 341 342 333 372 
1753 428 458 451 408 
1754 319 630 547 538 
1755 46 76 54 309 
1756 294 285 310 643 
1757 42 37 41 645 
1758 66 556 56 644 
1759 205 517 610 601 
1760 589 284 496 580 
1761 478 233 560 477 
1762 312 623 626 540 
1763 336 343 384 369 
1764 413 405 420 461 
1765 447 430 454 423 
1766 624 622 634 627 
1767 539 543 551 538 
1768 519 517 529 522 
1769 602 606 614 601 
1770 498 496 508 501 
1771 476 480 488 475 
1772 542 548 69 643 
1773 150 590 151 101 
1774 29 64 63 503 
1775 615 114 614 601 
1776 529 517 23 531 
1777 114 622 636 634 
1778 488 489 33 475 
1779 551 552 23 538 
1780 508 496 33 510 
1781 286 285 294 643 
1782 249 75 257 513 
1783 576 213 220 120 
1784 248 157 600 267 
1785 169 188 121 621 
1786 299 156 639 292 
1787 598 162 269 136 
1788 138 638 161 302 
1789 57 80 261 512 
1790 81 556 55 308 
1791 125 223 94 575 
1792 619 190 92 126 
1793 493 11 45 229 
1794 615 471 627 472 
1795 594 359 585 360 
1796 627 606 615 472 
1797 471 615 627 636 
1798 510 394 501 489 
1799 542 546 548 643 
1800 444 441 451 440 
1801 408 398 402 399 
1802 449 444 451 440 
1803 399 402 408 410 
1804 526 177 164 174 
1805 600 513 249 245 
1806 248 600 249 245 
1807 513 247 249 245 
1808 199 536 528 198 
1809 406 447 446 420 
1810 343 329 327 328 
1811 30 11 60 27 
1812 19 16 67 13 
1813 108 111 141 92 
1814 250 159 249 248 
1815 213 171 122 212 
1816 292 158 291 250 
1817 169 171 170 123 
1818 216 206 207 483 
1819 505 256 243 242 
1820 295 285 286 546 
1821 493 11 30 26 
1822 619 92 111 107 
1823 94 575 100 98 
1824 556 55 19 66 
1825 57 512 30 61 
1826 138 638 111 142 
1827 598 136 100 147 
1828 2 41 5 645 
1829 213 171 195 122 
1830 274 159 250 248 
1831 169 195 171 123 
1832 158 292 274 250 
1833 631 624 298 643 
1834 11 60 57 30 
1835 19 67 55 13 
1836 111 138 141 92 
1837 65 499 32 63 
1838 584 152 102 150 
1839 479 34 32 29 
1840 106 562 102 101 
1841 303 156 639 301 
1842 76 558 307 309 
1843 271 600 157 268 
1844 259 75 263 513 
1845 189 192 121 621 
1846 184 180 39 534 
1847 222 224 576 120 
1848 40 495 228 230 
1849 205 167 517 601 
1850 284 246 496 580 
1851 39 6 14 534 
1852 576 95 87 120 
1853 51 58 75 513 
1854 76 54 49 558 
1855 135 157 600 130 
1856 156 139 639 132 
1857 186 175 532 644 
1858 5 37 1 645 
1859 569 361 356 357 
1860 391 482 393 397 
1861 587 358 356 362 
1862 392 391 396 506 
1863 468 470 474 608 
1864 434 433 438 527 
1865 469 473 632 468 
1866 435 433 545 439 
1867 153 303 128 139 
1868 37 230 10 1 
1869 511 258 512 244 
1870 598 599 244 266 
1871 493 494 208 226 
1872 575 221 208 574 
1873 548 539 70 546 
1874 31 476 483 485 
1875 103 561 566 568 
1876 505 64 503 498 
1877 151 581 588 590 
1878 12 28 494 486 
1879 502 59 62 511 
1880 591 599 149 137 
1881 285 286 546 643 
1882 395 484 480 477 
1883 437 547 543 540 
1884 472 610 606 603 
1885 501 394 497 504 
1886 560 564 359 567 
1887 349 347 324 346 
1888 368 377 379 349 
1889 456 426 445 454 
1890 423 424 426 401 
1891 338 336 339 326 
1892 384 385 339 366 
1893 403 413 415 416 
1894 167 205 172 601 
1895 246 284 251 580 
1896 625 304 637 643 
1897 53 263 35 51 
1898 1 7 3 645 
1899 2 3 8 645 
1900 461 420 413 416 
1901 339 336 343 384 
1902 426 454 430 423 
1903 346 377 349 353 
1904 390 375 373 371 
1905 453 466 452 448 
1906 466 453 467 448 
1907 407 432 409 431 
1908 389 375 376 390 
1909 421 417 402 410 
1910 465 444 463 449 
1911 459 444 451 457 
1912 408 429 425 402 
1913 372 388 386 367 
1914 340 325 344 333 
1915 352 331 325 348 
1916 380 382 374 367 
1917 543 552 551 538 
1918 634 622 636 627 
1919 510 508 496 501 
1920 531 529 517 522 
1921 615 614 606 601 
1922 480 489 488 475 
1923 4 10 27 495 
1924 97 95 87 576 
1925 6 16 14 534 
1926 58 51 60 513 
1927 130 600 135 148 
1928 67 49 54 558 
1929 139 639 132 141 
1930 331 325 330 352 
1931 374 382 375 367 
1932 452 444 451 459 
1933 429 408 407 402 
1934 333 325 344 334 
1935 367 372 388 371 
1936 449 465 444 448 
1937 402 411 421 410 
1938 332 330 355 335 
1939 373 376 375 390 
1940 453 450 467 448 
1941 431 409 407 412 
1942 307 558 76 306 
1943 180 178 39 534 
1944 299 639 156 301 
1945 121 188 189 621 
1946 259 257 75 513 
1947 228 495 40 227 
1948 268 600 157 267 
1949 220 222 576 120 
1950 9 7 53 645 
1951 52 8 9 645 
1952 65 59 62 502 
1953 591 149 152 137 
1954 28 12 34 486 
1955 99 106 96 565 
1956 21 68 71 644 
1957 139 161 639 141 
1958 97 95 576 125 
1959 16 44 14 534 
1960 600 162 135 148 
1961 54 67 558 81 
1962 10 45 27 495 
1963 60 80 58 513 
1964 77 74 72 645 
1965 78 46 74 645 
1966 157 162 135 600 
1967 139 639 161 156 
1968 576 95 120 125 
1969 75 58 80 513 
1970 76 54 558 81 
1971 45 10 40 495 
1972 39 14 44 534 
1973 543 550 437 540 
1974 472 606 613 603 
1975 509 394 497 501 
1976 480 487 395 477 
1977 359 572 564 560 
1978 133 135 130 105 
1979 48 53 72 645 
1980 67 54 55 81 
1981 44 13 16 14 
1982 57 60 80 58 
1983 11 10 45 27 
1984 161 139 138 141 
1985 108 91 92 126 
1986 136 135 162 148 
1987 95 97 94 125 
1988 52 48 46 645 
1989 154 271 157 135 
1990 303 153 156 139 
1991 118 192 121 91 
1992 230 37 10 40 
1993 78 76 46 309 
1994 92 93 107 619 
1995 94 98 96 575 
1996 11 12 26 493 
1997 140 142 638 138 
1998 66 55 56 556 
1999 147 598 136 137 
2000 61 59 57 512 
2001 55 49 54 67 
2002 132 138 139 141 
2003 60 57 51 58 
2004 135 136 130 148 
2005 6 16 13 14 
2006 91 108 92 85 
2007 4 10 11 27 
2008 97 95 94 87 
2009 355 596 362 332 
2010 361 354 335 577 
2011 561 559 219 218 
2012 172 174 602 601 
2013 251 581 580 253 
2014 298 624 622 297 
2015 214 476 475 216 
2016 519 517 177 176 
2017 498 496 256 255 
2018 293 539 538 295 
2019 362 596 586 332 
2020 361 335 570 577 
2021 450 607 617 474 
2022 31 476 485 488 
2023 103 561 571 566 
2024 498 64 503 508 
2025 590 151 581 593 
2026 539 70 551 548 
2027 545 550 541 435 
2028 469 632 635 626 
2029 434 527 530 521 
2030 608 604 470 613 
2031 392 506 509 500 
2032 587 583 358 592 
2033 482 487 478 393 
2034 357 569 572 563 
2035 560 572 569 563 
2036 482 478 487 477 
2037 509 506 497 500 
2038 582 583 587 592 
2039 613 608 604 603 
2040 530 527 518 521 
2041 545 541 550 540 
2042 623 635 632 626 
2043 80 57 59 512 
2044 598 162 136 137 
2045 55 56 556 81 
2046 140 638 161 138 
2047 12 11 45 493 
2048 125 94 96 575 
2049 619 92 93 126 
2050 64 394 510 33 
2051 47 51 57 58 
2052 56 71 55 66 
2053 4 1 7 3 
2054 50 48 72 46 
2055 41 37 42 38 
2056 8 6 3 2 
2057 50 48 46 47 
2058 21 70 23 22 
2059 145 471 636 114 
2060 39 37 36 5 
2061 54 46 49 55 
2062 49 55 66 67 
2063 73 81 54 76 
2064 71 69 66 68 
2065 71 69 68 21 
2066 70 68 69 21 
2067 16 19 17 13 
2068 9 8 52 24 
2069 59 57 80 58 
2070 61 59 65 57 
2071 51 53 60 35 
2072 57 61 60 51 
2073 63 61 62 65 
2074 12 34 11 26 
2075 62 64 63 32 
2076 64 63 503 508 
2077 258 261 265 511 
2078 80 72 58 75 
2079 263 75 77 513 
2080 389 375 396 376 
2081 60 62 61 30 
2082 1 5 10 37 
2083 55 66 67 19 
2084 38 40 37 42 
2085 37 45 10 40 
2086 1 4 10 11 
2087 11 45 10 12 
2088 60 61 57 30 
2089 138 139 128 132 
2090 498 502 503 499 
2091 34 29 26 28 
2092 65 62 63 32 
2093 64 33 31 32 
2094 34 29 28 32 
2095 31 28 29 32 
2096 4 11 26 27 
2097 30 26 11 27 
2098 32 28 62 30 
2099 53 7 9 35 
2100 35 30 60 27 
2101 30 28 26 27 
2102 4 7 35 27 
2103 639 158 156 303 
2104 49 67 52 24 
2105 66 68 67 19 
2106 8 6 24 16 
2107 67 24 16 19 
2108 2 6 13 14 
2109 16 19 18 17 
2110 629 627 624 634 
2111 6 16 17 13 
2112 20 17 18 25 
2113 44 36 14 39 
2114 74 76 46 78 
2115 46 52 49 48 
2116 637 639 638 302 
2117 38 39 37 36 
2118 15 13 44 14 
2119 39 38 37 41 
2120 639 161 638 302 
2121 627 623 622 630 
2122 184 39 41 534 
2123 142 138 132 141 
2124 622 625 624 631 
2125 56 55 54 81 
2126 156 155 153 158 
2127 161 153 139 156 
2128 82 92 85 91 
2129 558 76 78 309 
2130 123 121 192 621 
2131 156 639 161 638 
2132 89 105 133 90 
2133 161 628 638 140 
2134 39 37 5 41 
2135 128 153 139 131 
2136 140 161 139 138 
2137 140 146 142 138 
2138 132 134 141 116 
2139 142 144 146 143 
2140 143 145 144 113 
2141 114 636 145 634 
2142 624 623 622 627 
2143 466 452 473 453 
2144 144 636 634 145 
2145 636 469 635 471 
2146 635 473 632 469 
2147 635 634 636 627 
2148 627 471 636 635 
2149 627 632 623 635 
2150 452 444 441 451 
2151 451 453 452 459 
2152 445 451 441 455 
2153 445 455 456 454 
2154 455 459 451 457 
2155 632 453 633 473 
2156 633 459 640 453 
2157 302 300 637 304 
2158 270 299 158 301 
2159 301 158 270 272 
2160 639 303 301 302 
2161 145 113 114 112 
2162 631 624 622 298 
2163 435 552 550 437 
2164 630 631 622 298 
2165 637 625 631 304 
2166 519 523 524 520 
2167 526 524 520 519 
2168 548 56 549 71 
2169 298 296 286 297 
2170 286 297 289 293 
2171 626 622 623 630 
2172 311 314 313 312 
2173 633 623 632 626 
2174 289 319 297 311 
2175 622 298 297 630 
2176 319 297 298 630 
2177 630 319 623 626 
2178 319 630 641 626 
2179 541 553 554 544 
2180 459 457 640 642 
2181 626 641 633 640 
2182 541 320 547 553 
2183 458 428 318 427 
2184 285 288 287 294 
2185 314 313 312 315 
2186 22 436 531 23 
2187 437 550 543 552 
2188 410 412 411 421 
2189 429 422 408 425 
2190 401 423 424 422 
2191 460 443 449 440 
2192 551 71 548 69 
2193 429 544 554 409 
2194 439 432 409 407 
2195 429 555 554 425 
2196 398 408 401 422 
2197 541 547 320 540 
2198 439 550 545 435 
2199 551 550 552 543 
2200 540 544 545 541 
2201 538 541 540 547 
2202 409 408 407 429 
2203 433 435 432 439 
2204 409 545 544 439 
2205 407 431 402 432 
2206 552 69 551 70 
2207 437 70 552 23 
2208 552 23 70 551 
2209 545 543 540 550 
2210 70 69 551 548 
2211 540 547 543 538 
2212 540 539 538 543 
2213 549 539 548 542 
2214 546 547 538 295 
2215 548 542 539 546 
2216 549 556 56 81 
2217 557 556 558 308 
2218 558 556 76 81 
2219 543 548 539 551 
2220 81 558 556 308 
2221 293 289 286 285 
2222 25 529 22 20 
2223 287 286 285 294 
2224 293 286 298 295 
2225 294 285 293 295 
2226 542 538 539 546 
2227 295 539 538 546 
2228 557 542 310 546 
2229 308 310 557 305 
2230 558 308 307 309 
2231 261 80 513 512 
2232 598 162 600 269 
2233 477 484 480 475 
2234 590 137 591 152 
2235 59 503 502 65 
2236 65 508 503 63 
2237 261 259 263 513 
2238 136 162 135 137 
2239 80 75 513 512 
2240 80 59 502 512 
2241 512 59 502 511 
2242 499 512 502 511 
2243 502 265 499 511 
2244 499 265 505 511 
2245 512 513 261 511 
2246 504 505 496 256 
2247 496 499 498 505 
2248 505 503 499 498 
2249 256 505 496 498 
2250 562 568 566 561 
2251 394 489 33 395 
2252 510 394 509 501 
2253 508 33 64 510 
2254 63 510 508 64 
2255 366 384 385 383 
2256 378 368 377 379 
2257 506 376 507 396 
2258 104 594 359 573 
2259 396 389 391 392 
2260 509 396 506 392 
2261 362 358 356 355 
2262 498 497 496 501 
2263 509 508 510 501 
2264 501 506 497 509 
2265 510 392 509 394 
2266 503 501 498 508 
2267 334 354 335 361 
2268 374 376 375 382 
2269 507 382 514 376 
2270 381 282 350 351 
2271 378 382 374 380 
2272 378 364 374 368 
2273 501 497 496 504 
2274 507 497 506 500 
2275 151 590 150 593 
2276 380 382 516 514 
2277 256 254 243 255 
2278 515 514 507 500 
2279 500 496 497 504 
2280 504 497 500 283 
2281 504 500 515 283 
2282 392 394 391 395 
2283 361 354 356 357 
2284 360 104 594 359 
2285 102 100 149 99 
2286 559 562 561 568 
2287 284 276 246 251 
2288 580 583 582 589 
2289 362 592 587 358 
2290 243 255 246 242 
2291 584 580 581 588 
2292 136 130 148 147 
2293 136 127 135 130 
2294 154 162 135 157 
2295 591 584 599 598 
2296 599 598 600 269 
2297 159 270 272 268 
2298 155 157 154 159 
2299 598 162 157 600 
2300 301 303 158 272 
2301 160 158 303 272 
2302 157 159 600 271 
2303 160 159 272 271 
2304 271 159 272 268 
2305 268 271 600 269 
2306 268 159 270 267 
2307 599 584 591 273 
2308 245 244 242 252 
2309 269 599 266 273 
2310 588 580 581 253 
2311 252 242 251 253 
2312 584 599 588 273 
2313 581 584 588 590 
2314 591 581 590 584 
2315 242 256 255 253 
2316 588 589 580 253 
2317 129 130 135 127 
2318 134 128 132 129 
2319 87 94 83 95 
2320 358 594 592 360 
2321 130 129 135 133 
2322 130 133 105 148 
2323 599 591 598 137 
2324 594 150 593 151 
2325 149 152 150 102 
2326 575 565 562 574 
2327 571 573 104 103 
2328 582 581 580 585 
2329 100 136 148 147 
2330 148 149 100 147 
2331 162 598 591 137 
2332 585 590 581 593 
2333 494 479 486 231 
2334 593 152 590 150 
2335 152 147 136 137 
2336 101 573 571 103 
2337 152 147 149 150 
2338 219 568 559 561 
2339 582 586 587 583 
2340 596 583 595 586 
2341 589 582 580 585 
2342 587 585 582 592 
2343 592 585 360 594 
2344 570 344 577 335 
2345 593 592 594 585 
2346 150 151 149 102 
2347 239 342 341 387 
2348 106 571 566 101 
2349 104 593 151 594 
2350 360 151 594 104 
2351 332 331 330 352 
2352 321 325 330 331 
2353 352 586 596 332 
2354 597 596 352 348 
2355 332 587 586 362 
2356 362 330 355 332 
2357 321 331 324 345 
2358 352 345 331 348 
2359 347 345 324 346 
2360 333 326 337 322 
2361 390 391 393 397 
2362 96 566 565 106 
2363 337 344 333 340 
2364 336 338 337 326 
2365 333 335 334 344 
2366 569 335 570 361 
2367 325 333 322 334 
2368 393 392 391 395 
2369 103 359 573 104 
2370 572 573 359 564 
2371 572 571 573 564 
2372 564 569 560 572 
2373 225 568 562 574 
2374 240 563 578 232 
2375 572 361 569 357 
2376 573 357 572 359 
2377 193 224 222 122 
2378 494 493 495 229 
2379 221 223 225 574 
2380 105 148 100 97 
2381 566 101 571 103 
2382 102 151 104 103 
2383 101 106 98 99 
2384 103 102 101 99 
2385 106 101 102 99 
2386 99 100 98 97 
2387 105 97 89 87 
2388 87 84 89 83 
2389 97 100 98 94 
2390 87 97 98 94 
2391 96 106 98 94 
2392 220 191 222 122 
2393 117 82 118 86 
2394 189 193 191 123 
2395 122 576 224 120 
2396 208 207 217 211 
2397 188 189 191 123 
2398 96 94 125 95 
2399 193 189 192 123 
2400 193 222 191 122 
2401 223 222 224 576 
2402 122 193 224 124 
2403 117 82 83 84 
2404 120 119 117 122 
2405 117 95 83 86 
2406 575 576 223 574 
2407 125 576 223 575 
2408 125 120 576 575 
2409 562 565 225 574 
2410 96 125 575 565 
2411 561 565 566 562 
2412 570 560 569 563 
2413 567 568 559 219 
2414 219 559 567 218 
2415 561 560 559 564 
2416 563 559 560 567 
2417 566 564 561 571 
2418 560 559 564 567 
2419 563 578 570 577 
2420 577 344 340 579 
2421 240 219 567 218 
2422 563 567 560 240 
2423 578 235 240 232 
2424 578 567 563 240 
2425 235 234 232 233 
2426 240 218 210 232 
2427 495 40 42 230 
2428 214 210 207 206 
2429 478 484 241 477 
2430 488 34 485 29 
2431 235 234 233 236 
2432 478 241 484 490 
2433 375 364 374 367 
2434 363 372 366 383 
2435 478 490 491 481 
2436 373 372 371 388 
2437 388 383 372 386 
2438 388 492 491 386 
2439 395 31 489 33 
2440 489 394 33 510 
2441 477 481 482 478 
2442 475 478 477 484 
2443 397 487 482 393 
2444 367 375 389 390 
2445 373 482 481 397 
2446 390 367 375 371 
2447 397 390 373 371 
2448 367 363 372 371 
2449 489 29 488 31 
2450 488 487 489 480 
2451 393 489 487 395 
2452 480 487 489 395 
2453 489 33 31 488 
2454 482 480 477 487 
2455 31 29 488 485 
2456 483 484 475 216 
2457 477 476 475 480 
2458 495 493 45 229 
2459 485 12 486 34 
2460 493 12 494 486 
2461 494 479 493 486 
2462 486 476 485 479 
2463 45 12 493 486 
2464 45 40 493 495 
2465 480 485 476 488 
2466 215 206 214 216 
2467 494 479 231 483 
2468 485 479 476 483 
2469 479 475 476 483 
2470 216 476 475 483 
2471 229 231 494 226 
2472 231 215 494 226 
2473 183 228 42 181 
2474 495 229 228 230 
2475 230 228 42 183 
2476 230 42 43 183 
2477 142 138 141 111 
2478 39 5 36 14 
2479 180 184 182 534 
2480 529 25 22 524 
2481 517 520 519 526 
2482 179 182 186 532 
2483 92 108 111 107 
2484 173 163 172 174 
2485 82 118 86 91 
2486 44 39 534 533 
2487 179 186 175 532 
2488 520 186 526 532 
2489 525 526 517 177 
2490 177 526 517 519 
2491 530 529 531 522 
2492 23 22 529 531 
2493 20 531 529 22 
2494 522 527 518 530 
2495 408 398 407 402 
2496 414 421 410 417 
2497 431 411 438 412 
2498 444 466 467 448 
2499 530 531 436 522 
2500 531 434 530 436 
2501 431 433 438 434 
2502 530 438 527 434 
2503 470 471 468 472 
2504 519 518 517 522 
2505 524 522 519 529 
2506 527 412 528 438 
2507 528 421 535 412 
2508 411 402 399 410 
2509 410 414 399 403 
2510 414 403 413 415 
2511 528 518 527 521 
2512 417 421 537 535 
2513 603 607 608 604 
2514 521 517 518 525 
2515 536 535 528 521 
2516 522 518 517 525 
2517 525 518 521 204 
2518 615 606 613 472 
2519 525 521 536 204 
2520 177 175 164 176 
2521 465 607 617 450 
2522 469 466 473 468 
2523 610 616 604 205 
2524 197 167 205 172 
2525 108 109 111 107 
2526 194 190 187 620 
2527 166 165 163 173 
2528 141 116 111 108 
2529 114 471 636 615 
2530 142 141 143 111 
2531 124 193 192 123 
2532 418 203 419 464 
2533 466 444 452 448 
2534 617 604 616 607 
2535 463 617 618 465 
2536 465 460 449 463 
2537 468 469 471 470 
2538 615 114 471 472 
2539 450 449 448 465 
2540 440 449 444 448 
2541 468 470 467 474 
2542 450 467 448 474 
2543 450 608 607 474 
2544 474 613 608 470 
2545 205 604 610 603 
2546 614 613 615 606 
2547 472 112 615 114 
2548 470 615 613 472 
2549 609 610 601 174 
2550 615 614 114 112 
2551 88 108 116 85 
2552 118 84 82 117 
2553 84 85 118 82 
2554 192 189 190 621 
2555 615 110 614 112 
2556 110 115 109 107 
2557 93 115 92 107 
2558 92 85 108 107 
2559 93 611 605 612 
2560 605 609 194 620 
2561 611 93 605 115 
2562 85 84 118 88 
2563 82 117 83 86 
2564 85 118 82 91 
2565 91 93 92 126 
2566 612 619 93 126 
2567 621 619 190 620 
2568 118 126 91 121 
2569 119 121 118 123 
2570 126 121 619 621 
2571 619 190 126 621 
2572 606 611 602 614 
2573 612 602 611 605 
2574 601 604 603 610 
2575 603 602 601 606 
2576 608 606 603 613 
2577 603 610 606 601 
2578 174 609 602 601 
2579 388 481 491 373 
2580 605 601 602 609 
2581 75 74 72 77 
2582 125 117 95 120 
2583 134 129 133 645 
2584 88 89 84 645 
2585 8 3 7 645 
2586 41 37 5 645 
2587 122 124 123 645 
2588 52 53 48 645 
2589 1 3 2 645 
2590 77 78 74 645 
2591 133 90 134 645 
2592 7 9 8 645 
2593 88 90 89 645 
2594 123 119 122 645 
2595 52 9 53 645 
2596 2 5 1 645 
2597 79 78 77 645 
2598 117 119 118 645 
2599 42 41 43 645 
2600 164 174 172 163 
2601 164 167 172 176 
2602 172 167 164 163 
2603 644 524 523 520 
2604 548 549 69 71 
2605 548 69 549 542 
2606 69 549 21 71 
2607 69 21 549 542 
2608 21 549 644 71 
2609 21 644 549 542 
2610 643 110 145 112 
2611 111 107 113 143 
2612 113 107 111 109 
2613 107 643 113 143 
2614 113 643 107 109 
2615 643 644 107 109 
2616 30 28 61 26 
2617 30 61 28 62 
2618 59 61 28 26 
2619 59 28 61 62 
2620 17 644 21 18 
2621 21 19 17 18 
2622 19 68 644 66 
2623 391 396 390 389 
2624 391 390 396 397 
2625 433 439 431 438 
2626 433 431 439 432 
2627 468 473 467 466 
2628 468 467 473 474 
2629 526 164 186 520 
2630 568 207 225 562 
2631 483 231 206 479 
2632 273 242 588 584 
2633 505 243 265 499 
2634 283 496 256 504 
2635 256 496 283 255 
2636 580 284 253 589 
2637 580 253 284 251 
2638 320 538 295 293 
2639 295 538 320 547 
2640 538 630 289 319 
2641 538 289 630 622 
2642 297 289 630 319 
2643 297 630 289 622 
2644 241 475 216 214 
2645 216 475 241 484 
2646 567 218 210 240 
2647 210 218 567 559 
2648 210 475 567 240 
2649 567 475 210 559 
2650 204 517 177 525 
2651 204 177 517 176 
2652 205 601 174 172 
2653 174 601 205 610 
2654 294 287 305 288 
2655 252 244 266 245 
2656 644 532 194 173 
2657 644 194 532 620 
2658 532 165 194 173 
2659 225 494 208 574 
2660 189 309 2 184 
2661 2 123 189 184 
2662 189 123 2 192 
2663 2 189 303 309 
2664 271 159 259 263 
2665 259 159 271 268 
2666 180 309 24 178 
2667 24 309 180 184 
2668 24 14 180 178 
2669 180 14 24 184 
2670 189 116 303 188 
2671 10 228 35 230 
2672 10 35 228 227 
2673 263 35 228 230 
2674 263 228 35 227 
2675 95 222 105 220 
2676 95 105 222 224 
2677 271 105 222 220 
2678 271 222 105 224 
2679 222 263 220 228 
2680 271 220 259 268 
2681 263 227 220 228 
2682 268 220 105 271 
2683 105 135 268 271 
2684 180 309 188 189 
2685 220 268 257 259 
2686 188 306 303 307 
2687 228 122 220 222 
2688 188 291 303 306 
2689 213 122 227 212 
2690 169 178 123 170 
2691 169 123 178 180 
2692 227 220 259 263 
2693 259 220 227 257 
2694 35 227 259 263 
2695 259 227 35 257 
2696 514 516 278 280 
2697 278 516 514 515 
2698 514 507 278 515 
2699 314 642 640 641 
2700 640 642 314 316 
2701 315 544 554 553 
2702 315 555 554 317 
2703 554 555 315 553 
2704 235 579 577 578 
2705 577 579 235 237 
2706 236 492 491 238 
2707 491 492 236 490 
2708 359 241 232 240 
2709 359 232 241 233 
2710 190 290 187 300 
2711 190 187 290 166 
2712 125 97 495 576 
2713 211 245 162 223 
2714 162 245 211 229 
2715 211 162 94 223 
2716 94 162 211 229 
2717 211 94 125 223 
2718 125 94 211 229 
2719 496 284 255 246 
2720 496 255 284 283 
2721 275 255 284 246 
2722 275 284 255 283 
2723 319 538 293 289 
2724 293 538 319 320 
2725 293 312 319 289 
2726 319 312 293 320 
2727 517 205 176 167 
2728 517 176 205 204 
2729 196 176 205 167 
2730 196 205 176 204 
2731 165 305 166 179 
2732 208 244 245 266 
2733 554 544 316 432 
2734 603 472 312 311 
2735 463 465 402 444 
2736 388 325 340 367 
2737 65 231 273 225 
2738 65 273 231 265 
2739 215 273 231 225 
2740 348 352 380 325 
2741 244 245 226 208 
2742 244 30 226 258 
2743 226 229 245 247 
2744 621 16 6 534 
2745 211 245 208 226 
2746 179 166 182 305 
2747 247 226 244 245 
2748 244 226 247 258 
2749 226 229 211 245 
2750 516 597 514 492 
2751 516 514 597 280 
2752 642 640 537 316 
2753 187 644 287 165 
2754 208 493 598 575 
2755 208 493 244 598 
2756 555 642 554 317 
2757 316 554 642 317 
2758 266 598 208 244 
2759 575 221 598 208 
2760 266 598 221 208 
2761 226 493 244 208 
2762 226 244 493 30 
2763 577 238 579 237 
2764 199 528 537 201 
2765 14 91 178 24 
2766 174 624 295 539 
2767 293 624 295 298 
2768 293 295 624 539 
2769 234 235 490 236 
2770 234 490 235 482 
2771 491 570 361 390 
2772 389 492 491 390 
2773 491 492 389 514 
2774 504 496 284 283 
2775 284 496 504 589 
2776 547 320 205 319 
2777 465 421 417 402 
2778 256 64 588 505 
2779 588 64 256 253 
2780 588 242 256 505 
2781 256 242 588 253 
2782 216 207 568 483 
2783 284 394 504 283 
2784 244 30 26 493 
2785 26 598 244 493 
2786 25 644 17 18 
2787 107 115 644 93 
2788 107 644 115 109 
2789 146 142 644 140 
2790 431 432 316 640 
2791 123 180 188 189 
2792 123 188 180 169 
2793 268 159 257 259 
2794 268 257 159 249 
2795 278 514 277 507 
2796 278 277 514 280 
2797 100 575 147 98 
2798 100 147 575 598 
2799 598 61 244 512 
2800 598 244 61 26 
2801 30 244 61 512 
2802 30 61 244 26 
2803 16 621 44 534 
2804 281 355 238 577 
2805 279 587 586 595 
2806 586 587 279 277 
2807 456 457 428 458 
2808 451 428 457 458 
2809 428 408 425 427 
2810 425 408 428 422 
2811 425 424 428 427 
2812 428 424 425 422 
2813 331 351 348 345 
2814 347 348 351 345 
2815 347 351 348 350 
2816 351 374 380 378 
2817 380 379 351 378 
2818 351 379 380 381 
2819 462 418 463 464 
2820 462 463 418 460 
2821 449 463 418 464 
2822 449 418 463 460 
2823 418 410 417 414 
2824 417 410 418 419 
2825 417 415 418 414 
2826 418 415 417 419 
2827 333 341 340 342 
2828 338 340 341 342 
2829 26 598 59 61 
2830 149 511 96 599 
2831 96 511 149 99 
2832 59 62 494 28 
2833 621 108 44 126 
2834 303 128 2 309 
2835 340 388 344 325 
2836 309 303 153 158 
2837 309 153 303 128 
2838 645 46 153 158 
2839 645 153 46 128 
2840 46 309 153 158 
2841 46 153 309 128 
2842 269 100 94 223 
2843 94 100 269 136 
2844 94 162 269 223 
2845 269 162 94 136 
2846 389 362 514 586 
2847 513 27 51 60 
2848 513 51 27 4 
2849 35 51 27 60 
2850 35 27 51 4 
2851 97 600 130 148 
2852 130 105 97 148 
2853 97 105 130 87 
2854 200 618 607 202 
2855 31 253 151 103 
2856 132 558 141 639 
2857 19 308 13 55 
2858 19 13 308 182 
2859 355 577 335 354 
2860 409 431 555 537 
2861 600 249 75 157 
2862 75 249 600 513 
2863 120 495 87 576 
2864 161 138 290 308 
2865 161 290 138 302 
2866 492 281 491 238 
2867 575 223 598 221 
2868 575 598 223 100 
2869 266 598 223 221 
2870 269 598 223 266 
2871 223 598 269 100 
2872 116 139 91 85 
2873 118 116 91 85 
2874 118 91 116 192 
2875 88 116 118 85 
2876 88 118 116 192 
2877 252 206 243 242 
2878 243 244 252 242 
2879 243 206 499 242 
2880 359 233 560 232 
2881 560 233 359 360 
2882 486 494 62 28 
2883 486 62 494 99 
2884 152 273 502 591 
2885 367 342 380 340 
2886 388 342 367 340 
2887 318 458 429 457 
2888 458 402 429 457 
2889 207 499 479 206 
2890 242 207 499 102 
2891 242 499 207 206 
2892 492 514 376 389 
2893 492 376 514 516 
2894 511 96 137 59 
2895 137 96 511 599 
2896 137 598 511 59 
2897 511 598 137 599 
2898 207 568 214 216 
2899 214 568 476 216 
2900 561 581 256 253 
2901 255 256 581 253 
2902 495 40 213 120 
2903 277 506 569 587 
2904 277 569 506 234 
2905 635 312 540 623 
2906 635 540 312 603 
2907 311 312 635 623 
2908 311 635 312 603 
2909 495 45 97 125 
2910 633 474 632 473 
2911 590 151 568 588 
2912 31 151 568 103 
2913 31 568 151 588 
2914 301 292 156 299 
2915 268 157 248 267 
2916 139 306 156 291 
2917 312 472 320 319 
2918 205 320 472 319 
2919 504 589 394 284 
2920 607 198 616 200 
2921 149 502 152 565 
2922 149 152 502 591 
2923 469 632 470 468 
2924 545 435 434 433 
2925 565 149 106 152 
2926 565 106 149 99 
2927 102 106 149 152 
2928 102 149 106 99 
2929 486 62 34 28 
2930 486 34 62 65 
2931 32 34 62 28 
2932 32 62 34 65 
2933 116 132 108 141 
2934 108 132 116 85 
2935 558 67 108 141 
2936 108 67 558 85 
2937 132 558 108 141 
2938 108 558 132 85 
2939 60 11 513 27 
2940 100 97 136 94 
2941 100 136 97 148 
2942 162 136 97 94 
2943 162 97 136 148 
2944 644 620 187 619 
2945 123 192 645 2 
2946 123 645 192 118 
2947 88 645 192 2 
2948 88 192 645 118 
2949 150 102 499 101 
2950 499 102 150 584 
2951 230 122 37 42 
2952 230 37 122 1 
2953 645 37 122 42 
2954 645 122 37 1 
2955 485 483 590 566 
2956 485 590 483 505 
2957 568 590 483 566 
2958 588 31 483 505 
2959 483 31 588 568 
2960 483 590 588 505 
2961 588 590 483 568 
2962 608 632 607 474 
2963 11 229 245 162 
2964 101 479 102 499 
2965 101 102 479 562 
2966 207 102 479 499 
2967 207 479 102 562 
2968 434 527 545 433 
2969 434 545 527 536 
2970 608 470 632 468 
2971 608 632 470 616 
2972 358 357 587 356 
2973 8 645 128 2 
2974 128 309 8 2 
2975 85 156 558 132 
2976 4 130 495 600 
2977 600 157 4 130 
2978 83 122 95 117 
2979 83 95 122 224 
2980 120 95 122 117 
2981 120 122 95 224 
2982 75 58 77 72 
2983 75 77 58 263 
2984 464 618 465 463 
2985 350 597 352 348 
2986 352 380 350 348 
2987 92 182 44 126 
2988 229 45 162 11 
2989 308 161 13 55 
2990 289 172 293 297 
2991 161 308 558 81 
2992 182 126 621 44 
2993 621 534 182 44 
2994 229 495 125 45 
2995 485 479 503 29 
2996 411 465 402 421 
2997 586 277 514 507 
2998 421 537 419 417 
2999 427 458 429 318 
3000 427 555 429 425 
3001 387 342 388 239 
3002 387 492 388 386 
3003 381 382 516 380 
3004 434 521 616 200 
3005 67 161 13 44 
3006 132 134 139 128 
3007 139 134 303 128 
3008 303 134 2 128 
3009 2 134 645 128 
3010 52 49 54 46 
3011 52 54 309 46 
3012 52 309 128 46 
3013 128 309 52 8 
3014 52 128 645 46 
3015 645 128 52 8 
3016 29 64 485 31 
3017 29 485 64 503 
3018 505 485 64 31 
3019 505 64 485 503 
3020 265 206 499 243 
3021 271 105 133 89 
3022 94 229 45 162 
3023 45 229 94 125 
3024 45 97 94 162 
3025 94 97 45 125 
3026 190 621 182 126 
3027 55 67 161 13 
3028 55 161 67 81 
3029 334 373 344 335 
3030 101 590 499 150 
3031 444 402 407 465 
3032 407 465 450 448 
3033 458 419 417 464 
3034 240 589 359 241 
3035 240 359 589 567 
3036 475 484 240 241 
3037 484 589 240 241 
3038 610 522 547 630 
3039 477 560 395 233 
3040 589 395 504 394 
3041 388 387 367 342 
3042 388 367 387 386 
3043 380 367 387 342 
3044 610 472 319 205 
3045 319 472 610 630 
3046 319 547 610 205 
3047 610 547 319 630 
3048 207 483 562 568 
3049 207 562 483 479 
3050 566 562 483 568 
3051 566 483 562 479 
3052 234 506 578 569 
3053 566 568 151 103 
3054 151 568 566 590 
3055 151 101 566 103 
3056 566 101 151 590 
3057 380 374 342 387 
3058 488 593 218 255 
3059 246 218 593 255 
3060 246 581 255 593 
3061 643 634 114 145 
3062 114 634 643 614 
3063 114 112 643 145 
3064 643 112 114 614 
3065 122 645 185 171 
3066 185 212 122 171 
3067 185 645 123 171 
3068 123 170 185 171 
3069 352 330 376 382 
3070 376 330 352 332 
3071 409 459 452 453 
3072 409 452 459 407 
3073 448 409 452 453 
3074 448 452 409 407 
3075 450 409 448 453 
3076 450 448 409 407 
3077 593 103 561 571 
3078 561 103 593 581 
3079 22 551 177 539 
3080 22 177 551 529 
3081 177 551 174 539 
3082 177 174 551 529 
3083 174 551 624 539 
3084 174 624 551 529 
3085 529 293 624 551 
3086 581 488 255 593 
3087 507 389 390 396 
3088 528 431 439 438 
3089 390 397 570 361 
3090 618 474 202 467 
3091 618 202 474 607 
3092 617 618 474 607 
3093 91 14 6 156 
3094 385 379 337 338 
3095 337 379 385 383 
3096 600 75 4 157 
3097 459 409 642 453 
3098 376 335 597 579 
3099 376 597 335 332 
3100 355 335 597 332 
3101 409 618 407 412 
3102 409 407 618 450 
3103 465 407 618 412 
3104 465 618 407 450 
3105 467 450 642 618 
3106 467 642 450 453 
3107 409 642 450 618 
3108 409 450 642 453 
3109 640 453 467 466 
3110 640 467 453 642 
3111 450 618 474 617 
3112 474 618 450 467 
3113 480 594 564 585 
3114 359 594 564 573 
3115 359 564 594 585 
3116 522 615 627 606 
3117 522 630 627 543 
3118 419 418 449 410 
3119 449 418 419 464 
3120 449 458 419 410 
3121 419 458 449 464 
3122 609 614 174 602 
3123 256 476 581 561 
3124 589 504 480 501 
3125 589 480 504 484 
3126 395 504 480 484 
3127 475 480 240 484 
3128 475 240 480 567 
3129 589 240 480 484 
3130 589 480 240 567 
3131 522 610 627 630 
3132 522 627 610 606 
3133 472 627 610 630 
3134 472 610 627 606 
3135 433 439 527 545 
3136 433 527 439 438 
3137 528 439 527 438 
3138 531 543 538 552 
3139 489 496 501 510 
3140 489 480 585 594 
3141 585 496 489 594 
3142 630 627 538 622 
3143 630 538 627 543 
3144 636 538 627 622 
3145 500 582 592 583 
3146 500 478 592 509 
3147 394 489 480 501 
3148 480 489 394 395 
3149 480 504 394 501 
3150 394 504 480 395 
3151 167 601 538 517 
3152 615 538 601 517 
3153 197 530 196 518 
3154 603 197 530 550 
3155 613 471 470 472 
3156 470 471 613 635 
3157 331 321 372 374 
3158 392 395 487 509 
3159 487 395 392 393 
3160 487 478 392 509 
3161 392 478 487 393 
3162 168 165 169 166 
3163 169 165 168 170 
3164 213 208 209 211 
3165 209 208 213 212 
3166 292 287 288 290 
3167 288 287 292 291 
3168 149 96 147 137 
3169 550 603 604 530 
3170 538 293 551 539 
3171 529 176 517 519 
3172 601 172 614 602 
3173 500 592 497 509 
3174 474 544 313 607 
3175 474 313 544 633 
3176 470 541 550 604 
3177 563 592 500 478 
3178 547 205 522 610 
3179 517 205 522 525 
3180 517 522 205 610 
3181 196 530 204 518 
3182 522 530 525 436 
3183 522 525 530 518 
3184 530 525 204 518 
3185 311 319 635 471 
3186 311 635 319 623 
3187 627 635 630 471 
3188 627 630 635 623 
3189 635 319 630 471 
3190 635 630 319 623 
3191 451 455 408 441 
3192 422 408 399 398 
3193 304 644 557 637 
3194 557 644 304 296 
3195 294 644 286 643 
3196 294 286 644 296 
3197 644 532 179 165 
3198 470 604 635 613 
3199 603 635 604 613 
3200 478 560 592 509 
3201 603 540 604 635 
3202 603 604 540 550 
3203 604 540 470 635 
3204 604 470 540 550 
3205 470 540 626 635 
3206 579 344 373 335 
3207 597 376 352 332 
3208 421 465 618 412 
3209 643 634 629 624 
3210 146 643 107 143 
3211 107 643 146 644 
3212 107 111 142 143 
3213 142 111 107 644 
3214 146 107 142 143 
3215 142 107 146 644 
3216 644 163 520 164 
3217 70 643 69 548 
3218 238 234 577 570 
3219 238 577 234 237 
3220 235 234 577 237 
3221 316 313 554 317 
3222 316 554 313 544 
3223 315 554 313 317 
3224 315 313 554 544 
3225 383 379 366 363 
3226 383 366 379 385 
3227 337 347 326 338 
3228 442 445 400 426 
3229 401 445 400 416 
3230 401 400 445 426 
3231 89 87 95 105 
3232 89 95 87 83 
3233 224 89 95 105 
3234 224 95 89 83 
3235 271 89 224 105 
3236 6 8 14 2 
3237 6 14 8 24 
3238 14 8 184 2 
3239 14 184 8 24 
3240 184 8 309 2 
3241 184 309 8 24 
3242 7 4 10 1 
3243 7 10 4 35 
3244 230 7 10 1 
3245 230 10 7 35 
3246 263 7 230 1 
3247 263 230 7 35 
3248 443 442 441 445 
3249 441 442 443 440 
3250 323 326 321 324 
3251 323 321 326 322 
3252 400 398 403 399 
3253 400 403 398 401 
3254 366 365 364 368 
3255 364 365 366 363 
3256 310 644 296 294 
3257 296 644 310 557 
3258 310 287 305 294 
3259 305 287 310 557 
3260 277 278 276 275 
3261 277 276 278 279 
3262 526 524 529 22 
3263 529 524 526 519 
3264 529 177 526 22 
3265 526 177 529 519 
3266 476 483 568 31 
3267 568 483 476 216 
3268 443 461 445 416 
3269 443 445 461 442 
3270 400 445 461 416 
3271 400 461 445 442 
3272 326 368 336 339 
3273 326 336 368 323 
3274 434 433 437 436 
3275 437 433 434 435 
3276 434 550 437 435 
3277 357 356 360 359 
3278 360 356 357 358 
3279 357 592 360 358 
3280 378 363 366 379 
3281 366 363 378 364 
3282 366 368 378 379 
3283 378 368 366 364 
3284 326 324 345 321 
3285 345 324 326 347 
3286 399 403 422 398 
3287 401 403 422 424 
3288 401 422 403 398 
3289 440 455 443 441 
3290 440 443 455 456 
3291 445 443 455 441 
3292 445 455 443 456 
3293 545 544 315 553 
3294 577 361 238 570 
3295 491 238 361 570 
3296 431 528 412 438 
3297 412 528 431 535 
3298 389 507 376 396 
3299 389 376 507 514 
3300 432 544 409 554 
3301 409 544 432 439 
3302 478 233 578 563 
3303 478 578 233 235 
3304 232 578 233 563 
3305 232 233 578 235 
3306 645 159 264 250 
3307 249 264 159 250 
3308 158 645 264 250 
3309 264 291 158 250 
3310 434 437 530 436 
3311 434 530 437 550 
3312 357 572 360 592 
3313 357 360 572 359 
3314 560 360 572 592 
3315 560 572 360 359 
3316 400 461 405 413 
3317 447 442 423 454 
3318 227 122 185 212 
3319 264 159 257 249 
3320 185 123 178 170 
3321 158 264 306 291 
3322 461 404 400 405 
3323 327 369 323 346 
3324 609 174 164 163 
3325 164 174 609 526 
3326 164 520 609 163 
3327 609 520 164 526 
3328 442 447 404 461 
3329 404 447 442 423 
3330 404 400 442 461 
3331 442 400 404 423 
3332 384 366 368 365 
3333 368 366 384 339 
3334 384 336 368 339 
3335 238 234 491 236 
3336 490 491 234 236 
3337 490 234 491 481 
3338 316 640 313 314 
3339 351 350 380 374 
3340 351 380 350 381 
3341 644 163 532 173 
3342 165 532 163 173 
3343 644 164 532 163 
3344 644 532 164 175 
3345 165 532 164 163 
3346 278 276 583 279 
3347 377 353 327 370 
3348 327 353 377 346 
3349 327 369 377 370 
3350 377 369 327 346 
3351 406 430 405 404 
3352 447 405 430 404 
3353 370 327 329 353 
3354 643 143 144 113 
3355 643 144 143 146 
3356 645 159 260 264 
3357 257 260 159 264 
3358 158 645 260 264 
3359 260 306 158 264 
3360 495 227 213 40 
3361 495 213 227 212 
3362 534 121 178 39 
3363 558 306 156 76 
3364 558 156 306 291 
3365 23 437 531 552 
3366 23 531 437 436 
3367 543 531 437 552 
3368 547 522 437 543 
3369 531 437 522 543 
3370 531 522 437 436 
3371 556 644 549 56 
3372 424 403 414 415 
3373 460 416 461 443 
3374 461 416 460 462 
3375 440 456 403 443 
3376 440 403 416 443 
3377 460 440 416 443 
3378 325 321 333 331 
3379 325 333 321 322 
3380 372 333 321 331 
3381 367 364 372 363 
3382 367 372 364 374 
3383 372 364 378 363 
3384 372 378 364 374 
3385 351 372 378 363 
3386 351 378 372 374 
3387 420 447 461 405 
3388 420 461 447 446 
3389 343 327 336 328 
3390 343 336 327 369 
3391 323 336 327 328 
3392 323 327 336 369 
3393 327 369 329 343 
3394 329 369 327 370 
3395 475 240 214 241 
3396 475 214 240 210 
3397 233 214 232 241 
3398 233 232 214 210 
3399 214 240 232 241 
3400 214 232 240 210 
3401 578 234 577 235 
3402 577 234 578 570 
3403 495 120 10 40 
3404 376 352 516 597 
3405 280 281 350 282 
3406 280 350 281 597 
3407 352 350 280 597 
3408 516 352 280 597 
3409 202 201 419 537 
3410 419 201 202 203 
3411 202 419 421 537 
3412 421 419 202 203 
3413 644 165 305 287 
3414 644 557 305 556 
3415 305 557 644 287 
3416 300 637 644 638 
3417 221 225 208 574 
3418 643 614 110 112 
3419 71 644 56 549 
3420 335 325 354 334 
3421 373 335 325 330 
3422 373 325 335 334 
3423 465 412 402 407 
3424 465 402 412 411 
3425 431 402 412 407 
3426 431 412 402 411 
3427 355 335 325 354 
3428 355 325 335 330 
3429 564 573 561 571 
3430 561 573 564 559 
3431 561 218 573 559 
3432 184 39 2 41 
3433 184 2 39 14 
3434 5 2 39 41 
3435 5 39 2 14 
3436 108 91 67 85 
3437 108 126 121 91 
3438 121 126 108 621 
3439 121 6 67 91 
3440 108 121 67 91 
3441 290 302 299 300 
3442 290 299 302 639 
3443 301 299 302 300 
3444 301 302 299 639 
3445 288 306 308 305 
3446 307 306 308 558 
3447 307 308 306 305 
3448 247 261 257 258 
3449 247 257 261 513 
3450 259 257 261 258 
3451 259 261 257 513 
3452 189 190 188 187 
3453 189 188 190 621 
3454 166 188 190 187 
3455 223 222 220 221 
3456 220 222 223 576 
3457 220 211 223 221 
3458 223 211 220 576 
3459 373 390 481 491 
3460 373 481 390 397 
3461 570 481 390 491 
3462 570 390 481 397 
3463 466 467 633 473 
3464 633 467 466 640 
3465 633 453 466 473 
3466 466 453 633 640 
3467 58 47 48 50 
3468 48 47 58 51 
3469 48 72 58 50 
3470 18 25 22 20 
3471 524 15 644 523 
3472 524 644 15 25 
3473 74 46 73 72 
3474 50 46 73 54 
3475 50 73 46 72 
3476 48 53 58 72 
3477 48 58 53 51 
3478 77 58 53 72 
3479 46 72 645 48 
3480 46 645 72 74 
3481 182 168 166 179 
3482 180 178 182 179 
3483 180 182 178 534 
3484 178 168 182 179 
3485 625 643 624 631 
3486 625 140 638 628 
3487 247 243 252 254 
3488 247 252 243 244 
3489 511 252 247 244 
3490 258 511 247 244 
3491 139 116 134 132 
3492 634 643 144 145 
3493 315 320 541 553 
3494 198 199 197 196 
3495 198 197 199 200 
3496 197 199 518 196 
3497 197 518 199 200 
3498 518 521 199 200 
3499 427 317 429 555 
3500 427 429 317 318 
3501 458 457 316 642 
3502 458 316 457 318 
3503 316 457 317 642 
3504 316 317 457 318 
3505 317 457 459 642 
3506 310 295 285 294 
3507 310 285 295 546 
3508 314 626 319 641 
3509 319 626 314 311 
3510 542 644 557 310 
3511 76 73 46 54 
3512 76 46 73 74 
3513 307 158 260 306 
3514 127 131 129 128 
3515 127 129 131 135 
3516 159 259 260 257 
3517 256 243 265 505 
3518 265 243 256 254 
3519 500 283 278 515 
3520 583 589 276 582 
3521 246 242 253 251 
3522 253 242 246 255 
3523 253 581 246 251 
3524 246 581 253 255 
3525 153 131 645 154 
3526 153 645 131 128 
3527 129 131 645 128 
3528 268 267 269 600 
3529 268 269 267 266 
3530 162 269 245 600 
3531 269 267 245 600 
3532 269 245 267 266 
3533 253 273 242 588 
3534 253 242 273 252 
3535 511 273 244 599 
3536 511 244 273 252 
3537 266 244 273 599 
3538 266 273 244 252 
3539 645 133 131 129 
3540 645 131 133 154 
3541 135 131 133 129 
3542 135 133 131 154 
3543 494 217 225 208 
3544 494 225 217 215 
3545 226 209 494 208 
3546 226 494 209 215 
3547 209 217 494 208 
3548 209 494 217 215 
3549 207 217 209 208 
3550 207 209 217 215 
3551 206 207 209 208 
3552 206 209 207 215 
3553 158 159 645 160 
3554 228 229 227 226 
3555 228 227 229 495 
3556 227 229 209 226 
3557 209 229 211 226 
3558 186 177 164 526 
3559 186 164 177 175 
3560 237 342 238 579 
3561 237 238 342 239 
3562 373 492 344 579 
3563 492 238 344 579 
3564 231 216 206 215 
3565 231 206 216 483 
3566 478 241 236 233 
3567 236 241 478 490 
3568 236 235 478 233 
3569 478 235 236 490 
3570 174 163 194 173 
3571 174 194 163 609 
3572 532 644 520 186 
3573 200 205 604 616 
3574 204 199 521 536 
3575 179 168 532 175 
3576 179 532 168 165 
3577 164 532 168 175 
3578 164 168 532 165 
3579 115 643 614 110 
3580 602 611 609 614 
3581 602 609 611 605 
3582 609 611 643 614 
3583 609 643 611 605 
3584 643 611 115 614 
3585 643 115 611 605 
3586 629 643 140 146 
3587 109 110 643 115 
3588 619 93 605 612 
3589 532 182 644 179 
3590 19 644 182 179 
3591 70 21 643 22 
3592 70 643 21 69 
3593 96 99 147 98 
3594 96 147 99 149 
3595 100 147 99 98 
3596 100 99 147 149 
3597 356 354 362 355 
3598 356 362 354 361 
3599 390 491 362 361 
3600 644 22 18 25 
3601 644 18 22 21 
3602 303 309 188 307 
3603 188 309 303 189 
3604 306 169 307 188 
3605 180 169 309 178 
3606 180 309 169 188 
3607 169 309 307 188 
3608 227 220 122 213 
3609 227 122 220 228 
3610 308 305 290 288 
3611 181 227 122 185 
3612 122 645 181 185 
3613 181 645 122 42 
3614 123 178 181 185 
3615 181 645 123 185 
3616 223 266 211 245 
3617 223 211 266 221 
3618 208 211 266 245 
3619 208 266 211 221 
3620 476 31 561 256 
3621 253 561 31 256 
3622 247 57 80 261 
3623 80 57 247 245 
3624 247 80 513 261 
3625 513 80 247 245 
3626 305 179 556 19 
3627 644 556 179 19 
3628 303 306 158 307 
3629 319 311 472 471 
3630 319 472 311 312 
3631 178 170 182 168 
3632 178 182 170 534 
3633 166 182 169 168 
3634 182 170 169 168 
3635 182 169 170 534 
3636 291 306 308 288 
3637 291 308 306 558 
3638 290 292 308 288 
3639 292 291 308 288 
3640 292 308 291 558 
3641 212 227 229 209 
3642 212 229 227 495 
3643 211 213 229 209 
3644 213 212 229 209 
3645 213 229 212 495 
3646 31 103 561 253 
3647 234 507 506 277 
3648 65 231 486 34 
3649 65 486 231 225 
3650 66 71 644 56 
3651 644 71 66 68 
3652 600 97 162 148 
3653 260 159 263 259 
3654 263 262 260 259 
3655 262 309 260 307 
3656 158 260 309 307 
3657 513 4 75 51 
3658 513 75 4 600 
3659 565 494 96 99 
3660 249 10 135 105 
3661 147 575 96 98 
3662 177 176 529 519 
3663 607 544 545 198 
3664 545 632 607 198 
3665 511 265 252 273 
3666 234 397 570 481 
3667 30 11 261 57 
3668 261 11 30 229 
3669 11 247 261 57 
3670 261 247 11 229 
3671 11 245 247 57 
3672 247 245 11 229 
3673 575 494 565 574 
3674 565 494 575 96 
3675 307 76 49 306 
3676 309 76 49 307 
3677 309 49 76 54 
3678 431 535 474 467 
3679 125 576 229 211 
3680 125 229 576 495 
3681 213 229 576 211 
3682 213 576 229 495 
3683 161 639 308 290 
3684 161 308 639 558 
3685 292 308 639 290 
3686 292 639 308 558 
3687 515 500 357 278 
3688 553 434 541 315 
3689 470 641 626 314 
3690 157 249 10 135 
3691 499 265 231 206 
3692 499 479 231 32 
3693 231 479 499 206 
3694 644 520 605 643 
3695 257 4 249 10 
3696 198 616 545 632 
3697 263 51 259 4 
3698 263 259 51 58 
3699 259 51 257 4 
3700 259 257 51 58 
3701 257 51 249 4 
3702 257 249 51 58 
3703 249 51 75 4 
3704 249 75 51 58 
3705 475 476 210 488 
3706 475 210 476 214 
3707 218 210 476 488 
3708 95 120 130 87 
3709 130 120 95 135 
3710 130 105 95 87 
3711 95 105 130 135 
3712 496 246 594 580 
3713 581 476 593 561 
3714 581 593 476 488 
3715 218 593 476 561 
3716 218 476 593 488 
3717 414 456 424 415 
3718 414 418 456 415 
3719 601 114 172 167 
3720 601 172 114 614 
3721 289 172 114 167 
3722 517 23 176 529 
3723 517 176 23 167 
3724 289 23 176 167 
3725 246 594 593 104 
3726 496 255 33 246 
3727 622 297 114 289 
3728 23 538 293 551 
3729 293 538 23 289 
3730 293 529 23 551 
3731 589 480 489 501 
3732 489 480 589 585 
3733 489 496 589 501 
3734 589 496 489 585 
3735 603 205 200 197 
3736 603 200 205 604 
3737 518 603 200 197 
3738 518 200 603 604 
3739 530 603 518 197 
3740 530 518 603 604 
3741 320 540 315 541 
3742 315 540 320 312 
3743 540 314 315 541 
3744 315 314 540 312 
3745 314 626 540 312 
3746 518 204 199 521 
3747 518 199 204 196 
3748 396 391 482 506 
3749 396 482 391 397 
3750 234 507 482 506 
3751 507 396 482 506 
3752 428 422 456 424 
3753 489 475 594 496 
3754 475 594 559 573 
3755 475 559 594 496 
3756 559 246 594 496 
3757 560 563 592 572 
3758 560 592 563 478 
3759 480 475 594 489 
3760 478 487 560 509 
3761 478 560 487 477 
3762 395 560 487 509 
3763 395 487 560 477 
3764 65 499 231 32 
3765 65 231 499 265 
3766 276 592 275 582 
3767 276 275 592 560 
3768 589 276 360 560 
3769 360 276 592 560 
3770 278 357 583 500 
3771 578 563 392 478 
3772 500 563 392 357 
3773 500 392 563 478 
3774 544 607 439 528 
3775 607 431 439 528 
3776 607 535 431 528 
3777 431 535 607 474 
3778 345 331 374 321 
3779 345 374 331 351 
3780 372 345 374 321 
3781 372 374 345 351 
3782 363 372 345 351 
3783 337 383 372 363 
3784 351 379 363 378 
3785 351 363 379 345 
3786 456 440 418 455 
3787 541 545 434 553 
3788 434 545 541 435 
3789 506 500 357 515 
3790 357 500 506 392 
3791 626 632 470 469 
3792 626 470 632 641 
3793 492 344 388 373 
3794 516 382 352 376 
3795 246 581 594 580 
3796 246 594 581 593 
3797 585 594 581 580 
3798 585 581 594 593 
3799 568 561 31 103 
3800 337 345 326 347 
3801 641 633 474 632 
3802 607 641 474 632 
3803 19 644 13 182 
3804 644 13 44 533 
3805 644 44 13 182 
3806 534 532 44 533 
3807 534 44 532 182 
3808 532 644 44 533 
3809 532 44 644 182 
3810 275 582 278 276 
3811 583 278 582 276 
3812 583 582 278 500 
3813 262 645 159 260 
3814 159 263 262 260 
3815 158 645 262 260 
3816 262 309 158 260 
3817 17 644 13 19 
3818 303 116 134 139 
3819 79 645 159 262 
3820 159 645 79 77 
3821 159 263 79 262 
3822 79 263 159 77 
3823 645 79 158 262 
3824 645 158 79 78 
3825 309 158 79 262 
3826 309 79 158 78 
3827 589 585 592 582 
3828 592 585 589 360 
3829 592 276 589 582 
3830 589 276 592 360 
3831 53 263 58 77 
3832 53 58 263 51 
3833 644 13 523 15 
3834 644 523 13 533 
3835 44 523 13 15 
3836 44 13 523 533 
3837 13 25 644 17 
3838 13 644 25 15 
3839 180 181 123 178 
3840 123 180 183 181 
3841 183 645 123 181 
3842 634 146 643 629 
3843 634 643 146 144 
3844 140 628 643 629 
3845 140 643 628 625 
3846 624 643 628 629 
3847 624 628 643 625 
3848 556 542 644 557 
3849 556 644 542 549 
3850 252 265 247 254 
3851 252 247 265 511 
3852 258 247 265 254 
3853 258 265 247 511 
3854 280 381 382 516 
3855 382 381 280 282 
3856 382 352 280 516 
3857 279 595 276 583 
3858 279 276 595 284 
3859 589 276 595 583 
3860 589 595 276 284 
3861 159 155 645 154 
3862 159 645 155 158 
3863 153 645 155 154 
3864 153 155 645 158 
3865 210 476 219 218 
3866 387 238 388 492 
3867 387 388 238 239 
3868 344 388 238 492 
3869 228 181 122 42 
3870 228 122 181 227 
3871 184 43 180 183 
3872 184 180 43 41 
3873 180 43 123 183 
3874 180 123 43 41 
3875 123 43 645 183 
3876 123 645 43 41 
3877 533 520 644 523 
3878 533 644 520 532 
3879 529 177 172 176 
3880 529 172 177 174 
3881 164 172 177 176 
3882 164 177 172 174 
3883 643 145 113 144 
3884 145 112 109 113 
3885 109 112 145 110 
3886 109 643 145 113 
3887 145 643 109 110 
3888 21 19 644 17 
3889 21 644 19 68 
3890 431 432 544 439 
3891 544 432 431 474 
3892 544 607 431 439 
3893 431 607 544 474 
3894 194 609 520 163 
3895 520 609 194 605 
3896 520 644 194 163 
3897 194 644 520 605 
3898 643 304 631 625 
3899 310 546 643 285 
3900 643 546 310 542 
3901 187 173 165 166 
3902 165 173 187 194 
3903 532 644 187 165 
3904 187 644 532 620 
3905 187 194 532 165 
3906 532 194 187 620 
3907 217 221 208 211 
3908 217 208 221 225 
3909 88 116 2 192 
3910 189 116 2 303 
3911 189 2 116 192 
3912 122 83 263 1 
3913 263 83 122 224 
3914 122 222 263 224 
3915 230 122 263 1 
3916 230 263 122 222 
3917 263 271 220 259 
3918 263 220 271 222 
3919 116 91 189 192 
3920 116 188 91 139 
3921 91 188 116 189 
3922 139 169 24 306 
3923 307 24 169 306 
3924 24 309 169 178 
3925 169 309 24 307 
3926 291 158 303 306 
3927 139 291 116 188 
3928 303 116 291 188 
3929 358 279 587 357 
3930 587 279 358 595 
3931 200 434 545 553 
3932 259 4 35 263 
3933 257 35 4 10 
3934 257 4 35 259 
3935 190 138 290 302 
3936 279 597 586 281 
3937 355 597 362 596 
3938 355 362 597 281 
3939 597 586 362 596 
3940 597 362 586 281 
3941 586 595 597 279 
3942 597 595 586 596 
3943 607 616 618 200 
3944 618 616 607 617 
3945 537 536 528 199 
3946 528 536 537 535 
3947 306 188 139 169 
3948 139 188 306 291 
3949 10 227 257 35 
3950 227 220 10 257 
3951 223 245 269 266 
3952 269 245 223 162 
3953 166 165 287 305 
3954 287 165 166 187 
3955 287 290 166 305 
3956 166 290 287 187 
3957 97 495 130 600 
3958 600 162 27 513 
3959 27 495 600 513 
3960 314 616 541 470 
3961 604 541 616 470 
3962 545 200 315 616 
3963 545 315 200 553 
3964 434 315 200 616 
3965 434 200 315 553 
3966 402 407 459 444 
3967 459 407 402 429 
3968 459 457 402 444 
3969 402 457 459 429 
3970 325 330 382 367 
3971 382 330 325 352 
3972 382 380 325 367 
3973 325 380 382 352 
3974 6 121 16 621 
3975 6 16 121 67 
3976 207 225 215 217 
3977 607 632 314 641 
3978 166 305 308 182 
3979 166 308 305 290 
3980 138 190 308 182 
3981 138 308 190 290 
3982 190 166 308 182 
3983 190 308 166 290 
3984 544 432 640 316 
3985 544 313 640 633 
3986 640 313 544 316 
3987 570 491 234 481 
3988 570 234 491 238 
3989 640 431 537 316 
3990 431 467 537 535 
3991 431 537 467 640 
3992 431 316 642 537 
3993 642 555 431 537 
3994 537 607 528 535 
3995 474 537 607 202 
3996 474 607 537 535 
3997 467 537 474 202 
3998 467 474 537 535 
3999 201 198 607 202 
4000 607 198 201 528 
4001 607 537 201 202 
4002 201 537 607 528 
4003 565 152 225 273 
4004 565 225 152 106 
4005 102 225 152 273 
4006 102 152 225 106 
4007 121 169 178 91 
4008 139 291 303 116 
4009 249 135 268 105 
4010 268 105 257 249 
4011 268 257 105 220 
4012 10 257 105 249 
4013 10 105 257 220 
4014 105 220 135 95 
4015 105 135 220 10 
4016 120 135 220 95 
4017 120 220 135 10 
4018 624 295 643 174 
4019 624 643 295 298 
4020 633 467 474 473 
4021 362 389 491 390 
4022 514 491 362 389 
4023 458 402 464 417 
4024 465 464 402 417 
4025 465 402 464 463 
4026 432 316 642 431 
4027 432 642 316 554 
4028 555 432 642 431 
4029 555 642 432 554 
4030 409 432 555 431 
4031 409 555 432 554 
4032 361 362 238 491 
4033 577 361 362 238 
4034 362 361 577 354 
4035 362 355 577 238 
4036 577 355 362 354 
4037 137 598 575 147 
4038 575 96 137 147 
4039 577 335 597 355 
4040 597 335 577 579 
4041 597 281 577 355 
4042 642 467 537 640 
4043 392 578 391 506 
4044 234 235 391 482 
4045 391 235 234 578 
4046 391 506 234 482 
4047 234 506 391 578 
4048 351 348 374 331 
4049 351 374 348 350 
4050 342 374 340 331 
4051 374 348 340 331 
4052 372 337 385 383 
4053 385 386 372 383 
4054 387 372 385 386 
4055 387 385 372 341 
4056 616 315 541 434 
4057 541 315 616 314 
4058 315 616 632 545 
4059 315 632 616 314 
4060 607 315 632 545 
4061 607 632 315 314 
4062 313 607 315 314 
4063 62 99 96 494 
4064 96 99 62 511 
4065 96 59 62 494 
4066 62 59 96 511 
4067 265 243 252 206 
4068 252 243 265 254 
4069 621 121 67 108 
4070 67 121 621 16 
4071 67 44 621 108 
4072 621 44 67 16 
4073 238 577 597 281 
4074 597 577 238 579 
4075 597 492 238 281 
4076 238 492 597 579 
4077 280 362 491 281 
4078 280 491 362 514 
4079 492 280 491 281 
4080 492 491 280 514 
4081 597 280 492 281 
4082 597 492 280 514 
4083 586 362 280 281 
4084 586 280 362 514 
4085 277 586 280 281 
4086 277 280 586 514 
4087 225 102 215 273 
4088 225 215 102 207 
4089 111 300 644 638 
4090 644 300 111 187 
4091 588 31 253 151 
4092 588 253 31 64 
4093 231 273 252 265 
4094 252 273 231 215 
4095 252 206 231 265 
4096 231 206 252 215 
4097 91 169 24 139 
4098 24 169 91 178 
4099 198 200 545 616 
4100 536 198 545 527 
4101 281 238 362 491 
4102 362 238 281 355 
4103 207 242 273 102 
4104 273 215 207 102 
4105 273 502 565 152 
4106 457 449 464 463 
4107 464 449 457 458 
4108 464 402 457 463 
4109 457 402 464 458 
4110 417 402 427 458 
4111 429 427 402 458 
4112 429 402 427 425 
4113 225 486 502 65 
4114 502 486 225 565 
4115 502 273 225 65 
4116 225 273 502 565 
4117 206 215 273 252 
4118 273 215 206 207 
4119 273 242 206 252 
4120 206 242 273 207 
4121 476 568 561 31 
4122 561 568 476 219 
4123 568 476 210 214 
4124 210 476 568 219 
4125 210 207 568 214 
4126 40 120 220 213 
4127 220 120 40 10 
4128 220 227 40 213 
4129 40 227 220 10 
4130 275 394 276 284 
4131 275 276 394 560 
4132 589 276 394 284 
4133 589 394 276 560 
4134 33 210 255 488 
4135 33 255 210 246 
4136 218 255 210 488 
4137 218 210 255 246 
4138 172 297 114 614 
4139 172 114 297 289 
4140 587 586 569 277 
4141 587 569 586 362 
4142 598 59 575 26 
4143 598 575 59 137 
4144 96 575 59 26 
4145 96 59 575 137 
4146 437 205 197 196 
4147 550 437 205 197 
4148 205 437 550 540 
4149 205 603 550 197 
4150 550 603 205 540 
4151 457 429 317 459 
4152 457 317 429 318 
4153 495 45 162 97 
4154 162 45 495 27 
4155 162 600 495 97 
4156 495 600 162 27 
4157 133 135 271 154 
4158 133 271 135 105 
4159 234 569 586 277 
4160 397 361 234 570 
4161 268 157 249 248 
4162 268 249 157 135 
4163 359 589 233 241 
4164 233 589 359 360 
4165 616 607 632 198 
4166 632 607 616 608 
4167 587 357 277 506 
4168 357 277 515 278 
4169 357 515 277 506 
4170 515 277 507 278 
4171 515 507 277 506 
4172 277 279 357 587 
4173 357 279 277 278 
4174 547 205 540 437 
4175 540 205 547 320 
4176 444 407 448 465 
4177 452 407 444 459 
4178 452 444 407 448 
4179 375 330 367 382 
4180 375 367 330 371 
4181 393 391 235 482 
4182 470 632 314 616 
4183 470 314 632 641 
4184 64 256 488 498 
4185 581 256 488 476 
4186 256 31 488 476 
4187 488 31 256 64 
4188 279 357 583 278 
4189 279 583 357 358 
4190 27 162 11 513 
4191 27 11 162 45 
4192 108 92 44 126 
4193 92 108 67 141 
4194 67 108 92 44 
4195 434 521 199 536 
4196 434 199 521 200 
4197 198 545 199 536 
4198 198 199 545 200 
4199 545 434 199 536 
4200 545 199 434 200 
4201 235 478 482 490 
4202 235 482 478 393 
4203 645 77 263 53 
4204 263 77 645 159 
4205 7 645 263 53 
4206 29 503 499 479 
4207 499 503 29 63 
4208 499 32 29 479 
4209 29 32 499 63 
4210 306 139 14 24 
4211 306 14 139 156 
4212 91 14 139 24 
4213 91 139 14 156 
4214 156 291 303 139 
4215 301 158 291 292 
4216 291 158 301 303 
4217 291 156 301 292 
4218 301 156 291 303 
4219 89 263 224 83 
4220 89 224 263 271 
4221 263 1 645 7 
4222 513 11 245 162 
4223 57 245 60 11 
4224 57 60 245 80 
4225 513 60 245 11 
4226 513 245 60 80 
4227 569 357 587 506 
4228 587 357 569 356 
4229 569 506 563 357 
4230 569 563 506 578 
4231 392 563 506 357 
4232 392 506 563 578 
4233 130 120 495 87 
4234 87 495 97 576 
4235 87 97 495 130 
4236 172 297 624 293 
4237 624 297 172 614 
4238 624 529 172 293 
4239 289 172 529 293 
4240 529 172 289 176 
4241 529 23 289 293 
4242 289 23 529 176 
4243 182 621 169 534 
4244 479 499 590 503 
4245 590 499 479 101 
4246 590 485 479 503 
4247 479 485 590 101 
4248 325 344 373 388 
4249 373 344 325 334 
4250 203 464 421 419 
4251 417 421 464 419 
4252 417 464 421 465 
4253 350 380 382 381 
4254 382 380 350 352 
4255 382 282 350 381 
4256 134 2 116 303 
4257 645 2 116 134 
4258 116 2 645 88 
4259 116 90 645 134 
4260 645 90 116 88 
4261 24 52 309 8 
4262 263 89 645 1 
4263 159 271 645 263 
4264 159 645 271 154 
4265 133 271 645 154 
4266 271 89 645 263 
4267 645 89 271 133 
4268 190 188 169 621 
4269 169 188 190 166 
4270 169 182 190 621 
4271 190 182 169 166 
4272 325 367 371 330 
4273 371 367 325 388 
4274 371 373 325 330 
4275 325 373 371 388 
4276 593 104 218 246 
4277 374 340 380 342 
4278 348 380 374 340 
4279 348 374 380 350 
4280 522 525 437 436 
4281 395 241 589 504 
4282 589 241 395 233 
4283 589 560 395 394 
4284 589 233 560 360 
4285 560 233 589 395 
4286 367 387 374 380 
4287 196 204 437 205 
4288 525 437 204 205 
4289 427 410 402 417 
4290 402 410 427 425 
4291 417 410 458 427 
4292 458 410 417 419 
4293 174 614 172 602 
4294 24 306 6 14 
4295 14 6 121 91 
4296 121 6 14 39 
4297 121 178 14 91 
4298 14 178 121 39 
4299 135 10 130 120 
4300 135 130 10 157 
4301 4 10 130 157 
4302 44 138 182 92 
4303 138 67 44 161 
4304 44 67 138 92 
4305 138 141 67 161 
4306 67 141 138 92 
4307 138 308 44 182 
4308 138 44 308 161 
4309 13 44 308 182 
4310 13 308 44 161 
4311 391 393 578 392 
4312 391 578 393 235 
4313 478 578 393 392 
4314 478 393 578 235 
4315 156 6 306 14 
4316 4 157 249 10 
4317 249 157 4 75 
4318 49 558 156 76 
4319 156 306 49 76 
4320 49 306 156 6 
4321 24 49 307 309 
4322 49 306 24 307 
4323 49 24 306 6 
4324 540 550 314 541 
4325 470 314 550 541 
4326 561 593 104 218 
4327 104 593 561 571 
4328 104 573 561 218 
4329 561 573 104 571 
4330 640 544 467 432 
4331 640 467 544 633 
4332 474 467 544 432 
4333 474 544 467 633 
4334 362 507 390 361 
4335 234 362 507 586 
4336 234 507 362 361 
4337 569 362 234 586 
4338 569 234 362 361 
4339 389 362 507 390 
4340 507 362 389 586 
4341 255 488 256 498 
4342 255 256 488 581 
4343 333 385 372 337 
4344 333 372 385 341 
4345 340 338 333 337 
4346 340 333 338 341 
4347 338 385 333 337 
4348 338 333 385 341 
4349 558 67 156 85 
4350 91 67 156 6 
4351 91 156 67 85 
4352 387 372 367 374 
4353 367 372 387 386 
4354 49 67 156 558 
4355 49 156 67 6 
4356 174 643 614 609 
4357 614 643 174 624 
4358 594 564 475 480 
4359 594 475 564 573 
4360 174 624 172 614 
4361 172 624 174 529 
4362 627 543 615 522 
4363 439 527 544 528 
4364 439 544 527 545 
4365 198 544 527 528 
4366 198 527 544 545 
4367 538 627 615 636 
4368 538 615 627 543 
4369 543 531 517 522 
4370 517 531 543 538 
4371 517 615 543 522 
4372 543 615 517 538 
4373 455 422 408 399 
4374 615 538 167 601 
4375 167 538 615 622 
4376 167 114 615 601 
4377 615 114 167 622 
4378 394 509 560 395 
4379 197 530 437 196 
4380 437 530 197 550 
4381 603 472 471 613 
4382 471 472 603 311 
4383 471 635 603 613 
4384 603 635 471 311 
4385 624 614 114 297 
4386 114 614 624 634 
4387 114 622 624 297 
4388 624 622 114 634 
4389 521 616 541 434 
4390 521 541 616 604 
4391 396 390 361 397 
4392 396 361 390 507 
4393 234 396 361 397 
4394 234 361 396 507 
4395 482 396 234 397 
4396 482 234 396 507 
4397 509 394 275 497 
4398 275 394 509 560 
4399 275 592 509 497 
4400 509 592 275 560 
4401 500 357 592 563 
4402 500 592 357 583 
4403 205 522 437 547 
4404 205 437 522 525 
4405 320 312 603 472 
4406 603 312 320 540 
4407 603 205 320 472 
4408 320 205 603 540 
4409 530 204 437 196 
4410 530 525 437 204 
4411 437 525 530 436 
4412 408 456 422 455 
4413 422 456 408 428 
4414 451 457 456 455 
4415 456 457 451 428 
4416 408 451 456 455 
4417 456 451 408 428 
4418 644 300 557 637 
4419 304 557 300 637 
4420 300 296 557 304 
4421 496 498 33 255 
4422 496 33 498 508 
4423 488 33 498 255 
4424 488 498 33 508 
4425 456 455 399 422 
4426 399 456 424 414 
4427 424 456 399 422 
4428 399 424 403 414 
4429 403 424 399 422 
4430 418 399 456 455 
4431 418 456 399 414 
4432 372 345 337 363 
4433 470 540 314 626 
4434 314 540 470 550 
4435 451 441 410 440 
4436 451 410 441 408 
4437 440 410 455 441 
4438 408 410 455 399 
4439 408 455 410 441 
4440 455 418 410 440 
4441 410 418 455 399 
4442 642 409 467 618 
4443 642 467 409 537 
4444 412 421 202 618 
4445 412 202 421 537 
4446 467 412 202 618 
4447 467 202 412 537 
4448 409 412 467 618 
4449 409 467 412 537 
4450 409 555 459 642 
4451 409 459 555 429 
4452 317 459 555 642 
4453 317 555 459 429 
4454 363 337 379 345 
4455 379 337 363 383 
4456 368 323 324 326 
4457 300 310 557 296 
4458 286 294 290 296 
4459 286 290 294 287 
4460 290 294 300 296 
4461 294 310 300 296 
4462 323 369 377 346 
4463 346 324 368 323 
4464 368 324 346 349 
4465 368 377 346 323 
4466 346 377 368 349 
4467 369 377 336 323 
4468 368 336 377 323 
4469 372 321 337 345 
4470 326 337 321 345 
4471 326 321 337 322 
4472 544 315 607 545 
4473 544 607 315 313 
4474 384 369 377 336 
4475 377 369 384 365 
4476 377 368 384 336 
4477 384 368 377 365 
4478 640 633 314 641 
4479 314 633 640 313 
4480 474 607 314 641 
4481 314 607 474 313 
4482 633 474 314 641 
4483 314 474 633 313 
4484 447 405 406 430 
4485 406 405 447 420 
4486 178 534 169 121 
4487 169 534 178 170 
4488 286 643 295 546 
4489 298 286 643 295 
4490 440 418 415 456 
4491 415 403 440 456 
4492 416 460 403 440 
4493 403 460 416 462 
4494 460 415 403 440 
4495 403 415 460 462 
4496 460 418 415 440 
4497 415 418 460 462 
4498 333 321 337 372 
4499 333 337 321 322 
4500 10 495 130 120 
4501 130 495 10 4 
4502 350 280 382 352 
4503 350 382 280 282 
4504 305 644 179 165 
4505 179 644 305 556 
4506 294 310 290 300 
4507 294 290 310 287 
4508 310 557 290 300 
4509 310 290 557 287 
4510 644 187 290 300 
4511 644 290 187 287 
4512 557 644 290 300 
4513 557 290 644 287 
4514 559 210 594 246 
4515 594 210 104 246 
4516 104 210 218 246 
4517 559 218 594 210 
4518 559 594 218 573 
4519 104 594 218 210 
4520 104 218 594 573 
4521 49 309 52 54 
4522 49 52 309 24 
4523 638 625 643 140 
4524 643 625 638 637 
4525 643 644 638 140 
4526 638 644 643 637 
4527 225 217 568 219 
4528 568 217 225 207 
4529 217 210 568 219 
4530 568 210 217 207 
4531 217 218 210 219 
4532 210 218 217 207 
4533 200 521 604 518 
4534 200 604 521 616 
4535 643 304 298 631 
4536 296 644 643 286 
4537 643 644 296 304 
4538 643 298 296 286 
4539 296 298 643 304 
4540 283 278 497 500 
4541 283 497 278 275 
4542 592 497 582 500 
4543 592 582 497 275 
4544 497 278 582 500 
4545 497 582 278 275 
4546 238 388 342 239 
4547 579 238 340 342 
4548 579 340 238 344 
4549 388 340 238 342 
4550 388 238 340 344 
4551 464 421 202 203 
4552 464 618 421 465 
4553 421 618 464 202 
4554 605 619 644 93 
4555 644 619 605 620 
$EndElements
